# File produced by Open Asset Import Library (http://www.assimp.sf.net)
# (assimp v5.2.0)

mtllib calf_mirror.mtl

# 4285 vertex positions
v  0.00489196787 -0.212452993 -0.0182669852
v  0.00959495269 -0.215443 -0.0173490141
v  0.00934294518 -0.215816006 -0.0175269954
v  0.00968799647 -0.215122893 -0.0169980042
v  0.000279999978 -0.209205002 -0.0182030238
v  0.00502196513 -0.212181002 -0.0179129951
v  0.000115999981 -0.209463999 -0.0185580328
v  0.000113999966 -0.209469005 -0.0185620226
v  0.00468096696 -0.212825999 -0.0184480045
v  0.00469396124 -0.212834001 -0.0184469949
v  0.00185499201 -0.217696995 -0.0191490147
v  -0.0029089679 -0.214280993 -0.0193719957
v  -0.00576194376 -0.218815997 -0.0196089856
v  0.00661394605 -0.220835999 -0.0179540049
v  -0.00124194508 -0.222446993 -0.0192970149
v  0.00939199887 -0.215847 -0.0175120346
v  0.0110739805 -0.223260894 -0.015185006
v  0.00985494815 -0.225320905 -0.015070986
v  0.00351796113 -0.225773007 -0.017790027
v  0.0090159541 -0.226418003 -0.0150680076
v  0.0136899697 -0.218637004 -0.015212005
v  0.0137569597 -0.218680993 -0.0151529945
v  0.0139399497 -0.218225002 -0.0150349848
v  0.0139419697 -0.217810005 -0.0147380345
v  0.0170369484 -0.220198005 -0.0107370168
v  0.0170369484 -0.220199004 -0.0107370168
v  0.0169549882 -0.219711006 -0.010563029
v  0.0137640005 -0.217550904 -0.0143500045
v  0.0166549999 -0.219367996 -0.0103320014
v  0.0169569589 -0.219715998 -0.0105660092
v  0.0180859882 -0.220424995 -0.00710703293
v  0.0181889795 -0.220924005 -0.00720299687
v  0.0187929589 -0.221302003 -0.00354398694
v  0.0177509487 -0.220056996 -0.00697602192
v  0.0186799485 -0.220798001 -0.00349898497
v  0.0183309596 -0.220421001 -0.00343598286
v  0.00964996777 -0.214965001 -0.0165510252
v  0.0185269397 -0.220542997 0.0002089591
v  0.0183319785 -0.220420003 0.00383792818
v  0.00504097901 -0.212068006 -0.017467035
v  0.000337999954 -0.209112003 -0.0177459735
v  -0.0043649897 -0.206155002 -0.0174670331
v  -0.00436194986 -0.206152007 0.0178689174
v  0.00504294597 -0.212063998 0.0178689156
v  -0.00445696013 -0.206217006 0.0183139276
v  0.00033999997 -0.209107906 0.0181479268
v  -0.0176539607 -0.197797999 0.00383691909
v  -0.0089719519 -0.203253999 0.016951967
v  0.000281999964 -0.209199995 0.0186009277
v  -0.00913097803 -0.203288004 0.0173989367
v  -0.00464596692 -0.206451997 0.0186689366
v  0.000280999986 -0.209200993 0.0186039675
v  -0.00937899295 -0.203510001 0.0177499466
v  -0.0133969998 -0.200619906 0.015138967
v  -0.01308598 -0.200668007 0.014750937
v  -0.0159769803 -0.198851004 0.0107329376
v  -0.0170739517 -0.198162004 0.00737296464
v  -0.0164159704 -0.198730007 0.0109639578
v  -0.0175549611 -0.198018998 0.00750492839
v  -0.0164219905 -0.198730007 0.010966938
v  -0.0180489607 -0.198140994 0.00760095147
v  -0.0168909617 -0.198866993 0.0111379474
v  -0.0137709603 -0.200801998 0.0154359173
v  -0.0168919712 -0.198868006 0.0111379474
v  -0.0140319699 -0.201205999 0.0156129468
v  -0.0141019402 -0.201164007 0.0155539364
v  -0.0184219703 -0.198497996 0.0076359394
v  -0.0172579512 -0.199228004 0.0112009477
v  -0.019735001 -0.203204006 0.0112009458
v  -0.0190239716 -0.198119 0.00397591712
v  -0.0221500006 -0.203165993 0.003976929
v  -0.020130951 -0.20386 0.0112009458
v  -0.0170659609 -0.205568001 0.0155879073
v  -0.0193919707 -0.204885006 0.0130799264
v  -0.0187520012 -0.205258995 0.0126969665
v  -0.0181100015 -0.207043007 0.0154729374
v  -0.0204959717 -0.204476997 0.0112009458
v  -0.020645991 -0.204631999 0.00852094777
v  -0.0214649606 -0.204155996 0.00884293206
v  -0.0201289803 -0.204794005 0.00987891667
v  -0.0234579612 -0.208087996 0.00884293206
v  -0.0225879718 -0.208451003 0.0085149277
v  -0.0206469502 -0.204631001 0.00852094777
v  -0.0206479616 -0.204630002 0.00852094777
v  -0.0213479605 -0.204224005 0.00879691914
v  -0.020645991 -0.204631001 0.00852094777
v  -0.0206499901 -0.204629004 0.00852196105
v  -0.0206539817 -0.204627007 0.00852291472
v  -0.020660961 -0.204622999 0.00852595642
v  -0.0206759814 -0.204614893 0.00853191502
v  -0.02070494 -0.204597995 0.00854294188
v  -0.0207630005 -0.204564005 0.00856595114
v  -0.0208799411 -0.204495996 0.00861196406
v  -0.0209969506 -0.204428002 0.00865893438
v  -0.0211139508 -0.204359993 0.00870494917
v  -0.021230951 -0.204291895 0.00875096209
v  -0.0206469502 -0.204631001 0.00851993635
v  -0.020645991 -0.204631001 0.00851993635
v  -0.0238909908 -0.206409007 0.00423591165
v  -0.02392097 -0.208505005 0.00798194297
v  -0.0237379912 -0.208533004 0.008553911
v  -0.0235939808 -0.208352998 0.00876193121
v  -0.0238559414 -0.208589002 0.00827192143
v  -0.0228519607 -0.208866999 0.00823991187
v  -0.0227219611 -0.210521907 0.00987694599
v  -0.0227149911 -0.208695993 0.0084379185
v  -0.0229639616 -0.208920002 0.00797192939
v  -0.0230300017 -0.208853006 0.00769393379
v  -0.0237779804 -0.210429996 0.00683491165
v  -0.0230030008 -0.206842005 0.00409595948
v  -0.02386095 -0.206267998 0.00397692854
v  -0.0229299814 -0.206518993 0.00350396661
v  -0.0238569602 -0.208599001 0.00350092584
v  -0.023900941 -0.209079996 0.00439290889
v  -0.0233849511 -0.207004994 0.000491964282
v  -0.0222980008 -0.204928905 0.000491964631
v  -0.0231699515 -0.204437003 0.000502931769
v  -0.0231319815 -0.204365999 0.000200915732
v  -0.0222609807 -0.204859003 0.000200915616
v  -0.0231699515 -0.204437003 -0.000100033241
v  -0.0229289699 -0.206520006 -0.00309897563
v  -0.0222980008 -0.204928905 -9.0033398e-05
v  -0.0238619614 -0.206267998 -0.00357301137
v  -0.0221500006 -0.203167006 -0.00357402395
v  -0.0201319605 -0.203861997 -0.0107990019
v  -0.0214659814 -0.204157993 -0.00844002794
v  -0.0197339803 -0.203202993 -0.0107990019
v  -0.0184209514 -0.198500007 -0.00724197412
v  -0.0190239716 -0.198119894 -0.0035749774
v  -0.0238919407 -0.206410006 -0.00383199356
v  -0.0186490007 -0.197764903 -0.00354398298
v  -0.0180449709 -0.198146001 -0.00720597291
v  -0.0190260001 -0.198119 -0.00356103037
v  -0.0192280002 -0.19799 0.00019191578
v  -0.0188489705 -0.197638005 0.00019191578
v  -0.0183439404 -0.197522894 0.000191915897
v  -0.0186479911 -0.197763994 0.0039449227
v  -0.0190249905 -0.198118001 0.00396095589
v  -0.0181449801 -0.197648004 0.00389896799
v  -0.0181460008 -0.197648004 -0.00349898101
v  -0.0178489909 -0.197676003 0.00019191578
v  -0.0176539607 -0.197798997 -0.00343699218
v  -0.0159780011 -0.198853999 -0.0103319976
v  -0.0170729905 -0.198164895 -0.00697798515
v  -0.00897397846 -0.203256994 -0.0165510233
v  -0.0175499506 -0.198023006 -0.00711000897
v  -0.0164229516 -0.198732004 -0.0105660073
v  -0.0168919712 -0.198869005 -0.0107370131
v  -0.0164209809 -0.198732004 -0.0105649941
v  -0.0168989506 -0.198873907 -0.01073898
v  -0.0172589608 -0.19923 -0.010799
v  -0.0137769803 -0.200809002 -0.015037002
v  -0.00938495249 -0.203518003 -0.0173519924
v  -0.0140329795 -0.201208994 -0.0152120031
v  -0.0134009896 -0.200624004 -0.0147399921
v  -0.0141029498 -0.201167002 -0.0151519831
v  -0.0170639902 -0.205567002 -0.0151860137
v  -0.0096579995 -0.203871995 -0.0175120328
v  -0.0129439402 -0.208535999 -0.0179550126
v  -0.00960595999 -0.203904003 -0.0175280031
v  -0.0190179516 -0.208792001 -0.0150680039
v  -0.0183949713 -0.207562998 -0.0150719937
v  -0.0160509516 -0.213467002 -0.0177909844
v  -0.00805094093 -0.211465001 -0.0191490129
v  -0.0109889703 -0.216315001 -0.0192980245
v  -0.0202089716 -0.205884904 -0.0104519837
v  -0.0202499814 -0.205818996 -0.0103190057
v  -0.0181129817 -0.207047001 -0.0150690135
v  -0.0203059502 -0.205779001 -0.0101820342
v  -0.0210209712 -0.205394998 -0.0107979886
v  -0.0201319605 -0.204795003 -0.00947601721
v  -0.0204619914 -0.205800995 -0.00992698595
v  -0.0210879613 -0.205342993 -0.0106350295
v  -0.0212529507 -0.205363005 -0.010361027
v  -0.0214449912 -0.205512002 -0.0101580136
v  -0.0206469502 -0.205948994 -0.00973702595
v  -0.0216189809 -0.205757007 -0.0100780241
v  -0.0233369712 -0.209692001 -0.010078026
v  -0.0224779416 -0.209976003 -0.0096619837
v  -0.0222959705 -0.207927004 -0.0107979886
v  -0.0208170004 -0.206190005 -0.00966401026
v  -0.0227249414 -0.210522994 -0.0094720237
v  -0.0207379609 -0.206060007 -0.00968099758
v  -0.0226769615 -0.216765895 -0.00952298753
v  -0.0230219513 -0.213205904 -0.00967402384
v  -0.0234979615 -0.211518005 -0.0080779912
v  -0.0224060006 -0.210558996 -0.0101410281
v  -0.0226239711 -0.212769002 -0.0104600322
v  -0.0227259602 -0.212713003 -0.0102470051
v  -0.0224809814 -0.210426003 -0.00992400572
v  -0.0225900002 -0.208452001 -0.00810999796
v  -0.0227159411 -0.208698004 -0.00803501531
v  -0.0237789918 -0.210430995 -0.00643099518
v  -0.0230259504 -0.208845004 -0.00729502412
v  -0.0229649711 -0.208921 -0.00756801292
v  -0.0228289515 -0.212722003 -0.010037018
v  -0.0229239613 -0.212817997 -0.00984902494
v  -0.0229959711 -0.212991998 -0.00971503183
v  -0.0228529815 -0.208867997 -0.00783599541
v  -0.0230159909 -0.213095993 -0.00967998616
v  -0.022512991 -0.210299999 -0.00978798792
v  -0.0235029608 -0.211355999 -0.00798202679
v  -0.0235309806 -0.211239904 -0.00783802196
v  -0.0225119814 -0.210139006 -0.00969399326
v  -0.02446099 -0.211058006 -0.00815303344
v  -0.0230019912 -0.206843004 -0.00369198271
v  -0.0238999911 -0.209080905 -0.00398798008
v  -0.0248309616 -0.208758995 -0.0041409852
v  -0.0256939717 -0.211510003 -0.00272501726
v  -0.0244289804 -0.211358994 -0.0084040286
v  -0.0244449601 -0.211531907 -0.00843901653
v  -0.0244329814 -0.211184993 -0.00830401294
v  -0.0256119613 -0.214476004 -0.00387800997
v  -0.0257999506 -0.213823006 -0.00272501772
v  -0.0259319711 -0.212312907 -9.90345143e-05
v  -0.0259279814 -0.212233007 0.000202940428
v  -0.0242879614 -0.206576005 -9.9033583e-05
v  -0.0247369613 -0.207980007 -0.00272501679
v  -0.0256939717 -0.211509004 0.00312893279
v  -0.0233849511 -0.207004994 -9.0033689e-05
v  -0.0238569602 -0.208599001 -0.00309599587
v  -0.0233530011 -0.206936002 0.000201928313
v  -0.0242550001 -0.206504002 0.000201928429
v  -0.0242879614 -0.206576005 0.00050293142
v  -0.0247369613 -0.207978994 0.00312893325
v  -0.0248299409 -0.208758995 0.00454591401
v  -0.0244599804 -0.211057007 0.00855796225
v  -0.0235289503 -0.211236998 0.00824396499
v  -0.0244319607 -0.211183995 0.00870894082
v  -0.0244279709 -0.211356893 0.00880895741
v  -0.0244439412 -0.21153 0.00884394534
v  -0.0235119611 -0.211696997 0.00851594098
v  -0.0234959908 -0.211515993 0.00848196633
v  -0.0244480018 -0.211554006 0.00884394534
v  -0.0256119613 -0.214475006 0.00428293832
v  -0.0226729717 -0.216765001 0.00992892496
v  -0.0235019512 -0.211355001 0.00838594325
v  -0.0230300017 -0.213204995 0.0100719165
v  -0.023968 -0.216943994 0.00491492543
v  -0.0236679502 -0.217392996 0.00580196176
v  -0.0234639812 -0.216312006 0.00792692602
v  -0.0233919807 -0.215766996 0.00854395516
v  -0.0233659912 -0.215990007 0.00848792493
v  -0.0224849805 -0.217182904 0.0101169143
v  -0.0226029903 -0.216756895 0.0101089254
v  -0.0223779902 -0.217435002 0.0101939254
v  -0.021716971 -0.219361007 0.00996391475
v  -0.0211569909 -0.219754905 0.0108959451
v  -0.0233699903 -0.216172904 0.00834994018
v  -0.0234049708 -0.216285005 0.00815092213
v  -0.0243239608 -0.216195002 0.0087929219
v  -0.024325991 -0.216392905 0.00864695013
v  -0.0243609715 -0.216516003 0.0084379185
v  -0.0243549515 -0.215958998 0.00884394534
v  -0.0244999714 -0.216483995 0.0079819411
v  -0.0244219508 -0.216545895 0.0082039088
v  -0.0245979615 -0.214378998 0.00413893303
v  -0.0235370006 -0.216250002 0.00772295939
v  -0.0247119814 -0.214036003 0.00350396521
v  -0.0243609715 -0.216218993 0.00351093756
v  -0.0248509813 -0.214592904 0.000493930071
v  -0.0258739814 -0.214721993 0.000503944117
v  -0.0252709612 -0.216634005 0.00392995868
v  -0.0229169913 -0.221788004 0.00392995775
v  -0.02461298 -0.217714995 0.00598995481
v  -0.0220009908 -0.220167905 0.0112029146
v  -0.0216089711 -0.220901996 0.0112029146
v  -0.0219840016 -0.220180005 0.0112299137
v  -0.0191149916 -0.221425995 0.0148689542
v  -0.0180079509 -0.221580997 0.0159599558
v  -0.0192059502 -0.223065004 0.0132089034
v  -0.0188739505 -0.220167905 0.015824955
v  -0.0184069499 -0.218571007 0.0167409554
v  -0.0135029703 -0.221429005 0.018748926
v  -0.0158509817 -0.225437894 0.0151069537
v  -0.0177600011 -0.225135997 0.0127099529
v  -0.0171139408 -0.224517003 0.0124329142
v  -0.0146589503 -0.225336999 0.0163649134
v  -0.0147259403 -0.225348994 0.016298933
v  -0.0165480003 -0.225666001 0.011022903
v  -0.018695971 -0.223838001 0.0100229234
v  -0.0138079701 -0.226444006 0.0153449532
v  -0.0188219715 -0.224748999 0.0112029146
v  -0.0203009415 -0.223988995 0.00884495676
v  -0.0190069918 -0.224539906 0.0112029146
v  -0.0214099512 -0.221246004 0.0112029146
v  -0.0195929613 -0.225888997 0.00392995728
v  -0.0194309503 -0.226008996 0.00426493539
v  -0.0174609609 -0.227173001 0.00798295438
v  -0.0177009907 -0.226730004 0.00884495489
v  -0.0195519514 -0.223372906 0.00862394273
v  -0.0170330014 -0.226014003 0.00864194334
v  -0.0174989905 -0.226936907 0.00876591913
v  -0.0173629709 -0.227191001 0.00826494209
v  -0.0168019701 -0.226440996 0.00780694047
v  -0.0167099405 -0.226456001 0.00807992928
v  -0.0173749514 -0.227107003 0.00855194032
v  -0.0167209711 -0.226374 0.00835894048
v  -0.0148209501 -0.227477998 0.0100529622
v  -0.0143099595 -0.228247002 0.00865195505
v  -0.00963499025 -0.230737001 0.0100529622
v  -0.0122819701 -0.229201004 0.010246912
v  -0.0147889396 -0.227445006 0.0102409534
v  -0.0163779408 -0.226114005 0.0102299228
v  -0.0168409515 -0.226209894 0.00856696069
v  -0.0145469503 -0.228091002 0.00857691467
v  -0.0151689807 -0.227835998 0.00762896193
v  -0.0147349397 -0.227999002 0.00837395899
v  -0.0151329795 -0.228878006 0.00876794755
v  -0.0148909902 -0.229038 0.00884495489
v  -0.0129889399 -0.230325893 0.00884495489
v  -0.0133719603 -0.230936006 0.00309996121
v  -0.0153289596 -0.228781 0.0085589122
v  -0.0175369605 -0.227732003 0.00455294456
v  -0.0168879814 -0.226976007 0.00445692241
v  -0.0173599906 -0.226671904 0.00350891007
v  -0.0182579905 -0.227254003 0.00309996167
v  -0.0187219605 -0.225569993 0.000497922301
v  -0.0194259509 -0.226281002 0.000504955184
v  -0.0187799502 -0.225513905 0.000202938216
v  -0.0194259509 -0.226281002 -9.8036835e-05
v  -0.0194839407 -0.226225004 0.000202938099
v  -0.0203320011 -0.223862007 -9.10364324e-05
v  -0.0187219605 -0.225569993 -9.10366653e-05
v  -0.0203259811 -0.223868996 0.000491961604
v  -0.0190429911 -0.225068003 -0.00309802545
v  -0.0210770015 -0.224519998 -9.80365439e-05
v  -0.0203759912 -0.223812893 0.000202938565
v  -0.0211299807 -0.224460006 0.000202938449
v  -0.0190409608 -0.225068003 0.0035059303
v  -0.0210770015 -0.224519998 0.000504955533
v  -0.0187250003 -0.225307003 0.00417195214
v  -0.0195939709 -0.225888997 -0.0035230068
v  -0.0229179412 -0.221789002 -0.00352401915
v  -0.0252719708 -0.216634005 -0.00352401845
v  -0.02461298 -0.217715994 -0.00558401411
v  -0.0258739814 -0.214721993 -9.80349723e-05
v  -0.0203019604 -0.223989993 -0.00843800511
v  -0.0190069918 -0.224544004 -0.0107969791
v  -0.0214109607 -0.221248001 -0.0107969791
v  -0.0216109902 -0.220901996 -0.0107969791
v  -0.0220020004 -0.220170006 -0.0107969791
v  -0.0217199512 -0.219363004 -0.00955702178
v  -0.0219849516 -0.220182002 -0.01082398
v  -0.0211549606 -0.219756007 -0.010489
v  -0.0191149916 -0.221430004 -0.0144649856
v  -0.0192059502 -0.223067895 -0.0128049962
v  -0.0180099811 -0.221585006 -0.0155540165
v  -0.01887496 -0.220172003 -0.0154209863
v  -0.0184059907 -0.218573004 -0.0163379945
v  -0.0135009503 -0.221432 -0.0183450039
v  -0.0158509817 -0.225440994 -0.014702037
v  -0.0222310014 -0.215295002 -0.0130320247
v  -0.0203359909 -0.215247005 -0.015182985
v  -0.0190359503 -0.219864994 -0.0153960045
v  -0.0203320011 -0.213352993 -0.0151169952
v  -0.0222449508 -0.217604905 -0.00998903625
v  -0.0227219611 -0.218245998 -0.0110350344
v  -0.0228709802 -0.218128994 -0.0107969772
v  -0.0231399704 -0.217903003 -0.0103489887
v  -0.0233929902 -0.217455998 -0.0100770127
v  -0.0236289706 -0.213602006 -0.0107979886
v  -0.0232309904 -0.217801005 -0.0102110039
v  -0.02233495 -0.217509001 -0.00984503143
v  -0.0233209915 -0.217645004 -0.0101130139
v  -0.02241995 -0.217362002 -0.00974900834
v  -0.02248694 -0.217184007 -0.00971199386
v  -0.0226059705 -0.216757998 -0.00970400684
v  -0.0239559617 -0.213179007 -0.0100770108
v  -0.02392097 -0.212937996 -0.0101300012
v  -0.0236289706 -0.212631002 -0.0106980316
v  -0.0238420013 -0.212749004 -0.0102740061
v  -0.0237390008 -0.212642998 -0.0104749929
v  -0.0235399809 -0.212702006 -0.010885004
v  -0.0235809907 -0.212658003 -0.0107979886
v  -0.0219210014 -0.214309007 -0.0135030244
v  -0.0212739911 -0.212686002 -0.0141130146
v  -0.0200879816 -0.210346907 -0.0147020351
v  -0.0231909901 -0.210457996 -0.0107979886
v  -0.0233459715 -0.210172996 -0.010350002
v  -0.0233800001 -0.210052997 -0.0102120172
v  -0.0233789906 -0.209882006 -0.0101119988
v  -0.0191079602 -0.208689004 -0.0149580352
v  -0.0209969506 -0.205446005 -0.0108860228
v  -0.0171139408 -0.224518001 -0.0120260268
v  -0.0177609511 -0.225139007 -0.0123030059
v  -0.0146599598 -0.225341007 -0.0159580167
v  -0.0147249904 -0.225352004 -0.0158960354
v  -0.0138100004 -0.226447001 -0.014938008
v  -0.0135989999 -0.226232007 -0.0160269868
v  -0.00872298423 -0.223526999 -0.0189820062
v  -0.0131419497 -0.226585999 -0.0160459969
v  -0.00872197095 -0.223525003 -0.0189830177
v  -0.00476398412 -0.226926997 -0.0183429774
v  -0.0101629701 -0.225816995 -0.0179529861
v  -0.0113639403 -0.227727994 -0.0161550175
v  -0.0095529696 -0.228838995 -0.0160470065
v  -0.0113649601 -0.227728993 -0.0161539968
v  -0.0136009604 -0.226701006 -0.0155710075
v  -0.0148429498 -0.226818994 -0.0141279772
v  -0.0172099713 -0.226366907 -0.0108839981
v  -0.0165469814 -0.225665003 -0.0106229931
v  -0.0144829899 -0.228661999 -0.0107969791
v  -0.0127089797 -0.229865998 -0.0107969791
v  -0.0128009496 -0.230026007 -0.0100760013
v  -0.0170330014 -0.226831004 -0.0100770146
v  -0.0173229817 -0.226358995 -0.0106330067
v  -0.0172629505 -0.226352006 -0.0107969791
v  -0.0122839995 -0.229203001 -0.0098400265
v  -0.0147909699 -0.227447003 -0.00983603299
v  -0.00961996987 -0.230695993 -0.00983603299
v  -0.00808497611 -0.232453004 -0.0100770146
v  -0.0108519997 -0.230943993 -0.0107960254
v  -0.0127029596 -0.229870006 -0.0107969791
v  -0.0090279812 -0.230467007 -0.0141379964
v  -0.00758995861 -0.232410997 -0.0108850077
v  -0.00753398985 -0.232509002 -0.0106330067
v  -0.00755395833 -0.232452005 -0.0107969809
v  -0.00718995184 -0.231609002 -0.0103610307
v  -0.00725098792 -0.231507003 -0.0106189996
v  -0.00467398111 -0.232653007 -0.00961698778
v  -0.00761296693 -0.232561007 -0.0103560258
v  -0.00726499502 -0.231658906 -0.010095017
v  -0.00596698374 -0.231519893 -0.0120270383
v  -0.0077219829 -0.231553003 -0.00982798636
v  -0.00758995861 -0.231602997 -0.00984402187
v  -0.00963594019 -0.230739996 -0.00964702666
v  -0.0054369797 -0.233162001 -0.0107969809
v  -0.00411596196 -0.234163001 -0.00843800697
v  -0.0038859481 -0.233220905 -0.00821800623
v  -0.00734897796 -0.232099995 -0.00823600683
v  -0.00746294204 -0.231637999 -0.00989700854
v  -0.00760998577 -0.232012004 -0.00816000998
v  -0.00780996028 -0.231974006 -0.00795300305
v  -0.00788798183 -0.231999904 -0.00767298089
v  -0.00783398096 -0.232077003 -0.00739999162
v  -0.0148239899 -0.227480993 -0.00964702666
v  -0.01431097 -0.228248999 -0.0082450062
v  -0.0098059997 -0.231205001 -0.00723798573
v  -0.0101340003 -0.230891004 -0.00796701014
v  -0.0105429497 -0.230616003 -0.0082450062
v  -0.0102989897 -0.230762005 -0.00817002356
v  -0.0129909702 -0.230327994 -0.00843800604
v  -0.0110029802 -0.231481999 -0.00843800604
v  -0.0148919402 -0.229038998 -0.00843800604
v  -0.0133719603 -0.230936006 -0.00269301259
v  -0.00867798179 -0.233299002 -0.00414498197
v  -0.00793495122 -0.233740002 -0.00269301306
v  -0.0105819898 -0.231766 -0.00815202389
v  -0.0175379701 -0.227732003 -0.00414498104
v  -0.0153299803 -0.228782997 -0.00815202296
v  -0.00655194372 -0.234369904 -9.80381737e-05
v  -0.0182579905 -0.227254003 -0.00269301189
v  -0.0107539501 -0.231630996 -0.00836099777
v  -0.016888991 -0.226977006 -0.0040500313
v  -0.0151699996 -0.227836996 -0.00722201122
v  -0.0173609406 -0.226671904 -0.00310201896
v  -0.0187259503 -0.225308001 -0.00376500166
v  -0.0174619704 -0.227174893 -0.00757600274
v  -0.016805971 -0.226439998 -0.00740201678
v  -0.019431971 -0.226009995 -0.00385899772
v  -0.0173639804 -0.227192894 -0.00785799325
v  -0.0173759609 -0.227108002 -0.00814498868
v  -0.0177019406 -0.226732001 -0.00843800604
v  -0.0174999405 -0.226938993 -0.00835902989
v  -0.0170339514 -0.226016 -0.0082360059
v  -0.019552961 -0.223374993 -0.00821800437
v  -0.0168419704 -0.226211995 -0.00816102326
v  -0.0167219806 -0.226374999 -0.00795300305
v  -0.0167119708 -0.226456001 -0.00767399278
v  -0.0186969806 -0.223839894 -0.00961698592
v  -0.0188240018 -0.224750906 -0.0107969791
v  -0.0163799711 -0.226115003 -0.00982798636
v  -0.0165679604 -0.225917906 -0.00989700854
v  -0.0166619606 -0.225658998 -0.0103610288
v  -0.0166740008 -0.225748003 -0.0100940019
v  -0.0173349604 -0.226453006 -0.0103560239
v  -0.0172249917 -0.226630002 -0.010149017
v  -0.0147359595 -0.228000894 -0.00796701014
v  -0.0145479599 -0.228092 -0.00817103684
v  -0.0151340002 -0.228880003 -0.00836099684
v  -0.00779994577 -0.232678995 -0.00310201989
v  -0.00621499913 -0.233428001 -9.20380116e-05
v  -0.00827898923 -0.232385904 -0.00405003224
v  -0.00562598603 -0.233498007 -0.00309897983
v  -0.00597896473 -0.233316004 -0.00376500282
v  -0.00820895284 -0.232987896 -0.00757600414
v  -0.006304943 -0.234257907 -0.00385899912
v  -0.00612594979 -0.234350994 -0.00352402125
v  -0.00425197976 -0.235091999 -9.80382902e-05
v  -0.00100597006 -0.235563904 -0.00352402148
v  -0.00517996494 -0.233235002 -0.0107969809
v  -0.00100597006 -0.235562995 0.00392995588
v  0.00662896596 -0.235170007 -9.80382902e-05
v  0.00338998996 -0.235328004 -0.00558300409
v  0.00464699324 -0.235452995 -0.00352402148
v  -0.00117995602 -0.233970895 -0.0107969809
v  5.100001e-05 -0.234036997 -0.0107969809
v  0.00670496188 -0.235146001 0.000202936702
v  0.00630096206 -0.234193996 -8.90381052e-05
v  0.00662896596 -0.235170007 0.000503940741
v  0.00462797889 -0.234455004 -0.00310398708
v  0.00832799729 -0.233302996 -8.90379888e-05
v  0.00832799729 -0.233302996 0.000492913998
v  0.00636694394 -0.234173998 0.000202936819
v  0.00674495706 -0.233826905 -0.00309802708
v  0.00673697004 -0.234827906 -0.00387902604
v  0.00740698585 -0.234715 -0.00272502098
v  0.00638595829 -0.233872995 -0.00373502215
v  0.00382498512 -0.234415993 -0.00447501335
v  0.00423995312 -0.233725995 -0.00731702195
v  0.00444695912 -0.234695002 -0.00757701835
v  0.00435796985 -0.234650999 -0.00779803237
v  0.00415394315 -0.233687893 -0.00752098905
v  0.00342497788 -0.233169004 -0.00952203572
v  0.00415197574 -0.233622998 -0.00774498424
v  0.00423798617 -0.233542994 -0.00794400461
v  0.00445196591 -0.234498993 -0.00824000034
v  0.00435796985 -0.234583005 -0.00803102553
v  0.00485697994 -0.234338 -0.00843902025
v  0.00462899217 -0.234412 -0.00838603266
v  0.00886497553 -0.232518002 -0.00843901932
v  0.00461099111 -0.233389005 -0.00813801773
v  0.00439999113 -0.233460993 -0.00808300264
v  0.00833198987 -0.231738001 -0.00811000168
v  0.00889596902 -0.232497007 -0.00843901932
v  0.0090330001 -0.232416004 -0.0084040314
v  0.00931594428 -0.232317001 -0.00815399084
v  0.00945595466 -0.233613998 -0.00272502098
v  0.0115479501 -0.231656998 -0.00413401471
v  0.0088259941 -0.234180003 -9.90380649e-05
v  0.0122149903 -0.231231004 -0.00272502052
v  0.00945595466 -0.233612999 0.00312892906
v  0.0132959802 -0.230205998 -9.90374247e-05
v  0.00889596902 -0.234142005 0.000201923889
v  0.0083909994 -0.233269006 0.000201924122
v  0.0112730004 -0.230707005 -0.00309498655
v  0.0125179598 -0.229579002 -9.00374143e-05
v  0.0127589405 -0.228956893 -0.00309897913
v  0.0139239701 -0.227691993 -9.00370651e-05
v  0.01256797 -0.229518995 0.000201924704
v  0.0139239701 -0.227691993 0.000491960905
v  0.0139689799 -0.227630004 0.000201924937
v  0.0147429397 -0.228266999 -0.000100037141
v  0.0147899697 -0.228202 0.000201924937
v  0.0154359704 -0.226809993 0.00397591246
v  0.0147429397 -0.228266999 0.000502927927
v  0.0127599603 -0.228956893 0.00350294868
v  0.0133899804 -0.229688004 0.00397692481
v  0.0132759502 -0.229775995 0.00423590792
v  0.0125009697 -0.229163006 0.00409690989
v  0.0115659498 -0.230122 0.00884292834
v  0.0113839805 -0.230726004 0.00798092596
v  0.0142599698 -0.226603001 0.00884292834
v  0.0106939999 -0.230065003 0.00769393099
v  0.00907096919 -0.230498001 0.00987492315
v  0.00961998664 -0.231426999 0.00675891247
v  0.0105959503 -0.230042905 0.00797293894
v  0.0105969599 -0.229917005 0.00824294798
v  0.0112799704 -0.230703995 0.0082739424
v  0.0106939999 -0.229717001 0.00843994133
v  0.0112809902 -0.230571002 0.00855593197
v  0.0113839805 -0.230361 0.0087629389
v  0.0108669698 -0.229489997 0.00851492397
v  0.0131059596 -0.225676 0.00987796299
v  0.0134759899 -0.226071998 0.00852094404
v  0.0135509698 -0.225868896 0.0112009421
v  0.0134799797 -0.226073995 0.00852195732
v  0.0134779504 -0.226072997 0.00852094404
v  0.0134839704 -0.226077005 0.008522911
v  0.0134770004 -0.226071998 0.00851993263
v  0.0134770004 -0.226071998 0.00852094404
v  0.0134909498 -0.226080999 0.0085259527
v  0.0135049503 -0.226090997 0.0085319113
v  0.0135319503 -0.226109996 0.00854293816
v  0.0135879805 -0.226147994 0.00856594741
v  0.0136999805 -0.226224005 0.00861196034
v  0.0138119804 -0.226300001 0.00865791738
v  0.0139239701 -0.226375893 0.00870494545
v  0.01403597 -0.226451904 0.00875095837
v  0.0141479699 -0.226527005 0.00879691541
v  0.0127050001 -0.225051001 0.0130799245
v  0.0120900003 -0.224637002 0.0126969628
v  0.0139369704 -0.22529 0.011200944
v  0.0143649904 -0.224636003 0.011200944
v  0.0180329997 -0.221414998 0.00764290942
v  0.0110769598 -0.223253995 0.0155889224
v  0.0137599399 -0.218678996 0.0155529156
v  0.016871959 -0.220682994 0.011200944
v  0.0170369484 -0.220204994 0.0111379437
v  0.0139419697 -0.218228906 0.0154379457
v  0.0136909802 -0.218632907 0.0156139545
v  0.0093949791 -0.215845004 0.0179129653
v  0.00959698018 -0.215445906 0.0177529249
v  0.0139449602 -0.217810005 0.0151409358
v  0.00489298115 -0.212454006 0.0186719149
v  0.00934294518 -0.215810999 0.0179289356
v  0.00969097577 -0.215121999 0.017401915
v  0.00502399215 -0.212179005 0.0183169656
v  0.0137669798 -0.217548996 0.0147509351
v  0.00965294801 -0.214963004 0.0169519652
v  0.0166559499 -0.219365999 0.0107339453
v  0.0180859882 -0.220422998 0.00751094474
v  0.0177509487 -0.220054999 0.00737892138
v  0.0169579685 -0.219712004 0.0109649152
v  0.0169589799 -0.219714001 0.0109659247
v  0.0170379598 -0.220195994 0.0111359134
v  0.0181889795 -0.220921904 0.00760690914
v  0.0187939685 -0.221302003 0.00394491898
v  0.0186369698 -0.221793994 0.00397591293
v  0.0154359704 -0.226811007 -0.00357402791
v  0.0186369698 -0.221793994 -0.00357498112
v  0.0188419484 -0.221921995 0.000208958867
v  0.0186389983 -0.221794993 0.00396190584
v  0.0189939495 -0.221428007 0.000208958983
v  0.0188789684 -0.220923007 0.0002089591
v  0.0186379887 -0.221794993 -0.0035610341
v  0.0186809599 -0.220798001 0.00389991701
v  0.0180329997 -0.221416995 -0.00723899761
v  0.0168709494 -0.220685005 -0.0107990038
v  0.0143619496 -0.224640995 -0.0107990038
v  0.0139359497 -0.225291997 -0.0107990038
v  0.0127039896 -0.225052997 -0.0126770269
v  0.0120839803 -0.224635005 -0.0122979954
v  0.0135499602 -0.225870997 -0.0107990056
v  0.0102019673 -0.224839002 -0.0150680058
v  0.0131069701 -0.225678995 -0.00947500579
v  0.0122920005 -0.226269007 -0.0101810247
v  0.0121499598 -0.226236895 -0.0104469806
v  0.00914899074 -0.226454005 -0.0149570163
v  0.0129479505 -0.226744995 -0.0107979923
v  0.0128909703 -0.226745993 -0.0108860265
v  0.0130239399 -0.226784006 -0.0106330067
v  0.0112149399 -0.228997007 -0.0107979923
v  0.0100559955 -0.230719 -0.0100780278
v  0.00930497609 -0.230915993 -0.0107979923
v  0.0128800003 -0.227443904 -0.0100780278
v  0.00807896908 -0.228056997 -0.0147010181
v  0.0121439397 -0.226906002 -0.00966401398
v  0.0130249597 -0.227179006 -0.0101580173
v  0.00943998154 -0.230055004 -0.00966198742
v  0.0130769899 -0.226941004 -0.0103600174
v  0.0123389699 -0.22642 -0.00992698967
v  0.0122859804 -0.226650998 -0.00973798335
v  0.00907096919 -0.230500907 -0.00947101414
v  0.00929698907 -0.230166003 -0.00969298184
v  0.00915399846 -0.230235904 -0.00978602469
v  0.00975296553 -0.230912 -0.0102099925
v  0.00990495738 -0.230837002 -0.0101109892
v  0.00962696131 -0.230933994 -0.0103500038
v  0.00891295727 -0.230248004 -0.0100940019
v  0.00903395377 -0.230252996 -0.00992400944
v  0.00696799811 -0.231416002 -0.0104540139
v  0.00647894107 -0.230145007 -0.0141090266
v  0.00546196708 -0.229585007 -0.0151169971
v  0.00744096003 -0.232192904 -0.0108850077
v  0.00707898103 -0.231463999 -0.0102490336
v  0.00529596815 -0.231432006 -0.013497008
v  0.00375798903 -0.230406895 -0.0151829869
v  -6.20000064e-05 -0.230106995 -0.0163360368
v  0.004547989 -0.232132003 -0.0130300075
v  0.00667796098 -0.232657 -0.0107979923
v  0.00226197205 -0.233936995 -0.0107969809
v  -0.00096597604 -0.231234998 -0.0153920166
v  0.00209698686 -0.233855993 -0.0110269878
v  0.00246295892 -0.233145997 -0.00998903997
v  0.00258794986 -0.233184904 -0.00984598882
v  0.00258097611 -0.234081998 -0.0103489906
v  5.89999836e-05 -0.233095005 -0.0104870368
v  0.0027129408 -0.234118894 -0.0102110077
v  0.00289199315 -0.234132007 -0.0101130176
v  0.0027569891 -0.233198002 -0.00974901207
v  0.00294599496 -0.233179003 -0.00971903093
v  0.00339994393 -0.233099893 -0.00970699079
v  0.00309399376 -0.234116003 -0.0100770146
v  0.00718996488 -0.232774004 -0.0100770146
v  0.00676295813 -0.231955007 -0.00966800749
v  0.00739297923 -0.232638001 -0.0101310164
v  0.00754198991 -0.232242003 -0.0106989909
v  0.0075289961 -0.232484907 -0.0102750231
v  0.00694397697 -0.231829002 -0.00971503556
v  0.00706998119 -0.231687993 -0.00984998047
v  0.00711599598 -0.231560007 -0.0100389887
v  0.00757995807 -0.232345894 -0.0104760099
v  0.00749794208 -0.232210904 -0.0107979923
v  0.000657999946 -0.233434007 -0.00955601037
v  -0.00130095403 -0.231222004 -0.015418008
v  -0.00233396189 -0.231986895 -0.0144569986
v  -0.00294294301 -0.231055006 -0.0155519973
v  3.49999755e-05 -0.234026998 -0.0108220149
v  0.00327095995 -0.234338 -0.00539602432
v  -0.000773989013 -0.234001905 -0.0107969809
v  -0.00376494974 -0.232774004 -0.0128030274
v  -0.0062449798 -0.232372895 -0.0123050287
v  -0.00734194368 -0.230792001 -0.0146920178
v  -0.00775595754 -0.229720995 -0.0159050375
v  -0.00777097791 -0.229666993 -0.0159590375
v  -0.00914295763 -0.229375005 -0.0149509981
v  -0.00904198829 -0.229094997 -0.0160279963
v  -0.00945594162 -0.229310006 -0.0155640375
v  0.0106929904 -0.230066001 -0.00729002012
v  0.00961998664 -0.231427997 -0.00635500252
v  0.0105950003 -0.230045006 -0.00756903039
v  0.00875297841 -0.231555 -0.00783802569
v  0.00863597449 -0.231580004 -0.00798203051
v  0.0108659603 -0.229491994 -0.00811298192
v  0.0106929904 -0.229718998 -0.00803603232
v  0.0105959503 -0.229919001 -0.00783897936
v  0.00848797616 -0.231644005 -0.00807799399
v  0.01138297 -0.230727002 -0.00757803069
v  0.0112789599 -0.230704993 -0.00787003338
v  0.0112799704 -0.230572894 -0.00815202389
v  0.0113819605 -0.230362996 -0.00835903082
v  0.0115649402 -0.230122998 -0.0084400326
v  0.0132750003 -0.229776993 -0.00383301149
v  0.01425895 -0.226604894 -0.00844003167
v  0.0134759899 -0.226073995 -0.00811703503
v  0.0133899804 -0.229689002 -0.00357402838
v  0.0124989497 -0.229163006 -0.00369299925
v  0.0108559402 -0.230958 -0.00398100959
v  0.00919095334 -0.232345894 -0.00830401573
v  0.00661597215 -0.220827907 0.0183579158
v  0.00185594591 -0.217686996 0.019551916
v  0.00469294796 -0.212828904 0.0188489351
v  0.00901696738 -0.226413995 0.0154719129
v  0.00351998815 -0.225765005 0.018194953
v  0.00985494815 -0.225319996 0.0154749528
v  -0.00123997801 -0.222437993 0.0197019354
v  0.00546494685 -0.229581997 0.0155209135
v  0.00808099471 -0.228051007 0.0151059441
v  -6.1000057e-05 -0.230102003 0.0167429224
v  0.00914994534 -0.226450995 0.0153609328
v  0.00375995599 -0.230403006 0.0155879036
v  -0.00476296991 -0.226919994 0.0187499337
v  -0.00293996185 -0.231051996 0.0159579329
v  -0.00129994098 -0.231217995 0.015825903
v  0.00455097016 -0.232127994 0.0134369526
v  -0.000953995041 -0.231229007 0.0158009324
v  0.00529698096 -0.231428996 0.0139029436
v  0.00698599825 -0.231407896 0.0108529124
v  0.00744197425 -0.232190996 0.0112899318
v  0.00668195495 -0.232654005 0.0112019517
v  0.0022629858 -0.233934 0.0112029128
v  0.00309494697 -0.234114006 0.0104829427
v  0.00749895629 -0.232208997 0.0112019517
v  0.0071919919 -0.232771903 0.0104819313
v  0.00754699716 -0.232243001 0.0110939518
v  0.00708494196 -0.231468007 0.0106449537
v  0.00711796293 -0.231563002 0.0104369316
v  0.00758097228 -0.232347995 0.010873951
v  0.00752798328 -0.232485995 0.0106759425
v  0.00706896791 -0.231690004 0.0102509018
v  0.00739196502 -0.232637003 0.0105339121
v  0.00694296416 -0.231828004 0.0101189427
v  0.00675997697 -0.231948003 0.010070961
v  0.00342396507 -0.233164996 0.00992791168
v  0.00339994393 -0.233100995 0.0101099424
v  0.00848898944 -0.231641993 0.00848196261
v  6.09999988e-05 -0.233096004 0.0108939223
v  0.000657999946 -0.233429998 0.00996295176
v  0.00267395983 -0.233191997 0.0101949312
v  0.00382695207 -0.234414905 0.0048789219
v  0.00415495597 -0.233686 0.00792692415
v  0.00415298901 -0.233621001 0.00814990513
v  0.00423899898 -0.233541995 0.00834892504
v  0.00440195808 -0.233460993 0.00848690979
v  0.00461498508 -0.233399004 0.00853691809
v  0.00833198987 -0.231735006 0.00851593725
v  0.00327095995 -0.234336004 0.00580195896
v  0.00294599496 -0.233184904 0.0101189427
v  0.00280294381 -0.234127 0.0105589423
v  0.00258294307 -0.234080002 0.0107549224
v  0.0024619461 -0.233147994 0.0103849526
v  0.00209794007 -0.233853906 0.0114339422
v  0.0033909441 -0.235327005 0.00598893873
v  0.00464699324 -0.235452995 0.00392995588
v  5.29999961e-05 -0.234035 0.0112029128
v  3.69999616e-05 -0.234026 0.0112269316
v  -0.00077094906 -0.233999997 0.0112029128
v  -0.00233294908 -0.231981903 0.0148649625
v  -0.00376494974 -0.232770994 0.0132109318
v  -0.00117894309 -0.233969003 0.0112029128
v  -0.00518199103 -0.233232006 0.0112029128
v  -0.00411494914 -0.234161004 0.00884495489
v  -0.00543596596 -0.233160004 0.0112029128
v  -0.00467195408 -0.232649997 0.0100229215
v  -0.00388398115 -0.233219996 0.00862394087
v  -0.00770499557 -0.233011007 0.00884495489
v  -0.0082080001 -0.232987002 0.00798295252
v  -0.006304943 -0.234256998 0.0042659468
v  -0.00612594979 -0.234349996 0.00392995588
v  -0.00597896473 -0.233316004 0.00417195074
v  -0.00562598603 -0.233496994 0.0035049147
v  -0.00425197976 -0.235091999 0.000504953787
v  -0.00779994577 -0.232677907 0.00350890914
v  -0.0062159528 -0.233427003 0.000497921021
v  -0.003982984 -0.234135002 0.00049690681
v  -0.00399097102 -0.234133005 -8.60381406e-05
v  -0.00614096969 -0.233455002 0.000202936935
v  -0.00417395681 -0.235113993 0.000202936702
v  -0.00391896907 -0.234154001 0.000202936819
v  -0.00655099098 -0.234369904 0.000504953903
v  -0.0064759478 -0.234398007 0.000202936819
v  -0.00793495122 -0.233740002 0.00309996074
v  -0.00867798179 -0.233298004 0.00455192989
v  -0.00827898923 -0.232384995 0.00445590727
v  -0.0098049799 -0.231204003 0.00764493598
v  -0.0105809802 -0.231764004 0.0085589122
v  -0.00783099979 -0.232077003 0.00780795282
v  -0.0101329898 -0.230890006 0.00837395899
v  -0.0102979699 -0.230759993 0.00857691467
v  -0.0107529899 -0.231628999 0.00876794569
v  -0.0110019604 -0.231481001 0.00884495489
v  -0.0105409799 -0.230614007 0.00865291059
v  -0.00788595621 -0.231998995 0.00807992928
v  -0.00826694909 -0.232905999 0.00826494209
v  -0.007808947 -0.231973007 0.00835893862
v  -0.00818499178 -0.232879907 0.00855193846
v  -0.00760998577 -0.232010007 0.00856695883
v  -0.00797899906 -0.232918993 0.00876591913
v  -0.00734796375 -0.232097998 0.00864295475
v  -0.00718899909 -0.231609002 0.0107629113
v  -0.00726499502 -0.231656998 0.0104979016
v  -0.00746294204 -0.231635004 0.0103019215
v  -0.0077219829 -0.231552005 0.0102289114
v  -0.00596597092 -0.231519893 0.0124339219
v  -0.00724496692 -0.231509998 0.011022903
v  -0.0080839619 -0.232451007 0.0104829427
v  -0.00961896032 -0.230692998 0.0102419034
v  -0.0127989799 -0.230023995 0.0104829427
v  -0.0127079701 -0.229864001 0.0112029128
v  -0.0144839501 -0.228657007 0.0112029128
v  -0.01703199 -0.226829007 0.0104829427
v  -0.0108529497 -0.230939999 0.0112029128
v  -0.0127009898 -0.229867905 0.0112029128
v  -0.00753196422 -0.232509002 0.011035962
v  -0.00758799165 -0.232409 0.0112909414
v  -0.0090279812 -0.230462 0.0145479236
v  -0.00755294506 -0.232449993 0.0112029128
v  -0.00761398021 -0.232558995 0.0107599311
v  -0.00781997293 -0.232537001 0.0105559621
v  -0.00914099067 -0.229371995 0.0153579526
v  -0.00945397466 -0.229305997 0.0159719437
v  -0.0113629904 -0.227724999 0.0165609531
v  -0.00776799768 -0.229663998 0.0163649134
v  -0.0095499903 -0.228835896 0.0164539628
v  -0.0090399608 -0.229091004 0.0164349433
v  -0.00733997673 -0.230788007 0.0150999241
v  -0.00775399059 -0.229714006 0.0163149629
v  -0.00871994346 -0.223520905 0.0193879437
v  -0.00872095674 -0.223523006 0.0193869229
v  -0.00576099101 -0.218814999 0.0200129542
v  -0.0109919496 -0.216312006 0.0197009258
v  -0.0057599768 -0.218812004 0.0200129542
v  -0.00805398077 -0.211463004 0.0195519179
v  -0.00290998118 -0.214275002 0.0197749548
v  -0.0129459696 -0.208535001 0.0183569677
v  -0.0096049495 -0.203899994 0.0179289375
v  -0.00490196794 -0.206796005 0.0188479275
v  -0.00488897506 -0.206805006 0.0188499577
v  -0.00290795509 -0.214272007 0.0197749548
v  -0.000113999995 -0.209830001 0.0191369466
v  0.000115999981 -0.209464997 0.0189629663
v  0.00468198117 -0.212822005 0.0188499559
v  0.000117999996 -0.209460005 0.0189599264
v  -0.01605298 -0.213465005 0.0181939453
v  -0.00965495966 -0.203869 0.0179129671
v  -0.0183840003 -0.207544997 0.0154749565
v  -0.0190159902 -0.208789006 0.0154719166
v  -0.0202189907 -0.205878004 0.010841947
v  -0.0203129817 -0.205773994 0.0105769467
v  -0.0191069413 -0.208684996 0.0153599177
v  -0.0210190006 -0.205393001 0.0112019572
v  -0.0209959913 -0.205443993 0.011288926
v  -0.0204659905 -0.205800995 0.0103249364
v  -0.0212559905 -0.205363005 0.010757966
v  -0.0210919604 -0.205339 0.0110269673
v  -0.0214459505 -0.205512002 0.0105589461
v  -0.0216179714 -0.205754906 0.0104819369
v  -0.02247997 -0.209974006 0.0100559462
v  -0.0233359504 -0.209690005 0.010481935
v  -0.0208179504 -0.206186995 0.0100589264
v  -0.0206479616 -0.205950007 0.0101379566
v  -0.0222959705 -0.207928002 0.0112019572
v  -0.0231899805 -0.210455999 0.0112019554
v  -0.0200879816 -0.210345998 0.0151049364
v  -0.0212729815 -0.212681994 0.0145169348
v  -0.0203299709 -0.213349894 0.0155219249
v  -0.0224099904 -0.210556999 0.010541955
v  -0.0226409603 -0.212782994 0.0108479057
v  -0.0203339607 -0.215243906 0.0155879054
v  -0.0219199806 -0.214304999 0.0139069352
v  -0.0235389713 -0.212699994 0.0112899356
v  -0.0227319803 -0.212708995 0.010643946
v  -0.0236279611 -0.213603005 0.0112029165
v  -0.02222999 -0.215294003 0.0134349242
v  -0.0228699613 -0.218126997 0.0112029146
v  -0.0227219611 -0.218244001 0.0114389453
v  -0.0190329701 -0.219865993 0.0157999247
v  -0.022246981 -0.217605993 0.0103849545
v  -0.0231389608 -0.217901006 0.0107549243
v  -0.0232779607 -0.217722997 0.0105589442
v  -0.0233919807 -0.217454001 0.0104829445
v  -0.0239549503 -0.213176996 0.010481935
v  -0.0239199605 -0.212937996 0.0105339158
v  -0.0236319508 -0.212628007 0.0110929459
v  -0.0238429513 -0.212750003 0.0106759463
v  -0.0237409715 -0.212642998 0.0108729452
v  -0.0228319913 -0.212721005 0.0104359258
v  -0.0229249801 -0.212818995 0.0102509055
v  -0.0229949504 -0.212991998 0.0101179257
v  -0.02357997 -0.212656006 0.0112019554
v  -0.0224859901 -0.210424006 0.0103169456
v  -0.0233449508 -0.210170999 0.0107539147
v  -0.0233789906 -0.210044995 0.0106109157
v  -0.0225119814 -0.210292906 0.0101869553
v  -0.0233769603 -0.209876001 0.010514956
v  -0.0225099511 -0.210134 0.0100969449
v  -0.0101609398 -0.225813001 0.0183589235
v  -0.00624396699 -0.232371002 0.0127119217
v  -0.0131399799 -0.226582006 0.0164529439
v  -0.0113639403 -0.227724999 0.0165599436
v  -0.0136009604 -0.226697996 0.0159759335
v  -0.0148439603 -0.226815894 0.0145309325
v  -0.0172089506 -0.226364002 0.0112909433
v  -0.017260991 -0.226349995 0.0112029128
v  -0.0166619606 -0.225657895 0.0107639246
v  -0.0173229817 -0.226357907 0.011035962
v  -0.0173329916 -0.226453006 0.0107599329
v  -0.0166729912 -0.225748003 0.0104979035
v  -0.0172229614 -0.226630002 0.0105559621
v  -0.0165660009 -0.225916997 0.0103019234
v  -0.0135969697 -0.226228997 0.0164329223
v  0.00462797889 -0.234455004 0.00350992195
v  0.00674495706 -0.233826905 0.00350396195
v  0.0063869711 -0.233872995 0.00413994305
v  0.00630197488 -0.234207004 0.000490946812
v  0.00740698585 -0.234715 0.00312994188
v  0.00673697004 -0.234826997 0.00428394787
v  0.0088259941 -0.234180003 0.000503940857
v  0.00889698323 -0.232495993 0.00884292834
v  0.00444797287 -0.234693006 0.00798193924
v  0.00485799322 -0.234336004 0.00884394161
v  0.00886598788 -0.232516006 0.00884394161
v  0.00462994631 -0.234410003 0.00879190676
v  0.00435898313 -0.234582007 0.00843594782
v  0.00435898313 -0.234650001 0.00820295326
v  0.00445298012 -0.234496996 0.00864492171
v  0.00423798617 -0.233733997 0.00772295659
v  0.00931695662 -0.232315004 0.00855795853
v  0.00903395377 -0.232414007 0.00880895369
v  0.00919196568 -0.232344002 0.00870792381
v  0.00863597449 -0.231579006 0.00838593952
v  0.00875399075 -0.231553003 0.00824294798
v  0.0115489699 -0.231656998 0.00453893747
v  0.01085696 -0.230958 0.00438593235
v  0.0112739503 -0.230708003 0.00349990837
v  0.0122149903 -0.231230006 0.00312892953
v  0.0125179598 -0.229579002 0.000491960673
v  0.0132969897 -0.230205998 0.000502927578
v  0.0133479498 -0.230145007 0.000200911541
v  0.00891694985 -0.230250999 0.010491943
v  0.00903794821 -0.230257004 0.0103169419
v  0.00962898694 -0.230931893 0.0107539129
v  0.0093059903 -0.230913907 0.0112019535
v  0.00647995528 -0.230141893 0.0145149622
v  0.00915697776 -0.230233997 0.0101869535
v  0.00975695811 -0.230909005 0.010610912
v  0.009906983 -0.230834007 0.0105149522
v  0.0100579625 -0.230717003 0.0104819331
v  0.00943998154 -0.230052993 0.0100649428
v  0.0128809502 -0.227441996 0.0104819331
v  0.0112179797 -0.228992 0.0112019535
v  0.00929895602 -0.230162993 0.010096943
v  0.0121469805 -0.226906002 0.0100589227
v  0.0122859804 -0.226651996 0.0101389121
v  0.0130249597 -0.227180004 0.0105589423
v  0.0123409899 -0.226422995 0.0103239231
v  0.0122999903 -0.226273 0.0105749127
v  0.0130779501 -0.226944998 0.0107569527
v  0.0130289504 -0.226786003 0.0110249333
v  0.0129489601 -0.226742998 0.0112019535
v  0.0121669499 -0.226229995 0.0108419433
v  0.0128919799 -0.226743907 0.0112889223
v  0.0102039929 -0.224834993 0.0154719129
v  -0.00826694909 -0.232907996 -0.00785799325
v  -0.00770595018 -0.233013004 -0.00843800697
v  -0.00818594638 -0.232881993 -0.00814600382
v  -0.0079799518 -0.232920006 -0.00835998356
v  -0.00781997293 -0.232538894 -0.0101500303
v  -0.00576397078 -0.218819007 -0.0196089856
v  -0.0236679502 -0.217393905 -0.00539703434
v  -0.023968 -0.216945007 -0.0045110113
v  -0.0245979615 -0.214378998 -0.00373299187
v  -0.0235379506 -0.216251999 -0.00731701916
v  -0.0234650001 -0.216314003 -0.00752200047
v  -0.0243619904 -0.216218993 -0.00310398405
v  -0.0244229604 -0.216548994 -0.00779802958
v  -0.0234059915 -0.216287002 -0.00774498144
v  -0.024500981 -0.216486007 -0.00757701555
v  -0.0243619904 -0.216517001 -0.00803197734
v  -0.0243559703 -0.215960994 -0.00843901746
v  -0.0243270006 -0.216395006 -0.00824101083
v  -0.0233710017 -0.216175005 -0.00794400088
v  -0.0233699903 -0.215992004 -0.00808198564
v  -0.0243249703 -0.216196001 -0.00838799588
v  -0.023407001 -0.215772003 -0.00813199393
v  -0.0244489517 -0.211556002 -0.00843901653
v  -0.0235139914 -0.211697906 -0.0081110131
v  -0.0247119814 -0.214036003 -0.00309802382
v  -0.0248659402 -0.214600995 -8.50349315e-05
v  -0.0249240007 -0.212377995 -8.80345469e-05
v  -0.0248610005 -0.214526996 0.000202940078
v  -0.0258849412 -0.214643002 0.000202940078
v  -0.0249279905 -0.212383002 0.000489937491
v  -0.0249209609 -0.212311 0.000202940428
v  -0.0257999506 -0.213823006 0.00312994514
v  -0.0259319711 -0.212312907 0.000503944466
v  -0.0237390008 -0.208534002 -0.00814999267
v  -0.0235949904 -0.208354995 -0.00835801288
v  -0.0238569602 -0.208590001 -0.00786901638
v  -0.0239219815 -0.208507001 -0.00757802697
v  -0.02345898 -0.208088905 -0.00844002888
v  -0.0226759501 -0.212741002 -0.0103520267
v  -0.0206479616 -0.204632893 -0.00811703131
v  -0.0187479407 -0.205264002 -0.0122979935
v  -0.0204969812 -0.204478994 -0.0107990019
v  -0.019394001 -0.204887003 -0.0126760043
v  -0.00290694088 -0.214276999 -0.0193719957
v  -0.00489094201 -0.206808999 -0.0184490122
v  -0.00490196794 -0.206801996 -0.0184469931
v  -0.00465097278 -0.206459895 -0.0182709731
v  -0.00011600001 -0.209833995 -0.0187360123
v  -0.00445999997 -0.206221893 -0.017916033
v  -0.00913497061 -0.203291997 -0.0170009825
v  -0.0130879497 -0.200671002 -0.0143500026
v  0.000279999978 -0.209204003 -0.0181999821
v  -0.0102969604 0.0180429779 0.00533797778
v  -0.00545396702 0.0235859677 0.00530495774
v  -0.0100629497 0.0189379994 0.00300898612
v  -0.0058279857 0.023186978 0.00533797871
v  -0.00544997398 0.0235839374 0.00533195864
v  -0.000146000006 0.0287159588 0.00527295051
v  -0.000360999955 0.0288419705 0.00300898775
v  -0.00571598904 0.0237299707 0.00300898706
v  -0.01027699 0.0180329587 0.00543799484
v  -0.00556495087 0.0229369886 0.00619598757
v  -0.0106599499 0.0168799683 0.00626095571
v  8.89999501e-05 0.0284569785 0.00615796074
v  -0.00504895393 0.0224459674 0.00679596793
v  0.000568999967 0.0279289372 0.00678297458
v  9.09999653e-05 0.0284559689 0.00616100058
v  0.00398997078 0.030578969 0.00614299998
v  0.00390998088 0.0309069678 0.00524499733
v  0.000568999967 0.0279289372 0.00678398879
v  0.00416097604 0.0298839789 0.00677898154
v  0.00824395381 0.0298209675 0.00677397475
v  0.0084349867 0.0305139981 0.00612297328
v  0.00118899997 0.0272439681 0.0070089954
v  0.00438294373 0.0289779883 0.0070089954
v  0.0111519396 0.0271329787 0.0070089954
v  0.00799295865 0.0289129578 0.0070089954
v  -0.004397952 0.0218279883 0.00700899446
v  0.01118699 0.0133469692 0.0070089926
v  0.0129119502 0.0205489881 0.00700899446
v  0.01296994 0.0241069682 0.00700899446
v  0.0118159996 0.0278289877 0.00676199375
v  0.0135669401 0.020363979 0.00689097727
v  0.01178494 0.0132289492 0.00691398326
v  0.0137979705 0.0202989485 0.00678595435
v  0.0123539902 0.0131169492 0.00661798753
v  0.0106449397 0.00595998578 0.00692798896
v  0.0111839501 0.00590497069 0.00667496817
v  0.0107559897 -0.00138896832 0.00668897387
v  0.0100829965 0.00601696782 0.00700899167
v  -0.00940897409 0.0159489475 0.00700899353
v  -0.0117959604 -0.00401699636 0.00700898981
v  0.00966999494 -0.00137394725 0.00700899074
v  -0.0134179797 0.00943994429 0.0070089926
v  -0.0100999698 0.016462978 0.00681396807
v  -0.0141420001 0.00979196932 0.00683995336
v  -0.0159159508 0.00226694182 0.00700899074
v  -0.0166579708 0.00243097381 0.00685896631
v  -0.0169349518 -0.00139194832 0.00720395846
v  -0.0156640001 -0.00516295526 0.00778599596
v  -0.0154339904 -0.00640195748 0.00800498389
v  -0.0166049805 -0.00523299025 0.00788696669
v  -0.0158329811 -0.00896895118 0.00871195272
v  -0.0153969703 -0.0065809493 0.00803794526
v  -0.00767596904 -0.0103019411 0.00700898888
v  -0.0113699604 -0.0127239814 0.00803794339
v  -0.01376196 -0.0124499714 0.00921697728
v  -0.0132319499 -0.0139439721 0.00953496806
v  -0.0072489609 -0.0190079827 0.00803794339
v  -0.0109299598 -0.019505972 0.0107119773
v  -0.00355496304 -0.016586002 0.00700898794
v  0.000564999995 -0.0228709523 0.00700898701
v  0.00982097443 -0.00875294302 0.00700898888
v  0.01040796 -0.0160959922 0.00700898794
v  0.0109079797 -0.00869596098 0.00668694545
v  0.0116289603 -0.00834596157 0.00582398986
v  0.0114839999 -0.00258100126 0.00582995173
v  0.0116449902 -0.00865799189 0.00582398986
v  0.01204798 -0.0140839806 0.00581397582
v  0.01149699 -0.0159819722 0.00668295147
v  0.0122309597 -0.0159039423 0.00580998138
v  0.0126939705 -0.0198049527 0.0057999678
v  0.0124239605 -0.0232319813 0.00667698914
v  0.0113299796 -0.0233899914 0.00700898701
v  0.0128479898 -0.0198159814 0.00543798879
v  0.0122189801 -0.0141029907 0.00541694881
v  0.0133569604 -0.0142109897 8.99774022e-06
v  0.0118089598 -0.00837397575 0.00540896272
v  0.0127949398 -0.00851195958 0.00200696755
v  0.0116659701 -0.00261694193 0.00541194342
v  0.0125529505 -0.00750899361 0.00300898193
v  0.01279095 -0.00849294569 -0.0019879723
v  0.0125309499 -0.00742399553 -0.00304398802
v  0.01088998 -0.00216895365 0.00300898263
v  0.0124569805 -0.00276595377 0.00300898263
v  0.0126149999 0.00295799831 0.00300898356
v  0.00751296291 0.00465798238 0.0030089838
v  0.01088998 -0.00216895249 -0.00304398732
v  0.0130949905 0.00865697674 0.00300898449
v  0.0118459798 0.00314897113 0.00542297168
v  0.0124239605 0.00887399819 0.00543799344
v  0.0138999503 0.0143069588 0.00301095238
v  0.0134179899 0.0145079391 0.00545897428
v  0.0140409805 0.0151079791 0.00301095261
v  0.001939988 0.00978696253 0.00300898473
v  -0.00416996377 0.014358989 0.00300898543
v  0.001939988 0.00978696346 -0.00304398523
v  0.00751296291 0.00465798331 -0.00304398616
v  0.0125979502 0.00297397352 -0.00304398639
v  0.0130809899 0.00866997242 -0.00304398546
v  0.01389095 0.0143139903 -0.00304595171
v  0.0124199698 0.00888395403 -0.0054189926
v  0.0134169804 0.0145129506 -0.00543997157
v  0.0140329897 0.0151149603 -0.00304595148
v  -0.00416996377 0.0143589899 -0.00304398453
v  0.01498398 0.0196909904 -0.00304595078
v  0.0150289796 0.0198889896 -0.0030439836
v  0.0148459999 0.0190979801 -0.00304696383
v  -0.000356999983 0.0288399998 -0.0030439822
v  -0.00570698874 0.0237299707 -0.0030439829
v  0.0146689704 0.0183039904 -0.00304696383
v  0.0144989798 0.0175089799 -0.00304696406
v  0.0143369697 0.0167119503 -0.00304696406
v  0.0141809899 0.0159139596 -0.00304595148
v  -0.0101979598 0.0190419499 9.00315354e-06
v  -0.0100589599 0.01893395 -0.00304398383
v  -0.00545098679 0.0235899594 -0.00528493943
v  -0.00319596427 0.0258539896 -0.00528493896
v  -0.00544699281 0.0235879999 -0.00531295314
v  -0.000146000006 0.0287169795 -0.00525394315
v  -0.00613196986 0.0228659492 -0.00532398
v  -0.0102929696 0.0180509593 -0.00531796133
v  -0.0108029395 0.0183140002 9.00303712e-06
v  -0.0143509703 0.0119490009 -0.00535295019
v  -0.0131119695 0.0118019506 -0.00837097131
v  -0.00931998435 0.0179889724 -0.0081749903
v  -0.00954593997 0.0176779628 -0.00818398967
v  -0.00909295026 0.0178189818 -0.00869694725
v  -0.00873395056 0.0175499916 -0.00912896171
v  -0.0124559598 0.0114659611 -0.00918797217
v  -0.01326897 0.0114820013 -0.00838098489
v  -0.0149789602 0.00479698228 -0.00923696719
v  -0.0115139699 0.0109829921 -0.00949094258
v  -0.00781496707 0.0168640018 -0.00949094072
v  -0.00838097185 0.0129689518 -0.00949094258
v  -0.00925996155 0.0114159519 -0.00949094258
v  -0.0140389996 0.00453698728 -0.00949094258
v  -0.0114069795 0.00654000137 -0.00949094258
v  -0.01006098 0.00982797332 -0.00949094258
v  -0.00828596298 0.017214952 -0.00940296426
v  -0.0107779698 0.00819999073 -0.00949094258
v  -0.0111709395 0.00645798538 -0.00942394882
v  -0.0117109595 0.00477099558 -0.00942394882
v  -0.0119509902 0.00484097144 -0.00949094258
v  -0.0124079799 0.00310498546 -0.00949094258
v  -0.0127709704 0.00135797344 -0.00949094445
v  -0.0121639604 0.00304794451 -0.00942394882
v  -0.0130479503 -0.000409998582 -0.00949094445
v  -0.0125249801 0.0013129724 -0.00942394882
v  -0.0127999997 -0.000441998593 -0.00942394882
v  -0.0123449704 0.00127995142 -0.00924096256
v  -0.01198598 0.00300598238 -0.00924096256
v  -0.0129909702 -0.00220197253 -0.00942394882
v  -0.0126179596 -0.000465998601 -0.00924096256
v  -0.0132400002 -0.00218099169 -0.00949094445
v  -0.0131049901 -0.00396597153 -0.00942395069
v  -0.012809 -0.00221794657 -0.00924096256
v  -0.0133549795 -0.00395595841 -0.00949094445
v  -0.0152369896 -0.00231194263 -0.00949094445
v  -0.01339598 -0.0057339645 -0.00949094445
v  -0.0130599895 -0.0126849981 -0.00949094631
v  -0.0152719794 -0.00931197219 -0.00949094631
v  -0.0132869696 -0.00927394442 -0.00949094631
v  -0.0159159508 -0.0093519669 -0.00938395597
v  -0.0161710009 -0.0022349935 -0.00925794989
v  -0.0133699998 -0.00750297168 -0.00949094445
v  -0.0131209698 -0.00749498466 -0.00942395069
v  -0.01315095 -0.0110479482 -0.00949094631
v  -0.0129019795 -0.0110259587 -0.00942395069
v  -0.0130369803 -0.00925898366 -0.00942395069
v  -0.0127219697 -0.0127959782 -0.00942496397
v  -0.0129689798 -0.0128239878 -0.00949094631
v  -0.0127199497 -0.0127959792 -0.00942395069
v  -0.0127199497 -0.0110089695 -0.00924096443
v  -0.0128549496 -0.00924694445 -0.00924096443
v  -0.0127879595 -0.00924295001 -0.00899098255
v  -0.0128709897 -0.00748699764 -0.00899098255
v  -0.0129379798 -0.00748896366 -0.00924096443
v  -0.0128949499 -0.00614595274 -0.00899098255
v  -0.0129629597 -0.00573497871 -0.00924096443
v  -0.0128959604 -0.00573497871 -0.00899098255
v  -0.0128549496 -0.00397693971 -0.00899098255
v  -0.0129219498 -0.00397395855 -0.00924096443
v  -0.0131459404 -0.0057339645 -0.00942395069
v  -0.0127419401 -0.00222396664 -0.00899098068
v  -0.0124859996 -9.9891804e-07 -0.00749096973
v  -0.0128139397 -0.00319498591 -0.00749097019
v  -0.0125519801 -0.00047499864 -0.00899098068
v  -0.0123329898 0.000965001294 -0.00899098068
v  -0.0123329898 0.000965001062 -0.00749096973
v  -0.0122789899 0.00126797031 -0.00899098068
v  -0.0119209504 0.00299096247 -0.00899098068
v  -0.0118869701 0.00313496613 -0.00749096926
v  -0.0114709903 0.00470095919 -0.00899098068
v  -0.0109349703 0.00637495657 -0.00899098068
v  -0.0103909597 0.00782394502 -0.00749096833
v  -0.0115349498 0.00471997354 -0.00924096256
v  -0.01043995 0.00770097971 -0.00749096833
v  -0.0109979697 0.00619596289 -0.0074909688
v  -0.0103779603 0.00767594576 -0.00724098645
v  -0.00980694965 0.00918495655 -0.00749096833
v  -0.0103909597 0.00782394502 -0.00899098068
v  -0.00974597037 0.00915795565 -0.00724098645
v  -0.0107609797 0.00611495972 -0.00705794105
v  -0.0109339496 0.00617498206 -0.00724098692
v  -0.00957996957 0.00908195972 -0.00705794059
v  -0.00935199205 0.00897794962 -0.00699094543
v  -0.0081249699 0.0119209811 -0.00705794012
v  -0.00828399602 0.0120120011 -0.00724098599
v  -0.00790795032 0.0117969513 -0.00699094497
v  -0.00644394103 0.0146079613 -0.00705793966
v  -0.00659497874 0.0147109609 -0.00724098552
v  -0.00665094797 0.0147489905 -0.0074909674
v  -0.00476094382 0.0173229519 -0.00749096693
v  -0.00470795482 0.0172809921 -0.00724098505
v  -0.00706394808 0.0141299907 -0.0074909674
v  -0.00706394808 0.0141299907 -0.00899097882
v  -0.00795199815 0.0127120009 -0.00899097882
v  -0.00834199134 0.0120449606 -0.00749096787
v  -0.00881894678 0.0111809913 -0.00899097882
v  -0.00800999254 0.0127469813 -0.0092409607
v  -0.00887896866 0.0112119913 -0.0092409607
v  -0.00816699211 0.0128399711 -0.00942394696
v  -0.00706698792 0.0142479511 -0.0092409607
v  -0.00721999304 0.014348981 -0.00942394696
v  -0.00742795411 0.0144859515 -0.00949094072
v  -0.00641997997 0.0159509722 -0.00949094072
v  -0.00621696608 0.0158050023 -0.00942394696
v  -0.00535394996 0.0173760019 -0.00949094072
v  -0.00423999876 0.0187609717 -0.00949094072
v  -0.00515695708 0.0172219817 -0.00942394696
v  -0.00501199905 0.017109992 -0.0092409607
v  -0.00404795306 0.0186019521 -0.00942394696
v  -0.00606795494 0.0156979524 -0.0092409607
v  -0.00495894998 0.0170689821 -0.00899097882
v  -0.00601395313 0.0156589728 -0.00899097882
v  -0.00390698807 0.0184849519 -0.0092409607
v  -0.00385596696 0.0184419714 -0.00899097882
v  -0.00275798887 0.0198269412 -0.0092409607
v  -0.00289597409 0.019948002 -0.00942394696
v  -0.00308295386 0.0201129913 -0.00949094072
v  -0.00250395387 0.0207099915 -0.0094239451
v  -0.00274797622 0.0207659621 -0.00949094072
v  -0.00308497995 0.0220980011 -0.00949094072
v  -0.00328698102 0.0222079717 -0.00949094072
v  -0.0031899442 0.0224210024 -0.00943199173
v  -0.00276198285 0.0214999914 -0.00949094072
v  -0.00252094213 0.0215659719 -0.0094239451
v  -0.00292696897 0.0222849827 -0.00942793861
v  -0.0038919677 0.0224699918 -0.00939199701
v  -0.00318899099 0.0224229619 -0.00943097845
v  -0.0040779938 0.0227539521 -0.00918797031
v  -0.00456096977 0.0226099417 -0.00908694044
v  -0.00416895095 0.0225459915 -0.00928995386
v  -0.00518795196 0.0225949828 -0.00861195102
v  -0.00500699179 0.0226159617 -0.00877097622
v  -0.00492396299 0.0227710027 -0.00864598528
v  -0.00510796206 0.0227349922 -0.00848499313
v  -0.00489696208 0.0227989517 -0.00860694423
v  -0.00467696087 0.0228469912 -0.00871596113
v  -0.00512196869 0.0232499801 -0.00648096623
v  -0.00407596678 0.0228859726 -0.0089389421
v  -0.00490596192 0.0232729912 -0.0066649653
v  -0.00411298173 0.0232149921 -0.00718996301
v  -0.00396498293 0.0231799427 -0.00726297824
v  -0.00395598309 0.0228790026 -0.00896999612
v  -0.00396796409 0.0228729825 -0.00899395719
v  -0.00311299507 0.0225879513 -0.00926497951
v  -0.00307997409 0.0226599518 -0.00904497877
v  -0.00280299084 0.0224309526 -0.00924095884
v  -0.0028079981 0.0224249922 -0.00925293937
v  -0.00311496202 0.0225839615 -0.00927093998
v  -0.00353797572 0.0228139721 -0.00904098526
v  -0.00323494617 0.0228689928 -0.00746998517
v  -0.00276097003 0.0224840026 -0.00899097696
v  -0.00275995582 0.0224819724 -0.00901297107
v  -0.00232394785 0.0217719618 -0.00899097696
v  -0.00292094797 0.0226349812 -0.00772795407
v  -0.00232394785 0.0217719618 -0.007490966
v  -0.00227996008 0.0216319524 -0.00899097696
v  -0.00234397594 0.0216139518 -0.00924095884
v  -0.00224497216 0.0207249522 -0.00899097696
v  -0.00232597487 0.020667972 -0.00924095884
v  -0.00292196218 0.0222899914 -0.0094239451
v  -0.0022609462 0.0206529424 -0.00899097696
v  -0.00270798104 0.0197829623 -0.00899097882
v  -0.00270798104 0.0197829623 -0.00749096647
v  -0.00224497216 0.0207249522 -0.00749096647
v  -0.00217994396 0.020711951 -0.00724098459
v  -0.00265797321 0.0197379515 -0.00724098459
v  -0.00252094213 0.0196169615 -0.00705793872
v  -0.00456395093 0.0171679817 -0.00705793919
v  -0.00436695712 0.0170139614 -0.00699094404
v  -0.00623699278 0.014467001 -0.0069909445
v  0.0100759631 0.00602096412 -0.0069909459
v  -0.00233294908 0.0194519721 -0.00699094357
v  -0.00175394898 0.020630002 -0.00699094357
v  -0.00181695109 0.0244369525 -0.00699094264
v  -0.00199999707 0.0206769723 -0.00705793872
v  -0.00208797399 0.0218549911 -0.00705793826
v  -0.00185199908 0.0219389722 -0.0069909431
v  -0.00275995582 0.0228259526 -0.00705793826
v  -0.00225999299 0.0217939615 -0.00724098412
v  -0.00281497091 0.0228719711 -0.00705793826
v  -0.00259896414 0.0230169818 -0.0069909431
v  -0.00287797395 0.0226860028 -0.00724098412
v  -0.00292094797 0.0226349812 -0.007490966
v  -0.00293298904 0.0227319524 -0.00724098412
v  -0.00297596399 0.0226809923 -0.007490966
v  -0.00321396487 0.0229039714 -0.00729194609
v  -0.00405695289 0.0232470017 -0.0070609781
v  -0.00319697801 0.0229319911 -0.00722894445
v  -0.0031549558 0.0230000019 -0.00712994114
v  -0.00399597781 0.0233199522 -0.00694397418
v  -0.003982984 0.0235639811 -0.00677296938
v  -0.00393994898 0.0234299824 -0.00685498537
v  -0.00481494609 0.0233590007 -0.00651398627
v  -0.00310095493 0.0230869614 -0.00705394521
v  -0.00306697981 0.0231409613 -0.00702396408
v  -0.00265397923 0.0230630022 -0.0069909431
v  -0.00297298282 0.023293972 -0.0069909431
v  -0.00389596075 0.023557961 -0.00680497615
v  -0.00245394604 0.025092002 -0.00676998775
v  0.000564999995 0.0279339515 -0.00676599424
v  -0.0029499759 0.0256019793 -0.0061559407
v  0.000568999967 0.027928941 -0.00676897448
v  0.00399098406 0.0305789709 -0.00612399168
v  0.00416198978 0.0298819523 -0.00676098745
v  0.00438294373 0.028977992 -0.00699094217
v  0.00118499994 0.0272529721 -0.00699094217
v  0.00824395381 0.0298199616 -0.00675496738
v  0.0118169505 0.027830001 -0.00674394052
v  0.0084349867 0.030514 -0.0061049778
v  0.0111519396 0.0271340013 -0.00699094264
v  0.00799397193 0.0289129615 -0.00699094217
v  0.0129719703 0.0241090022 -0.0069909431
v  0.01291099 0.0205509625 -0.00699094357
v  0.0111839501 0.0133499512 -0.0069909445
v  0.0117809502 0.0132319909 -0.00689599477
v  0.0106369602 0.00596398208 -0.00690994319
v  0.0111769801 0.005908967 -0.00665698107
v  0.0107459705 -0.00138497201 -0.0066709891
v  0.00966099463 -0.00136899797 -0.00699094683
v  0.00980994664 -0.00874697976 -0.00699094823
v  0.0116759902 0.00320494175 -0.00579396542
v  0.0108960001 -0.00869095232 -0.00666997721
v  0.0114739798 -0.00256198528 -0.00581298023
v  0.0114849498 -0.00139498618 -0.00581196696
v  0.0118399598 0.00316298078 -0.00540295942
v  0.0116579803 -0.00259798625 -0.00539199356
v  0.0117999604 -0.00835197978 -0.00538895419
v  0.0116169797 -0.00832295325 -0.00580797438
v  0.0124389799 -0.00274699857 -0.00304398732
v  0.0116339605 -0.00865196995 -0.00580696156
v  0.0120339701 -0.0140569787 -0.00579796219
v  0.0122079598 -0.0140769389 -0.00539497519
v  0.0122179696 -0.0158969704 -0.00579498289
v  0.0114839999 -0.0159749873 -0.00666598463
v  0.0126789501 -0.0197759792 -0.00578496931
v  0.0128359497 -0.0197869502 -0.00541595742
v  0.0131419599 -0.0231189709 -0.00577298971
v  0.0124109704 -0.0232239887 -0.0066599655
v  0.0134989899 -0.0254759695 -0.00576297613
v  0.0136259496 -0.0254799705 -0.00545499893
v  0.0147470003 -0.0255249701 8.99593579e-06
v  0.0145239504 -0.0311539695 -0.00551496213
v  0.0147429397 -0.0254979692 8.99593579e-06
v  0.013975 -0.0198759995 8.9968089e-06
v  0.0142940003 -0.0303189699 -0.00573496288
v  0.0135669401 -0.0304409787 -0.00664798729
v  0.0144389598 -0.0311559997 -0.00572995609
v  0.0154579598 -0.0368179604 -0.00568698207
v  0.01486299 -0.0376330018 -0.00663195411
v  0.0155849801 -0.0375019908 -0.00568197481
v  0.0154929496 -0.0368160009 -0.00559298601
v  0.0153049501 -0.0375519916 -0.0062019662
v  0.0156139405 -0.0311569497 8.99500446e-06
v  0.0165359695 -0.0367449485 8.99407314e-06
v  0.0161679685 -0.0405899808 -0.00565598859
v  0.0166859888 -0.0447250009 -0.00616298662
v  0.0165279787 -0.042459961 -0.00563995494
v  0.0175069887 -0.0423479602 8.99314182e-06
v  0.0165419895 -0.0367769487 8.99407314e-06
v  0.0169579685 -0.0446729586 -0.00562195433
v  0.0176149886 -0.0481389686 -0.00567995105
v  0.01852897 -0.0479930006 8.9922687e-06
v  0.0175129492 -0.0423839614 8.99314182e-06
v  0.01853594 -0.0480319783 8.9922687e-06
v  0.0169669688 -0.0446849391 0.00563694444
v  0.0176279899 -0.0481809899 0.00569696631
v  0.0166959483 -0.0447369814 0.00617898861
v  0.0165429395 -0.0424999483 0.00565494504
v  0.0165519398 -0.0447649918 0.00635798182
v  0.0153159797 -0.0375629589 0.00621797191
v  0.0161209404 -0.0403029881 0.00567395939
v  0.0173409898 -0.0486649796 0.00638796203
v  0.0162519496 -0.0448229909 0.00663097063
v  0.0148749705 -0.0376439616 0.0066489731
v  0.0159049891 -0.0448899791 0.00683493866
v  0.0143249901 -0.0377439782 0.0069219619
v  0.0154739898 -0.0368559882 0.00570197403
v  0.0144549897 -0.031192001 0.00574494991
v  0.01358 -0.0304499827 0.00666494807
v  0.0137489801 -0.037849959 0.00700898422
v  0.0151019404 -0.0450440012 0.00700898329
v  0.0156909488 -0.0449309908 0.00691695465
v  0.0124749904 -0.0306369625 0.00700898608
v  0.00468496094 -0.0291549526 0.00700898608
v  0.00880495273 -0.0354399607 0.00700898515
v  0.000990999863 -0.0315769911 0.00803793967
v  0.00511095487 -0.0378609784 0.00803793967
v  0.0129259499 -0.0417239591 0.00700898422
v  0.00217697583 -0.0397849642 0.0109119527
v  0.00629696809 -0.0460699722 0.0109119527
v  0.00923196133 -0.0441460013 0.00803793781
v  0.0104169613 -0.0523539744 0.0109119508
v  0.0133519499 -0.0504299887 0.00803793781
v  0.0145379603 -0.0586379729 0.0109119508
v  0.0178009588 -0.0564990006 0.00785393827
v  0.0169609487 -0.0526689813 0.00735993451
v  0.0174719989 -0.0567149483 0.00803793594
v  0.0160139501 -0.0486849509 0.00708497828
v  0.0175829791 -0.0525979884 0.00708694523
v  0.0183039587 -0.0564459488 0.00756497355
v  0.0180639885 -0.0525689684 0.00664396351
v  0.0186959784 -0.0564669892 0.00717295473
v  0.018865969 -0.0602479503 0.00838996097
v  0.0180099886 -0.0575359389 0.00803793594
v  0.0184859894 -0.060198959 0.00864494964
v  0.0188019592 -0.0636889935 0.00999695994
v  0.0190269686 -0.0638169572 0.00984394923
v  0.0185969789 -0.0648299977 0.010911949
v  0.0186289884 -0.0651589632 0.0110969599
v  0.0185009595 -0.0649849698 0.0111319497
v  0.0151659604 -0.0625 0.0139409397
v  0.0174999498 -0.0649519488 0.0124689396
v  0.0180749595 -0.0651800036 0.0118299797
v  0.0181499384 -0.0653739497 0.0118799899
v  0.0175309498 -0.065159969 0.0126069896
v  0.0175379794 -0.0653659701 0.0127219595
v  0.0182049591 -0.0655639693 0.0119149797
v  0.0175219495 -0.0655949712 0.0128259696
v  0.018245969 -0.0657730103 0.011940958
v  0.0149490004 -0.0629670024 0.0146599505
v  0.0150919901 -0.0627200007 0.0143359397
v  0.0130469501 -0.0596159622 0.0146099404
v  0.0128019797 -0.0596899949 0.0152009819
v  0.0129519403 -0.0594789945 0.0146299712
v  0.008846974 -0.0533839427 0.015035931
v  0.00863198005 -0.0530549847 0.015035931
v  0.00833598431 -0.0532459654 0.0158299915
v  0.00476894388 -0.0470709838 0.0147989523
v  0.00439796411 -0.0464869738 0.0147559717
v  0.00396994408 -0.0466769934 0.0156419333
v  0.000779999944 -0.0407009721 0.0141949728
v  -0.000288999989 -0.0400539637 0.0149869435
v  0.000258999964 -0.039850954 0.0140949637
v  -0.00309696095 -0.0342569947 0.013346985
v  -0.00194295507 -0.033500962 0.0109119546
v  -0.00312896911 -0.0252919719 0.00803794153
v  -0.00606294814 -0.0272159521 0.0109119546
v  -0.00373997586 -0.0331549644 0.0131829437
v  -0.0044009909 -0.0333759747 0.0140269548
v  -0.00680794613 -0.0277049523 0.0122899562
v  -0.00751694292 -0.0263849422 0.0120549947
v  -0.00829597563 -0.0266199727 0.0128039848
v  -0.0102479598 -0.0209739823 0.0110129863
v  -0.01018395 -0.0209319517 0.0109119564
v  -0.0104809599 -0.0204779524 0.0109119564
v  -0.0118239699 -0.0197349712 0.0113089774
v  -0.0143909603 -0.0166059714 0.0104069877
v  -0.01284899 -0.0201559626 0.0113429558
v  -0.0111349402 -0.0236429516 0.0122199766
v  -0.0147279697 -0.0126359416 0.00959296897
v  -0.0120039796 -0.0241400022 0.0117509458
v  -0.0119979596 -0.0241539422 0.0117549468
v  -0.0101769799 -0.0276129823 0.0126339961
v  -0.00928994268 -0.0270789824 0.0130209457
v  -0.00533499569 -0.0338389836 0.0143899452
v  -0.00823899359 -0.0310479924 0.0134389549
v  -0.00747599453 -0.0323509537 0.0137259439
v  -0.00624796096 -0.0343979523 0.0141559336
v  -0.00421198504 -0.0376839638 0.0147929955
v  -0.00113894802 -0.0404989719 0.0154609736
v  -0.0059169759 -0.0377529822 0.013856953
v  -0.00878699869 -0.037847992 0.0114549529
v  -0.00658997195 -0.0446389951 0.0116179734
v  -0.0038529858 -0.0444049835 0.014032973
v  -0.00204398483 -0.0410580039 0.0153779536
v  -0.000826978008 -0.042898953 0.0156649426
v  -5.99999912e-05 -0.044041995 0.0158289727
v  -0.000472000043 -0.0440849625 0.0156979635
v  -0.00171294098 -0.0510019623 0.0142029617
v  0.00150296697 -0.0505279824 0.0158769637
v  0.00350496778 -0.0569799542 0.0160289519
v  0.00239697704 -0.0476109944 0.016269993
v  0.0041929842 -0.0501169525 0.0164929722
v  0.00628898107 -0.0529679619 0.016625952
v  0.0078019863 -0.0535939932 0.0163899716
v  0.00324395904 -0.0470839739 0.0161899421
v  0.00852397736 -0.0558750033 0.0165849421
v  0.0101419454 -0.0568009652 0.0161739718
v  0.00710598193 -0.054049965 0.0166359618
v  0.00720295915 -0.0561649725 0.0167019404
v  0.00545696029 -0.0633459613 0.0161299799
v  0.00896099769 -0.0624119639 0.0168089308
v  0.00957599934 -0.0572039448 0.0164839718
v  0.0118880002 -0.0600459538 0.016040992
v  0.0122659504 -0.0615339838 0.0160629805
v  0.0121170003 -0.0603169724 0.0159779917
v  0.0125229703 -0.0599689446 0.0156509317
v  0.0129949804 -0.0613420047 0.0156969521
v  0.0147279799 -0.0632579923 0.0149359796
v  0.0138499504 -0.0679519698 0.016109949
v  0.0106559703 -0.0686789677 0.0168469585
v  0.0186029989 -0.0669179484 0.0117809791
v  0.0183599889 -0.0657609701 0.011774959
v  0.01535598 -0.0744249821 0.0160769876
v  0.0122579597 -0.0749679804 0.0167979673
v  0.00898394641 -0.0755689666 0.0161029771
v  0.00726995524 -0.0694639608 0.0161599591
v  0.00407097302 -0.0763799474 0.0119799376
v  0.00587097416 -0.082323961 0.0118669271
v  0.0105979796 -0.0817340016 0.0159549769
v  0.00754497014 -0.0882669613 0.0116859656
v  0.01208195 -0.0879159495 0.0157199558
v  0.0137409903 -0.0812679529 0.0166569371
v  0.00506899413 -0.0881909728 0.00607997878
v  0.00664094696 -0.0939739868 0.00598192774
v  0.00907496177 -0.0942179486 0.0114469547
v  0.00805894099 -0.0998119712 0.00585896289
v  0.00713894423 -0.0995469615 8.98382859e-06
v  0.0057239891 -0.0937729999 8.98481812e-06
v  0.0057359701 -0.0938169882 8.98475992e-06
v  0.00664595421 -0.09393996 -0.00596296135
v  0.00506899413 -0.0881539509 -0.0060610096
v  0.00806698762 -0.0997790024 -0.00583898416
v  0.00906494912 -0.0941739604 -0.0114399642
v  0.00753299007 -0.0882229805 -0.0116760042
v  0.0134079801 -0.0940679908 -0.0153989643
v  0.0104419952 -0.100164004 -0.0111539867
v  0.0120669901 -0.0878689811 -0.0157120135
v  0.0145990001 -0.100293003 -0.015017977
v  0.01507595 -0.0875479504 -0.0164089631
v  0.0162899792 -0.0939009711 -0.0160949752
v  0.0156289693 -0.106539004 -0.0145789869
v  0.0116399797 -0.106182002 -0.0108299814
v  0.0173569582 -0.100275002 -0.0157089774
v  0.02009896 -0.100311004 -0.0150849763
v  0.0182739794 -0.106668003 -0.0152599681
v  0.0191109497 -0.0937869474 -0.0154389646
v  0.0209469497 -0.106852002 -0.0146719683
v  0.0190379899 -0.113077 -0.0147569682
v  0.0164889991 -0.112801999 -0.0140899885
v  0.01263496 -0.112223998 -0.0104749762
v  0.0134029705 -0.118285999 -0.0100949984
v  0.0171689689 -0.11908 -0.0135559998
v  0.0139169404 -0.124360003 -0.0097010117
v  0.0110619999 -0.117509998 -0.00536399707
v  0.01152399 -0.123471998 -0.00518399198
v  0.01052198 -0.123044997 8.9800451e-06
v  0.0105239497 -0.123088002 8.97998689e-06
v  0.0116629899 -0.129446 -0.00500500109
v  0.0106209805 -0.128986999 8.97905556e-06
v  0.0115029505 -0.123501003 0.005204977
v  0.0110429805 -0.117539003 0.00538492389
v  0.0134059498 -0.118329003 0.0100979805
v  0.010293996 -0.111598998 0.00555694383
v  0.0126399705 -0.112267002 0.010477962
v  0.0100949761 -0.117164999 8.98097642e-06
v  0.0100909835 -0.117122002 8.98097642e-06
v  0.00936499797 -0.111270003 8.98196595e-06
v  0.0103089567 -0.111569002 -0.00553601515
v  0.00929997023 -0.105656996 -0.00569599308
v  0.0093589779 -0.111226 8.98196595e-06
v  0.00836298522 -0.105366997 8.98289727e-06
v  0.00837097224 -0.105411001 8.98289727e-06
v  0.00928798877 -0.105688997 0.00571597088
v  0.0116469599 -0.106225997 0.0108339824
v  0.0104499822 -0.100207999 0.0111599527
v  0.0146109797 -0.100341 0.0150209647
v  0.0134209702 -0.0941149518 0.0154049452
v  0.0150939496 -0.0875949785 0.0164249558
v  0.0163069684 -0.0939479992 0.0161109548
v  0.0173719786 -0.100322999 0.0157239437
v  0.0191209596 -0.0938360021 0.0154649653
v  0.0179949682 -0.0873299837 0.0157489758
v  0.0201069396 -0.100359 0.0151109733
v  0.0234869383 -0.0937959477 0.0114069544
v  0.0224239491 -0.0870519802 0.0115899462
v  0.0262049697 -0.0940209627 0.00599396881
v  0.0250769593 -0.0871149823 0.00605196506
v  0.024429949 -0.100551002 0.0111779533
v  0.0238599498 -0.0802579522 0.00608295994
v  0.0248429496 -0.0802889988 8.98697181e-06
v  0.0261069797 -0.0871669576 8.98586586e-06
v  0.0261169989 -0.0872199535 8.98586586e-06
v  0.0273009893 -0.0941439793 8.98470171e-06
v  0.0262129586 -0.0939759612 -0.0059819743
v  0.0250809491 -0.0870689675 -0.00603895495
v  0.0273099896 -0.0941969678 8.98470171e-06
v  0.0272259396 -0.100929998 0.00591093767
v  0.0283919889 -0.101125002 8.98359576e-06
v  0.0272379797 -0.100887999 -0.00590097345
v  0.0252519585 -0.107322 0.0109089632
v  0.0281379484 -0.107854001 0.00580692617
v  0.0283999797 -0.101177 8.98359576e-06
v  0.0293749887 -0.108116999 8.98243161e-06
v  0.0281529687 -0.107813001 -0.00579899084
v  0.0293819588 -0.108168997 8.98243161e-06
v  0.0289569795 -0.114757001 -0.00567900762
v  0.0252629798 -0.107280001 -0.0108969677
v  0.0259709693 -0.114070997 -0.0105959736
v  0.0265599787 -0.120878004 -0.010264989
v  0.0216559488 -0.113408998 -0.0142059885
v  0.0222259499 -0.119979002 -0.013693979
v  0.0200859588 -0.125927001 -0.0136110112
v  0.0196449496 -0.119498998 -0.0142040197
v  0.0226489585 -0.126552895 -0.0131440107
v  0.0270229895 -0.127698004 -0.00991296582
v  0.0229119994 -0.133131996 -0.0125749614
v  0.0203459598 -0.132358 -0.0129989907
v  0.0179269593 -0.131653994 -0.0124080107
v  0.0179579593 -0.137953907 -0.0118460022
v  0.0203989483 -0.138800994 -0.0123999622
v  0.0229919888 -0.139718994 -0.0120199919
v  0.0202089883 -0.145251006 -0.0118730031
v  0.0177139994 -0.144251004 -0.0113599841
v  0.0136599904 -0.142579004 -0.00865697861
v  0.0128809502 -0.148590997 -0.00849801488
v  0.0171519797 -0.150534004 -0.0110219643
v  0.00991795119 -0.147220001 -0.00465798471
v  0.0085449582 -0.153123006 -0.00469899364
v  0.0116939899 -0.154624 -0.00852799695
v  0.00675097713 -0.159016997 -0.0048620142
v  0.0100829965 -0.160634905 -0.00879097357
v  0.0162289497 -0.156812996 -0.0109069943
v  0.00456497725 -0.164757997 -0.00515497196
v  0.00807098113 -0.166510001 -0.00930202566
v  0.0149219902 -0.163053006 -0.0110719763
v  0.00833395682 -0.173653007 -0.0114750285
v  0.00567594822 -0.172233894 -0.0100479778
v  0.0132399499 -0.169190004 -0.0115379672
v  0.00356397592 -0.171131 -0.00807101093
v  0.0144239999 -0.176939994 -0.0126090087
v  0.0112069603 -0.175200894 -0.0122910179
v  0.0207209885 -0.165967003 -0.0112149678
v  0.0193759482 -0.172382995 -0.0116609987
v  0.017732 -0.178702995 -0.0123879891
v  0.0123069603 -0.182984993 -0.013566969
v  0.00886294805 -0.18107 -0.0132790189
v  0.0158279892 -0.184912995 -0.0133479889
v  0.0208449699 -0.180344 -0.0116310194
v  0.019162979 -0.186719999 -0.0125960112
v  0.0178589486 -0.187987 -0.0131290015
v  0.0153389899 -0.186379001 -0.0136010107
v  0.0152320005 -0.186312005 -0.0136140008
v  0.0125619499 -0.184633002 -0.0137860198
v  0.0177029688 -0.188220993 -0.0131130312
v  0.01508197 -0.186543003 -0.0135909915
v  0.0175479986 -0.188392907 -0.0129500106
v  0.020239979 -0.189881995 -0.0122079905
v  0.0186519884 -0.188499004 -0.0129000004
v  0.02040199 -0.189643994 -0.0122119803
v  0.020330999 -0.189761907 -0.0122299809
v  0.021529939 -0.190564007 -0.0115799904
v  0.02143595 -0.190684006 -0.0115619898
v  0.0213349797 -0.190779001 -0.011506021
v  0.0224599596 -0.191553995 -0.0107250307
v  0.0225679595 -0.191459998 -0.0107770041
v  0.0235009491 -0.192288905 -0.00979901291
v  0.0236139596 -0.192196995 -0.0098450277
v  0.0226649996 -0.191338003 -0.0107910112
v  0.0217689592 -0.190557003 -0.0114539899
v  0.0227329396 -0.191216007 -0.0107680038
v  0.0237129591 -0.192074001 -0.00985599495
v  0.0237789489 -0.191948995 -0.00983197428
v  0.0242739599 -0.192304999 -0.00929898955
v  0.0246579982 -0.192760006 -0.00878102519
v  0.0245569684 -0.192883 -0.00877399184
v  0.0247219484 -0.192632005 -0.00875700451
v  0.0251039583 -0.193296 -0.00802702643
v  0.0252059996 -0.193173006 -0.00803000666
v  0.0252689384 -0.193045005 -0.00800497271
v  0.0248329993 -0.189734906 -0.00898701698
v  0.0267789699 -0.190739006 -0.0062390063
v  0.0257679485 -0.193470001 -0.00720197847
v  0.0257039983 -0.193592995 -0.00723398663
v  0.0261329692 -0.193893 -0.00649101473
v  0.02559999 -0.193710998 -0.0072400067
v  0.0261939485 -0.193986997 -0.00635601068
v  0.02798298 -0.191348001 -0.00323099806
v  0.0260239597 -0.194195002 -0.00643498683
v  0.0264689587 -0.194755003 -0.00556100346
v  0.0263109487 -0.194881007 -0.00570298173
v  0.02608696 -0.194953993 -0.00575799681
v  0.0261789896 -0.195828006 -0.00537402416
v  0.0263549984 -0.195827007 -0.005271981
v  0.0258809589 -0.195079997 -0.00564802671
v  0.0259649493 -0.195951894 -0.00537599111
v  0.0259709693 -0.195809007 -0.00539899804
v  0.0260439795 -0.196805 -0.00529600214
v  0.0262029488 -0.196834996 -0.00518698525
v  0.0260459483 -0.196805 -0.00529498793
v  0.025582999 -0.198138997 -0.00532502914
v  0.0257749893 -0.198177904 -0.00528497528
v  0.0258529484 -0.196768001 -0.00533402897
v  0.0201039594 -0.193161994 -0.00533402851
v  0.0205029584 -0.192524999 -0.00537599018
v  0.0143549796 -0.189556003 -0.00533402758
v  0.0250099599 -0.200874999 -0.00530601572
v  0.0147539703 -0.188918993 -0.00537598971
v  0.00860497914 -0.185949996 -0.00533402711
v  0.00730595598 -0.197595999 -0.00525702024
v  0.00285599194 -0.182344005 -0.00533402665
v  0.00900498591 -0.185313001 -0.00537598925
v  -0.00441094488 -0.180908993 -0.0053150123
v  0.001526988 -0.193972006 -0.00525701977
v  -0.00597997801 -0.183045 -0.00529599981
v  -0.00518997805 -0.181981996 -0.00530499965
v  -0.00364597887 -0.179828003 -0.00532502634
v  -0.00457795803 -0.180788904 -0.00527102407
v  -0.0038119778 -0.179710999 -0.00528097851
v  -0.00305994693 -0.178624004 -0.00529200491
v  -0.00394996302 -0.179613993 -0.00515902741
v  -0.00261899084 -0.177996904 -0.00533402571
v  -0.00246199314 -0.178123996 -0.00537598785
v  -0.00306096021 -0.178623006 -0.00529200491
v  -0.00289299386 -0.178737894 -0.00533402618
v  -0.00319697801 -0.178529993 -0.0051729749
v  -0.00319697801 -0.178528994 -0.0051729749
v  -0.00328394119 -0.178469002 -0.00499600777
v  -0.00281294482 -0.177797005 -0.00504202303
v  -0.00515194982 -0.180437997 -0.00341600832
v  -0.00186999899 -0.175256997 -0.0031219786
v  -0.00403394597 -0.179554 -0.00497902138
v  0.00199798308 -0.170337006 -0.00557202706
v  -0.000934981043 -0.175733998 -0.00609100424
v  -0.00157698302 -0.176810995 -0.00620699581
v  -0.00218697684 -0.175097004 8.97154678e-06
v  0.000719999953 -0.169750005 8.97241989e-06
v  0.000738999923 -0.169712007 8.97241989e-06
v  0.00106299995 -0.169872001 -0.00286400877
v  -0.00169398694 -0.176838905 -0.00603300985
v  -0.00224795192 -0.177169994 -0.00537598785
v  -0.00274195615 -0.177882999 -0.00521797594
v  -0.00222899811 -0.177327007 -0.00551498588
v  -0.00214394182 -0.177499995 -0.00559598859
v  -0.0017289751 -0.177054003 -0.0061029857
v  -0.00167700008 -0.177276999 -0.00611502584
v  -0.00129898707 -0.177045003 -0.00678599486
v  -0.00123497203 -0.176809996 -0.00676602777
v  -0.000818990986 -0.176921993 -0.00746799167
v  -0.000897967024 -0.177162006 -0.0074619716
v  -0.00126095908 -0.177285001 -0.00674302084
v  -0.000866972026 -0.177404895 -0.00738698896
v  -0.000485000084 -0.177337006 -0.00810999237
v  -0.00046099996 -0.177579895 -0.00801998936
v  -5.10000391e-05 -0.177550003 -0.00873000175
v  -3.50000337e-05 -0.177789003 -0.00862801634
v  -3.40000261e-05 -0.177790001 -0.00862700399
v  -0.000395999989 -0.177094907 -0.00812602695
v  -5.00000315e-05 -0.177548006 -0.00873000175
v  4.19999706e-05 -0.177306995 -0.00875098258
v  0.000211999955 -0.177390903 -0.00897002965
v  0.000680999947 -0.176579997 -0.00884199701
v  0.00292495498 -0.177790895 -0.0109890085
v  0.00214097509 -0.178405002 -0.0108829793
v  0.00578097114 -0.179361895 -0.0124769788
v  0.00458798418 -0.179791003 -0.0123339891
v  0.00248995982 -0.178597003 -0.0111420192
v  0.00446394691 -0.180026993 -0.0123019796
v  0.00203094492 -0.178645 -0.0108540095
v  0.0044099451 -0.180237994 -0.0121470094
v  0.00707796821 -0.181577995 -0.0131880101
v  0.005353963 -0.180239007 -0.0126500204
v  0.0020109769 -0.178870007 -0.0107179955
v  0.00444099912 -0.180363998 -0.0119129997
v  0.00208596 -0.179021001 -0.0105130132
v  0.00699797925 -0.181776002 -0.01302398
v  0.00973895844 -0.183200002 -0.0136360005
v  0.00699398527 -0.181883007 -0.0127760191
v  0.00963900145 -0.183388993 -0.0134689789
v  0.00404695282 -0.180444002 -0.00847298652
v  0.00960794743 -0.183480993 -0.0132160205
v  0.0122479498 -0.185126007 -0.01333398
v  0.0155459996 -0.187656894 -0.00847298838
v  0.00979695283 -0.184051007 -0.00847298652
v  0.0123009998 -0.185046002 -0.0135909896
v  0.0148739498 -0.186789006 -0.0131660104
v  0.0174459498 -0.188446894 -0.0126929898
v  0.0149490004 -0.186719999 -0.0134239811
v  0.0124169905 -0.184863999 -0.0137580093
v  0.0118499696 -0.184189007 -0.0137829799
v  0.00987795647 -0.182969004 -0.0136669893
v  0.00842497312 -0.182079002 -0.0134699997
v  0.00721094618 -0.181345001 -0.0132200196
v  0.0212949794 -0.191263005 -0.00847298838
v  0.01991597 -0.190081 -0.0118039902
v  0.0199739598 -0.190081999 -0.0119310115
v  0.0200559795 -0.190046996 -0.0120540299
v  0.0231699683 -0.192340001 -0.00951100327
v  0.0240789987 -0.193009004 -0.00847298838
v  0.0212609489 -0.191317007 -0.007722029
v  0.0210729595 -0.190865904 -0.0111759901
v  0.0221629497 -0.191623002 -0.0104130004
v  0.0155119598 -0.187711 -0.00772202853
v  0.0212099887 -0.191397995 -0.00697500398
v  0.0246069692 -0.193412006 -0.00775499083
v  0.0246289689 -0.193430007 -0.00772202946
v  0.0211049598 -0.191566005 -0.00624997308
v  0.02511397 -0.193846002 -0.00697500445
v  0.0154609997 -0.187792003 -0.00697500352
v  0.0250899494 -0.193823904 -0.00701297261
v  0.0252029598 -0.193854004 -0.0070949886
v  0.0253419597 -0.193846002 -0.00716901757
v  0.0247149784 -0.193444997 -0.00784499384
v  0.0248499792 -0.193436995 -0.00793100335
v  0.0257699788 -0.194315001 -0.00641400553
v  0.0249819495 -0.193385005 -0.00799299218
v  0.025475949 -0.193797007 -0.00721801259
v  0.0255139787 -0.194308907 -0.00629902864
v  0.0255419891 -0.194349006 -0.00624997355
v  0.0208719689 -0.191937998 -0.00564897899
v  0.02584395 -0.194959894 -0.00571597554
v  0.0151229799 -0.188332006 -0.00564897852
v  0.01535598 -0.187959999 -0.00624997262
v  0.00960598048 -0.184354007 -0.00624997169
v  0.00971195754 -0.184185997 -0.00697500259
v  0.00937298499 -0.184725001 -0.00564897805
v  0.00385699281 -0.180748001 -0.00624997122
v  0.00396195613 -0.180580005 -0.00697500212
v  -0.000915967044 -0.177520007 -0.00697500166
v  0.00401297817 -0.180499002 -0.00772202713
v  -0.000439000025 -0.177706003 -0.00772202667
v  8.6999964e-05 -0.177959993 -0.00847298652
v  -0.000732981018 -0.177581996 -0.00726301083
v  -0.000331999967 -0.177755997 -0.00788397342
v  0.0097619649 -0.184104994 -0.0077220276
v  -0.001127981 -0.177468002 -0.00664801104
v  -0.00140597706 -0.177445993 -0.00624997076
v  -0.0019509421 -0.177623004 -0.00564897666
v  0.00362399779 -0.181118995 -0.00564897712
v  -0.00154795509 -0.177460998 -0.00606597075
v  -0.00245996611 -0.178121999 -0.00537700066
v  0.0032549859 -0.181706995 -0.00537598878
v  -0.00200697081 -0.177661002 -0.0056049889
v  0.0244379994 -0.192974001 -0.00873399712
v  0.0243099593 -0.193028003 -0.00866497494
v  0.0241809785 -0.193039 -0.00857097842
v  0.0233809687 -0.192347005 -0.00972200371
v  0.0232629497 -0.192364007 -0.00961799361
v  0.0222439487 -0.191639006 -0.010528991
v  0.0223499797 -0.191615 -0.0106409881
v  0.0212349594 -0.190844998 -0.0114160199
v  0.0201459788 -0.189978004 -0.0121470112
v  0.0211419798 -0.190874904 -0.0112980008
v  0.00328597985 -0.164186001 8.97329301e-06
v  0.0033019539 -0.164147004 8.97335121e-06
v  0.00457594404 -0.164812997 0.00516592897
v  0.00106199994 -0.169919997 0.00288092438
v  0.00202194392 -0.170399994 0.00557892816
v  0.00359097682 -0.171195999 0.00808595866
v  0.00806895457 -0.166556001 0.00934993289
v  0.00675198995 -0.159066007 0.00487595284
v  0.010080969 -0.160679907 0.00882791914
v  0.0149179399 -0.163096994 0.0111059435
v  0.00832096301 -0.173693001 0.0115599521
v  0.0132339904 -0.169233993 0.0115839113
v  0.00567499408 -0.172280997 0.0101079214
v  0.000721999968 -0.176653996 0.00885396451
v  0.0029259678 -0.177838996 0.0110629704
v  0.0021829959 -0.178426996 0.0109539516
v  0.0057649971 -0.179400995 0.0125849117
v  0.00462899217 -0.179804996 0.0124509204
v  0.00251195394 -0.178607002 0.0112109613
v  0.00450495491 -0.180041 0.0124189109
v  0.00536099728 -0.180233002 0.0127519201
v  0.00727394829 -0.181373 0.0133179296
v  0.00713995704 -0.181606993 0.0132869408
v  0.0084349867 -0.182078004 0.0135369208
v  0.00885299407 -0.181113005 0.0133509506
v  0.0111989705 -0.175243005 0.0123489406
v  0.0144189904 -0.176984996 0.0126319416
v  0.0123009998 -0.183029994 0.0135909207
v  0.00994995795 -0.183008999 0.013713941
v  0.00980899297 -0.183239907 0.0136839598
v  0.0118589699 -0.184193999 0.0138009693
v  0.0126429498 -0.184683993 0.0137949511
v  0.0124979904 -0.184913903 0.0137669295
v  0.0153209902 -0.186370999 0.0135849584
v  0.0151690003 -0.186601907 0.0135619491
v  0.0158229787 -0.184958905 0.0133359302
v  0.0177269895 -0.178747997 0.0123849418
v  0.0191679895 -0.186773002 0.012576919
v  0.0208479483 -0.180393904 0.0116229504
v  0.0179529488 -0.188052997 0.0130719393
v  0.0153469797 -0.186388001 0.0135809593
v  0.0177969597 -0.188287005 0.013056919
v  0.0186679699 -0.188514993 0.0128709488
v  0.0205109399 -0.189719006 0.0121819191
v  0.0204399489 -0.189836994 0.0121989101
v  0.0203499496 -0.189956993 0.0121759586
v  0.0217219889 -0.190523997 0.0115549397
v  0.0216519497 -0.190643996 0.0115749091
v  0.0218209885 -0.190589994 0.0114959292
v  0.0228039883 -0.191427007 0.0108059496
v  0.0215579588 -0.190763995 0.0115559585
v  0.0227069594 -0.191548005 0.0107909292
v  0.0226009786 -0.191642895 0.0107389577
v  0.0214589592 -0.190860003 0.0114989094
v  0.0213609692 -0.190926 0.0114079602
v  0.0202579796 -0.190053895 0.012114929
v  0.0224919599 -0.191705003 0.0106539577
v  0.0201689899 -0.190123007 0.0120209288
v  0.0223879497 -0.191729993 0.0105399378
v  0.0212689992 -0.190956995 0.011287909
v  0.0212019999 -0.190950006 0.0111649502
v  0.020088939 -0.190158993 0.0118969493
v  0.0223089792 -0.191715002 0.0104229283
v  0.0213429593 -0.191293001 0.00849192403
v  0.0200319588 -0.190158993 0.0117709488
v  0.0175389983 -0.188512996 0.0126369502
v  0.0155959399 -0.187687904 0.00849192403
v  0.0149579998 -0.186846003 0.0131379198
v  0.0150339901 -0.186779007 0.0133959502
v  0.0176419895 -0.188458994 0.0128939599
v  0.0123799797 -0.185095996 0.0135989711
v  0.0096729761 -0.183519006 0.0132629108
v  0.0123239504 -0.185175002 0.0133429598
v  0.00970694982 -0.183429003 0.0135169495
v  0.00704798708 -0.181909993 0.0128729194
v  0.0070559741 -0.181805 0.0131229609
v  0.00448296126 -0.180381 0.0120299309
v  0.0044509531 -0.180252999 0.0122649502
v  0.00213799486 -0.179047003 0.0105909612
v  0.00205794582 -0.178893998 0.0107929613
v  0.00410095509 -0.180478007 0.0084919259
v  4.19999706e-05 -0.177837998 0.00864391774
v  0.000163999968 -0.178009003 0.0084919259
v  0.00406697998 -0.180531994 0.00774096651
v  -0.000356000033 -0.177759007 0.00774096744
v  -0.000254000013 -0.177805007 0.0078939721
v  -0.000384000014 -0.177632004 0.00803195685
v  -0.000787995989 -0.177457005 0.00739996927
v  -0.000409000029 -0.177390903 0.00812291354
v  -0.000653945026 -0.177633002 0.00727992551
v  -0.000819944078 -0.177215904 0.00747292535
v  -0.000836991007 -0.177569002 0.00699394243
v  -0.00118496304 -0.177329004 0.00675594015
v  -0.00105597905 -0.177515 0.00666093128
v  -0.00122197799 -0.177089006 0.00679992931
v  -0.001333975 -0.177490994 0.0062689702
v  -0.00160797697 -0.177322 0.00613396615
v  -0.00148095994 -0.177505001 0.00608294411
v  -0.00165995292 -0.177102 0.0061239521
v  -0.00189098006 -0.177661002 0.00566696422
v  -0.00208100025 -0.177536994 0.00561492937
v  0.00367800007 -0.181152895 0.00566696376
v  0.00330898818 -0.181740895 0.00539492723
v  -0.00194599514 -0.177696005 0.0056239292
v  -0.00240298407 -0.178158 0.00539594097
v  0.00290999375 -0.182376996 0.00535296509
v  0.00865695532 -0.185982004 0.00535296462
v  0.0090569621 -0.185346007 0.00539492676
v  0.00942496117 -0.184757993 0.00566696282
v  0.01517299 -0.188363001 0.00566696236
v  0.0154059799 -0.187990993 0.00626896834
v  0.0096579548 -0.184386 0.00626896881
v  0.0148039805 -0.188951001 0.00539492629
v  0.0211529396 -0.191596001 0.00626896787
v  0.0209199488 -0.191967994 0.00566696189
v  0.0144049805 -0.189586893 0.00535296416
v  0.0201519392 -0.193192005 0.00535296323
v  0.0205509998 -0.192554995 0.00539492583
v  0.0260129888 -0.195981994 0.00539593771
v  0.0259409901 -0.195116907 0.00566594722
v  0.0258999784 -0.196796998 0.00535296276
v  0.0260939896 -0.196833998 0.00531290891
v  0.0260179993 -0.195851997 0.00541596487
v  0.0262309592 -0.195870906 0.00538991811
v  0.0262549799 -0.196865007 0.00519894483
v  0.0264079887 -0.195870906 0.00528191496
v  0.026379969 -0.194933996 0.00570492959
v  0.0261559784 -0.195004895 0.00576596428
v  0.0260959584 -0.196834996 0.00531094195
v  0.0258249994 -0.198207006 0.00530194212
v  0.0256289598 -0.198167995 0.00534295011
v  0.0253469683 -0.199536994 0.0053329356
v  0.0255449694 -0.199579 0.00529091433
v  0.0259879492 -0.198239997 0.00518493773
v  0.0260919593 -0.198259994 0.00501095178
v  0.0261639692 -0.197898 0.00501494482
v  0.0262569487 -0.196865007 0.00519793201
v  0.0257089492 -0.199612007 0.00517194346
v  0.02657995 -0.198111996 0.00353794172
v  0.025812 -0.199633002 0.00499491766
v  0.0255209487 -0.201003999 0.00497995643
v  0.0254179593 -0.200983003 0.00515894964
v  0.02494899 -0.202314004 0.00526993303
v  0.02511397 -0.202350006 0.00514690904
v  0.0252529699 -0.200947002 0.00528096035
v  0.0246319491 -0.203676 0.00525991898
v  0.0247969888 -0.203714997 0.00513391476
v  0.0252159592 -0.202372 0.00496493606
v  0.024944989 -0.204771906 0.00382994348
v  0.0248979591 -0.203737006 0.00494991615
v  0.0246819593 -0.204630002 0.00493996171
v  0.0245649498 -0.205099002 0.00493495446
v  0.0244659483 -0.205075994 0.00512092048
v  0.0242999494 -0.205035001 0.00524895173
v  0.0241179783 -0.206432894 0.00510894042
v  0.0239519794 -0.206389993 0.0052379244
v  0.0242169797 -0.206458002 0.00491993455
v  0.023753969 -0.207787007 0.00509594614
v  0.0237519499 -0.207785994 0.00509791309
v  0.0234579798 -0.208849996 0.00506495219
v  0.0235619899 -0.208863005 0.00486891204
v  0.0238509495 -0.207811996 0.00490491325
v  0.0231579896 -0.210795 0.0040979255
v  0.0253459495 -0.204984993 8.96665733e-06
v  0.0230129696 -0.210803002 0.0043999427
v  0.0229959786 -0.211381003 0.00351695856
v  0.0231689494 -0.210666001 0.00423793681
v  0.0231689494 -0.211165994 0.00344096264
v  0.0233309586 -0.211476997 0.00136695965
v  0.0232469793 -0.211399004 0.00245694956
v  0.0233129598 -0.209850997 0.00469695311
v  0.0232129991 -0.211667001 0.00136791356
v  0.0230729897 -0.211638004 0.00246791751
v  0.0227909982 -0.211740002 0.00245391065
v  0.022876 -0.211814895 0.00135295256
v  0.0227229893 -0.211475998 0.00353990681
v  0.0230249483 -0.211787 0.00136093958
v  0.0231579896 -0.211714998 0.00136594661
v  0.022845 -0.211839005 8.96555139e-06
v  0.02306596 -0.211813003 8.96555139e-06
v  0.0230239891 -0.211787 -0.00134303444
v  0.0230249483 -0.211787 -0.00134303444
v  0.0231579896 -0.211715907 -0.00134803448
v  0.0232549589 -0.211693004 8.96555139e-06
v  0.0232129991 -0.211667001 -0.00135003438
v  0.0233729798 -0.211503997 8.9656096e-06
v  0.0232429784 -0.211393997 -0.00243301457
v  0.0233309586 -0.211476997 -0.00135003438
v  0.0230689999 -0.211630002 -0.00245101424
v  0.0227069594 -0.211468905 -0.00352598447
v  0.0229799487 -0.211374 -0.00350703043
v  0.0229359586 -0.211701006 -0.00244898838
v  0.0231529791 -0.211158007 -0.00343401451
v  0.0231309794 -0.210807994 -0.00405700225
v  0.0253579896 -0.204937905 8.96665733e-06
v  0.0231399797 -0.210648999 -0.00423098821
v  0.023271 -0.209834903 -0.00469101593
v  0.0229819696 -0.210786 -0.00438798591
v  0.0235169791 -0.208836004 -0.0048660161
v  0.0238069594 -0.207781002 -0.00490100402
v  0.0249409992 -0.204715997 -0.00379003235
v  0.0269929487 -0.198323995 8.96776328e-06
v  0.0270029586 -0.198276907 8.96776328e-06
v  0.0265779793 -0.198057994 -0.00350202131
v  0.0284029599 -0.191607997 8.96886922e-06
v  0.0284119584 -0.191560999 8.96886922e-06
v  0.0279839896 -0.191400006 0.00326394103
v  0.0268289801 -0.190821007 0.0063009169
v  0.0291859787 -0.184648007 0.00302194711
v  0.0262049697 -0.193909004 0.00655393722
v  0.02960697 -0.184853002 8.96997517e-06
v  0.0262899697 -0.194043905 0.00635193754
v  0.0265349485 -0.194809005 0.0055609243
v  0.0265319683 -0.195850998 0.00510596205
v  0.0296149589 -0.184807003 8.96997517e-06
v  0.0290509798 -0.177310005 0.00540994806
v  0.0250259992 -0.175313994 0.00955694169
v  0.0298479497 -0.170503005 0.00513195293
v  0.0313899815 -0.171240002 8.97218706e-06
v  0.0261969883 -0.183164001 0.00833593868
v  0.0280409791 -0.184086993 0.00580691407
v  0.0306049883 -0.178058997 8.97108112e-06
v  0.0306119584 -0.178012997 8.97108112e-06
v  0.0290299989 -0.177247003 -0.00537098059
v  0.0291859787 -0.184597999 -0.00299299508
v  0.0280059893 -0.184015006 -0.00575698167
v  0.0298379995 -0.170448005 -0.00510097109
v  0.0313939787 -0.171194002 8.97218706e-06
v  0.0250109695 -0.175255999 -0.00952601992
v  0.0261419695 -0.183080003 -0.00826401263
v  0.0319559909 -0.164426997 8.97329301e-06
v  0.0304229595 -0.163699999 0.00497793639
v  0.0319589712 -0.164380997 8.97329301e-06
v  0.0267549492 -0.161945894 0.00882392749
v  0.0307789799 -0.156781003 0.00493794261
v  0.0323039629 -0.157486007 8.97439895e-06
v  0.0260189492 -0.168641999 0.00907092541
v  0.0304219387 -0.163652003 -0.00495499745
v  0.0323049724 -0.157438904 8.97439895e-06
v  0.030785 -0.156736001 -0.00492102234
v  0.0324349701 -0.150398999 8.97556311e-06
v  0.030932989 -0.149692997 -0.00497800298
v  0.0272439383 -0.155109003 -0.00878298469
v  0.0267559588 -0.161898002 -0.00880396739
v  0.0309219696 -0.149734005 0.00498991879
v  0.0324359797 -0.150350004 8.97556311e-06
v  0.0323509909 -0.143327996 8.97672726e-06
v  0.0308549684 -0.142710999 0.00510197692
v  0.0308699887 -0.142672002 -0.00509297941
v  0.0323499814 -0.143279001 8.97672726e-06
v  0.0275029894 -0.141403005 0.00922792591
v  0.0306009986 -0.13572 0.00524693727
v  0.0320679918 -0.136283904 8.97789141e-06
v  0.0274809897 -0.148268893 0.00895392522
v  0.032064952 -0.136234 8.97789141e-06
v  0.0306179784 -0.135682002 -0.00523996307
v  0.0316099785 -0.129237995 8.97899736e-06
v  0.0302029587 -0.128693894 -0.005393981
v  0.0273489691 -0.134526998 -0.00955498219
v  0.0275149699 -0.141362995 -0.00921601057
v  0.0301839393 -0.128731996 0.00539994286
v  0.0316059887 -0.129187003 8.97899736e-06
v  0.0309989788 -0.122199997 8.98016151e-06
v  0.0309939682 -0.122148 8.98016151e-06
v  0.0296249688 -0.121756002 0.00554895494
v  0.0296429694 -0.121716999 -0.00554299075
v  0.0302510001 -0.115176998 8.98132566e-06
v  0.0289399885 -0.114795998 0.00568592828
v  0.03024498 -0.115125 8.98132566e-06
v  0.0259579699 -0.114111997 0.0106069408
v  0.0265459698 -0.120918997 0.01027596
v  0.0216609593 -0.113456003 0.0142339412
v  0.0222289898 -0.120025001 0.0137209296
v  0.019655969 -0.119547002 0.0142189208
v  0.0200949591 -0.125973895 0.0136259794
v  0.0226509888 -0.126599997 0.0131709501
v  0.0176619589 -0.125411004 0.0129879694
v  0.0179319698 -0.131699994 0.0124089681
v  0.0203529894 -0.132404998 0.0130139589
v  0.0179619491 -0.137998894 0.011849938
v  0.0229129493 -0.133176997 0.0126009583
v  0.0204049684 -0.138846904 0.0124149285
v  0.02021298 -0.145297006 0.0118879564
v  0.0229919888 -0.139763996 0.0120439474
v  0.0177159589 -0.144296005 0.0113689266
v  0.0136579601 -0.142620996 0.00866997056
v  0.0128789898 -0.148633003 0.00851696543
v  0.0171519797 -0.150578007 0.0110379364
v  0.0108559402 -0.141385004 0.00473391823
v  0.00990495738 -0.147256002 0.00467496784
v  0.0140719702 -0.136565 0.00895392708
v  0.01143 -0.135453001 0.00486093713
v  0.0141509501 -0.130482003 0.00931393914
v  0.00972495135 -0.140870005 8.97713471e-06
v  0.0103559848 -0.134973004 8.97806603e-06
v  0.0116419503 -0.129475996 0.00502497004
v  0.00973097142 -0.140829995 8.97713471e-06
v  0.0139189698 -0.124402002 0.00970393047
v  0.010358965 -0.134931996 8.97806603e-06
v  0.0106209805 -0.129029006 8.97905556e-06
v  0.0114499601 -0.135422006 -0.00484097004
v  0.0141500002 -0.130439907 -0.00930899195
v  0.01407299 -0.136522993 -0.00894600153
v  0.0108729899 -0.141351894 -0.00471496582
v  0.0176549889 -0.125365004 -0.0129889809
v  0.00872794446 -0.146663994 8.97614518e-06
v  0.00871995743 -0.146703005 8.97614518e-06
v  0.0073169833 -0.152542993 8.97521386e-06
v  0.00730595598 -0.152583003 8.97521386e-06
v  0.00853798445 -0.153165907 0.0047149621
v  0.00549796829 -0.158421904 8.97428254e-06
v  0.0054839612 -0.158461004 8.97422433e-06
v  0.01169095 -0.154668003 0.00855594501
v  0.016226979 -0.156856999 0.0109309442
v  0.0197329801 -0.151743993 0.0115079246
v  0.0217399895 -0.159528002 0.0110819247
v  0.02244398 -0.152972907 0.0112119243
v  0.0272379797 -0.155154005 0.00879996642
v  0.0228499491 -0.146366999 0.0115569755
v  0.0207169987 -0.166012004 0.0112249125
v  0.0193709396 -0.172428995 0.0116649121
v  0.0171769597 -0.119126998 0.0135549307
v  0.0164979994 -0.1128489 0.0140889306
v  0.0190499686 -0.113124996 0.014771942
v  0.0209539793 -0.106899999 0.0146989822
v  0.0182879884 -0.106716 0.0152759533
v  0.0156399887 -0.106586002 0.0145799518
v  0.0273349583 -0.134565994 0.00956594758
v  0.0270089786 -0.127737895 0.00992392935
v  0.0274909493 -0.148227006 -0.00893998332
v  0.0228509586 -0.146320894 -0.011536004
v  0.0224459488 -0.152927905 -0.0111929756
v  0.0197309591 -0.151697904 -0.0114909951
v  0.0217439793 -0.159483001 -0.0110669769
v  0.0260129888 -0.168589994 -0.00904501043
v  0.0237649996 -0.181863993 -0.0102340057
v  0.0223009884 -0.188401893 -0.0111290198
v  0.0216009896 -0.190443903 -0.0115600303
v  0.0249109585 -0.189833894 0.0090779569
v  0.0223369896 -0.188473895 0.0111729391
v  0.0228729583 -0.191303998 0.0107829385
v  0.0239349883 -0.192044005 0.00985590927
v  0.0243729688 -0.192357004 0.00939093903
v  0.0248819888 -0.192728907 0.0087699201
v  0.0254119895 -0.193131 0.00801591948
v  0.0237889588 -0.181927994 0.0102709401
v  0.0248189885 -0.192857996 0.00879495405
v  0.0253489893 -0.193259999 0.00804196671
v  0.0247179586 -0.192982003 0.00878893398
v  0.0252469499 -0.193382993 0.00803994201
v  0.0238689482 -0.192169994 0.00988094881
v  0.0257199686 -0.193786994 0.00724892737
v  0.0255959891 -0.193872005 0.00722794747
v  0.0251239892 -0.193472996 0.00800692104
v  0.0259969495 -0.194330007 0.00644194055
v  0.0258619487 -0.194376007 0.00642095925
v  0.0254589599 -0.193921 0.00718091941
v  0.0252249595 -0.193915993 0.00699393963
v  0.0253179986 -0.193927005 0.00711094355
v  0.0249899887 -0.193524003 0.0079469569
v  0.0248539783 -0.193531007 0.00786291622
v  0.02446899 -0.193127006 0.00868194178
v  0.0245979689 -0.193073004 0.00874995068
v  0.0236569997 -0.192386001 0.00982395746
v  0.0235369485 -0.192443997 0.00974695757
v  0.0243389886 -0.193137005 0.00858895853
v  0.0242349785 -0.193105906 0.00849192403
v  0.0247429889 -0.193497002 0.00777392508
v  0.0234199483 -0.192460999 0.0096419286
v  0.0233279783 -0.192438006 0.00953392871
v  0.024766 -0.193515003 0.00774096465
v  0.0213089883 -0.191347003 0.00774096558
v  0.01556197 -0.187741905 0.00774096558
v  0.0155109502 -0.187822893 0.00699394057
v  0.0212579686 -0.191428006 0.00699394057
v  0.00976297911 -0.184219003 0.0069939415
v  0.00401595794 -0.180613905 0.0069939415
v  0.00391099509 -0.180781007 0.00626896974
v  0.00981399976 -0.184137002 0.00774096651
v  0.00984797534 -0.184083 0.0084919259
v  0.0252019484 -0.193893999 0.00703393342
v  0.0237699486 -0.192293003 0.00986991823
v  0.0256019495 -0.194368005 0.00630794931
v  0.0256229993 -0.194399998 0.00626896741
v  0.0259089787 -0.195004895 0.00573091628
v  0.0261189695 -0.194253996 0.0064369333
v  0.0258229692 -0.193667993 0.00724094035
v  0.0258849598 -0.193544 0.00720994594
v  0.0263619684 -0.196884006 0.00502591301
v  0.0261229593 -0.197822005 -0.00500900531
v  0.0263109487 -0.196854994 -0.00501901889
v  0.0260419585 -0.198229998 -0.00500399806
v  0.0264799893 -0.195806995 -0.0051030023
v  0.0257629491 -0.199603006 -0.00498897862
v  0.0254719593 -0.200974002 -0.00497401739
v  0.02516797 -0.202342004 -0.00496001123
v  0.0262049697 -0.196834996 -0.00518501829
v  0.0259369891 -0.198209003 -0.00517297816
v  0.0254959799 -0.199549004 -0.00527502177
v  0.0256579798 -0.199581996 -0.00515998434
v  0.0252049901 -0.200917006 -0.00526500773
v  0.0253679492 -0.200951904 -0.00514800334
v  0.0250649787 -0.202319995 -0.00513501
v  0.02490196 -0.202282995 -0.00525398087
v  0.0245849788 -0.203645006 -0.00524402689
v  0.0247489493 -0.203683004 -0.00512302993
v  0.0248509999 -0.203706995 -0.00494499085
v  0.02464596 -0.204555005 -0.00493599148
v  0.0244179685 -0.205044001 -0.00511099026
v  0.0242539998 -0.205004007 -0.00523401471
v  0.0245189983 -0.205068007 -0.00493003055
v  0.0240709484 -0.206401005 -0.00509900926
v  0.0239069797 -0.206358999 -0.00522298738
v  0.0241709687 -0.206426993 -0.00491602346
v  0.0237069391 -0.207754999 -0.00508601591
v  0.0237059891 -0.207754001 -0.00508798286
v  0.0234119594 -0.208821997 -0.0050559761
v  0.0235439893 -0.207710996 -0.00521202106
v  0.0232429784 -0.208785996 -0.00518102571
v  0.023146959 -0.209867001 -0.00488598272
v  0.0229539592 -0.209861904 -0.0050079939
v  0.0227289498 -0.209821001 -0.00503702089
v  0.02302799 -0.208759993 -0.00522000808
v  0.0227409899 -0.210843995 -0.00447000237
v  0.0177019592 -0.206699997 -0.00502802059
v  0.0182779692 -0.205780998 -0.00522400066
v  0.0230359696 -0.208735004 -0.00522203417
v  0.0233429987 -0.207654998 -0.0052570221
v  0.0235429686 -0.207709998 -0.00521303387
v  0.0237079598 -0.206306905 -0.00526697561
v  0.0188639499 -0.204845995 -0.00525702164
v  0.02470598 -0.202239007 -0.00529600307
v  0.0130849797 -0.201221004 -0.0052570207
v  0.0243879892 -0.203599006 -0.00528598903
v  0.0240549799 -0.204954997 -0.00527698966
v  0.0124989497 -0.202156007 -0.0052240002
v  0.00671998318 -0.198532 -0.00522399927
v  0.0119219702 -0.203075007 -0.00502802012
v  0.0172039587 -0.207493007 -0.00446201488
v  0.0114249904 -0.203868002 -0.00446201395
v  0.00614295015 -0.199450001 -0.00502801966
v  0.00564596709 -0.200242907 -0.00446201349
v  0.000363999978 -0.195825905 -0.00502801919
v  0.00093999994 -0.194906995 -0.0052239988
v  -0.00425197976 -0.190347001 -0.00525701931
v  -0.00483896583 -0.191282004 -0.00522399833
v  -0.00541498605 -0.192201003 -0.00502801826
v  -0.00995995011 -0.188069001 -0.00522399787
v  -0.00925096218 -0.187211007 -0.00525701838
v  -0.00995094981 -0.188058004 -0.00522501068
v  -0.00759496633 -0.185144007 -0.00527597219
v  -0.00776197761 -0.185012907 -0.00522900419
v  -0.00941797346 -0.187074006 -0.00520897703
v  -0.00941898674 -0.187074006 -0.00520802336
v  -0.0101149902 -0.187913001 -0.00517702987
v  -0.0102409897 -0.187792003 -0.0050399988
v  -0.00955094956 -0.186964005 -0.0050730193
v  -0.00789596885 -0.184904903 -0.00509602623
v  -0.00628294796 -0.182815 -0.00512099965
v  -0.00955196004 -0.186964005 -0.00507099228
v  -0.00852098409 -0.185534 -0.00489199907
v  -0.00797399227 -0.184843004 -0.00490201311
v  -0.00636299793 -0.182752997 -0.00493199378
v  -0.00874795765 -0.185409993 -0.00373000721
v  -0.00905098766 -0.185246006 8.96991696e-06
v  -0.00548496097 -0.180311993 8.97067366e-06
v  -0.00546094077 -0.180277005 8.97067366e-06
v  -0.0116729895 -0.189087003 -0.00397498254
v  -0.00962693989 -0.186901003 -0.00487298518
v  -0.0103069702 -0.187716007 -0.00483799772
v  -0.01047095 -0.187905997 -0.00481302384
v  -0.0104109803 -0.187987998 -0.00501597766
v  -0.0106369397 -0.188093007 -0.00477797678
v  -0.0109689403 -0.188452005 -0.00466097239
v  -0.0115349498 -0.188981995 -0.00418997649
v  -0.0102889696 -0.188115999 -0.00515199546
v  -0.0104539599 -0.188036993 -0.00500900391
v  -0.0103329597 -0.188166007 -0.00514597585
v  -0.0104969898 -0.188087001 -0.00500000361
v  -0.01055397 -0.187999994 -0.00479698973
v  -0.0105839595 -0.188183993 -0.00498098973
v  -0.0109379496 -0.188569993 -0.00486297254
v  -0.0104660001 -0.188319996 -0.00511700753
v  -0.0103769498 -0.188216999 -0.00513697462
v  -0.0101929503 -0.188344002 -0.00518400269
v  -0.0103559699 -0.188191995 -0.00513798883
v  -0.0102149397 -0.188369006 -0.00518298987
v  -0.0101699401 -0.188317001 -0.00519300392
v  -0.01012595 -0.188264996 -0.00519902352
v  -0.0106799798 -0.188901007 -0.00503499154
v  -0.0113349697 -0.189591005 -0.00446099881
v  -0.00591196911 -0.192993894 -0.00446201209
v  -0.0115109896 -0.189409003 -0.00443298463
v  -0.0106749702 -0.188895002 -0.00503701763
v  -0.0103049502 -0.188473895 -0.00516200857
v  -0.0113529703 -0.189607993 -0.00443602493
v  -0.01177694 -0.189945906 -0.00350702694
v  -0.0120109497 -0.189475998 -0.0034560049
v  -0.0115769701 -0.189180002 -0.00434298161
v  -0.0119639803 -0.189746007 -0.00348199299
v  -0.0108329803 -0.188728005 -0.00499702385
v  -0.0117909499 -0.189953998 -0.00345797185
v  -0.011992 -0.190016001 -0.00241799001
v  -0.0121789798 -0.189808995 -0.00241000298
v  -0.0119959898 -0.190016001 -0.00238502887
v  -0.0122659998 -0.189784005 -0.00132903084
v  -0.0122669498 -0.189781994 -0.00132903084
v  -0.0122229597 -0.189530998 -0.00241697673
v  -0.0123110004 -0.189504996 -0.0013390308
v  -0.0123110004 -0.189505905 -0.0013390308
v  -0.0122289797 -0.189232007 8.96921847e-06
v  -0.0123399701 -0.189487904 8.96921847e-06
v  -0.00907798856 -0.185279995 8.96985875e-06
v  -0.0121869603 -0.189257994 0.00136595033
v  -0.0122009702 -0.189248994 -0.00134203082
v  -0.0122979498 -0.189513996 0.00136291003
v  -0.0121149598 -0.189276904 -0.00240398291
v  -0.0119149899 -0.189229995 -0.00338900974
v  -0.01219799 -0.189548999 0.00243895315
v  -0.0120889703 -0.189292997 0.00242595933
v  -0.0116319796 -0.189124003 0.00398694538
v  -0.0118769603 -0.189254895 0.00341092609
v  -0.0119709596 -0.189502999 0.0034769685
v  -0.0119239902 -0.189771995 0.00349896215
v  -0.0121529903 -0.189825997 0.00242995215
v  -0.0114580002 -0.189444005 0.00444596028
v  -0.0115239797 -0.189216003 0.0043619182
v  -0.0114839897 -0.189016894 0.00421296619
v  -0.0108769704 -0.188611999 0.00488095544
v  -0.0107729603 -0.188769907 0.00500892615
v  -0.0100529995 -0.187957004 0.00519292615
v  -0.0101769799 -0.187837005 0.00506096147
v  -0.0109089799 -0.188492998 0.0046849153
v  -0.00935598463 -0.187117904 0.00522594759
v  -0.0102449795 -0.187759906 0.00486396812
v  -0.00948896259 -0.187009007 0.00509392284
v  -0.00948699564 -0.187010005 0.00509493658
v  -0.00956495013 -0.186945006 0.00489996979
v  -0.00873395056 -0.18547 0.00374495098
v  -0.00848396868 -0.185607001 0.0049189236
v  -0.0079119429 -0.184884995 0.00492893765
v  -0.00783398096 -0.184948996 0.00511794398
v  -0.00710197585 -0.183844 0.00494395802
v  -0.00514294999 -0.180493996 0.00343095465
v  -0.00630297605 -0.182794005 0.00495891925
v  -0.00702198595 -0.183907002 0.00513093825
v  -0.00622096006 -0.182857007 0.00514291925
v  -0.00688698189 -0.184011906 0.00525795529
v  -0.00769998878 -0.185055003 0.00524794171
v  -0.00753494352 -0.185185 0.00529294275
v  -0.00672294991 -0.184138998 0.00530295726
v  -0.00935497228 -0.187119007 0.00522696087
v  -0.00919099897 -0.187252894 0.00527392933
v  -0.00989099033 -0.188100904 0.00523792719
v  -0.00482895272 -0.191291004 0.00523995375
v  -0.00989898015 -0.188111007 0.00523691438
v  -0.00540497201 -0.192209005 0.00504391408
v  -0.01061799 -0.188935906 0.00504492735
v  -0.0106199598 -0.188938007 0.00504391454
v  -0.005901956 -0.193001002 0.00447796751
v  -0.0112819895 -0.189622894 0.00447492814
v  -0.0113039799 -0.189642996 0.00444494747
v  -0.0117369499 -0.189970002 0.00352292322
v  -0.00618394511 -0.193452001 0.00352292228
v  -0.00012500002 -0.196623996 0.00447796704
v  -0.000406999956 -0.197074994 0.00352292182
v  -0.00627895491 -0.193601996 0.00243591261
v  0.00614897022 -0.199456006 0.00504391268
v  0.00565198716 -0.200248003 0.00447796658
v  0.00037199998 -0.195832998 0.00504391314
v  0.000947999943 -0.194914907 0.00523995329
v  0.00672498904 -0.198538005 0.00523995282
v  0.00731096324 -0.197604001 0.00527392793
v  0.00153396092 -0.193979993 0.0052739284
v  0.0250549596 -0.200903997 0.00532292249
v  0.01308796 -0.201226994 0.00527392747
v  0.0188649595 -0.204851002 0.00527392654
v  0.0125019904 -0.202161998 0.00523995189
v  0.0247489493 -0.202268004 0.00531392079
v  0.0244309586 -0.203628004 0.00530390814
v  0.0240979493 -0.204984993 0.0052939537
v  0.0237489697 -0.206337005 0.00528393965
v  0.023383949 -0.207684904 0.00527392607
v  0.0182779692 -0.205785006 0.00523995142
v  0.0230759699 -0.208762005 0.00523691112
v  0.0235879701 -0.207741007 0.00522791129
v  0.0232879799 -0.208813995 0.00519393617
v  0.0235889889 -0.207742006 0.00522695715
v  0.0231899898 -0.209887996 0.004893946
v  0.0230679791 -0.208789006 0.00523595698
v  0.0229939483 -0.209885001 0.00501995021
v  0.0227709692 -0.210860997 0.00448696455
v  0.0227629896 -0.209845006 0.00504891807
v  0.0227559488 -0.209870905 0.00503991824
v  0.0224469583 -0.211409003 0.00352196582
v  0.0225109793 -0.210822895 0.00447593862
v  0.0225109793 -0.210821003 0.00447695144
v  0.0172059797 -0.207495004 0.00447796518
v  0.0169229787 -0.207945004 0.00352291996
v  0.0111459801 -0.204321995 0.00352292089
v  0.0168289896 -0.208095998 0.00243591005
v  0.0110519798 -0.204472005 0.00243591075
v  0.0114289802 -0.203870997 0.00447796611
v  0.00536999712 -0.200699002 0.00352292135
v  0.00527498731 -0.200848907 0.00243591121
v  -0.000501953997 -0.197225004 0.00243591191
v  -0.000513994019 -0.197246 0.00133292796
v  0.00526199304 -0.200868994 0.00133292726
v  0.00525597297 -0.200865 -0.00131403259
v  -0.000522994087 -0.197240993 -0.00131403212
v  -0.00629099505 -0.193621904 0.00133292866
v  -0.0119669596 -0.190033004 0.00243591308
v  -0.0120679904 -0.189998999 0.00133292913
v  -0.0121090002 -0.189972907 5.96907921e-06
v  -0.00630196184 -0.193616003 -0.00131403143
v  -0.00628998177 -0.193596005 -0.00241799047
v  -0.0120809898 -0.189990893 -0.00131403096
v  -0.000510954065 -0.197219998 -0.00241799094
v  -0.00619497197 -0.193444997 -0.00350601343
v  -0.000416000024 -0.197070003 -0.00350601412
v  -0.000133000023 -0.196619004 -0.00446201302
v  0.00526896724 -0.200845003 -0.00241799164
v  0.00536296424 -0.200694993 -0.00350601459
v  0.00526199304 -0.200868994 -0.00131403259
v  0.0110479901 -0.204469994 -0.00241799233
v  0.011035 -0.204490006 -0.00131403329
v  0.0168139692 -0.208114997 -0.00131403387
v  0.0110389898 -0.204493001 0.0013329268
v  0.00526294718 -0.200868994 0.00133292726
v  0.0168159883 -0.208115906 0.0013329261
v  0.0225079991 -0.211665004 0.00243590958
v  0.0225929897 -0.211739004 0.00133292563
v  0.0226339996 -0.211765006 8.96555139e-06
v  0.0228039883 -0.211813003 0.00134794554
v  0.022508949 -0.211667001 0.00242196163
v  0.0225929897 -0.211740002 -0.00131403445
v  0.0225069784 -0.211656004 -0.00241799327
v  0.022508949 -0.211658001 -0.00240303343
v  0.0228039883 -0.211813003 -0.00133003446
v  0.0227889698 -0.211730003 -0.0024390344
v  0.0228749793 -0.211815998 -0.00133503438
v  0.0168269593 -0.208094999 -0.0024179928
v  0.0224309899 -0.211401895 -0.00350703043
v  0.0224319994 -0.211410001 -0.00348402234
v  0.0169209596 -0.207944006 -0.00350601599
v  0.0111419903 -0.204319999 -0.00350601529
v  0.0224839784 -0.210803002 -0.00446100254
v  0.0224829596 -0.210810006 -0.00445402833
v  0.022720959 -0.209848896 -0.00502802106
v  0.0224469583 -0.211417004 0.00350092538
v  -0.0122529501 -0.189793006 0.00135093019
v  -0.0122949695 -0.189763993 7.96909444e-06
v  -0.0122539597 -0.189789996 0.00135093019
v  -0.0119719701 -0.190033004 0.00240092515
v  -0.0117529798 -0.189979002 0.00346993422
v  0.0119259702 -0.203079 0.00504391221
v  0.0177029688 -0.206703007 0.00504391175
v  -0.00424297992 -0.190357 0.00527392887
v  -0.00435396284 -0.180946007 0.00533293886
v  -0.00513198273 -0.182019994 0.00532292528
v  -0.00592198269 -0.183083996 0.00531291123
v  -0.00529595511 -0.181897894 0.00527893612
v  -0.00608595507 -0.182959005 0.00526892347
v  -0.00451799482 -0.180828005 0.00528996391
v  -0.00375398295 -0.179748997 0.0053009307
v  -0.00388994114 -0.179653004 0.00518196076
v  -0.00465395395 -0.18073 0.00516896648
v  -0.0047389497 -0.180667907 0.00498991366
v  -0.00475999014 -0.180696994 0.00498991366
v  -0.00543197291 -0.181797996 0.00515591213
v  -0.00397499697 -0.179591998 0.00500594778
v  -0.00322499219 -0.178506002 0.0050229351
v  -0.00186594611 -0.175308004 0.00313793868
v  -0.00220795814 -0.175133005 8.97154678e-06
v  -0.00275298301 -0.177835003 0.00507693738
v  -0.00218697684 -0.177210003 0.00539993495
v  -0.00162597804 -0.176887006 0.00605493039
v  -0.00152095512 -0.176860005 0.00620692223
v  -0.000897967024 -0.175806895 0.00609492511
v  -0.002165996 -0.177366003 0.00553595321
v  -0.00268098013 -0.177921996 0.00524591608
v  -0.00255998317 -0.178035006 0.00535696
v  -0.00313796895 -0.178567007 0.00519596832
v  -0.00313796895 -0.178567007 0.00519495411
v  -0.00300296396 -0.178660005 0.00531094475
v  -0.00300195115 -0.178660005 0.00531195756
v  -0.00358899683 -0.179864004 0.00534295291
v  -0.00283797923 -0.178772002 0.00535296556
v  -0.00240298407 -0.178158894 0.00539594097
v  -0.00115694909 -0.176853001 0.00677996129
v  -0.000741981086 -0.176976994 0.00747894542
v  -0.000322000065 -0.177149996 0.00813894719
v  0.000114999973 -0.177356005 0.00876491517
v  2.39999499e-05 -0.177597001 0.00874494761
v  2.29999714e-05 -0.177598998 0.00874393433
v  0.000274999969 -0.177433997 0.00897692889
v  4.09999629e-05 -0.177836999 0.00864493102
v  0.00207397901 -0.178666994 0.0109259412
v  -0.00551494304 -0.181734994 0.00497495336
v  -0.00614698976 -0.182918996 -0.00524998456
v  -0.00549294893 -0.181757003 -0.00513399392
v  -0.00557496492 -0.181694999 -0.0049480279
v  -0.00535597699 -0.181858003 -0.00525999768
v  -0.0047149891 -0.180690005 -0.00514597446
v  -0.00479795784 -0.180629 -0.00496298727
v  -0.00479497807 -0.180625007 -0.00496298727
v  0.0253019594 -0.199507996 -0.00531501556
v  0.0244379994 -0.100506999 -0.0111650173
v  0.0234919488 -0.09375 -0.0113940146
v  0.0224259794 -0.0870049521 -0.0115749743
v  0.0238609593 -0.0802089497 -0.00606798194
v  0.0212509893 -0.0803049803 -0.0116999634
v  0.0179829895 -0.087282002 -0.0157259535
v  0.0167229492 -0.0808100104 -0.0159339737
v  0.0199799892 -0.0736529827 -0.0117629617
v  0.0153409597 -0.0743759796 -0.0160559826
v  0.0137219699 -0.0812199712 -0.0166399926
v  0.0122369798 -0.0749209523 -0.0167809632
v  0.0105829602 -0.0816869736 -0.0159439929
v  0.00896797236 -0.0755219981 -0.0160890128
v  0.00585797988 -0.0822779536 -0.0118539836
v  0.00405595312 -0.0763349533 -0.0119640119
v  0.00334898196 -0.0823729634 -0.00612997124
v  0.00415698299 -0.0880579874 8.98574945e-06
v  0.00245997915 -0.0823929906 8.98662256e-06
v  0.00150594697 -0.0765869617 -0.00616400456
v  0.00244597206 -0.0823479816 8.98668077e-06
v  0.00335297594 -0.0824129507 0.00614792854
v  0.00151399395 -0.0766279623 0.00618196465
v  0.000628999958 -0.0766760111 8.98755388e-06
v  -0.000347000023 -0.0710549876 0.00617993856
v  0.00061399996 -0.0766319633 8.98761209e-06
v  0.00221697101 -0.0705849528 0.0120219681
v  -0.00035799999 -0.0710159466 -0.00616197661
v  -0.00121196406 -0.0711919591 8.98848521e-06
v  -0.00122597103 -0.0711509511 8.98848521e-06
v  -0.00233098213 -0.0653389618 -0.00612496166
v  -0.00316496985 -0.0655969903 8.98935832e-06
v  -0.00231596082 -0.0653839707 0.00614298414
v  -0.00468196813 -0.0587229691 0.00607599039
v  -0.00197794288 -0.0581669845 0.0119069908
v  -0.00317999022 -0.0655530021 8.98941653e-06
v  0.000260999979 -0.0647229478 0.0119949598
v  -0.00431396905 -0.0513649546 0.0117749609
v  -0.00718899909 -0.0517149493 0.00598795572
v  -0.00557895796 -0.0588559508 8.99046427e-06
v  -0.00811799709 -0.05182999 8.99162842e-06
v  -0.00813498348 -0.0517819487 8.99162842e-06
v  -0.00962295011 -0.0448309705 0.00588793959
v  -0.0106149502 -0.0448489711 8.99273437e-06
v  -0.0105999904 -0.0448929593 8.99273437e-06
v  -0.01198598 -0.0378719494 0.005787984
v  -0.00964298006 -0.0447839387 -0.00587098347
v  -0.00720896572 -0.051664941 -0.00596998725
v  -0.00660797302 -0.0445939787 -0.0115929674
v  -0.00880398694 -0.0378059708 -0.0114300065
v  -0.0120049901 -0.0378279611 -0.00577096501
v  -0.0108399596 -0.030967949 -0.011277955
v  -0.00751599018 -0.0322779976 -0.013686996
v  -0.00593497697 -0.0377139971 -0.0138270073
v  -0.00749196857 -0.0323179848 -0.0136959963
v  -0.00540395873 -0.0357739851 -0.0144069549
v  -0.00449695485 -0.035216976 -0.0146109853
v  -0.00661494583 -0.0317279547 -0.0139679648
v  -0.00423695892 -0.0376439579 -0.0147619657
v  -0.00322296517 -0.0392379649 -0.0150479469
v  -0.00231894199 -0.0386799462 -0.0151759759
v  -0.000980996061 -0.0426689871 -0.0156079959
v  -0.000835978077 -0.0428879745 -0.0156409573
v  -9.0000045e-05 -0.0421189554 -0.0156549569
v  -0.00387295382 -0.0443619378 -0.0140029583
v  -8.80000298e-05 -0.0440029465 -0.0158020072
v  0.00219098292 -0.0455449745 -0.0160379782
v  0.000744999968 -0.0416749679 -0.0151529666
v  -0.00142999808 -0.0382219478 -0.0147239957
v  -0.00293197483 -0.0345339663 -0.0133659653
v  -0.00356497709 -0.0347499773 -0.0142189655
v  0.000561999972 -0.040343985 -0.0141320061
v  -0.000855945982 -0.0380159579 -0.013845006
v  -0.00335999625 -0.0338039845 -0.0132579561
v  -0.00223394483 -0.0330649614 -0.010898985
v  0.000700999983 -0.0311409775 -0.00802098028
v  0.00194499502 -0.0394379385 -0.0108989868
v  -0.00347694103 -0.0247679874 -0.00802097935
v  -0.00641199294 -0.0266919676 -0.010898985
v  -0.00495596975 -0.0310329683 -0.0128289852
v  -0.00691195577 -0.0275089685 -0.0122339539
v  -0.00564798014 -0.0312569663 -0.0136439539
v  -0.00766398758 -0.027739998 -0.012998974
v  -0.0071069831 -0.0271479376 -0.0121699944
v  -0.00866194908 -0.0282069985 -0.0132449642
v  -0.00959093962 -0.0241949484 -0.0122809745
v  -0.00877698604 -0.0239619575 -0.0115819946
v  -0.0104679596 -0.0205059573 -0.0108989831
v  -0.00765498821 -0.0183949377 -0.00802097842
v  -0.0105629703 -0.0203019883 -0.0108569637
v  -0.0105290003 -0.0203759577 -0.0108719841
v  -0.0114009595 -0.0206049588 -0.0114899632
v  -0.0118329702 -0.0120219495 -0.00802097656
v  -0.0121419597 -0.0133559695 -0.0085809622
v  -0.0120629901 -0.0168549977 -0.0101159625
v  -0.0121319499 -0.0167489573 -0.0101159625
v  -0.0130549902 -0.0169649683 -0.0106329713
v  -0.00395795004 -0.0159709975 -0.00699094962
v  -0.00813695136 -0.0095979562 -0.00699094823
v  -0.0122419801 -0.0122899991 -0.00827799179
v  -0.0122569995 -0.0121189887 -0.00823299028
v  -0.0123219695 -0.0112769594 -0.00801996328
v  -0.01234998 -0.0108709894 -0.00792495348
v  -0.011992 -7.29989988e-05 -0.00699094683
v  -0.0123149902 -0.00322496705 -0.00699094729
v  -0.0124629904 -0.00834196713 -0.0074289823
v  -0.0124599496 -0.00579696707 -0.00710896496
v  -0.0125629501 -0.00320994714 -0.00705698924
v  -0.0125639597 -0.00320994714 -0.00705794245
v  -0.0126809701 -0.00578898005 -0.0071929479
v  -0.0128389802 -0.00577294687 -0.00737295393
v  -0.0127469497 -0.00319898012 -0.00724098831
v  -0.0126569495 -0.00833499338 -0.00752798654
v  -0.0122389998 -3.69989866e-05 -0.00705794198
v  -0.0124199595 -9.99895838e-06 -0.00724098785
v  -0.0127479602 -0.00319898012 -0.00724194245
v  -0.0118219396 0.00311899185 -0.00724098738
v  -0.0116439601 0.00307697104 -0.00705794152
v  -0.0114009595 0.00301796198 -0.00699094636
v  -0.0105239898 0.00603395794 -0.0069909459
v  -0.0127910003 -0.00831496622 -0.00769797852
v  -0.0125169903 -0.0108619891 -0.00802997686
v  -0.0126289902 -0.0108369486 -0.00818894245
v  -0.0124099404 -0.012107959 -0.00833998062
v  -0.0126719698 -0.0107989889 -0.00837794878
v  -0.0128399897 -0.00828397088 -0.00790695287
v  -0.01251294 -0.0120799495 -0.00849197246
v  -0.0125519801 -0.0120389387 -0.00867096521
v  -0.0126529504 -0.0110039692 -0.00899098255
v  -0.0124719897 -0.0127669489 -0.00899098255
v  -0.0125369597 -0.0127749993 -0.00923899747
v  -0.0124129802 -0.0132679893 -0.00900099613
v  -0.0122329798 -0.0148809487 -0.00935600325
v  -0.0122399498 -0.0148799988 -0.0093719773
v  -0.0123749599 -0.0133119794 -0.00883297063
v  -0.0123349596 -0.0133279487 -0.00875697471
v  -0.0122199804 -0.015009989 -0.00939295627
v  -0.0121169901 -0.016127998 -0.00978098437
v  -0.0123589803 -0.0148679577 -0.00953594968
v  -0.0125109702 -0.0149629684 -0.00965396501
v  -0.0125309397 -0.0148739778 -0.00963995792
v  -0.0137209501 -0.0131179579 -0.00965396501
v  -0.0140399495 -0.0126319481 -0.00965396501
v  -0.0138519602 -0.0130749885 -0.00969294645
v  -0.0138089797 -0.0131759578 -0.00970296003
v  -0.0147219496 -0.013258988 -0.00986895896
v  -0.0140879899 -0.0173619874 -0.0105889831
v  -0.0155639807 -0.013502948 -0.00963894464
v  -0.0132679502 -0.0215239488 -0.0110319629
v  -0.0124369403 -0.0210389383 -0.0115499832
v  -0.0148779899 -0.0178039577 -0.0100009833
v  -0.0152149992 -0.0169279482 -0.00976298191
v  -0.0161499605 -0.0237450004 -0.00559697673
v  -0.0131339598 -0.0218119584 -0.0111109931
v  -0.0126279797 -0.0240639988 -0.0111459829
v  -0.0120179802 -0.024103988 -0.0117239729
v  -0.0114759998 -0.0251659676 -0.0120000038
v  -0.01061197 -0.0246509872 -0.0124400035
v  -0.00954797026 -0.0287439786 -0.0128859654
v  -0.00825496763 -0.0310139582 -0.0134089943
v  -0.0142069599 -0.0308199506 -0.0056779813
v  -0.0130299497 -0.0378379785 8.99389852e-06
v  -0.0152779995 -0.0308109503 8.99506267e-06
v  -0.01528998 -0.0307739899 8.99506267e-06
v  -0.0141909895 -0.0308609623 0.00569494208
v  -0.0130159399 -0.0378789902 8.99389852e-06
v  -0.0161359515 -0.0237819515 0.00561495451
v  -0.0126149803 -0.0240989923 0.0111709367
v  -0.0108249998 -0.0310059711 0.0113029554
v  -0.0131249595 -0.0218389612 0.0111329667
v  -0.0136779696 -0.0206349418 0.0108029358
v  -0.0151769696 -0.0170399509 0.00980193727
v  -0.0176809616 -0.0166040026 0.00554897217
v  -0.0152079603 -0.016958952 0.00977898762
v  -0.0172879901 -0.0236399695 8.99622682e-06
v  -0.018604951 -0.00932198763 0.00549497269
v  -0.0188729912 -0.0164049808 8.99739098e-06
v  -0.01886799 -0.0164349601 8.99739098e-06
v  -0.0164559707 -0.0133349821 0.00877799466
v  -0.0157189611 -0.0129609723 0.00943197869
v  -0.0167729408 -0.00921696611 0.00846095756
v  -0.0174439717 -0.009556951 0.00778796198
v  -0.0174529701 -0.00951296184 0.00777699472
v  -0.0180849601 -0.00557595538 0.00686295889
v  -0.0174689516 -0.00538098952 0.00755794952
v  -0.0182459503 -0.0020779972 0.00621499773
v  -0.017693961 -0.00140899525 0.00681199785
v  -0.0185770001 -0.00198894786 0.00544895837
v  -0.01822998 -0.00147396419 0.00612499472
v  -0.0177189913 0.0026639679 0.00577797648
v  -0.0172939505 0.00257098489 0.00642695231
v  -0.0172890015 0.00256997184 0.00643094536
v  -0.0170849711 0.00516396621 0.00574495597
v  -0.0162389502 0.00641095452 0.00639798492
v  -0.0166699514 0.00243294076 0.00685395952
v  -0.0172069911 0.00520694116 0.00540896505
v  -0.0166449714 0.00655299285 0.0057209949
v  -0.0197139606 -0.00166499615 8.99977749e-06
v  -0.0143549601 0.0119359391 0.00537195196
v  -0.0150859496 0.0122599602 9.00204759e-06
v  -0.0151249999 0.0102699893 0.00563897984
v  -0.0181820001 0.00554996682 9.00099985e-06
v  -0.0181769915 0.00556695415 9.00099985e-06
v  -0.0142929703 0.0119079892 0.00559594575
v  -0.0147479996 0.010086949 0.00635495083
v  -0.0131989904 0.0138119394 0.00554498425
v  -0.0128549496 0.0135979587 0.00630697049
v  -0.0109719802 0.0171129685 0.00545998896
v  -0.0172049608 0.00522595691 -0.00538996514
v  -0.0185789615 -0.00196397235 -0.00542996125
v  -0.0150789795 0.0122720003 9.00204759e-06
v  -0.01688697 -0.0021759849 -0.00861195475
v  -0.0156809911 0.0049909954 -0.00853899866
v  -0.0157509614 0.00472295331 -0.00854394492
v  -0.0169049706 -0.00240796688 -0.00861296803
v  -0.018610971 -0.00929295924 -0.00547597744
v  -0.0169259515 -0.00941598322 -0.00860897638
v  -0.0164769515 -0.00938796811 -0.00908497907
v  -0.0169119406 -0.00963395741 -0.00860998966
v  -0.01620497 -0.013758949 -0.00905094482
v  -0.0176909715 -0.0165709797 -0.00553099392
v  -0.0162089709 -0.00937098078 -0.00925699808
v  -0.0198029503 -0.00908595324 8.99861334e-06
v  -0.0198039617 -0.00905895233 8.99861334e-06
v  -0.0197170004 -0.00168699014 8.99977749e-06
v  -0.01080795 0.0183069706 9.00303712e-06
v  -0.0172789916 -0.0236739498 8.99622682e-06
v  -0.0122829899 -0.0133419586 -0.00868896581
v  -0.0125379702 -0.0127749993 -0.00924096443
v  -0.0128949499 -0.0061459532 -0.00763795571
v  -0.0128959604 -0.00575297885 -0.00760296779
v  0.0103969928 -0.0160889588 -0.00699094962
v  0.000219999987 -0.0223439876 -0.00699095055
v  0.01131895 -0.0233819373 -0.00699095055
v  0.0124639599 -0.0306269489 -0.00699095195
v  0.00439796411 -0.0287169777 -0.00699095149
v  0.01373896 -0.0378399417 -0.00699095288
v  0.00857595168 -0.0350899585 -0.00699095242
v  0.01431295 -0.0377339683 -0.00690399017
v  0.0150949704 -0.0450329706 -0.00699095428
v  0.0127549497 -0.0414629504 -0.00699095381
v  0.00905797537 -0.0438869484 -0.00802098215
v  0.00487998687 -0.0375139713 -0.00802098121
v  0.00612298213 -0.04581099 -0.0108989868
v  0.0103009697 -0.0521839783 -0.0108989887
v  0.00559399091 -0.0483629666 -0.0148639474
v  0.00341597805 -0.044931937 -0.0146080069
v  0.00460199127 -0.0468079969 -0.0147609469
v  0.00296095619 -0.0451209471 -0.0154969469
v  0.00126099994 -0.0414789878 -0.0142619964
v  0.00520596514 -0.0485489853 -0.0157279782
v  0.00452098809 -0.0489459559 -0.016294999
v  0.00689396914 -0.0523299463 -0.0163900089
v  0.00416097604 -0.0500759371 -0.0164709482
v  0.00370994816 -0.0494539663 -0.0164229684
v  0.00148400001 -0.0504829772 -0.0158529691
v  0.00132799987 -0.0460799858 -0.0160749983
v  -0.000488999998 -0.044043947 -0.0156739783
v  -0.00173296814 -0.050956957 -0.0141759887
v  0.00348696718 -0.0569349453 -0.0160059799
v  0.00616297731 -0.0528009459 -0.0166039895
v  0.00627199421 -0.0529469773 -0.0166069679
v  0.00717995223 -0.0561229475 -0.0166819487
v  0.00848797616 -0.0558359548 -0.0165709686
v  0.00869194325 -0.0560939871 -0.0165560097
v  0.0113199698 -0.059357997 -0.0161619596
v  0.00893799122 -0.0623689778 -0.0167909693
v  0.00543997297 -0.0633009598 -0.01610999
v  0.000243999966 -0.0646779537 -0.0119739603
v  0.00725296699 -0.0694189593 -0.0161419902
v  0.00220099697 -0.0705419704 -0.0120040011
v  -0.00199797098 -0.0581179783 -0.0118839592
v  -0.00433399575 -0.0513179787 -0.0117509775
v  -0.00470098201 -0.0586719513 -0.00605796464
v  -0.0055609569 -0.0589069687 8.99046427e-06
v  0.0106339799 -0.0686339736 -0.0168290008
v  0.0122489603 -0.0614889748 -0.0160440002
v  0.0138339698 -0.0679039881 -0.0160909705
v  0.0140119502 -0.0624889657 -0.015268961
v  0.0129569499 -0.0613019355 -0.0156919807
v  0.0118829897 -0.0600379668 -0.0160229597
v  0.0168570001 -0.0651979968 -0.0134539995
v  0.0142829698 -0.062183965 -0.014971951
v  0.0169229787 -0.0649549887 -0.0132949799
v  0.0144649502 -0.0619249865 -0.0146039594
v  0.0120989997 -0.0587009676 -0.0153539591
v  0.0117759397 -0.0589949377 -0.0158369988
v  0.0093059903 -0.0556739457 -0.016268
v  0.00976697169 -0.0553449877 -0.0157199893
v  0.00747898826 -0.0519649871 -0.0158179775
v  0.00873396453 -0.0532109663 -0.0150179677
v  0.00779799186 -0.0517779477 -0.0150019992
v  0.0100129601 -0.0551509745 -0.0149869788
v  0.0144789498 -0.0585569702 -0.0108989887
v  0.0122699505 -0.0584959872 -0.014742
v  0.0174139496 -0.0566329882 -0.00802098401
v  0.0180109497 -0.0575429685 -0.00802098401
v  0.0132359602 -0.0502599403 -0.00802098401
v  0.0129899699 -0.0595329851 -0.0146019887
v  0.01455996 -0.061707966 -0.01415799
v  0.0185999591 -0.0648429915 -0.0108989906
v  0.0187599994 -0.0642739534 -0.0103589781
v  0.01857296 -0.060770981 -0.00878899172
v  0.01892999 -0.0608299896 -0.00854496844
v  0.0189489387 -0.0644179508 -0.0102429856
v  0.0192139484 -0.0609119497 -0.00824897178
v  0.0187059995 -0.0650689602 -0.01092498
v  0.0191049892 -0.0645659491 -0.010114003
v  0.0192429684 -0.0647299811 -0.00995896943
v  0.0189189594 -0.0654199719 -0.0107859857
v  0.0188189484 -0.0652369782 -0.0108640008
v  0.0183619596 -0.0657669902 -0.011758972
v  0.018312959 -0.0655620024 -0.011748001
v  0.0183639787 -0.0657659695 -0.0117570013
v  0.0185949486 -0.0668669865 -0.0117629617
v  0.0176299494 -0.0656439587 -0.0126919597
v  0.0176379997 -0.0654189512 -0.0125979595
v  0.0182489492 -0.0653730035 -0.0117259994
v  0.0176239889 -0.0652129576 -0.0124919806
v  0.0175879896 -0.0650069714 -0.0123659801
v  0.0181659795 -0.0651829764 -0.0116909593
v  0.0169549882 -0.0647339821 -0.0131170005
v  0.0185689591 -0.0649009869 -0.0109749902
v  0.0169549882 -0.0645200014 -0.0129089803
v  0.0211849492 -0.0663849711 -0.00603197888
v  0.0194349587 -0.0610209703 -0.00788895972
v  0.0198079683 -0.059506949 -0.00596897583
v  0.0206969697 -0.0592809916 8.99040606e-06
v  0.0225699898 -0.0733989999 -0.00606500125
v  0.02070597 -0.0593299791 8.99040606e-06
v  0.0220849793 -0.0662439987 8.98930011e-06
v  0.0198159497 -0.0595539808 0.00598998042
v  0.0186559893 -0.0536929891 0.00590695208
v  0.0195639394 -0.0534849688 8.99133738e-06
v  0.018646989 -0.0536519811 -0.00588499196
v  0.0183879398 -0.0525829718 0.00604398362
v  0.0185679495 -0.0537119508 0.00618894119
v  0.0180759691 -0.0507109687 0.00585694471
v  0.0189769585 -0.0565239713 0.00666494388
v  0.0193349384 -0.059677951 0.00745494338
v  0.0193949696 -0.0604229495 0.00769598363
v  0.019162979 -0.0603209697 0.0080809705
v  0.0193689801 -0.064103961 0.00947094895
v  0.0192099493 -0.0639500022 0.00967497006
v  0.0188229997 -0.0655170009 0.0109899696
v  0.0187319797 -0.0653289482 0.0110509489
v  0.02119199 -0.0664369985 0.0060509555
v  0.0199849885 -0.073702991 0.0117809772
v  0.02257297 -0.0734499618 0.00608296087
v  0.0220959485 -0.0662989616 8.98924191e-06
v  0.0234989785 -0.0733539984 8.98813596e-06
v  0.0235099494 -0.0734080002 8.98813596e-06
v  0.0248329993 -0.0802359506 8.98697181e-06
v  0.02125296 -0.080352962 0.0117159579
v  0.01673696 -0.080858998 0.0159559883
v  0.0177099388 -0.0486339889 0.00571794715
v  0.0195559599 -0.0534459911 8.99133738e-06
v  0.0177309792 -0.04877799 -0.00570999086
v  0.0180549882 -0.0506169684 -0.00583295617
v  0.0173669793 -0.0488079712 -0.00637297379
v  0.0181149598 -0.0528659783 -0.00665299734
v  0.0176349599 -0.0528919585 -0.00709895883
v  0.0167979896 -0.0488839708 -0.00684796274
v  0.016547 -0.0447520018 -0.00633697258
v  0.0158909895 -0.0448789485 -0.00681899441
v  0.0162419993 -0.0448109508 -0.00661395444
v  0.0160869695 -0.0489989482 -0.00708197104
v  0.0159590002 -0.04847496 -0.00705896365
v  0.0170259792 -0.0529589616 -0.00737099489
v  0.0156819504 -0.0449189506 -0.00689898431
v  0.0177789591 -0.056393981 -0.00781898387
v  0.0178829692 -0.0568999611 -0.00790398009
v  0.0183749497 -0.0568899512 -0.00762395747
v  0.0187609494 -0.056915991 -0.00723497709
v  0.0185589492 -0.0536709987 -0.00616596779
v  0.0193309486 -0.0596289597 -0.00742195779
v  0.0190349501 -0.0569779798 -0.00674198708
v  0.0184339583 -0.0528829582 -0.00606297096
v  0.00416896306 -0.0881009623 8.98569124e-06
v  0.00714895688 -0.0995909497 8.98382859e-06
v  0.0135149704 -0.0255089924 0.00577797182
v  0.0143059799 -0.030327972 0.0057499567
v  0.0136389397 -0.0255129915 0.00547798164
v  0.0145369498 -0.0311899725 0.00553698977
v  0.0131539404 -0.0231260024 0.00578798633
v  0.0155059397 -0.0368529484 0.005615965
v  0.0156089999 -0.0311269704 8.99500446e-06
v  0.0155959399 -0.0375120007 0.00569696818
v  0.0139719602 -0.0198529903 8.9968089e-06
v  0.0133549897 -0.01419097 8.99774022e-06
v  0.0129389502 -0.00914996769 -0.00106900139
v  0.0129409702 -0.00915795472 0.00108595658
v  0.01300696 -0.00949394703 8.99849692e-06
v  0.0119109498 0.00583398389 -0.00576398382
v  0.0116179902 0.00586396502 -0.00625494821
v  0.01231799 0.008916975 -0.00570294866
v  0.0123499902 0.0131199909 -0.00659999764
v  0.0127949398 0.0130319512 -0.00613299571
v  0.01379696 0.0203009825 -0.00676694978
v  0.0141770002 0.0201959591 -0.00649795355
v  0.0139079401 0.0243589822 -0.00673994794
v  0.0146099599 0.0245459601 -0.00604996365
v  0.0135649797 0.0203659516 -0.0068719727
v  0.01231799 0.0283550005 -0.00606295746
v  0.0125299403 0.0285779797 -0.00511893909
v  0.00854096375 0.0308259707 -0.00519195385
v  0.00852296408 0.03083097 -0.00519296806
v  0.00390998088 0.0309069697 -0.00522694178
v  0.00849196874 0.0310260002 -0.00304398173
v  0.00379399117 0.0310859606 -0.00304398173
v  -0.000144999998 0.0287159607 -0.0052589504
v  8.39999993e-05 0.0284630004 -0.0061409804
v  0.00391099509 0.0309069697 -0.00522694178
v  8.59999855e-05 0.0284609701 -0.00614598626
v  0.0125719598 0.0286839604 -0.0030439822
v  0.0149940001 0.0246279798 -0.0030439829
v  0.0149009498 0.0246229693 -0.00509599177
v  0.01256797 0.0285409596 -0.00511798542
v  0.0144849699 0.0201099496 -0.00614396157
v  0.0149099501 0.0245899502 -0.00509694591
v  0.0148189999 0.0200119596 -0.00526294578
v  0.0146169998 0.0200739503 -0.00591895357
v  0.0137619702 0.0160619598 -0.00544998515
v  0.0150289796 0.0198879801 -0.0030439836
v  0.0150289796 0.0198859498 -0.0030439836
v  0.0150269605 0.0198759995 -0.00304493774
v  0.0150179602 0.0198389795 -0.00304493774
v  0.0133969504 0.0145210009 -0.0055159675
v  0.0130599504 0.012978971 -0.00557694351
v  -0.0051169619 0.0234119799 -0.00617197528
v  -0.00475397008 0.0235069897 -0.00639996305
v  -0.00550194876 0.0232599899 -0.00589093938
v  -0.00553598301 0.0231939498 -0.00595495524
v  -0.00557997078 0.0231419802 -0.00602499023
v  -0.00568594784 0.0224390011 -0.00805399194
v  -0.00701096002 0.0142109906 -0.00899097882
v  -0.0090399608 0.0112980008 -0.00942394696
v  -0.00966896024 0.00964295864 -0.0092409607
v  -0.0098349601 0.00972098205 -0.00942394696
v  -0.00960894022 0.00961399078 -0.00899097882
v  -0.01031496 0.00800997112 -0.00899098068
v  -0.0103769498 0.00803595781 -0.00924096256
v  -0.0105469404 0.00810497999 -0.00942394882
v  -0.0109979697 0.0063979635 -0.00924096256
v  0.0141889798 0.0159079991 0.00301196566
v  0.01434395 0.0167069994 0.00301196589
v  0.01376596 0.0160659477 0.00546797598
v  0.0133989798 0.0145159895 0.00553395739
v  0.0146179497 0.0200669672 0.00593897235
v  0.0127990004 0.0130299889 0.00615098421
v  0.0148189999 0.0200119577 0.00528195035
v  0.01467398 0.0182999894 0.00301196612
v  0.0145049402 0.0175039694 0.00301196589
v  0.0148509499 0.0190949999 0.00301196612
v  0.0149869602 0.0196889602 0.00301095331
v  0.0150329797 0.0198839903 0.0030099994
v  0.0150329797 0.0198869705 0.00300898636
v  0.01502195 0.0198369604 0.0030099994
v  0.0125719598 0.0286859795 0.00300898775
v  0.01499495 0.0246279798 0.00300898706
v  0.0150309503 0.0198739693 0.0030099994
v  0.0150329797 0.0198859498 0.00300898636
v  0.00379196415 0.0310889408 0.00300898822
v  0.0148999402 0.0246209484 0.0051149982
v  0.0125669604 0.0285409577 0.0051359795
v  0.0125299403 0.0285769682 0.00513699278
v  0.00849095639 0.0310299899 0.00300898822
v  0.00854096375 0.0308259688 0.00521096215
v  0.01231799 0.0283549987 0.00608095154
v  0.0146099599 0.0245439988 0.00606795726
v  0.0139059704 0.0243569575 0.00675895438
v  0.0144849699 0.0201049987 0.00616499223
v  0.0149089405 0.0245889984 0.0051149982
v  0.0141779501 0.0201919582 0.00651695812
v  0.00852194987 0.0308309682 0.00521096215
v  -0.000144999998 0.0287159588 0.00527700363
v  0.0130639998 0.0129779493 0.00559499254
v  0.0123229902 0.00890695862 0.00572099537
v  0.0116249602 0.00585997012 0.00627299398
v  0.0119179804 0.00582998805 0.00578197092
v  0.0116829602 0.00318997889 0.00581099745
v  0.0114939502 -0.00139999401 0.00582899805
v  -0.000839972054 -0.182575002 0.00150995632
v  -0.00176294905 -0.182742998 0.00150995632
v  -0.00176294905 -0.182742998 0.0053329384
v  -0.000513994019 -0.183266893 0.00150995632
v  -0.000513994019 -0.183266893 0.00533395121
v  -0.000839972054 -0.182575002 0.00533693237
v  5.59999608e-05 -0.183852002 0.0053329384
v  0.00310794078 -0.182502002 0.00535296509
v  0.00350794801 -0.181865007 0.00539492723
v  0.00911299046 -0.185380906 0.00539492676
v  -0.00205894606 -0.178372994 0.00539194839
v  0.00136899995 -0.184753001 0.00533293793
v  0.00270894775 -0.185594007 0.00533293793
v  0.00405398617 -0.186437994 0.00533293793
v  0.00539896498 -0.187280998 0.00533293746
v  0.00871399604 -0.186018005 0.00535296462
v  -0.00249698106 -0.178985998 0.00535296556
v  0.01471797 -0.188896999 0.00539492629
v  0.0150869805 -0.188308999 0.00566696236
v  0.00948098954 -0.184792906 0.00566696282
v  0.0153199704 -0.187937006 0.00626896834
v  0.00971499737 -0.184421003 0.00626896881
v  0.00387594709 -0.181277007 0.00566696376
v  0.0209249593 -0.191452995 0.00626896787
v  0.021029979 -0.191284999 0.00699394057
v  0.0154250003 -0.187769994 0.00699394057
v  0.0210809391 -0.191203997 0.00774096558
v  0.0250809491 -0.193713993 0.00774096465
v  0.0254889391 -0.194079906 0.00699292542
v  0.0257689692 -0.194483906 0.0062659285
v  0.0252899788 -0.193887994 0.00738291955
v  0.0254149698 -0.194003001 0.00751393056
v  0.0257199686 -0.194305003 0.00691693043
v  0.0255809687 -0.194194004 0.00678395247
v  0.0206919592 -0.191825002 0.00566696189
v  0.025812 -0.195042998 0.00567494845
v  0.0259609483 -0.194654003 0.00630395534
v  0.0257959682 -0.194554999 0.00615792442
v  0.0258009695 -0.195131004 0.00561593939
v  0.025924949 -0.195150003 0.00566994119
v  0.0260379594 -0.195188001 0.00576095749
v  0.0259589888 -0.195890993 0.00549792172
v  0.0261169989 -0.195241004 0.00587593438
v  0.0260659792 -0.195919007 0.00562493876
v  0.0260319393 -0.194821 0.00646792818
v  0.02615395 -0.195304006 0.0060049193
v  0.0261239689 -0.195944995 0.00578193786
v  0.0261269491 -0.195966005 0.00594793679
v  0.0261479896 -0.195372894 0.0061379564
v  0.0260929801 -0.195356995 0.00629793527
v  0.0259909891 -0.195014998 0.00661091926
v  0.0257509686 -0.194673002 0.00714092469
v  0.0246909596 -0.193786994 0.0088469293
v  0.0225499589 -0.192267001 0.0109949578
v  0.0261029899 -0.195435002 0.00625096727
v  0.026082959 -0.195978001 0.00609194208
v  0.0211769696 -0.197679907 0.0118439682
v  0.0250899494 -0.199805006 0.00666396646
v  0.0259749591 -0.196650997 0.00605892111
v  0.0237299483 -0.193090007 0.00996993855
v  0.0215549786 -0.191356003 0.01160096
v  0.0214849394 -0.191544995 0.011702938
v  0.0226529595 -0.192338005 0.010916939
v  0.0227109492 -0.192148 0.010818949
v  0.0237749498 -0.192897007 0.00987796858
v  0.0226979591 -0.191993997 0.010662958
v  0.023746999 -0.192737907 0.00973592885
v  0.0247249883 -0.193592995 0.00876193307
v  0.0236509796 -0.192637995 0.00956795923
v  0.0226179697 -0.191903993 0.0104779489
v  0.0246819593 -0.193426996 0.00863694213
v  0.0246819593 -0.193427995 0.00863694213
v  0.0245709699 -0.193316907 0.00849192403
v  0.0251129586 -0.193886906 0.00820892118
v  0.0250649787 -0.193719 0.00808893703
v  0.025468979 -0.194174007 0.00763194775
v  0.0254399497 -0.194371 0.0077159307
v  0.0250839889 -0.194083005 0.00828992389
v  0.0257809497 -0.194475994 0.007043947
v  0.0211149789 -0.191149995 0.00849192403
v  0.0249469597 -0.193605006 0.00795291923
v  0.0214929897 -0.191126004 0.0112339091
v  0.01550999 -0.187634006 0.00849192403
v  0.0177629888 -0.188644007 0.01273196
v  0.0190449692 -0.189484999 0.0123479199
v  0.0202989895 -0.190319002 0.0118519496
v  0.0203469694 -0.190391004 0.0120639689
v  0.0215579588 -0.191208005 0.0114339497
v  0.0190779883 -0.189548001 0.012569949
v  0.0203289688 -0.190534994 0.01223897
v  0.0190469883 -0.189688995 0.0127509702
v  0.0202489793 -0.190723002 0.0123429187
v  0.018957939 -0.189878002 0.0128549188
v  0.0155699598 -0.194545001 0.0143499188
v  0.0174209792 -0.188883007 0.013305949
v  0.0163179897 -0.188174993 0.013542939
v  0.0176459886 -0.189027995 0.0132489689
v  0.00956598483 -0.191147 0.0151009392
v  0.00687996112 -0.197139993 0.0163519289
v  0.0149760004 -0.187321007 0.0137559585
v  0.0132779805 -0.200871006 0.0155849271
v  0.00365397893 -0.195235997 0.0163319595
v  0.000540999987 -0.200949997 0.0175899062
v  0.00398395117 -0.203041002 0.0175679177
v  0.0073579913 -0.205077007 0.0173249673
v  0.00219694385 -0.209597006 0.0185579471
v  0.0037669898 -0.210582003 0.0184369572
v  -0.0027229418 -0.206505001 0.0186999273
v  0.000882999972 -0.208772004 0.0186309665
v  0.0036159521 -0.210816994 0.0183979068
v  0.00204596482 -0.209831998 0.0185189676
v  0.00348994695 -0.210989997 0.0182139073
v  0.001923954 -0.210007995 0.0183339566
v  0.00035799999 -0.209024996 0.0184189472
v  0.000476999965 -0.208847001 0.0186029468
v  0.000626999943 -0.208610997 0.0186419375
v  -0.00109299307 -0.207861006 0.0186529569
v  -0.00120999699 -0.208040997 0.0184689574
v  -0.00282099098 -0.207123905 0.0182079468
v  -0.00125595205 -0.208105996 0.0181979369
v  -0.00277998298 -0.207055002 0.0184799265
v  -0.00437095109 -0.206152007 0.0181639679
v  -0.00433798879 -0.206076995 0.0184359364
v  -0.00266697304 -0.206872001 0.0186639279
v  -0.00745495502 -0.204217002 0.017815927
v  -0.00591798872 -0.205182001 0.0180439167
v  -0.00589599507 -0.205099002 0.0183159579
v  -0.0180729814 -0.197556004 0.00421195198
v  -0.0160519704 -0.198824003 0.0110469274
v  -0.00897594634 -0.203263 0.0174419172
v  -0.0118129402 -0.201482996 0.016131917
v  -0.00744899362 -0.204124004 0.0180859361
v  -0.00422998611 -0.205889896 0.0186209474
v  -0.00579395192 -0.204906002 0.0184999574
v  -0.00408097403 -0.205650002 0.0186569579
v  -0.00564696686 -0.204664007 0.0185349472
v  -0.00631895009 -0.204240993 0.0184509568
v  -0.00286694709 -0.198879004 0.0172819383
v  -0.00721099274 -0.203678995 0.018301947
v  -0.00621499913 -0.196844906 0.0163389295
v  0.000477999973 -0.193360999 0.0159769487
v  -0.0130299497 -0.200019002 0.015536949
v  -0.0117009496 -0.200853005 0.0165599473
v  -0.0130789503 -0.199987993 0.0154929589
v  -0.00922396127 -0.195021003 0.0144089293
v  -0.00876798481 -0.202698007 0.0179179162
v  -0.0102659604 -0.201754004 0.0173519067
v  -0.00987394992 -0.202001005 0.0175229162
v  -0.00262697786 -0.191529006 0.015037939
v  -0.00182994513 -0.184616998 0.0120459702
v  -0.00541999191 -0.189889997 0.0132299494
v  0.00362298498 -0.187731996 0.0146519393
v  0.00546399411 -0.181440994 0.0131239202
v  0.0041309949 -0.180657998 0.0126119107
v  0.0064819809 -0.182050005 0.0134119298
v  0.00817099772 -0.183074996 0.0137359407
v  0.00681397924 -0.182249993 0.0134899504
v  0.00952998362 -0.183910996 0.0138889402
v  0.0108949905 -0.184756905 0.0139659494
v  0.00965396222 -0.183724001 0.0137909502
v  0.00829998311 -0.182889894 0.0136379506
v  0.00839898642 -0.182774007 0.0134459604
v  0.0070559741 -0.181954995 0.0132029504
v  0.0069469572 -0.182065994 0.0133929104
v  0.00572494324 -0.181154996 0.0128419306
v  0.00560197793 -0.181259006 0.0130299199
v  0.00580195198 -0.181152895 0.0126079209
v  0.00451294193 -0.180391997 0.0121119507
v  0.00441596517 -0.180381998 0.0123389196
v  0.00328896008 -0.179685995 0.011462912
v  0.00316796312 -0.179663002 0.0116799306
v  0.00427696714 -0.180479005 0.0125209596
v  0.00301096402 -0.179752007 0.0118529703
v  0.00285694608 -0.179929003 0.0119389221
v  0.00181595096 -0.179087907 0.0109999608
v  0.00199297699 -0.179008007 0.0108389109
v  0.000914999982 -0.178430006 0.00981991179
v  0.000718999945 -0.178503007 0.00996594131
v  0.00147200003 -0.179165006 0.0109249204
v  0.00165394496 -0.179263994 0.0110789407
v  0.00108599989 -0.178478003 0.00963895209
v  0.000150999986 -0.178001001 0.0084919259
v  -4.00000135e-05 -0.177943006 0.00864993781
v  -4.20000288e-05 -0.177943006 0.00865095109
v  0.00429997407 -0.180602998 0.0084919259
v  0.00213894807 -0.179042906 0.0106379315
v  0.00711599598 -0.181943998 0.0129639395
v  0.00990495738 -0.184118003 0.0084919259
v  0.0098709818 -0.184173003 0.00774096651
v  0.00426498614 -0.180656999 0.00774096651
v  -0.000351000053 -0.177763 0.00774096744
v  0.00421497785 -0.180738002 0.0069939415
v  -0.000788950012 -0.177596003 0.00699292822
v  0.00981996115 -0.184254006 0.0069939415
v  0.00410894211 -0.180905893 0.00626896974
v  0.0154759604 -0.187687904 0.00774096558
v  -0.00119199709 -0.177582994 0.0062689702
v  -0.000570976059 -0.177671 0.0073759486
v  -0.00112398807 -0.177489907 0.00691794604
v  -0.000778996036 -0.177600995 0.00751893921
v  -0.000908993999 -0.177572995 0.0067779352
v  -0.00160797697 -0.177843004 0.00567292422
v  -0.00125696603 -0.177598998 0.00615393324
v  -0.001355969 -0.177524999 0.00621592207
v  -0.00147595315 -0.177484006 0.00629692525
v  -0.00188800006 -0.177728996 0.00575195998
v  -0.00176396302 -0.177799001 0.00566696422
v  -0.00165595894 -0.177891999 0.00562494202
v  -0.00220795814 -0.178320006 0.00541292923
v  -0.00233497517 -0.178234905 0.00549393101
v  -0.00274696294 -0.178811997 0.00545596285
v  -0.00243397895 -0.178178996 0.0056179692
v  -0.00284197181 -0.178747997 0.00558095379
v  -0.00437595695 -0.180899993 0.00555395288
v  -0.00269194692 -0.178849906 0.00541292876
v  -0.00422998611 -0.181005001 0.00539194793
v  -0.0028969869 -0.178709999 0.00573592586
v  -0.00595899671 -0.183017001 0.00552891847
v  -0.00444396585 -0.180852994 0.00578295393
v  -0.00602795975 -0.182967007 0.00575195905
v  -0.00765594095 -0.185047001 0.00572191784
v  -0.00758697931 -0.185100004 0.00550394366
v  -0.00581695884 -0.183125004 0.00536995335
v  -0.00404097885 -0.181143895 0.00533293886
v  -0.007446968 -0.185210004 0.00534891197
v  -0.00563194696 -0.183265999 0.00531291123
v  -0.00467195408 -0.187775999 0.00528996252
v  -0.00262095826 -0.178899005 0.00537591381
v  -0.00208696024 -0.178409904 0.00538694113
v  -0.00894298498 -0.187408 0.00527392933
v  -0.00726797478 -0.185352996 0.00529395696
v  -0.00568594784 -0.189447001 0.00527595542
v  -0.00467195408 -0.187775999 0.00150995562
v  -0.00626697391 -0.190385893 0.0052439468
v  -0.00772698969 -0.192695007 0.00243692566
v  -0.00762995426 -0.192543998 0.00352393603
v  -0.00684299413 -0.191303998 0.00504391408
v  -0.00966496952 -0.188253894 0.00523995422
v  -0.0090549821 -0.187316 0.00529592345
v  -0.0098139802 -0.188205004 0.00525795436
v  -0.00970598031 -0.188299999 0.00523596024
v  -0.0104429899 -0.189045995 0.00504391454
v  -0.0104969898 -0.189095005 0.0050189402
v  -0.0106009403 -0.189004004 0.00504892133
v  -0.00734397117 -0.192094997 0.00447993493
v  -0.0112359701 -0.189656004 0.00448094821
v  -0.0118039399 -0.189925 0.0035239365
v  -0.011256 -0.189667895 0.00445794128
v  -0.0117939897 -0.189922005 0.00354891038
v  -0.0114699798 -0.189539999 0.00455694413
v  -0.0107119903 -0.188925996 0.00512092328
v  -0.00992496964 -0.188114002 0.00533091137
v  -0.0100139603 -0.188045993 0.00544195436
v  -0.0108089596 -0.188878998 0.00522493431
v  -0.011678 -0.189538002 0.0047259233
v  -0.0108859697 -0.188862994 0.00535195135
v  -0.0100749899 -0.188007995 0.00558095239
v  -0.00932999793 -0.187092006 0.00578193972
v  -0.0101019898 -0.188002005 0.00573991844
v  -0.00932397693 -0.187095895 0.0056939628
v  -0.00931098405 -0.187105998 0.00562094757
v  -0.00962200016 -0.187478006 0.00591795752
v  -0.0100939497 -0.188026994 0.00588392233
v  -0.0109369904 -0.188881904 0.00549494335
v  -0.0109549901 -0.188929006 0.00562494015
v  -0.00918897334 -0.187722996 0.0072779567
v  -0.0118209897 -0.189662904 0.00491594337
v  -0.0131929703 -0.192641005 0.00790493563
v  -0.01739599 -0.197297007 0.00790696219
v  -0.0172209907 -0.197404996 0.00847791508
v  -0.0141389603 -0.192081004 0.00402795291
v  -0.0168179516 -0.197656006 0.0096329283
v  -0.00763698667 -0.188607007 0.0105369594
v  -0.0115799503 -0.193601996 0.011469949
v  -0.0161019713 -0.198100001 0.0112929177
v  -0.0162289906 -0.198357001 0.0112759266
v  -0.01694097 -0.197911993 0.00961891748
v  -0.0155559992 -0.19844 0.0123249181
v  -0.0153659796 -0.198895007 0.012840908
v  -0.0152369896 -0.198639005 0.0128599275
v  -0.0143449502 -0.199533001 0.0142729171
v  -0.0142119704 -0.199278995 0.0142949671
v  -0.0143509703 -0.199792996 0.0141449366
v  -0.0131659703 -0.200271994 0.0155139361
v  -0.0131889796 -0.200521007 0.0153679065
v  -0.0118399402 -0.201104 0.0165349673
v  -0.0118829804 -0.201341003 0.0163739175
v  -0.0104089603 -0.202003002 0.0173239578
v  -0.0104699899 -0.202226907 0.0171519369
v  -0.00891198963 -0.202943996 0.0178869162
v  -0.0089899525 -0.203155905 0.0177089367
v  -0.00735797826 -0.203922004 0.0182679165
v  -0.0104299998 -0.202350006 0.0168939661
v  -0.0130899698 -0.200681001 0.0151479673
v  -0.0142269898 -0.199967995 0.0139529575
v  -0.0152139803 -0.199349001 0.0125669073
v  -0.0153579907 -0.199160904 0.0127309375
v  -0.0162099805 -0.198627993 0.0111839566
v  -0.0169139709 -0.198185995 0.0095439367
v  -0.0167459417 -0.198387995 0.00943194702
v  -0.0174829513 -0.197830006 0.00783495978
v  -0.0175159816 -0.197554007 0.00789492205
v  -0.0178489909 -0.197016001 0.00611894298
v  -0.017966941 -0.197273001 0.00610892894
v  -0.0179299917 -0.197549894 0.00606392696
v  -0.0182969812 -0.197068006 0.00428991392
v  -0.0181789603 -0.196812004 0.00431095483
v  -0.0183939505 -0.196678907 0.00245093182
v  -0.0181809813 -0.196811005 0.00429593492
v  -0.0185019616 -0.196612 8.96805432e-06
v  -0.0184929613 -0.196618006 0.000594963087
v  -0.0185089912 -0.196936995 0.00244795182
v  -0.0186079908 -0.196875006 0.000593949924
v  -0.018597981 -0.196880907 -0.00129303196
v  -0.0185549408 -0.197160006 -0.00128503202
v  -0.01856496 -0.197154 0.000587929972
v  -0.01846697 -0.197215006 0.00242893794
v  -0.0182569809 -0.197346002 0.00425796583
v  -0.0182810016 -0.197424993 0.00240295101
v  -0.0183779802 -0.197364002 0.000580955879
v  -0.018367961 -0.197371006 -0.00127403205
v  -0.0182509609 -0.197445005 -0.00312400819
v  -0.0184359699 -0.197234005 -0.00315398909
v  -0.0180259515 -0.197585896 -0.00496001029
v  -0.017223971 -0.198090002 -0.00852502417
v  -0.0158399511 -0.198957995 -0.0118050016
v  -0.00656899111 -0.204776004 -0.0177760236
v  -0.000260000001 -0.208734006 -0.0181490239
v  -0.00343295187 -0.206743002 -0.0181000326
v  -0.00184699206 -0.207737997 -0.0181490239
v  -0.00180795102 -0.207669005 -0.0184199829
v  0.00186899898 -0.210067004 0.0180639476
v  0.00291196117 -0.210724995 -0.0180320237
v  -0.000215000007 -0.208667904 -0.0184199829
v  0.00132699998 -0.209729999 -0.0181109924
v  -0.00500395196 -0.205757007 -0.0179820135
v  -0.0034009451 -0.206669003 -0.0183709934
v  -0.00498094503 -0.205677003 -0.0182529725
v  -0.00329294102 -0.206481904 -0.0185560025
v  -0.00169494108 -0.207486004 -0.0186039824
v  -0.00655796379 -0.204686895 -0.0180469826
v  -0.00487896102 -0.205485001 -0.0184370335
v  -0.00646396773 -0.204488903 -0.0182290133
v  -0.00811894983 -0.203803003 -0.0174580235
v  -0.00812395662 -0.203703001 -0.0177260134
v  -0.00964398962 -0.202846006 -0.0169980023
v  -0.0124859996 -0.201063007 -0.0155490134
v  -0.0111009702 -0.201930895 -0.0163740031
v  -0.00966794975 -0.202733904 -0.0172610339
v  -0.0111489501 -0.201803997 -0.016627023
v  -0.00959695969 -0.202518001 -0.0174369831
v  -0.00803997368 -0.203498006 -0.0179060139
v  -0.0110919699 -0.201576993 -0.0167970136
v  -0.00990696996 -0.201986 -0.0172969736
v  -0.00789495558 -0.203253001 -0.0179399922
v  -0.00945296232 -0.202271 -0.0174689926
v  -0.00290497392 -0.198853001 -0.0171129704
v  -0.00624200003 -0.196824998 -0.0161420107
v  0.000444999954 -0.193333 -0.0158320125
v  0.00360999117 -0.195201904 -0.016259972
v  0.000489999948 -0.200916007 -0.0175089929
v  -0.00636198372 -0.204218999 -0.0182570331
v  -0.00154694205 -0.207248002 -0.0186430234
v  -0.00277897017 -0.206474006 -0.0186100025
v  4.89999657e-05 -0.208250895 -0.0186439827
v  0.00392798195 -0.203004003 -0.0175629929
v  0.00682899915 -0.197100893 -0.0163440108
v  0.0155209601 -0.194501907 -0.0144050214
v  0.00951997004 -0.191107005 -0.0150899906
v  0.0132219503 -0.200828999 -0.0156570133
v  0.00729695614 -0.205037996 -0.0173810236
v  0.0210719388 -0.197601005 -0.0117729921
v  0.0201369785 -0.190645903 -0.0123770311
v  0.0148859899 -0.187260002 -0.0137929898
v  0.0173749588 -0.188847005 -0.0133479908
v  0.0175519884 -0.188960999 -0.0133029912
v  0.0162239987 -0.188109905 -0.0135960001
v  0.018858999 -0.189807996 -0.0129000004
v  0.0163259786 -0.187921003 -0.0134930015
v  0.0149940001 -0.187071994 -0.0136920214
v  0.0150559898 -0.186939999 -0.0135009903
v  0.016378969 -0.187786907 -0.0133050103
v  0.017647 -0.188771993 -0.0131989699
v  0.0150570003 -0.186893895 -0.0132650211
v  0.0163699687 -0.187736005 -0.0130720213
v  0.0176889598 -0.188635007 -0.0130140204
v  0.017667979 -0.188577995 -0.0127859712
v  0.0189769585 -0.189478904 -0.0126159806
v  0.0189479887 -0.189620003 -0.0127969999
v  0.0202159584 -0.190457895 -0.012273021
v  0.0213579796 -0.191460997 -0.0117179807
v  0.021424979 -0.191271007 -0.0116159916
v  0.0202309787 -0.190312997 -0.0120999813
v  0.021424979 -0.191120997 -0.0114510115
v  0.0213589985 -0.191037998 -0.0112530012
v  0.020179959 -0.190238997 -0.0118889809
v  0.0210399888 -0.191102996 -0.00847298838
v  0.0189419687 -0.189413995 -0.0123959798
v  0.0244099796 -0.193215996 -0.00847298838
v  0.0210059583 -0.191156998 -0.007722029
v  0.0234889686 -0.192537993 -0.00953502394
v  0.0154359704 -0.187586993 -0.00847298838
v  0.0224669892 -0.191808 -0.0104680154
v  0.0154019902 -0.187641993 -0.00772202853
v  0.0137289502 -0.186050996 -0.0133770108
v  0.0123929698 -0.185209006 -0.0134199895
v  0.00983098708 -0.184072003 -0.00847298652
v  0.0209550001 -0.191238001 -0.00697500398
v  0.0153509704 -0.187722996 -0.00697500352
v  0.00979695283 -0.184126005 -0.0077220276
v  0.00974599086 -0.184208006 -0.00697500259
v  0.0152449897 -0.187891006 -0.00624997262
v  0.0208499692 -0.191405997 -0.00624997308
v  0.0206169784 -0.191778004 -0.00564897899
v  0.0150119998 -0.188262001 -0.00564897852
v  0.0096409684 -0.184375003 -0.00624997215
v  0.00940797292 -0.184746996 -0.00564897805
v  0.0040359851 -0.180859998 -0.00624997122
v  0.00414094888 -0.180692002 -0.00697500212
v  0.00419197092 -0.180610999 -0.00772202713
v  -0.000438000017 -0.177707002 -0.00772202667
v  -0.000870966003 -0.177548006 -0.00697500166
v  6.99999509e-05 -0.177949995 -0.00847298652
v  -0.00065299205 -0.177617997 -0.00736398203
v  -0.000302999979 -0.177769005 -0.00793201383
v  -0.000860952074 -0.177548006 -0.0075060199
v  -0.000502967043 -0.177706003 -0.00808400568
v  -0.00108196598 -0.177612007 -0.00762600405
v  -0.000717960997 -0.177772 -0.00820601732
v  -0.000119999982 -0.177892998 -0.00863397773
v  -0.000121000048 -0.177892998 -0.00863397773
v  -0.000329000002 -0.177959993 -0.00876302272
v  0.000853999984 -0.178390995 -0.00979501754
v  0.00101999985 -0.178437993 -0.00960899144
v  0.00194398197 -0.178982005 -0.0107669905
v  0.00177094899 -0.179064006 -0.0109310187
v  0.000661999977 -0.178466007 -0.00994402729
v  0.00208697282 -0.179015905 -0.0105630234
v  0.0042259451 -0.180556998 -0.00847298652
v  0.00706294831 -0.181917995 -0.0128690004
v  0.00575599726 -0.181134 -0.012489019
v  0.00447098026 -0.180375904 -0.0119850095
v  0.00324497186 -0.179667994 -0.011349028
v  0.00312594185 -0.179646999 -0.011568008
v  0.0043739439 -0.180366904 -0.0122129899
v  0.00567797385 -0.181135997 -0.0127239898
v  0.00555298291 -0.181240007 -0.0129110198
v  0.00423494587 -0.180464 -0.0123950299
v  0.0069999462 -0.181927994 -0.0131080206
v  0.00644699298 -0.182037994 -0.0133150294
v  0.00688699493 -0.182037994 -0.0132979807
v  0.00541398488 -0.181421906 -0.0130040105
v  0.0035949708 -0.187702 -0.0145279802
v  0.00408796081 -0.180644006 -0.0124849696
v  -0.00187595992 -0.184575006 -0.0119710006
v  0.00281796511 -0.179913893 -0.011828009
v  0.00297096977 -0.179736003 -0.0117419995
v  -0.00264897197 -0.191507906 -0.0148689821
v  -0.000503980089 -0.178136006 -0.0088269785
v  -0.00548597472 -0.182574004 -0.00663698465
v  -0.00775595754 -0.188522905 -0.0105310176
v  0.00142599992 -0.179139003 -0.0108640194
v  0.00161097001 -0.179241002 -0.0110110082
v  0.000494999986 -0.178642005 -0.0100159701
v  -0.0054779877 -0.189845994 -0.0131449699
v  -0.000331000076 -0.177961007 -0.0087639764
v  -0.000894987024 -0.177948996 -0.00826800428
v  -0.00160595111 -0.177687004 -0.00711602578
v  -0.00125994603 -0.177791998 -0.00769198593
v  -0.00243999902 -0.178003997 -0.00610799296
v  -0.00193896203 -0.177674994 -0.0065879887
v  -0.00187494711 -0.177568004 -0.00652802689
v  -0.00143095199 -0.177499995 -0.00703299697
v  -0.00449397508 -0.180823997 -0.0059959963
v  -0.00294896308 -0.178681001 -0.00602997048
v  -0.00257094996 -0.178160995 -0.00606501801
v  -0.00224896614 -0.177820995 -0.00622898992
v  -0.00222399086 -0.177734002 -0.00611299882
v  -0.00259097712 -0.178121001 -0.00591797289
v  -0.00216098921 -0.177672997 -0.005975015
v  -0.00177999598 -0.177483007 -0.00644899067
v  -0.00166996603 -0.177438006 -0.006366021
v  -0.00155194907 -0.177434996 -0.00628197892
v  -0.00120296399 -0.177440003 -0.00690299878
v  -0.00206997292 -0.177655905 -0.00584597094
v  -0.00143196504 -0.177475005 -0.00620198902
v  -0.00127299898 -0.177531004 -0.00625098404
v  -0.00195797626 -0.177681997 -0.00573397288
v  -0.00183495192 -0.177751005 -0.00564999087
v  -0.00240495102 -0.178189903 -0.00546897063
v  -0.00250496808 -0.178132996 -0.00559300883
v  -0.00213094894 -0.178327993 -0.00537098059
v  -0.00172694807 -0.177844003 -0.00560802873
v  -0.00227894681 -0.178274006 -0.00538999494
v  -0.00168099313 -0.177796006 -0.00565297063
v  -0.00269296113 -0.178854004 -0.00535798725
v  -0.00215794891 -0.178363994 -0.0053650206
v  -0.00276299613 -0.178806007 -0.00539297517
v  -0.00281699793 -0.178767994 -0.00543601019
v  -0.00430395501 -0.180958003 -0.00537300808
v  -0.00411596196 -0.181096002 -0.0053150123
v  -0.00589194195 -0.183075994 -0.00535202771
v  -0.00603397982 -0.182968006 -0.00550699979
v  -0.00444897311 -0.180852994 -0.00553298742
v  -0.00467195408 -0.187775999 -0.00527197961
v  -0.00176294905 -0.182742998 -0.00531399995
v  -0.000839972054 -0.182575002 -0.00531900674
v  -0.00570996897 -0.183216006 -0.00529599981
v  -0.00256898301 -0.178940997 -0.00533402618
v  -0.00176294905 -0.182742998 -0.00149102975
v  -0.00467195408 -0.187775999 -0.00149103056
v  -0.00568594784 -0.189447001 -0.00525701884
v  -0.00734695047 -0.185301006 -0.00527597219
v  -0.00902398676 -0.187353998 -0.00525701884
v  -0.00626697391 -0.190385893 -0.00522501115
v  -0.00974996947 -0.188200995 -0.00522399787
v  -0.00913395826 -0.187261894 -0.00527799968
v  -0.00989296008 -0.188148007 -0.00524199847
v  -0.00919696037 -0.187209994 -0.00531102018
v  -0.0075239772 -0.185158998 -0.00533098727
v  -0.00924595445 -0.187169999 -0.00534898834
v  -0.00766297523 -0.185048893 -0.00548297912
v  -0.00933297817 -0.187098995 -0.00545800524
v  -0.0100029903 -0.188058004 -0.00531197479
v  -0.01009198 -0.187992007 -0.00542099075
v  -0.00938894693 -0.187052995 -0.00559700327
v  -0.0107849399 -0.188876003 -0.00510401372
v  -0.0108809695 -0.188828006 -0.00520498352
v  -0.01015295 -0.187952906 -0.00555700855
v  -0.0117399897 -0.189494997 -0.00470400695
v  -0.0109579703 -0.188811004 -0.00532997446
v  -0.0118829804 -0.189614996 -0.00489199953
v  -0.0110299801 -0.188871995 -0.00560201053
v  -0.0133179603 -0.192558005 -0.00790602807
v  -0.0101819802 -0.187944993 -0.00571299484
v  -0.0101749497 -0.187966004 -0.00585497264
v  -0.00928898994 -0.187650993 -0.00727302674
v  -0.0117259799 -0.193507999 -0.0114690121
v  -0.0173699409 -0.197310999 -0.00848401617
v  -0.0177829415 -0.197055906 -0.00689799618
v  -0.0141879497 -0.192045003 -0.00400800444
v  -0.01813199 -0.196840003 -0.00504900003
v  -0.0179019812 -0.197312996 -0.00688798213
v  -0.0178659707 -0.197591007 -0.00684101414
v  -0.0182489902 -0.197098002 -0.00504202629
v  -0.0173979606 -0.197883993 -0.00861800648
v  -0.0174289513 -0.197607905 -0.00868101045
v  -0.0176859703 -0.197799996 -0.00677097822
v  -0.018209001 -0.197375998 -0.00500900531
v  -0.0184779912 -0.196955994 -0.00317401718
v  -0.0184830017 -0.196623996 -0.00129403197
v  -0.0183629617 -0.196697995 -0.00317801
v  -0.0182389803 -0.196774006 -0.00429202104
v  -0.0144609995 -0.191890001 8.96881102e-06
v  -0.0144579597 -0.191887006 8.96881102e-06
v  -0.0127189895 -0.190071002 0.00256293011
v  -0.0123839602 -0.189991996 0.00389491534
v  -0.0124239502 -0.190008 0.00378792547
v  -0.0122419801 -0.189864904 0.00370096229
v  -0.0120149404 -0.189833894 0.00361596653
v  -0.0125269499 -0.189928994 0.00253891014
v  -0.0122969896 -0.189890996 0.00250594807
v  -0.0126389395 -0.189889997 0.00135993003
v  -0.0124079799 -0.189852998 0.00134794903
v  -0.01242097 -0.189844996 -0.00132703083
v  -0.0126399603 -0.189890996 0.00135993003
v  -0.0126529504 -0.189881995 -0.00133603089
v  -0.0126519995 -0.189881995 -0.00133603089
v  -0.0123239895 -0.189873904 -0.00248397281
v  -0.0125539498 -0.189910993 -0.00251502683
v  -0.0127449799 -0.190052003 -0.00254000095
v  -0.0128439795 -0.190023005 -0.00134103093
v  -0.0122879902 -0.189836994 -0.00367999892
v  -0.0124709802 -0.18998 -0.00376398186
v  -0.0128720002 -0.190006003 8.96910205e-06
v  -0.0128299799 -0.190031007 0.0013659501
v  -0.0120609598 -0.189805999 -0.00359702995
v  -0.0124319997 -0.189962 -0.00387502601
v  -0.0115319695 -0.189498007 -0.00453902222
v  -0.0118399402 -0.189894006 -0.00353498082
v  -0.0118499603 -0.189897001 -0.00350601296
v  -0.00772698969 -0.192695007 -0.00241799047
v  -0.00762995426 -0.192543998 -0.00350601343
v  -0.0113019496 -0.189613894 -0.00446201209
v  -0.0120989904 -0.189949006 -0.00245399075
v  -0.0121039897 -0.189949006 -0.00241799001
v  -0.00773897115 -0.192713007 -0.00149103138
v  -0.0121949501 -0.189919993 -0.00131403084
v  -0.0124199595 -0.189844996 -0.00132603094
v  -0.01218196 -0.189927906 0.00133292913
v  -0.0124059496 -0.189852998 0.00134794903
v  -0.0120769897 -0.189964995 0.00243692612
v  -0.00773897115 -0.192713007 0.00150995469
v  -0.0120719895 -0.189965993 0.0024699471
v  -0.00635399669 -0.193582997 0.00133292866
v  -0.00635298388 -0.193582997 0.00150995469
v  -0.000525974086 -0.197238997 0.00133292796
v  -0.00052496104 -0.197237998 0.00150995399
v  0.00529596815 -0.200890005 -0.00131403271
v  -0.000534975086 -0.197233006 -0.00131403212
v  0.00530097494 -0.200893 0.00133292726
v  0.00530294189 -0.200893894 0.00150995329
v  0.00530294189 -0.200893894 0.00133292726
v  0.00530097494 -0.200893894 -0.00131403271
v  0.0111259501 -0.204547003 -0.00131403329
v  0.0111309597 -0.204549998 0.0013329268
v  0.0169559401 -0.208204001 -0.00131403387
v  0.0111259501 -0.204547003 -0.00149103324
v  0.0169589799 -0.208205 0.0013329261
v  0.0111309597 -0.204549998 0.00150995282
v  0.0169589799 -0.208205 0.00150995213
v  0.0228259899 -0.211886004 8.96555139e-06
v  0.0227869488 -0.211860999 0.00133292563
v  0.0185509585 -0.209204003 0.00150995213
v  0.0227009989 -0.211778894 0.00243692263
v  0.0229439493 -0.212018996 0.00134794554
v  0.0229839999 -0.212044001 8.96549318e-06
v  0.0228319485 -0.211890906 0.00277196057
v  0.0229449589 -0.212019995 0.00134794554
v  0.0230169594 -0.212228 0.0013599263
v  0.0229029991 -0.212098002 0.00281392247
v  0.0230169594 -0.212229997 0.0013599263
v  0.0230579693 -0.212255999 8.96549318e-06
v  0.0230169594 -0.212228 -0.00134203455
v  0.0230169594 -0.212229997 -0.00134203455
v  0.0229909699 -0.212451905 -0.00134903449
v  0.0229909699 -0.212451905 0.00136695942
v  0.0230309684 -0.212477997 8.96543497e-06
v  0.0224399883 -0.214067906 8.96520214e-06
v  0.0224389695 -0.214073002 8.96520214e-06
v  0.0192219894 -0.220331997 -0.00375898089
v  0.0191599391 -0.220292002 -0.00419600215
v  0.0220959485 -0.213870004 -0.00394798582
v  0.0228669997 -0.212311998 -0.00284202164
v  0.0221119784 -0.213884994 0.00398193393
v  0.0192449987 -0.220347002 0.003721938
v  0.0194069482 -0.220451996 0.00187091623
v  0.0194629692 -0.220488995 8.9641544e-06
v  0.0194049794 -0.220450893 -0.00187898998
v  0.0192739684 -0.220679 8.9640962e-06
v  0.0192169882 -0.220642 -0.00187499693
v  0.0192189496 -0.220642999 0.00186692225
v  0.0189599693 -0.220707998 -0.00186098996
v  0.018778 -0.220593005 -0.0037210118
v  0.0190339983 -0.220524997 -0.00374997989
v  0.018463999 -0.220394999 -0.00555802789
v  0.0187189896 -0.220322996 -0.00560201565
v  0.0180099886 -0.220109001 -0.00735403458
v  0.0182619989 -0.220032007 -0.00741500966
v  0.0189049598 -0.220127001 -0.00561500993
v  0.0184469484 -0.219831005 -0.00743301073
v  0.0181859396 -0.219664007 -0.00825197902
v  0.021036949 -0.213254005 -0.007740987
v  0.0176639892 -0.219650999 -0.00915999524
v  0.0178449489 -0.219445005 -0.0091800224
v  0.0174149591 -0.219733998 -0.00908203237
v  0.0166709684 -0.219265893 -0.0107309949
v  0.0169139784 -0.219173998 -0.0108270179
v  0.0171719491 -0.219670996 -0.00896902196
v  0.0164359491 -0.219209999 -0.0105930101
v  0.0177609585 -0.220039994 -0.0072670118
v  0.0145169804 -0.218006 -0.0134800151
v  0.00915095769 -0.214638993 -0.0170210041
v  0.0185229499 -0.220517904 -0.00368101778
v  0.0182109792 -0.220322996 -0.00549401203
v  0.00605294714 -0.212695003 -0.017717015
v  0.00761297904 -0.213673994 -0.0174340047
v  0.00769898901 -0.213632002 -0.0177009758
v  0.0106239598 -0.215562895 -0.0164420046
v  0.0120289605 -0.216444001 -0.0156570151
v  0.00925598107 -0.214608997 -0.0172839854
v  0.0107519897 -0.215546995 -0.0166959856
v  0.0078429943 -0.213467002 -0.0178830158
v  0.00941297971 -0.214451 -0.0174620245
v  0.0121829798 -0.216445997 -0.0158969853
v  0.0123739596 -0.216308996 -0.0160579756
v  0.0109249698 -0.215398997 -0.0168680046
v  0.00957194623 -0.214217007 -0.0174970143
v  0.0110959699 -0.215171903 -0.016896015
v  0.0110859601 -0.215166003 -0.0169010255
v  0.0139169404 -0.209019005 -0.0158190243
v  0.0125389397 -0.216077998 -0.0160890352
v  0.0138939898 -0.216931894 -0.0150629953
v  0.0168689787 -0.210786 -0.0139169749
v  0.01409599 -0.21706 -0.0148829855
v  0.0137259699 -0.217159003 -0.0150340255
v  0.0135169905 -0.217282996 -0.0148860253
v  0.0147209503 -0.218039006 -0.0136730149
v  0.0149439899 -0.217926994 -0.0138049852
v  0.0160079896 -0.218600005 -0.0123879947
v  0.0157729704 -0.218701005 -0.0122740362
v  0.0155519601 -0.218655005 -0.0121089853
v  0.0161829889 -0.218382999 -0.0124150049
v  0.0165139697 -0.218594 -0.0118910149
v  0.0192969795 -0.212228999 -0.0111270044
v  0.0170919597 -0.218962997 -0.0108510349
v  0.0232269485 -0.206558004 -0.00717903255
v  0.0191359799 -0.204244003 -0.0128530338
v  0.0250139497 -0.199743003 -0.00660599256
v  0.0248069484 -0.202123001 -0.00599200604
v  0.0260139387 -0.195364997 -0.00625301339
v  0.0253739692 -0.199367002 -0.00602299953
v  0.0252719782 -0.199881002 -0.00601697946
v  0.0258929394 -0.196602002 -0.00605399394
v  0.0260009486 -0.195919007 -0.0060880282
v  0.0259379484 -0.196609005 -0.00590700889
v  0.0259429496 -0.196609005 -0.00581003213
v  0.0254170001 -0.199373007 -0.00577999139
v  0.02604899 -0.195908993 -0.00594402291
v  0.0260499399 -0.195888907 -0.00577498414
v  0.0259329993 -0.196606904 -0.00573302293
v  0.0253419597 -0.199357003 -0.00554503035
v  0.0259929597 -0.195864007 -0.0056150062
v  0.0258699991 -0.196593896 -0.00557000423
v  0.0251639783 -0.199320003 -0.00537700439
v  0.024766 -0.202110007 -0.00552101014
v  0.0257539488 -0.196573004 -0.00544000603
v  0.0248449799 -0.202129006 -0.005751024
v  0.0242169797 -0.204871997 -0.00572199747
v  0.0241369884 -0.204851002 -0.00549597666
v  0.0245909989 -0.202070996 -0.00535602402
v  0.0249299686 -0.199273005 -0.00531501556
v  0.0243599694 -0.202020004 -0.00529600307
v  0.0239629485 -0.204807907 -0.00533498451
v  0.0208879393 -0.203878894 -0.0052710278
v  0.0237349588 -0.204752997 -0.00527698966
v  0.022615999 -0.198324993 -0.00149103231
v  0.0208879393 -0.203878894 -0.00149103324
v  0.0201889593 -0.205677003 -0.00525702164
v  0.022615999 -0.198324993 -0.00531197619
v  0.023048969 -0.207470998 -0.0052570221
v  0.0197489597 -0.206704006 -0.00522501348
v  0.0185619891 -0.209182993 -0.00241799303
v  0.0192959588 -0.207699001 -0.00502599496
v  0.0227619689 -0.208593994 -0.00522400113
v  0.0231919587 -0.207508996 -0.00528002996
v  0.0226989686 -0.208869904 -0.00519801397
v  0.0228379685 -0.208906993 -0.00522400113
v  0.0232729595 -0.207531005 -0.00531501696
v  0.0229749996 -0.208949 -0.00529999705
v  0.0233349483 -0.207548007 -0.00535501214
v  0.022615999 -0.210251004 -0.00488300342
v  0.0227299593 -0.210306004 -0.00496001262
v  0.0230779983 -0.208987996 -0.00541503401
v  0.0234449785 -0.207578003 -0.00547201606
v  0.0228099488 -0.210369006 -0.00506098242
v  0.0231399797 -0.209019005 -0.00555802602
v  0.0235119797 -0.207597002 -0.00561900111
v  0.0235269982 -0.207600996 -0.00569398375
v  0.0235299785 -0.207602993 -0.00578500004
v  0.0237019993 -0.206820995 -0.00594003126
v  0.0241849683 -0.204866007 -0.00596101256
v  0.0234999992 -0.207596004 -0.00593103096
v  0.0231219791 -0.209049001 -0.00586099597
v  0.0231529791 -0.209040001 -0.00571800396
v  0.0228209794 -0.210556999 -0.00543297548
v  0.0228559691 -0.210501999 -0.00531400461
v  0.0228539389 -0.210435003 -0.00518102618
v  0.0227869488 -0.211561993 -0.00419403333
v  0.0228949487 -0.212089002 -0.00280399341
v  0.0227059387 -0.211372003 -0.00406898232
v  0.0227509495 -0.211768001 -0.00432301732
v  0.022524979 -0.211236998 -0.00397599954
v  0.0225769598 -0.211492002 -0.00350601645
v  0.0228239596 -0.211881906 -0.00275899144
v  0.0224839784 -0.210804895 -0.00446302909
v  0.0226949789 -0.211776003 -0.00241799327
v  0.0229439493 -0.212018996 -0.00133003457
v  0.0229449589 -0.212019995 -0.00133003457
v  0.0226649996 -0.211726993 -0.0027139904
v  0.0227869488 -0.211860999 -0.00131403445
v  0.0185509585 -0.209204003 -0.00149103405
v  0.0169569589 -0.208204001 -0.00149103394
v  0.0186439492 -0.209024996 -0.00350601599
v  0.0188869592 -0.208547994 -0.00446201488
v  0.0224909484 -0.210214004 -0.00484402245
v  0.02254197 -0.209736004 -0.00502700778
v  0.0220949985 -0.197239906 -0.00531698205
v  0.0220949985 -0.197239906 -0.00149103208
v  0.0215689894 -0.197243005 -0.00149103208
v  0.0215689894 -0.197243005 -0.00531501509
v  0.0209889691 -0.197025999 -0.00531400228
v  0.0198489688 -0.193002 -0.00533402851
v  0.01996997 -0.196420997 -0.00531400228
v  0.0209889691 -0.197025999 -0.00149103208
v  0.00529596815 -0.200890005 -0.00149103266
v  0.01996997 -0.196420997 -0.00149103196
v  -0.000533960992 -0.197233006 -0.00149103208
v  0.0179899596 -0.195179 -0.00149103173
v  0.0160099603 -0.193937004 -0.00149103161
v  0.00270894775 -0.185594007 -0.00149103021
v  0.0013629999 -0.184750006 -0.00149102998
v  5.59999608e-05 -0.183852002 -0.00149102998
v  -0.000513994019 -0.183266893 -0.00149102975
v  -0.00636395114 -0.193575993 -0.00149103149
v  -0.00636496395 -0.193577006 -0.00131403143
v  -0.000513994019 -0.183266893 -0.00531501276
v  -0.000839972054 -0.182575002 -0.00149102975
v  5.59999608e-05 -0.183852002 -0.00531399995
v  0.00303498516 -0.182456002 -0.00533402665
v  0.00136899995 -0.184753001 -0.00531400042
v  0.00270894775 -0.185594007 -0.00531400042
v  0.00405398617 -0.186437994 -0.00531400042
v  0.00863996707 -0.185971007 -0.00533402711
v  0.00903896149 -0.185334995 -0.00537598925
v  0.00539896498 -0.187280998 -0.00531400088
v  0.00343397912 -0.181819007 -0.00537598878
v  0.0146439997 -0.188850001 -0.00537598971
v  0.00380299101 -0.181232005 -0.00564897712
v  0.0142439902 -0.189486995 -0.00533402758
v  0.0202479698 -0.192365006 -0.00537599018
v  0.0140299499 -0.192695007 -0.00531400135
v  0.0160099603 -0.193937004 -0.00531400181
v  0.0179899596 -0.195179 -0.00531400181
v  0.0120499404 -0.191452995 -0.00531400135
v  0.0140299499 -0.192695007 -0.00149103138
v  0.0120499404 -0.191452995 -0.00149103114
v  0.0100699421 -0.190210894 -0.00149103091
v  0.0100699421 -0.190210894 -0.00531400135
v  0.00405398617 -0.186437994 -0.00149103033
v  0.00808898173 -0.188969001 -0.00531400088
v  0.00808898173 -0.188969001 -0.00149103068
v  0.00674394425 -0.188124999 -0.00531400088
v  0.00674394425 -0.188124999 -0.00149103068
v  0.00539896498 -0.187280998 -0.00149103045
v  0.0257309992 -0.194987997 -0.00565201975
v  0.0255929492 -0.195786998 -0.00536800409
v  0.0256059486 -0.195726007 -0.00537599064
v  0.0254529398 -0.196517006 -0.00533402897
v  0.0256029684 -0.196545005 -0.00535900425
v  0.0257409494 -0.195809007 -0.00539798522
v  0.0256909393 -0.196560994 -0.00539703108
v  0.0258489586 -0.195085004 -0.00565601373
v  0.0258859694 -0.195837006 -0.00548399519
v  0.025961969 -0.195123002 -0.00575000979
v  0.0260389782 -0.195176005 -0.00586802652
v  0.025863979 -0.194591001 -0.00630302168
v  0.0256769992 -0.194424003 -0.00624699378
v  0.0256999396 -0.194492906 -0.00615198351
v  0.0256049894 -0.194230005 -0.00690902164
v  0.0259329993 -0.194757894 -0.00646997476
v  0.0260639489 -0.195311993 -0.00613398245
v  0.0260739587 -0.195241004 -0.00599999167
v  0.0256629884 -0.194399998 -0.0070419996
v  0.0258879997 -0.194951996 -0.00661201263
v  0.0252819993 -0.193920001 -0.00750399567
v  0.0253329594 -0.194091007 -0.00762600685
v  0.0256289598 -0.194598004 -0.00714201666
v  0.0253019594 -0.194288 -0.0077110026
v  0.0249619801 -0.193794996 -0.00819797255
v  0.0249159597 -0.193626001 -0.00807602145
v  0.0249299686 -0.193990007 -0.00828100182
v  0.0245249588 -0.193685994 -0.00883401372
v  0.02456096 -0.193491906 -0.00874901749
v  0.0236149691 -0.1928 -0.00984300114
v  0.0245199483 -0.193325907 -0.00862199999
v  0.0235859491 -0.192640007 -0.00970197655
v  0.0225489493 -0.1919 -0.0106510017
v  0.0235699695 -0.192992002 -0.00993503071
v  0.0225639697 -0.192056 -0.0108050201
v  0.022508949 -0.192246005 -0.0109030008
v  0.0224609692 -0.192213997 -0.0109409709
v  0.024799969 -0.193513006 -0.00793499686
v  0.0249409992 -0.193625003 -0.00772202946
v  0.0253679492 -0.194010004 -0.00697601773
v  0.0251579583 -0.193805903 -0.00736797741
v  0.0254669487 -0.194120005 -0.00677002361
v  0.0260149594 -0.195374995 -0.00624699378
v  0.0257229488 -0.195067003 -0.00559903169
v  0.0151159503 -0.217704996 -0.0138329957
v  0.01333699 -0.217264995 -0.0146679953
v  0.00775597105 -0.213081002 -0.0179700349
v  0.0106609799 -0.207064003 -0.0168830231
v  0.00482497225 -0.211246997 -0.0184010323
v  0.00641099224 -0.212239996 -0.0182070248
v  0.00625798712 -0.212475002 -0.0181700047
v  0.00612494908 -0.212644905 -0.017987024
v  0.00467297994 -0.211482003 -0.0183619931
v  0.00454697618 -0.211656004 -0.018179005
v  0.00308898697 -0.210489005 -0.0184869822
v  0.00429699384 -0.210915998 -0.0184490122
v  0.00323895179 -0.210253 -0.0185260233
v  0.00164399098 -0.209252998 -0.0186050031
v  0.00149499997 -0.209489003 -0.0185660236
v  0.000819999957 -0.208735004 -0.0186300334
v  0.00296697579 -0.210665002 -0.0183029827
v  0.001376 -0.209666997 -0.0183810033
v  -0.000100000005 -0.208488002 -0.0186050031
v  0.00448498689 -0.211712003 -0.0179079846
v  0.00799796544 -0.213231996 -0.0179190151
v  0.0187039692 -0.220632002 -0.00184203591
v  0.0187609494 -0.220668003 8.9640962e-06
v  0.0185449384 -0.220532 0.0036539291
v  0.00805596076 -0.213948995 0.0172409248
v  0.0190179683 -0.220743999 8.9640962e-06
v  0.0189619996 -0.220708996 0.0018539282
v  0.0187059995 -0.220633 0.0018359283
v  0.0188009497 -0.220606998 0.00368891703
v  0.0182789899 -0.220364004 0.00545393024
v  0.0185329597 -0.220438004 0.00550793111
v  0.0190569498 -0.220539004 0.00371395098
v  0.0187889598 -0.220367 0.00554595934
v  0.0191809796 -0.220304996 0.00423292816
v  0.0189759396 -0.220171005 0.00555794034
v  0.01858899 -0.219918996 0.00736795506
v  0.018403979 -0.220119998 0.00735293375
v  0.0183219593 -0.219745904 0.00834392011
v  0.0211519897 -0.213329002 0.00782095082
v  0.0194949787 -0.212357 0.0112669263
v  0.0233219583 -0.206625894 0.00724695856
v  0.0180749595 -0.219586998 0.00911794603
v  0.0231949985 -0.209092006 0.00586496526
v  0.0228819586 -0.210585997 0.00543694338
v  0.0235759895 -0.207645997 0.00593196088
v  0.0232219994 -0.209082007 0.00572292693
v  0.0236009695 -0.207652003 0.00578694325
v  0.0237759687 -0.206878006 0.00594096165
v  0.0235959589 -0.207649007 0.00569890719
v  0.0235949494 -0.207649007 0.00569795305
v  0.0235949494 -0.207650006 0.00569890719
v  0.0235099494 -0.207625002 0.00548194628
v  0.0235789698 -0.207644895 0.00562493689
v  0.0242039897 -0.204897895 0.00550692063
v  0.0242879689 -0.204918995 0.00572692137
v  0.0248359796 -0.202157006 0.00553195504
v  0.0249169786 -0.202177003 0.00575696304
v  0.0242629983 -0.204915002 0.0059629553
v  0.0252359789 -0.199367002 0.00539295748
v  0.0254129488 -0.199404001 0.00555692939
v  0.0246609785 -0.202117994 0.00537191704
v  0.0250049494 -0.199321002 0.0053329356
v  0.0244339388 -0.202068001 0.00531392079
v  0.0240319688 -0.204854995 0.00535093574
v  0.0208879393 -0.203878894 0.00528996019
v  0.0238079689 -0.204800993 0.0052939537
v  0.02311996 -0.207518905 0.00527392607
v  0.0233389493 -0.207578003 0.00532894116
v  0.0201889593 -0.205677003 0.00527595263
v  0.0197489597 -0.206704006 0.00524394447
v  0.0232599694 -0.207556993 0.00529592019
v  0.0233389493 -0.207579002 0.00532894116
v  0.0228319485 -0.208636895 0.00523995096
v  0.022903949 -0.208949 0.00523995096
v  0.0234009884 -0.207595006 0.00536792213
v  0.0230389498 -0.208989993 0.00531391986
v  0.0233399589 -0.207578003 0.00532995397
v  0.0235099494 -0.207626 0.00548194628
v  0.0231419485 -0.209027007 0.00542591698
v  0.0226719696 -0.210280001 0.00490395864
v  0.0227839686 -0.210336998 0.00497792847
v  0.0228639599 -0.2104 0.00507496437
v  0.0232049488 -0.209059 0.00556491502
v  0.0227329396 -0.211385995 0.00407891162
v  0.0229079388 -0.210466996 0.00519095547
v  0.0227819998 -0.211778894 0.0043319338
v  0.0228159688 -0.211576 0.00420092279
v  0.0227979682 -0.212004006 0.00390492566
v  0.0228749793 -0.212320998 0.00284795626
v  0.0225949585 -0.211501002 0.00352393277
v  0.0225509685 -0.211252004 0.00399194844
v  0.022524979 -0.210831001 0.00448094448
v  0.0186449587 -0.209024996 0.00352393324
v  0.0185619891 -0.209182993 0.0024369231
v  0.0226739999 -0.211732998 0.00272892555
v  0.0208879393 -0.203878894 0.00150995282
v  0.0192959588 -0.207699001 0.0050449241
v  0.022615999 -0.198324993 0.00150995376
v  0.0215689894 -0.197243005 0.00150995399
v  0.0215689894 -0.197243005 0.00533394888
v  0.0220949985 -0.197239906 0.00150995399
v  0.0209889691 -0.197025999 0.00150995399
v  0.0209889691 -0.197025999 0.00533293607
v  0.0220949985 -0.197239906 0.00533591583
v  0.022615999 -0.198324993 0.00533090997
v  0.0199239589 -0.193048999 0.00535296323
v  0.025528999 -0.196565002 0.00535296276
v  0.0256709792 -0.195841998 0.00538491085
v  0.01996997 -0.196420997 0.00533293607
v  0.0179899596 -0.195179 0.00533293653
v  0.01431897 -0.189532906 0.00535296416
v  0.0203229487 -0.192412004 0.00539492583
v  0.01996997 -0.196420997 0.00150995422
v  0.0179899596 -0.195179 0.00150995422
v  0.0160099603 -0.193937004 0.00150995445
v  0.0160099603 -0.193937004 0.00533293653
v  0.0140299499 -0.192695007 0.005332937
v  0.0120499404 -0.191452995 0.005332937
v  0.0140299499 -0.192695007 0.00150995469
v  0.0120499404 -0.191452995 0.00150995492
v  0.0100699421 -0.190210894 0.005332937
v  0.00270894775 -0.185594007 0.00150995585
v  0.00405398617 -0.186437994 0.00150995585
v  0.0100699421 -0.190210894 0.00150995515
v  0.00808898173 -0.188969001 0.00150995539
v  0.00808898173 -0.188969001 0.00533293746
v  0.00674394425 -0.188124999 0.00150995539
v  0.00539896498 -0.187280998 0.00150995562
v  0.00674394425 -0.188124999 0.00533293746
v  0.0013629999 -0.184750006 0.00150995608
v  5.59999608e-05 -0.183852002 0.00150995608
v  0.0256849788 -0.195775002 0.0053919456
v  0.0258159898 -0.195862994 0.00541495206
v  0.0258259494 -0.196619004 0.00545494677
v  0.0256769992 -0.196592003 0.00537591102
v  0.0257629491 -0.196608007 0.00541393878
v  0.0259409901 -0.196640998 0.00558196381
v  0.0259419996 -0.196640998 0.00558291795
v  0.0260069687 -0.196654007 0.00574092986
v  0.0260179993 -0.196657002 0.00581793906
v  0.025491979 -0.199421003 0.00578694465
v  0.026015969 -0.196657002 0.00591193605
v  0.02535096 -0.199943006 0.00602095248
v  0.0254549701 -0.199415997 0.00602691248
v  0.0248869993 -0.202171996 0.00599496393
v  0.0227659699 -0.208913997 0.00521491701
v  0.0226039588 -0.209774002 0.00504391128
v  0.0188869592 -0.208547994 0.00447993213
v  0.0225509685 -0.210237995 0.00486593181
v  0.01740399 -0.219154999 0.0108009353
v  0.0172239896 -0.219365999 0.0107789449
v  0.0178919695 -0.219791993 0.00909994729
v  0.0167459585 -0.218733996 0.0120519251
v  0.016547 -0.218606994 0.012377955
v  0.0163719989 -0.218824998 0.0123529248
v  0.0151079604 -0.218280002 0.0136359148
v  0.0161339995 -0.218924895 0.0122419447
v  0.0153309405 -0.218165904 0.0137679353
v  0.0139089497 -0.217526004 0.0148189459
v  0.0141149499 -0.217399001 0.0149689149
v  0.0155029604 -0.217942998 0.0137959551
v  0.0142829698 -0.217171997 0.0149979442
v  0.0142799905 -0.21717 0.0149999056
v  0.0127609698 -0.216547996 0.015939936
v  0.0129249403 -0.216317996 0.0159709249
v  0.017023949 -0.210886002 0.0140179247
v  0.0114819696 -0.215412006 0.0167279653
v  0.0113209803 -0.215645 0.0166939348
v  0.0111929504 -0.215231001 0.0168529544
v  0.014002 -0.209075004 0.0157859176
v  0.0111499699 -0.215794995 0.0165219158
v  0.00983098708 -0.214710996 0.0172619652
v  0.0125729805 -0.216688007 0.0157759655
v  0.01373199 -0.217510894 0.0145959053
v  0.0124239605 -0.216690004 0.0155329555
v  0.0110249799 -0.215811998 0.0162659157
v  0.00967398938 -0.214868993 0.0170839243
v  0.00956997927 -0.214899004 0.0168209448
v  0.00814399682 -0.213909 0.0175079554
v  0.00828895625 -0.213745996 0.0176889151
v  0.00659898529 -0.212940007 0.0178199243
v  0.00673494302 -0.212771997 0.018002905
v  0.00782594644 -0.213124007 0.0178629551
v  0.00844500121 -0.213511005 0.0177259259
v  0.00688896189 -0.212537006 0.018039925
v  0.0107249897 -0.207105905 0.0167929363
v  0.00532898912 -0.211559996 0.0182699356
v  0.0043619629 -0.210954994 0.0183789562
v  0.005175984 -0.211795002 0.018230956
v  0.00504598627 -0.211965993 0.0180479158
v  0.00497899111 -0.212018996 0.0177779645
v  0.0065229889 -0.212987006 0.0175509248
v  0.00342998514 -0.211046904 0.0179439671
v  0.00998899899 -0.214477003 0.017296955
v  0.0173919499 -0.219807997 0.00893090852
v  0.0159089901 -0.218877003 0.0120809451
v  0.0149039896 -0.218246907 0.013441965
v  0.01789698 -0.220125005 0.00722496165
v  0.0181489885 -0.220194906 0.00729994429
v  0.0176399685 -0.219873995 0.00903092325
v  0.0167379696 -0.219396994 0.0105619244
v  0.0169769786 -0.219456002 0.0106909052
v  0.01926497 -0.204333007 0.0129379462
v  -0.00734397117 -0.192095906 -0.00446201209
v  -0.0105719697 -0.189043 -0.00500501087
v  -0.0113179898 -0.189623997 -0.00444502477
v  -0.0105219698 -0.188997 -0.00502700452
v  -0.00978496019 -0.188240007 -0.00521899061
v  -0.00684299413 -0.191304997 -0.00502599217
v  -0.0167809911 -0.198271006 -0.0103349779
v  -0.0168049503 -0.197996005 -0.0104159825
v  -0.0173069406 -0.197349995 -0.00869298913
v  -0.0166159514 -0.198470995 -0.0102130268
v  -0.0159899816 -0.198765904 -0.0119569916
v  -0.0160019603 -0.198496893 -0.0120599922
v  -0.0150159802 -0.199377 -0.0134400222
v  -0.0148859797 -0.199555904 -0.013255002
v  -0.01376196 -0.200261995 -0.0145099834
v  -0.0125609795 -0.200918004 -0.0157870129
v  -0.0138649503 -0.200099006 -0.0147249717
v  -0.0125219403 -0.200679004 -0.0159459729
v  -0.0138449902 -0.199847907 -0.0148680229
v  -0.0109509397 -0.201327994 -0.0168259833
v  -0.0131579796 -0.199939996 -0.0153809823
v  -0.0123819895 -0.200427994 -0.015972022
v  -0.00929494947 -0.194973007 -0.0143129919
v  -0.0137079498 -0.199595004 -0.0148919933
v  -0.0148799596 -0.198861003 -0.0135849733
v  -0.0157269407 -0.198331997 -0.0123289917
v  -0.015013 -0.199116006 -0.0135639925
v  -0.0158729702 -0.198240906 -0.0120779928
v  -0.0166789517 -0.197740003 -0.010431001
v  -0.00772096962 -0.185007006 -0.00593102723
v  -0.00970300008 -0.187418893 -0.00589198666
v  -0.009394967 -0.187050894 -0.00589997321
v  -0.00608595507 -0.182932004 -0.00596297579
v  -0.00940998737 -0.187037006 -0.005756028
v  -0.00773396436 -0.184994906 -0.00569797307
v  -0.00610395614 -0.182916 -0.00572700053
v  -0.00571598904 -0.182450995 -0.00597000867
v  -0.00451799482 -0.180803999 -0.00575799448
v  -0.00297894422 -0.178657994 -0.00579000218
v  -0.00297894422 -0.178659007 -0.00588197215
v  -0.00296797697 -0.178664997 -0.00571197923
v  -0.00256898301 -0.178109005 -0.00574702676
v  -0.00291194813 -0.178702995 -0.00555897411
v  -0.0094039673 -0.187041894 -0.00566900522
v  -0.00133194798 -0.177548006 -0.00614202674
v  -0.000988983084 -0.177523002 -0.00676501496
v  0.00945494231 -0.183868006 -0.0138429999
v  0.0067539569 -0.182221994 -0.0133929905
v  0.00810197555 -0.183038995 -0.0136679988
v  0.00957897864 -0.183680996 -0.0137460306
v  0.00822994672 -0.182852998 -0.0135719795
v  0.00833294448 -0.182736903 -0.0133789796
v  0.00838295184 -0.182721004 -0.0131390095
v  0.0096729761 -0.183560997 -0.0135530289
v  0.00971195754 -0.183538005 -0.0133109689
v  0.0110239703 -0.184400007 -0.0136420205
v  0.0109389704 -0.184523895 -0.0138350204
v  0.0108169597 -0.184710994 -0.0139330104
v  0.0118610002 -0.185360998 -0.0139529705
v  0.0122969504 -0.185370997 -0.0138520002
v  0.0137189897 -0.186091006 -0.0136150215
v  0.0136489598 -0.186221004 -0.0138070006
v  0.0135349901 -0.186408907 -0.0139079709
v  0.0121779805 -0.185559005 -0.0139510091
v  0.0123749701 -0.185245007 -0.0136590004
v  0.0110529996 -0.184369996 -0.0134009793
v  -0.00314494316 -0.206242993 -0.0185940322
v  -0.00473197596 -0.205245003 -0.0184739921
v  -0.00631799595 -0.204245999 -0.0182650127
v  0.000306999951 -0.209086999 0.0181479268
v  -0.0177499801 -0.197758004 0.00599693181
v  -0.0173079614 -0.198035002 0.0077459109
v  -0.00540699903 -0.182638004 0.00664596912
v  -0.00763895363 -0.185062006 0.00595693896
v  -0.00042700005 -0.178186998 0.00884192437
v  -0.00238694996 -0.178075001 0.0061239521
v  -0.00441696495 -0.180874005 0.00602196855
v  -0.00152596098 -0.177738994 0.00713091297
v  -0.00564297289 -0.182511002 0.00599693414
v  -0.00600697892 -0.182984993 0.00598894712
v  -0.000253000006 -0.178011 0.00877892226
v  0.000549999939 -0.178679004 0.0100359209
v  -0.000813984079 -0.178002998 0.00827997178
v  -0.000636958051 -0.177825004 0.00821893662
v  -0.00117798906 -0.177846 0.00770496624
v  -0.000251999998 -0.178010002 0.00877892226
v  -0.000421000004 -0.177759007 0.00809692591
v  -0.00100096408 -0.177664906 0.00763993757
v  -0.000219999987 -0.177820995 0.00794696063
v  -0.00135096209 -0.177551001 0.00704794424
v  -0.00159397011 -0.177487001 0.00638293521
v  -0.00170394115 -0.177532002 0.00646894425
v  -0.00179895095 -0.177618995 0.00654994696
v  -0.00199898425 -0.177702993 0.00586592406
v  -0.00208994094 -0.177720994 0.00599693507
v  -0.00215198891 -0.177782997 0.0061359331
v  -0.00249799388 -0.178156003 0.00577395409
v  -0.00251897518 -0.178168997 0.00594394607
v  -0.00217499584 -0.177871004 0.00625192421
v  -0.00186099892 -0.177726999 0.00660996931
v  -0.00290694088 -0.178705007 0.00590794487
v  -0.00290795509 -0.178703994 0.00581496162
v  -0.00249799388 -0.178211004 0.00609093113
v  -0.00287397997 -0.178728893 0.00605594274
v  -0.00931199733 -0.187107995 0.00592695782
v  -0.00925495476 -0.187151998 0.00547992298
v  -0.00916799158 -0.187223002 0.00536792539
v  -0.00911798421 -0.187262997 0.00532894442
v  0.0111250002 -0.184413999 0.0134329703
v  0.0124679497 -0.185256004 0.0134349298
v  0.00844500121 -0.182753995 0.0132059306
v  0.00977996644 -0.183577001 0.013356911
v  0.0110980002 -0.184443995 0.01367395
v  0.01244995 -0.185292006 0.0136749595
v  0.0138009498 -0.186144993 0.0136049297
v  0.0123739596 -0.185420007 0.0138679594
v  0.01373199 -0.186275005 0.0137969088
v  0.0150840003 -0.187132999 0.0136539191
v  0.0136199901 -0.186463997 0.0138979387
v  0.0122579597 -0.185608998 0.0139679201
v  0.0119089801 -0.185389906 0.0139739402
v  0.01101497 -0.184569001 0.0138669498
v  0.00974396523 -0.183603004 0.0135979503
v  0.0151439598 -0.187000006 0.0134639591
v  0.0164709985 -0.187850997 0.0132519491
v  0.0164199788 -0.187987 0.0134409498
v  0.0151420003 -0.186952993 0.0132289398
v  0.0164599698 -0.187799007 0.0130209196
v  0.0138090001 -0.186103001 0.0133679397
v  0.0177409984 -0.188839003 0.0131459702
v  0.0177829582 -0.188701004 0.0129599385
v  -0.00251796097 -0.206634 0.0187019575
v  -0.000943982042 -0.207624003 0.0186919365

# 7095 UV coordinates
vt 0.25575 0.33978501 0
vt 0.510281026 0.33978501 0
vt 0.507637024 0.00173598505 0
vt 0.510281026 0.65971899 0
vt 3.99999999e-06 0.657531023 0
vt 0.25575 0.65971899 0
vt 3.99999999e-06 0.33978501 0
vt 3.99999999e-06 0.335426986 0
vt 0.25575 0.00177395297 0
vt 0.256458998 0.00175899197 0
vt 0.193476006 0.245550007 0
vt 0.000205999982 0.245550007 0
vt 0.003445982 0.490884006 0
vt 0.193476006 0.001509964 0
vt 0.000208999991 0.244871005 0
vt 0.385987997 0.0099919429 0
vt 0.193476006 0.490884006 0
vt 0.386110008 0.245550007 0
vt 0.00353097892 0.493506998 0
vt 0.193476006 0.742371023 0
vt 0.274405986 0.742371023 0
vt 0.386110008 0.490884006 0
vt 0.320455998 0.734817982 0
vt 0.0140139395 0.742371023 0
vt 0.510281026 0.00171899702 0
vt 0.752700984 0.00146496203 0
vt 0.0142019903 0.746764004 0
vt 0.756914973 0.33978501 0
vt 0.756914973 0.00161194801 0
vt 0.756914973 0.65971899 0
vt 0.999997973 0.340525001 0
vt 0.999997973 0.33978501 0
vt 0.999997973 0.65971899 0
vt 0.756914973 0.993954003 0
vt 0.999997973 0.99407202 0
vt 0.000165999998 0.658905029 0
vt 0.000167999999 0.662514985 0
vt 0.000341000006 0.999257982 0
vt 0.999997973 0.656134009 0
vt 0.165971905 0.658905029 0
vt 0.165971905 0.341077 0
vt 4.50000007e-05 0.341077 0
vt 0.331943989 0.341077 0
vt 0.165971905 0.997189999 0
vt 0.331943989 0.658905029 0
vt 0.398676991 0.00537699414 0
vt 0.300065994 0.0213219505 0
vt 0.206569001 0.0514619909 0
vt 0.331943989 0.999952972 0
vt 0.0333289504 0.244018003 0
vt 0.500298977 0.999776006 0
vt 0.601319015 0.00536197377 0
vt 0.500231028 1.99999999e-06 0
vt 0.00779896881 0.370723009 0
vt 0.510281026 0.994113028 0
vt 0.25575 0.993966997 0
vt 0.0946499705 0.130910903 0
vt 3.99999999e-06 0.99396801 0
vt 0.00779896881 0.629275978 0
vt 0.992201984 0.629266024 0
vt 2.59999979e-05 0.499985993 0
vt 0.992200971 0.370723009 0
vt 0.255766004 0.65971899 0
vt 3.99999999e-06 0.99396503 0
vt 0.255766004 0.993960977 0
vt 0.999974012 0.500011981 0
vt 0.601302028 0.994642019 0
vt 0.966666996 0.755997002 0
vt 0.510317028 0.994098008 0
vt 7.0000001e-06 0.65971899 0
vt 0.510317028 0.65971899 0
vt 0.255766004 0.33978501 0
vt 7.0000001e-06 0.657543004 0
vt 1 0.993997991 0
vt 0.999984026 0.662208021 0
vt 0.999984026 0.660048008 0
vt 0.510317028 0.33978501 0
vt 0.756963015 0.65971899 0
vt 0.756963015 0.993984997 0
vt 1 0.994050026 0
vt 0.793402016 0.948552012 0
vt 0.90534699 0.869094014 0
vt 0.699832976 0.978699982 0
vt 1.99999999e-06 0.662832975 0
vt 1.99999999e-06 0.999629021 0
vt 0.165855005 0.999939024 0
vt 0.999970973 0.65971899 0
vt 0.165855005 0.658901989 0
vt 0.999970973 0.655817986 0
vt 1.99999999e-06 0.658901989 0
vt 0.165855005 0.34107399 0
vt 9.99999997e-07 0.34107399 0
vt 0.756963015 0.33978501 0
vt 0.999949992 0.340368986 0
vt 0.999949992 0.33978501 0
vt 0.752704978 0.00147294905 0
vt 0.756963015 0.00164097501 0
vt 9.99999997e-07 0.340487003 0
vt 0.165855005 7.19999953e-05 0
vt 0 3.00000011e-06 0
vt 0.999940991 0.00177496602 0
vt 0.570483029 0.999997973 0
vt 0.993007004 1 0
vt 0.996931016 0.831223011 0
vt 0.999221027 0.666855991 0
vt 0.501290023 0.666855991 0
vt 0.331052005 8.6e-05 0
vt 0.0142039601 0.746810019 0
vt 0.0247849803 1 0
vt 0.193476006 0.990971982 0
vt 0.501290023 0.999997973 0
vt 0.221073002 0.988606989 0
vt 0.228391007 0.891128004 0
vt 0.992766023 0.999328971 0
vt 0.999734998 0 0
vt 0 1 0
vt 0.994800985 0 0
vt 0.162570998 0.000465999969 0
vt 0.0024989841 0.462579012 0
vt 0.254689008 0.744973004 0
vt 0.246856004 0.986020982 0
vt 0.998880982 0.999881029 0
vt 0.00116097904 1 0
vt 0.436453015 0.886821985 0
vt 0.436437994 0.999997973 0
vt 0.999945998 0.675831974 0
vt 0.000110000001 0.998248994 0
vt 0.997182012 1 0
vt 0.998896003 3.00000011e-06 0
vt 0.999888003 0.802362978 0
vt 0.999916017 0.756874979 0
vt 0.782606006 0.756874979 0
vt 0.997771025 1 0
vt 0.998326004 1 0
vt 0.997784972 0 0
vt 0.996672988 0 0
vt 0.998340011 0 0
vt 0.996661007 1 0
vt 0.000110000001 0 0
vt 0.142863005 0 0
vt 0.143762007 1 0
vt 0.998604 1 0
vt 0.998847008 0.99998498 0
vt 0.998861015 0 0
vt 0.998618007 0 0
vt 0.994449973 0 0
vt 0.994440019 1 0
vt 0.990004003 0 0
vt 0.989998996 1 0
vt 0.981113017 0 0
vt 0.98111701 1 0
vt 0.963329017 0 0
vt 0.963352978 1 0
vt 0.927762985 0 0
vt 0.92782402 1 0
vt 0.856629014 0 0
vt 0.856765985 1 0
vt 0.713876009 0 0
vt 0.714164972 1 0
vt 0.571123004 0 0
vt 0.571564019 1 0
vt 0.428368986 0 0
vt 0.428963989 1 0
vt 0.28561601 0 0
vt 0.286363006 1 0
vt 0.998742998 1 0
vt 0.998757005 0 0
vt 0.998826981 0 0
vt 0.99881202 1 0
vt 0.998829007 0.999997973 0
vt 0.998835027 0 0
vt 0.998820007 1 0
vt 0.998844028 0 0
vt 0.190985993 0.678357005 0
vt 0.00673496723 0.847001016 0
vt 0.050226979 0.886821985 0
vt 0.00654298021 0.873372018 0
vt 0.999943972 0.00652599288 0
vt 5.99999985e-05 0 0
vt 2.20000002e-05 0.258473992 0
vt 0.0245199706 0.883035004 0
vt 8.49999997e-05 0.860369027 0
vt 5.99999985e-05 0.503651023 0
vt 0.999451995 0.503651023 0
vt 3.6999998e-05 0.746740997 0
vt 0.670979977 0.802362978 0
vt 0.768671989 0.754381001 0
vt 0.758662999 0.747951984 0
vt 0.755069017 0.739308 0
vt 0.999575973 0.258439004 0
vt 0.999568999 0.746740997 0
vt 0.758135021 0.730432987 0
vt 1 0.995167017 0
vt 0.670979977 0.703323007 0
vt 0.861782014 0.618400991 0
vt 0.00186896301 0.50571698 0
vt 0.997331023 0.50571698 0
vt 0.997375011 0 0
vt 0.00117099204 0.000667999964 0
vt 5.99999985e-05 1 0
vt 0.00179100002 0.540154994 0
vt 0.997112989 0.58732897 0
vt 0.878544986 0.600274026 0
vt 0.766058028 0.600274026 0
vt 0.741048992 0.627588987 0
vt 0.850189984 0.508834004 0
vt 0.96321702 0.508834004 0
vt 0.00117099204 1 0
vt 1 0.999903977 0
vt 0.371226996 0.513278008 0
vt 0.203539997 0.666855991 0
vt 0.377903014 0.499985009 0
vt 0.999863982 0.499972999 0
vt 1.89999992e-05 0.00142896106 0
vt 0 0.499972999 0
vt 0.999826014 0 0
vt 1.89999992e-05 0.997157991 0
vt 0.371226996 0.486730993 0
vt 0.998039007 0.412506014 0
vt 1 0.000195999994 0
vt 0.00118595304 0 0
vt 0.00180494704 0.459818989 0
vt 0.999925971 1 0
vt 0.501290023 0.33317101 0
vt 0.203562006 0.33317101 0
vt 0.501290023 7.0000001e-06 0
vt 0.436453015 0.113187 0
vt 0.570882976 1.99999999e-06 0
vt 0.996924996 0.168437004 0
vt 0.999221027 0.33317101 0
vt 0.191016003 0.321676999 0
vt 0.669162989 8.80000007e-05 0
vt 0.668541014 0.34107399 0
vt 0.834271014 0.34107399 0
vt 0.834271014 5.29999998e-05 0
vt 0.668541014 9.00000014e-05 0
vt 1 0.499599993 0
vt 0.999226987 0.333784014 0
vt 0.500124991 0.34107399 0
vt 0.500124991 0.000304999994 0
vt 0.500124991 0.658901989 0
vt 0.331710011 0.34107399 0
vt 0.331710011 8.80000007e-05 0
vt 0.999226987 0.666203976 0
vt 0.331710011 0.658901989 0
vt 0.668541014 0.658901989 0
vt 0.500124991 0.999737024 0
vt 0.331710011 0.99931097 0
vt 0.398669004 0.994638026 0
vt 0.499754012 0.999998987 0
vt 0.668541014 0.999912977 0
vt 0.206569001 0.948539019 0
vt 0.299984008 0.978649974 0
vt 0.0333329998 0.755999029 0
vt 0.834271014 0.997236013 0
vt 0.834271014 0.658901989 0
vt 0.999660015 0.99921602 0
vt 0.999834001 0.658901989 0
vt 0.999954998 0.34107399 0
vt 0.999834001 0.660299003 0
vt 1.99999999e-06 0.345382988 0
vt 1.99999999e-06 0.658671975 0
vt 1.99999999e-06 0.660049021 0
vt 0.999956012 0.335920006 0
vt 0.999996006 0 0
vt 0.243521005 0.340303004 0
vt 1.99999999e-06 0.340303004 0
vt 0.490287989 0.340303004 0
vt 0.247817904 0.00907194614 0
vt 0.243521005 0.660049021 0
vt 0.243521005 0.00901794434 0
vt 0.742370009 0.19348 0
vt 0.746837974 0.0143929701 0
vt 0.742370009 0.0141939502 0
vt 0.493642986 0.00372898509 0
vt 0.490287989 0.0090289712 0
vt 0.490884006 0.19348 0
vt 0.490884006 0.00363898207 0
vt 0.493063003 0.00904399063 0
vt 0.734872997 0.320502013 0
vt 0.742370009 0.274574012 0
vt 0.490884006 0.386114001 0
vt 0.245551005 0.19348 0
vt 0.245551005 0.386114001 0
vt 0.881241977 0.0113049699 0
vt 0.801916003 0.0113649899 0
vt 0.943988025 0.165105894 0
vt 0.946718991 0.169581994 0
vt 0.914795995 0.0114139896 0
vt 0.745050013 0.254893005 0
vt 0.999825001 0.256368995 0
vt 0.999175012 0.128993005 0
vt 0.997685015 0 0
vt 0.947890997 0.174174994 0
vt 0.000407000014 0.110412002 0
vt 0.999922991 0.197876006 0
vt 0.944415987 0.182742998 0
vt 6.99999946e-05 0.256368995 0
vt 0.000192000007 0.501097977 0
vt 0.999825001 0.501097977 0
vt 0.00025099999 0.744323015 0
vt 0.998869002 0.744323015 0
vt 0.89941901 0.995769978 0
vt 0.950785995 0.887305021 0
vt 0.986681998 0.608433008 0
vt 0.998785973 0.229249001 0
vt 0.000630999974 0 0
vt 0.000630999974 0.996004999 0
vt 0.994956017 1 0
vt 0.485078007 0.00028800001 0
vt 0.134129003 0.995769978 0
vt 0.00020699999 0.998584986 0
vt 0.998252988 1 0
vt 1 0.000372999988 0
vt 0.919516981 0.191548005 0
vt 0.702202976 0.191505998 0
vt 0.670979977 0.197876006 0
vt 0.998432994 0.869610012 0
vt 0.927264988 0.190983996 0
vt 0.330287993 0.197876006 0
vt 0.523994982 0.191548005 0
vt 0.614041984 0.244215995 0
vt 0.670979977 0.175441995 0
vt 0.548484027 0.165124997 0
vt 0.551387012 0.172246903 0
vt 0.677736998 0.182733998 0
vt 0.782606006 0.243166 0
vt 0.768670022 0.245609894 0
vt 0.670979977 0.296736002 0
vt 0.758644998 0.269457012 0
vt 0.755060017 0.260699004 0
vt 0.550701022 0.179275006 0
vt 0.545252979 0.185589999 0
vt 0.535663009 0.190145001 0
vt 0.758659005 0.252045989 0
vt 0.530010998 0.191341907 0
vt 0.684382975 0.187270895 0
vt 0.622658014 0.247312993 0
vt 0.628795028 0.251980007 0
vt 0.693121016 0.190413997 0
vt 0.996294975 0.18716 0
vt 0.998607993 0 0
vt 0.00107896305 4.80000017e-05 0
vt 0.861808002 0.381635994 0
vt 0.741086006 0.372456014 0
vt 0.00160395994 0.503745973 0
vt 0.997310996 0.503745973 0
vt 0.49831599 0.333032012 0
vt 0.77046001 0.251785994 0
vt 0.545346975 0.0173389893 0
vt 0.515595019 0.00227999594 0
vt 0.49831599 0.000180999996 0
vt 0.53283 0.00830894709 0
vt 2.40000008e-05 0.66772002 0
vt 2.20000002e-05 1 0
vt 0.997403979 0.999401987 0
vt 0.214506 0.266903996 0
vt 0.277951986 0.333032012 0
vt 0.421824992 0.482849002 0
vt 0.429410011 0.499998987 0
vt 0.992415011 0.482849002 0
vt 0.848536015 0.333032012 0
vt 0.49831599 0.666985989 0
vt 0.00103694201 0.678174019 0
vt 1 0.999929011 0
vt 0.997473001 0.617778003 0
vt 0.00107896305 1 0
vt 0.76611203 0.399791986 0
vt 0.878594995 0.399791986 0
vt 0.850189984 0.49120599 0
vt 0.96321702 0.49120599 0
vt 0.999934971 0.500001013 0
vt 0.99988699 0 0
vt 1.39999993e-05 0.00106096198 0
vt 0.853926003 0.500024021 0
vt 0.999798 0.999738991 0
vt 0 0.500018001 0
vt 1.39999993e-05 1 0
vt 0.992415011 0.517150998 0
vt 0.999998987 0.499980986 0
vt 1 0 0
vt 0.00103998103 1.49999996e-05 0
vt 0.000997999916 0.321830988 0
vt 0.848519027 0.666985989 0
vt 0.996599972 0.382364005 0
vt 0.00156098604 0.496306002 0
vt 0.770411015 0.748260975 0
vt 0.996474028 0.496306002 0
vt 0.545346975 0.982661009 0
vt 0.996344984 0.812811017 0
vt 0.00103998103 0.999817014 0
vt 0.996495008 0.00284999609 0
vt 2.20000002e-05 0 0
vt 2.79999986e-05 0.332255006 0
vt 0.998920023 1 0
vt 0.515596986 0.997721016 0
vt 0.532828987 0.991689026 0
vt 0.49831599 0.999818981 0
vt 1 0.996071994 0
vt 0.998403013 0.660739005 0
vt 4.50000007e-05 0.958720982 0
vt 0.214485005 0.733115017 0
vt 0.495932996 0.999812007 0
vt 2.29999987e-05 0.660739005 0
vt 0.330287993 0.802362978 0
vt 0.614039004 0.755774975 0
vt 0.604323983 0.756874979 0
vt 0.622659981 0.752681971 0
vt 0.997195005 0.332255006 0
vt 0.628890991 0.748088002 0
vt 0.523998022 0.808416009 0
vt 0.330287993 0.64309001 0
vt 0.305009007 0.67028898 0
vt 0.358846992 0.736895978 0
vt 0.387015015 0.756874979 0
vt 0.375135988 0.755003989 0
vt 0.306616992 0.808492005 0
vt 0.330287993 0.808426976 0
vt 0.292340994 0.810980976 0
vt 0.182981998 0.802362978 0
vt 0.155076995 0.833298981 0
vt 0.365543991 0.750472009 0
vt 0.359872013 0.744051993 0
vt 9.79999968e-05 0.207789004 0
vt 0.997992992 0.41128999 0
vt 0.999077976 0.207789004 0
vt 7.19999953e-05 0.41128999 0
vt 0.997500002 0.610316992 0
vt 0.000169000006 0.610316992 0
vt 0.0140299704 0.987959981 0
vt 0.0335399508 0.996720016 0
vt 0.0571149513 0.999812007 0
vt 0.00255894591 0.975443006 0
vt 0.00770097878 0.948359013 0
vt 0.000476000016 0.961507976 0
vt 0.000138000003 0.804738998 0
vt 0.998288989 0.499462008 0
vt 0.994989991 0 0
vt 0.000378999976 0.000859000022 0
vt 0.000131999986 1 0
vt 0.998320997 0.994015992 0
vt 0.000544999959 0.499462008 0
vt 0.362544 0.730432987 0
vt 0.464482993 0.619632006 0
vt 0.99623698 0.586736977 0
vt 0.482362002 0.600274026 0
vt 0.369776994 0.600274026 0
vt 0.454598993 0.508834004 0
vt 0.99673003 0.186486006 0
vt 0.999758005 0 0
vt 0.0115149599 0.000179999988 0
vt 0.0132609596 0.204871997 0
vt 0.990541995 0.273649991 0
vt 0.499886006 0.664708972 0
vt 0.867312014 0.664708972 0
vt 0.99484998 0.513274014 0
vt 0.789718986 0.756653011 0
vt 0.0101079904 0.329209 0
vt 0.962149978 0.597440004 0
vt 0.983914018 0.329209 0
vt 0.585290015 1 0
vt 0.0267459694 0.657872975 0
vt 0.52749002 1 0
vt 0.773404002 0.682402015 0
vt 0.773772001 0.683788002 0
vt 0.792925 0.655404985 0
vt 0.0275639798 0.659655988 0
vt 0.974119008 0.659655988 0
vt 0.529064 0.916989982 0
vt 0.709142983 0.490884006 0
vt 0.961845994 1 0
vt 0.792925 0.490884006 0
vt 0.682135999 0.433266014 0
vt 3.79999983e-05 1 0
vt 0.0967459604 0.996290028 0
vt 0.58474499 0.490884006 0
vt 0.651941001 0.490884006 0
vt 0.58474499 0.245551005 0
vt 0.792925 0.299358994 0
vt 0.488613009 0.181248993 0
vt 0.0705899522 0.507749975 0
vt 0.999768019 0.507749975 0
vt 0.853996992 0.408751011 0
vt 0.997016013 0 0
vt 0.962949991 0.00969499256 0
vt 0.755936027 0.245551005 0
vt 0.805561006 0.825518012 0
vt 0.878198028 0.871282995 0
vt 0.956005991 0.793887973 0
vt 0.666800976 0.964377999 0
vt 0.752317011 0.997395992 0
vt 0.00426494982 0.705103993 0
vt 0.993852973 0.821852028 0
vt 0.00587397814 0.999975026 0
vt 0.292569995 0.886822999 0
vt 0.197111994 1 0
vt 0.216481999 1 0
vt 0.887129009 0.480129004 0
vt 0.882246017 0.490884006 0
vt 0.801773012 0.641568005 0
vt 0.499886006 1 0
vt 0.158837005 0.664708972 0
vt 0.146290004 0.679602981 0
vt 0.00520694209 0.847001016 0
vt 0.0387639888 0.886822999 0
vt 0.992455006 0.999975026 0
vt 0.993649006 0 0
vt 4.89999984e-05 0 0
vt 4.89999984e-05 0.998646975 0
vt 0.999880016 1 0
vt 0.999625981 0.00429499103 0
vt 9.99999975e-06 0 0
vt 4.1999996e-05 0.254651994 0
vt 7.30000029e-05 0.859960973 0
vt 0.0191809498 0.883165002 0
vt 0.999746025 0.99633503 0
vt 0.999670029 0.75405997 0
vt 7.0000001e-06 0.75405997 0
vt 9.99999975e-06 1 0
vt 0.00494098617 0.873228014 0
vt 1.10000001e-05 0.506612003 0
vt 0.999692976 0.506612003 0
vt 0.666800976 0.793887973 0
vt 0.776320994 0.732263982 0
vt 0.780031025 0.723953009 0
vt 0.780113995 0.740836024 0
vt 0.618322015 0.749637008 0
vt 0.333532989 0.793887973 0
vt 0.499938011 0.799957991 0
vt 0.666800976 0.799935997 0
vt 0.779833972 0.799818993 0
vt 0.805755973 0.749628007 0
vt 0.791034997 0.747247994 0
vt 0.633347988 0.747322023 0
vt 0.666800976 0.718418002 0
vt 0.644050002 0.741086006 0
vt 0 0.497305989 0
vt 9.99999975e-06 0.994334996 0
vt 0.999931991 0.497305989 0
vt 0.999922991 0.0048729768 0
vt 0.999961972 1 0
vt 0.999557018 0.000719999953 0
vt 5.49999968e-05 0 0
vt 6.60000005e-05 0.499837995 0
vt 0.500050008 0.665242016 0
vt 0.500050008 0.99980998 0
vt 0.655456007 0.99980998 0
vt 0.689231992 0.982658982 0
vt 0.674932003 0.995185971 0
vt 0.000307999988 0.999678016 0
vt 0.998440027 1 0
vt 0.99811101 0.902651012 0
vt 0.000442999968 0.496910006 0
vt 0.842934012 0.748579979 0
vt 0.999773979 0.496901006 0
vt 0.999926984 0.377543986 0
vt 0.000288999989 0.31803599 0
vt 0.897596002 0.665242016 0
vt 0.999782979 0.000131999986 0
vt 0.000307999988 0 0
vt 0.994816005 0.517150998 0
vt 6.00000021e-06 0.997852027 0
vt 1 1 0
vt 0.999898016 0.499879986 0
vt 0.994816005 0.482849002 0
vt 1 0.499998987 0
vt 0 0.499989003 0
vt 0.995642006 0.491450012 0
vt 0.880868018 0.500014007 0
vt 0.876812994 0.508583009 0
vt 0.999992013 0 0
vt 6.00000021e-06 0.00226199604 0
vt 0.876812994 0.491450012 0
vt 0.995194018 0.508430004 0
vt 0.998614013 0.407763004 0
vt 0.992595971 0 0
vt 0.000309999974 0.000691999972 0
vt 0.907724977 0.403669 0
vt 0.999974012 0.989745975 0
vt 0.999679983 0.500014007 0
vt 0 0.500014007 0
vt 4.99999987e-06 1 0
vt 0.998968005 0.500015974 0
vt 0.907680988 0.596373975 0
vt 1 0.0103659602 0
vt 4.99999987e-06 0 0
vt 0.000295000005 0.999279022 0
vt 0.992797971 1 0
vt 0.998782992 0.592028022 0
vt 0.286440015 0.513274014 0
vt 0.291590005 0.5 0
vt 0.000451 0.546122015 0
vt 0.789175987 0.596373975 0
vt 0.88823998 0.61590302 0
vt 0.999596 0.501558006 0
vt 0.999755025 0 0
vt 0.000295000005 0.000515000022 0
vt 0.761409998 0.624152005 0
vt 0.00046999997 0.501558006 0
vt 0.000468999991 0.453814 0
vt 0.499886006 0.335317999 0
vt 0.286440015 0.486726999 0
vt 0.158859998 0.335317999 0
vt 0.867335975 0.335317999 0
vt 0.789731026 0.243364006 0
vt 0.99484998 0.486726999 0
vt 0.292569995 0.113178 0
vt 0.216303006 9.99999997e-07 0
vt 0.499886006 0 0
vt 0.527622998 0 0
vt 0.585289001 9.99999997e-07 0
vt 0.963337004 0.402693987 0
vt 0.0276309792 0.340368986 0
vt 0.0268089697 0.34215799 0
vt 0.0101289703 0.670836985 0
vt 0.655538976 0.792922974 0
vt 0.683848977 0.773817003 0
vt 0.682458997 0.77344799 0
vt 0.979991972 0.340368986 0
vt 0.530955017 0.0828879997 0
vt 0.490884006 0.709164023 0
vt 0.490884006 0.792922974 0
vt 0.433355004 0.682223022 0
vt 0.96419102 0 0
vt 0.0966519713 0.00365197589 0
vt 0 0 0
vt 0.154938906 0.167098895 0
vt 0.490884006 0.65200597 0
vt 0.490884006 0.58474499 0
vt 0.245551005 0.58474499 0
vt 0.299412012 0.792922974 0
vt 0.742370009 0.58474499 0
vt 0.638251007 0.52750802 0
vt 0.502460003 0.645112991 0
vt 0.677765012 0.472930014 0
vt 0.282146007 0.182733998 0
vt 0.117022999 0.0043129921 0
vt 0.00366598298 0.126938 0
vt 0.982032001 1 0
vt 1 0.00145196903 0
vt 0.742370009 0.716045976 0
vt 0.000386 0.0827049613 0
vt 0.755065024 0.718491018 0
vt 0 0.000501999981 0
vt 0.0481309816 0.623939991 0
vt 0.134277001 0.997255981 0
vt 0.824236989 0.000195999994 0
vt 0.875630975 0.58474499 0
vt 0.00286197593 0 0
vt 0.0689039826 0.813542008 0
vt 1.39999993e-05 0.669438004 0
vt 1.29999989e-05 0.983061016 0
vt 0.996953011 0.669438004 0
vt 0.996222973 1 0
vt 1.10000001e-05 0.343912005 0
vt 0.998245001 0.343912005 0
vt 0.296555012 0.190629005 0
vt 0.288020998 0.187469006 0
vt 1.29999989e-05 0 0
vt 0.0989639685 0.94847703 0
vt 0.306589007 0.191776007 0
vt 0.000149999993 0.999979973 0
vt 0.98735702 0.999979973 0
vt 0.991693974 0.890954971 0
vt 0.330287993 0.191844895 0
vt 0.990603983 0 0
vt 0.000149999993 0.00216895295 0
vt 8.49999997e-05 1 0
vt 1 0.992129982 0
vt 0.998965979 0.889989018 0
vt 0.998000026 0.79075402 0
vt 0.000146000006 0.79075402 0
vt 0.899524987 0.997255981 0
vt 0.997892022 0.140046 0
vt 0.975983024 0.727317989 0
vt 0.942276001 0.924816012 0
vt 7.09999949e-05 0.589564025 0
vt 0.996737003 0.589564025 0
vt 3.6999998e-05 0.392738014 0
vt 0.996110976 0.392738014 0
vt 0.995261014 0.449820012 0
vt 0.995453 0.198108003 0
vt 7.30000029e-05 0.198108003 0
vt 0.000487999991 0.0217689797 0
vt 0.000203999996 0.107741997 0
vt 0.993394017 0.000501999981 0
vt 0.894806981 0.554489017 0
vt 0.89031601 0.554087996 0
vt 0.994226992 0 0
vt 0.335532993 0.414786994 0
vt 0.987968028 0.995453 0
vt 0.742370009 0.544157982 0
vt 0.999557018 0 0
vt 0.518198013 0.0103459898 0
vt 0.404388011 0.00893294811 0
vt 0.547142029 0.768863022 0
vt 0.979452014 0.0445619784 0
vt 0.742370009 0.386114001 0
vt 0.742370009 0.479032993 0
vt 0.931962013 0.479858994 0
vt 0.000633999996 0.0852819607 0
vt 0.00371599104 0 0
vt 0 0.000289999996 0
vt 0.962431014 0.386114001 0
vt 0.0479509793 0.622932017 0
vt 0.999361992 0.667638004 0
vt 1.89999992e-05 0.667638004 0
vt 1.6e-05 0.980403006 0
vt 0.0687029883 0.812400997 0
vt 0.0992589518 0.948558986 0
vt 0.982178986 0.00180297997 0
vt 0.998898029 0.338272989 0
vt 0.998875022 0.0296880007 0
vt 1.89999992e-05 0.338272989 0
vt 1.6e-05 0 0
vt 0.742370009 0.319891989 0
vt 0.936676979 0.0298709795 0
vt 1 0.994890988 0
vt 0.997011006 0 0
vt 0.977006018 0.285477996 0
vt 0.000384999992 0.0242919903 0
vt 0.981404006 0.28490299 0
vt 0.999737978 0.492255986 0
vt 0.0704029724 0.492255986 0
vt 0.487825006 0.818984985 0
vt 0.408852011 0.854021013 0
vt 0.99436003 1 0
vt 0.245551005 0.755904019 0
vt 0.961838007 0.990723014 0
vt 0.878167987 0.128847003 0
vt 0.752282023 0.00260299398 0
vt 0.666800976 0.0356329605 0
vt 0.666800976 0.000607000024 0
vt 0.0306479894 0.584836006 0
vt 0.164322004 0.775754988 0
vt 0.242698997 0.753764987 0
vt 0.187547997 0.769550025 0
vt 0.03063499 0.58474499 0
vt 0.58474499 0.245550007 0
vt 0.58474499 0.0305059496 0
vt 0.58465302 0.0304919407 0
vt 0.68857801 0.0494749509 0
vt 0.049626939 0.688647985 0
vt 0.792864025 0.0769929811 0
vt 0.0771059915 0.792922974 0
vt 0.775498986 0.164665893 0
vt 0.792925 0.0770120025 0
vt 0.184437007 0.792922974 0
vt 0.245551005 0.838288009 0
vt 0.0771239921 0.792984009 0
vt 0.30547601 0.386985987 0
vt 1 0.997641981 0
vt 0.998479009 0.203973994 0
vt 0.388871014 0.921558022 0
vt 0.245551005 0.974391997 0
vt 0.764486015 0.0989339873 0
vt 0.156559005 1 0
vt 0.685320973 0.000270999997 0
vt 0.500020981 0.997581005 0
vt 0.951536 0.997398973 0
vt 0.999414027 0.228691906 0
vt 0.996761978 0 0
vt 0.392529011 0.923740029 0
vt 0.500670016 0 0
vt 0.00158697297 0.499951988 0
vt 0.999450028 0.499951988 0
vt 0.997871995 0.202268004 0
vt 0.99841398 0.796885014 0
vt 0.00102794101 1 0
vt 0.048409991 0.997398973 0
vt 0.315683007 0.000329999981 0
vt 0.00102794101 0 0
vt 0.500020981 0 0
vt 0.974340022 0.245550007 0
vt 0.837777019 0.245550007 0
vt 0.921301007 0.389364988 0
vt 0.999915004 0.156696007 0
vt 0.000565999944 0.228695005 0
vt 0.00318395998 0 0
vt 0.923482001 0.393027008 0
vt 1.70000003e-05 0.753327012 0
vt 0.000120000004 0.90021503 0
vt 0.999867022 0.753327012 0
vt 0.000142999997 0.987276971 0
vt 0.998667002 1 0
vt 0.190255895 0.182980999 0
vt 0.194627002 0.174639896 0
vt 0.0440329909 0.206281006 0
vt 4.99999987e-05 0.502779007 0
vt 0.999912024 0.502779007 0
vt 0.193878993 0.191579893 0
vt 0.121710002 0.128790006 0
vt 0.21999 0.200213999 0
vt 0.212255001 0.199699894 0
vt 0.333532989 0.206281006 0
vt 0.00426197005 0.705129981 0
vt 0.00586998416 0.999975026 0
vt 0.990495026 0.821830988 0
vt 0.999772012 0.507506013 0
vt 0.989755988 0.999975026 0
vt 0 0.250304997 0
vt 0.194066003 0.250375003 0
vt 0.204973906 0.197956994 0
vt 0.999468982 0.250748008 0
vt 0.999351978 0.125306994 0
vt 5.19999958e-05 0.00310897804 0
vt 0.999257982 0 0
vt 0.208863005 0.25275299 0
vt 0.219795004 0.259162992 0
vt 0.223585993 0.267738998 0
vt 0.219794005 0.276080012 0
vt 0.666800976 0.206281006 0
vt 0.499938011 0.200234994 0
vt 0.618323028 0.250380993 0
vt 0.333532989 0.200227007 0
vt 0.333532989 0.281143993 0
vt 0.355774999 0.258947015 0
vt 0.381502002 0.250380993 0
vt 0.366501004 0.252685994 0
vt 1 0.000588999945 0
vt 6.60000005e-05 0.500162005 0
vt 0.999557018 0.999271989 0
vt 9.99999975e-06 0.995335996 0
vt 0.999786019 1 0
vt 0.999850988 0.497343004 0
vt 5.49999968e-05 1 0
vt 0.655456007 0.000189999992 0
vt 0.500050008 0.000189999992 0
vt 0.500050008 0.334776998 0
vt 0.344543993 0.000189999992 0
vt 0.157023996 0.25147301 0
vt 0.102393001 0.334776998 0
vt 0.310768008 0.0173409507 0
vt 0.842963994 0.251462013 0
vt 0.689231992 0.0173409507 0
vt 0.00518399384 0.482849002 0
vt 0.897607982 0.334776998 0
vt 0.000299999985 0.999818981 0
vt 0.998818994 1 0
vt 0.998804986 0.904724002 0
vt 0.000430999993 0.496856004 0
vt 0.325051993 0.00482296897 0
vt 1 0.00268894411 0
vt 0 0.497343004 0
vt 0.000459999981 0.503139973 0
vt 0.999809027 0.503139973 0
vt 0.998497009 0.0973179936 0
vt 0.999936998 0.62251699 0
vt 0.000318000006 0.000222000002 0
vt 0.000299000007 0.681971014 0
vt 0.789211988 0.403669 0
vt 0.88827002 0.384131014 0
vt 0.999783993 0.999859989 0
vt 0.761440992 0.375889987 0
vt 0.000309999974 0.999565005 0
vt 0.999502003 1 0
vt 0.999460995 0.498396993 0
vt 0.780224979 0.276012987 0
vt 0.000488999998 0.498396993 0
vt 0.00520694209 0.152999893 0
vt 0.146309003 0.320419014 0
vt 0.999675989 0.00306296302 0
vt 2.59999979e-05 0.245957002 0
vt 0.00494295312 0.126771003 0
vt 2.40000008e-05 0.140040904 0
vt 0.0387639888 0.113178 0
vt 6.29999995e-05 0.745378971 0
vt 0.999844015 0.99564898 0
vt 0.993327022 1 0
vt 0.999967992 0 0
vt 4.89999984e-05 0.00137197901 0
vt 4.89999984e-05 1 0
vt 0.0191949606 0.116848998 0
vt 0.99979502 0.745378971 0
vt 2.29999987e-05 0.493425012 0
vt 0.999790013 0.493425012 0
vt 0.791028976 0.252739012 0
vt 0.805757999 0.250380993 0
vt 0.780120015 0.259162992 0
vt 0.776386976 0.267737001 0
vt 0.999894023 0.245957002 0
vt 0.990566015 0.178169996 0
vt 0.989884019 0 0
vt 0.00586295081 0 0
vt 1 0.250304013 0
vt 0.955937028 0.206281006 0
vt 0.0042569628 0.294856995 0
vt 0.779833972 0.200213999 0
vt 0.794865012 0.197960004 0
vt 0.805561006 0.174514994 0
vt 0.809632003 0.182979003 0
vt 0.806001008 0.191590995 0
vt 2.99999992e-05 0.995350003 0
vt 0.99911201 1 0
vt 0.999484003 0.74921 0
vt 0.999903977 0.497125 0
vt 2.99999992e-05 0.497146994 0
vt 3.9999999e-05 0.74921 0
vt 0.975399971 0.897713006 0
vt 0.993395984 0.613997996 0
vt 0.999872029 0.246635005 0
vt 1.10000001e-05 0.246635005 0
vt 0.000167999999 0.01312094 0
vt 0.998817027 0 0
vt 0.666800976 0.200231001 0
vt 0.99950403 0.000516999979 0
vt 0.480230987 0.887152016 0
vt 0.490884006 0.882314026 0
vt 0.197111994 9.99999997e-07 0
vt 0.666800976 0.281614006 0
vt 0.644050002 0.258947015 0
vt 0.998544991 0 0
vt 0.633349001 0.25267899 0
vt 0 0.502673984 0
vt 1 0.996707976 0
vt 0.999864995 0.502673984 0
vt 9.99999975e-06 0.00575095415 0
vt 0.999831021 0 0
vt 0.674929023 0.00481295493 0
vt 0.000281999994 0.31804201 0
vt 0.999967992 0.377471 0
vt 0.999258995 0.000123999998 0
vt 0.000299999985 0 0
vt 0.999948025 0.496856004 0
vt 0.122933999 0.491423994 0
vt 0.210692003 0.403669 0
vt 0.0921069905 0.403669 0
vt 0.111575998 0.384121001 0
vt 0.238463894 0.375896007 0
vt 0.999201 0.501522005 0
vt 0.000338999991 0.000329999981 0
vt 0.000532999984 0.501522005 0
vt 0.000510999991 0.546135008 0
vt 0.998359978 0.592109025 0
vt 0.853712022 0.320405006 0
vt 0.994792998 0.153000996 0
vt 0.707430005 0.113179997 0
vt 0.841153979 0.335312009 0
vt 0.000338999991 0.999342978 0
vt 0.713559985 0.486728013 0
vt 0.500665009 0.335312009 0
vt 0.784247994 1.99999999e-06 0
vt 0.500665009 0.664716005 0
vt 0.00514996005 0.486728013 0
vt 0.210229903 0.243396893 0
vt 0.132691994 0.335312009 0
vt 0.500665009 3.00000011e-06 0
vt 0.414761007 3.00000011e-06 0
vt 1.29999989e-05 0.500014007 0
vt 1.10000001e-05 1 0
vt 1 0.997262001 0
vt 0.00514996005 0.513275027 0
vt 0.997157991 0.186377004 0
vt 0.999710023 0 0
vt 0.0114449803 7.9999998e-05 0
vt 0.0132189896 0.204875007 0
vt 0.545433998 0.491205007 0
vt 0.432401001 0.491205007 0
vt 0.432401001 0.508835018 0
vt 0.541926026 0.500028014 0
vt 0.630077004 0.399792999 0
vt 0.517430007 0.399792999 0
vt 0.999768019 0.500014007 0
vt 0.996100008 0.587256014 0
vt 0.000398999982 0.499583006 0
vt 0.000299000007 0.652855992 0
vt 0.998227 0.499583006 0
vt 0.98032701 1 0
vt 0.535383999 0.380353004 0
vt 0.668664992 0.358011991 0
vt 0.637494981 0.269576997 0
vt 0.000311999989 0.000846999988 0
vt 0.994893014 0 0
vt 0.000136999995 0.804781973 0
vt 0.000130999993 1 0
vt 0.998893023 0.99406898 0
vt 0.998149991 0.804781973 0
vt 0.641084015 0.263089001 0
vt 0.668664992 0.19788 0
vt 0.640073001 0.255944014 0
vt 0.997958004 0.610414028 0
vt 0.634436011 0.249522001 0
vt 7.19999953e-05 0.411421001 0
vt 0.998274028 0.411421001 0
vt 0.000167999999 0.610414028 0
vt 0.99237901 0.0516409799 0
vt 0.999597013 0.0385310017 0
vt 0.997559011 0.0246329904 0
vt 0.942960024 0.000187999991 0
vt 0.966768026 0.00334399892 0
vt 0.986178994 0.0121289399 0
vt 0.000467000005 0 0
vt 0.000467000005 1 0
vt 0.996022999 0.999783993 0
vt 0.999168992 0.207886904 0
vt 0.000130999993 0.000644000014 0
vt 0.785582006 0.266856998 0
vt 9.49999958e-05 0.207886904 0
vt 0.504108012 0.000187999991 0
vt 0.972791016 2.29999987e-05 0
vt 5.29999998e-05 0.937066972 0
vt 2.20000002e-05 0.999800026 0
vt 0.500473022 0.00020699999 0
vt 0.484403998 0.00228798296 0
vt 0.454688996 0.0173389893 0
vt 0.500473022 0.333032995 0
vt 2.29999987e-05 0.660345018 0
vt 0.229023904 0.252182007 0
vt 0.722100019 0.333032995 0
vt 0.578221023 0.482849002 0
vt 0.151489004 0.333032995 0
vt 0.500473022 0.666984975 0
vt 0.00758498907 0.482849002 0
vt 0.570635974 0.499998987 0
vt 0.99921602 0.499985993 0
vt 1 0.000365000014 0
vt 0 0.499985993 0
vt 0.000311999989 0.999980986 0
vt 0.999945998 0.998646975 0
vt 0.428723007 0.500029981 0
vt 0.996708989 0.382169992 0
vt 1 0.000170999992 0
vt 0.000628999958 0.321839988 0
vt 0.00121897401 0.495429009 0
vt 0.00067899999 0 0
vt 0.149819002 0.491205007 0
vt 0.234417006 0.399792999 0
vt 0.121445 0.399792999 0
vt 0.0367859602 0.491205007 0
vt 1.29999989e-05 0.997326016 0
vt 0.999888003 1 0
vt 0.999939978 0.499877989 0
vt 0.0367859602 0.508835018 0
vt 0.146006003 0.500024021 0
vt 0.0331179388 0.500034988 0
vt 0.999871016 0.499985993 0
vt 0.99989599 0.000209999984 0
vt 1.89999992e-05 0 0
vt 0.00108194305 0.999992013 0
vt 1 0.999998987 0
vt 0.998668015 0.587312996 0
vt 0.99979502 0.998381972 0
vt 0.500509977 0.666857004 0
vt 0.62183702 0.500010014 0
vt 0.628516972 0.486734986 0
vt 0.628516972 0.513282001 0
vt 1.89999992e-05 1 0
vt 0.997748017 0.412941009 0
vt 0.001065969 0.000107 0
vt 0.00161397399 0.460200995 0
vt 0.796350002 0.666857004 0
vt 0.808924019 0.678363025 0
vt 0.998057008 0.494724989 0
vt 0.00168597605 0.494724989 0
vt 0.949720025 0.886822999 0
vt 0.993239999 0.847002029 0
vt 0.563250005 0.886822999 0
vt 0.001065969 0.999979973 0
vt 0.997574985 0.999981999 0
vt 0.327744007 0.802358985 0
vt 0.327744007 0.700969994 0
vt 0.241879895 0.730463028 0
vt 0.138217002 0.618430972 0
vt 0.245617002 0.739395022 0
vt 0.999594986 0.254563987 0
vt 1 1.99999995e-05 0
vt 6.09999988e-05 0 0
vt 0.241899997 0.748070002 0
vt 3.79999983e-05 0.254563987 0
vt 0.999453008 0.498778999 0
vt 0.231721893 0.754462004 0
vt 6.09999988e-05 0.498778999 0
vt 2.29999987e-05 0.743609011 0
vt 0.999531984 0.743609011 0
vt 0.217407003 0.756909013 0
vt 0.999924004 0.998588979 0
vt 0.000111999994 0.802358985 0
vt 8.39999921e-05 0.756909013 0
vt 0.999805987 0.99999702 0
vt 0.997552991 0 0
vt 0.000243999995 0.000381999969 0
vt 6.09999988e-05 1 0
vt 0.0024989841 0.537420988 0
vt 0.999948025 0.323846996 0
vt 0.998880982 0.000119000004 0
vt 0.995356023 1 0
vt 0.997581005 1 0
vt 0.994440019 0 0
vt 0.989998996 0 0
vt 0.996661007 0 0
vt 0.990907013 1 0
vt 0.00116097904 0 0
vt 0.999527991 1 0
vt 0.999770999 1 0
vt 0.998847008 1.49999996e-05 0
vt 0.998604 0 0
vt 0.999248981 1 0
vt 0.998326004 0 0
vt 0.997771025 0 0
vt 0.998692989 1 0
vt 0.98111701 0 0
vt 0.98200798 1 0
vt 0.964210987 1 0
vt 0.963352978 0 0
vt 0.92782402 0 0
vt 0.928617001 1 0
vt 0.856765985 0 0
vt 0.857428014 1 0
vt 0.714164972 0 0
vt 0.714564025 1 0
vt 0.571564019 0 0
vt 0.571699977 1 0
vt 0.428835988 1 0
vt 0.428963989 0 0
vt 0.286363006 0 0
vt 0.285971999 1 0
vt 0.000243999995 1 0
vt 0.143762007 0 0
vt 0.143107995 1 0
vt 0.999666989 1 0
vt 0.998742998 0 0
vt 0.999736011 1 0
vt 0.99881202 0 0
vt 0.998829007 1.99999999e-06 0
vt 0.999745011 1 0
vt 0.998820007 0 0
vt 0.999752998 1 0
vt 0.162499994 0.999534011 0
vt 0.994800985 1 0
vt 0.891179025 0.228204995 0
vt 0.98605603 0.246672004 0
vt 0.988570988 0.221634001 0
vt 0.500509977 0.999997973 0
vt 0.563265026 0.999997973 0
vt 0.429719001 0.999997973 0
vt 0.990987003 0.19348 0
vt 0.00311994506 0.83157903 0
vt 0.746899009 0.0143959504 0
vt 1 0.0249779802 0
vt 0.00709396601 1 0
vt 9.99999975e-06 0.340299994 0
vt 0.243472904 0.340299994 0
vt 0.243472904 0.00900995731 0
vt 0.247830003 0.00904399063 0
vt 8.39999921e-05 0.00906699803 0
vt 0.49368 0.00373095204 0
vt 0.490253001 0.340299994 0
vt 0.490253001 0.00900095701 0
vt 0.243472904 0.660048008 0
vt 0.744298995 0.340299994 0
vt 0.493065 0.00901394989 0
vt 0.490253001 0.660048008 0
vt 0.744298995 0.660048008 0
vt 0.243472904 0.994000971 0
vt 0.490253001 0.994121015 0
vt 0.966660023 0.243980005 0
vt 0.793429017 0.0514649712 0
vt 0.744298995 0.994004011 0
vt 0.905340016 0.130898997 0
vt 0.834326982 0.658905029 0
vt 0.834326982 0.997246027 0
vt 0.999662995 0.999363005 0
vt 0.999777019 0.660374999 0
vt 0.700003982 0.0213489495 0
vt 7.79999973e-05 0.994175971 0
vt 2.0999998e-05 0.660048008 0
vt 0.999777973 0.658905029 0
vt 9.99999975e-06 0.345337003 0
vt 2.0999998e-05 0.658599019 0
vt 0.834326982 0.341077 0
vt 0.999885023 0.341077 0
vt 0.668654025 0.341077 0
vt 0.669284999 7.9999998e-05 0
vt 0.834326982 5.29999998e-05 0
vt 0.000789999962 0.666857004 0
vt 0.500509977 0.33317101 0
vt 0.000789999962 0.33317101 0
vt 0 0.500386 0
vt 0.000783999974 0.666234016 0
vt 0.668654025 8.09999983e-05 0
vt 0.500298977 0.341077 0
vt 0.500298977 0.000297999999 0
vt 0.500298977 0.658905029 0
vt 0.331943989 8.2999999e-05 0
vt 0.331306994 8.19999987e-05 0
vt 0.000783999974 0.333802998 0
vt 0.668654025 0.658905029 0
vt 0.668654025 0.999909997 0
vt 0.165971905 5.40000001e-05 0
vt 0.00311696506 0.168586999 0
vt 4.99999987e-06 9.99999997e-07 0
vt 0.430177987 0 0
vt 0.00709396601 1.6e-05 0
vt 0.193476006 0.990957975 0
vt 0.500509977 1.10000001e-05 0
vt 0.221476004 0.988561988 0
vt 0.228053004 0.891166985 0
vt 0.997501016 0 0
vt 0.162321001 0.00191795803 0
vt 0.00249797106 0.463245988 0
vt 0.246522993 0.98605299 0
vt 0.254565001 0.745092988 0
vt 0.997022986 0.997514009 0
vt 0.999091983 0 0
vt 0.0852319524 0.01138895 0
vt 8.39999921e-05 0.103355996 0
vt 7.6999997e-05 0.19788 0
vt 0.0523159504 0.174160004 0
vt 0.0567119718 0.165246993 0
vt 0.118934996 0.0112669403 0
vt 0.998712003 0.00474900007 0
vt 0.934603989 0.969922006 0
vt 0.995185018 1 0
vt 0.198143005 0.0113089597 0
vt 0.000407000014 0.890814006 0
vt 0.000284999987 0.977190971 0
vt 0.997669995 1 0
vt 0.999844015 0.743376017 0
vt 6.29999995e-05 0.743376017 0
vt 0.00669199182 0.000230999984 0
vt 0.00120997406 0.230890006 0
vt 0.514268994 0.000228999997 0
vt 0.285252988 0.977010012 0
vt 0.284671009 0.981410027 0
vt 0.386110008 0.962392986 0
vt 0.86589098 0.995769978 0
vt 1 0.000230999984 0
vt 0.100588001 0.995769978 0
vt 0.386110008 0.742371023 0
vt 0.480666012 0.931586027 0
vt 0.31983 0.742371023 0
vt 0.998374999 0.00210696389 0
vt 0.000205999982 0 0
vt 0.00025099999 0.255396992 0
vt 0.000302 0.999410987 0
vt 0.999989986 1 0
vt 0.995855987 0.000172 0
vt 0.0133859497 0.609124005 0
vt 0.0491569601 0.887004018 0
vt 0.000302 0 0
vt 0.000194000007 0.498434991 0
vt 0.999828994 0.498434991 0
vt 0.998894989 0.255367011 0
vt 0.0558149815 0.182708994 0
vt 0.0660019517 0.189059004 0
vt 0.0804879591 0.191506997 0
vt 0.327744007 0.19788 0
vt 0.307635009 0.190403894 0
vt 0.297816008 0.191466004 0
vt 1.6e-05 0.998705983 0
vt 0.998602986 1 0
vt 0.998776019 0.661927998 0
vt 0.31626901 0.187310904 0
vt 1.79999988e-05 0.332239002 0
vt 0.999320984 0.332239002 0
vt 1.6e-05 0.661927998 0
vt 0.900341988 0.949814022 0
vt 0.952069998 0.622909009 0
vt 0.930790007 0.815699995 0
vt 1.49999996e-05 0.0106969401 0
vt 0.000632999989 0.914727986 0
vt 0.00372296502 1 0
vt 0.981352985 0.965322971 0
vt 0.983685017 0.999059021 0
vt 0.452587008 0.165362 0
vt 0.327744007 0.176993996 0
vt 0.322283 0.182692006 0
vt 0.545506001 0.232190996 0
vt 0.481826007 0.0102880001 0
vt 9.89999971e-05 0.976841986 0
vt 0.992282987 1 0
vt 0.997430027 0.801800013 0
vt 0.98317802 0.00472897198 0
vt 0.334275991 0.583772004 0
vt 0.999628007 1 0
vt 0.448415995 0.172144994 0
vt 0.59552002 0.00885397103 0
vt 0.47331199 0.677443027 0
vt 0.52778703 0.63786298 0
vt 0.544534981 0.742371023 0
vt 0.58474499 0.742371023 0
vt 0.58474499 0.875541985 0
vt 0.718733013 0.754670024 0
vt 0.645457983 0.502120018 0
vt 0.716354012 0.742371023 0
vt 0.0035229919 0.874356985 0
vt 0.000386 0.917246997 0
vt 1 0.998551011 0
vt 0.979948997 0 0
vt 0.997102022 0.330428988 0
vt 0.996425986 0 0
vt 1.6e-05 0.0168939792 0
vt 0.00286698295 1 0
vt 0.717899024 0.182692006 0
vt 0.712011993 0.187422007 0
vt 0.845100999 0.167117998 0
vt 0.883552015 0.00440794183 0
vt 1.70000003e-05 0.330428988 0
vt 9.00000032e-06 0.655973017 0
vt 0.998317003 0.655973017 0
vt 0.703462005 0.190571994 0
vt 1 0.999224007 0
vt 0.693426013 0.191506997 0
vt 0.668664992 0.191694006 0
vt 0.991953015 0.113853 0
vt 0.987764001 0 0
vt 0.000128 0.000161000004 0
vt 1.29999989e-05 1 0
vt 0.000128 0.998768985 0
vt 0.100477003 0.995723009 0
vt 0.865715981 0.995723009 0
vt 0.173424006 0.000296999991 0
vt 0.951860011 0.623076975 0
vt 1 0.000757000002 0
vt 0.901058972 0.947322011 0
vt 0.931122005 0.812491 0
vt 0.985104978 1 0
vt 0.996617973 0.00447899103 0
vt 8.69999931e-05 0 0
vt 0.000151999993 0.209079996 0
vt 0.0021429651 0.138393894 0
vt 0.0239729807 0.725800991 0
vt 0.0577139817 0.92317301 0
vt 0.999821007 0.209079996 0
vt 0.998641014 0.410223007 0
vt 7.39999959e-05 0.410223007 0
vt 0.454528987 0.185518995 0
vt 0.449084014 0.179187998 0
vt 0.464138001 0.190083995 0
vt 0.998061001 0.607089996 0
vt 3.89999987e-05 0.607089996 0
vt 7.59999966e-05 0.801800013 0
vt 0.00470697787 0.448190987 0
vt 0.476036012 0.191810995 0
vt 0.00020699999 0.890990973 0
vt 0.00660997583 0.000757000002 0
vt 0.554480016 0.889998019 0
vt 0.554883003 0.89448899 0
vt 0.817067981 0.19788 0
vt 0.903295994 0.00370997097 0
vt 0.526857018 0.917033017 0
vt 0.961664021 1 0
vt 0.97854799 0.659853995 0
vt 0.0273769405 0.659853995 0
vt 0.962125003 0.597525001 0
vt 0.652063012 0.490884006 0
vt 0.682121992 0.433494002 0
vt 0.694971025 0.329762012 0
vt 0.984341025 0.329255998 0
vt 0.01003897 0.329255998 0
vt 0.0266180001 0.658191025 0
vt 0.991465986 0.271479994 0
vt 0.70946902 0.490884006 0
vt 0.773552001 0.682314992 0
vt 0.792925 0.655402005 0
vt 0.472351998 3.00000011e-06 0
vt 0.773895979 0.683606982 0
vt 0.801979005 0.64123702 0
vt 0.882242978 0.490884006 0
vt 0.886915982 0.480599999 0
vt 0.853703976 0.409226 0
vt 0.792925 0.300269991 0
vt 0.755303979 0.245550007 0
vt 0.995314002 0 0
vt 0.967356026 0.00794899371 0
vt 0.485264987 0.182374999 0
vt 0.070594959 0.507506013 0
vt 0.753467023 0.243107006 0
vt 0.333532989 0.0352059603 0
vt 0.333532989 0.000559999957 0
vt 0.247566894 0.00257897307 0
vt 0.769351006 0.187628001 0
vt 1 0.00225895597 0
vt 0.307833999 0.614786983 0
vt 0.99921 0.798310995 0
vt 0.761807024 0.899550974 0
vt 0.999176025 1 0
vt 0.368790001 0 0
vt 0.792925 0.185104996 0
vt 0.479346991 0.742371023 0
vt 0.241857007 0.269569993 0
vt 0.327744007 0.299093008 0
vt 0.245626003 0.260630012 0
vt 0.371228009 0.251946986 0
vt 0.377398014 0.247297004 0
vt 0.217416003 0.243049994 0
vt 0.231729999 0.245533004 0
vt 0.241914004 0.251937002 0
vt 0.385939002 0.244186893 0
vt 6.09999988e-05 0.999324977 0
vt 0.999508023 0.745389998 0
vt 3.79999983e-05 0.745389998 0
vt 0.999181986 0.501160026 0
vt 6.09999988e-05 0.501160026 0
vt 0.993239999 0.153014004 0
vt 0.999894023 0.139598995 0
vt 0.993318021 0.126539007 0
vt 2.29999987e-05 0.256348997 0
vt 0.999041975 0.256348997 0
vt 0.949720025 0.113194004 0
vt 0.975265026 0.116925001 0
vt 0.808920979 0.321653008 0
vt 0.563250005 0.113194004 0
vt 0.999325991 0.00149095 0
vt 0.000243999995 0 0
vt 0.000243999995 0.999601007 0
vt 0.997344971 1 0
vt 0.00116097904 0.999754012 0
vt 0.99723202 0.676587999 0
vt 0.563265026 1.79999988e-05 0
vt 0.999535024 1.39999993e-05 0
vt 0.997413993 1 0
vt 8.39999921e-05 0.243131906 0
vt 0.796335995 0.33317101 0
vt 0.997457981 9.60000034e-05 0
vt 0.00108194305 0 0
vt 0.00170195103 0.505321026 0
vt 0.999004006 0.505321026 0
vt 0.00162899401 0.539892018 0
vt 0.138208002 0.381588012 0
vt 0.259526998 0.372640014 0
vt 0.996980011 0.802941978 0
vt 0.996891975 0.495429009 0
vt 0.00067899999 1 0
vt 0.998883009 0.999925017 0
vt 0.998724997 0.660345018 0
vt 0.997901022 0.331660986 0
vt 0.395700008 0.243131906 0
vt 2.20000002e-05 0.00116795301 0
vt 2.79999986e-05 0.331660986 0
vt 0.997520983 0 0
vt 0.467148006 0.00834196806 0
vt 4.50000007e-05 0.340333998 0
vt 1 0.00179499295 0
vt 1 9.99999997e-07 0
vt 0.99988699 0.335967988 0
vt 0.245551005 0.00042299999 0
vt 0.743731022 0.00863397121 0
vt 0.734844029 0.320585996 0
vt 0.742370009 0.274655014 0
vt 0.67750603 0.473383009 0
vt 0.742370009 0.319963008 0
vt 0.637923002 0.527872026 0
vt 0.433627009 0.682160974 0
vt 0.490884006 0.652052999 0
vt 0.502399981 0.645184994 0
vt 0.999765992 0 0
vt 0.334556013 0.41604501 0
vt 0.982510984 0.997559011 0
vt 0.481781006 0.989705026 0
vt 0.595528007 0.991140008 0
vt 0.451543987 0.834959984 0
vt 0.742370009 0.544614971 0
vt 0.890019 0.554567993 0
vt 0.875639975 0.58474499 0
vt 0.172918007 1 0
vt 0.865715981 0.00274199201 0
vt 0.754718006 0.718788981 0
vt 0.894509971 0.55497098 0
vt 0.100474998 0.00274199201 0
vt 0.00188994396 0.847858012 0
vt 0.0066079488 1 0
vt 0.00020699999 0.0986689925 0
vt 6.60000005e-05 0.197932005 0
vt 0.991151989 0.197932005 0
vt 0.000100999998 0.0118209701 0
vt 0.448258996 0.828024983 0
vt 0.449113011 0.821017981 0
vt 0.988707006 0 0
vt 3.9999999e-05 0.392621011 0
vt 0.993377984 0.392621011 0
vt 7.39999959e-05 0.589592993 0
vt 0.995471001 0.589592993 0
vt 0.454643011 0.814724982 0
vt 0.000146999999 0.790850997 0
vt 0.0245949607 0.267724007 0
vt 0.00508397818 0.541148007 0
vt 0.0581489801 0.0736839697 0
vt 0.997689009 0.790850997 0
vt 1 0.996393025 0
vt 8.69999931e-05 1 0
vt 0.464208007 0.810189009 0
vt 0.476033986 0.808533013 0
vt 0.668664992 0.802358985 0
vt 0.989310026 0.886215985 0
vt 0.99032402 0 0
vt 0.000126999992 0.000986999949 0
vt 0.668664992 0.808477998 0
vt 0.385948002 0.755807996 0
vt 0.844953001 0.833267987 0
vt 0.817009985 0.802358985 0
vt 0.70768702 0.811028004 0
vt 0.668664992 0.641993999 0
vt 0.641088009 0.736921012 0
vt 0.640079975 0.74405998 0
vt 0.634443998 0.750478983 0
vt 0.624849975 0.754984975 0
vt 0.613049984 0.756596982 0
vt 0.395700008 0.756909013 0
vt 0.694966972 0.670280993 0
vt 0.69342798 0.808543026 0
vt 9.99999997e-07 0.507992983 0
vt 0.999137998 0.507992983 0
vt 0.99612999 0.0039699669 0
vt 1.29999989e-05 0.996568024 0
vt 0.717899024 0.817348003 0
vt 0.996667981 1 0
vt 1 0.000296999991 0
vt 0.00286495592 0 0
vt 0.000386 0.0827679634 0
vt 0.951861024 0.376246005 0
vt 0.916293979 0.107438996 0
vt 0.00355094601 0.125845 0
vt 0.982196987 1 0
vt 0.882969975 0.995727003 0
vt 0.742370009 0.716400027 0
vt 0.994023979 0.728531003 0
vt 0.987511992 0.670710981 0
vt 0.0100749703 0.670710981 0
vt 0.966381013 0.402334005 0
vt 0.0132609596 0.795056999 0
vt 0.0267059803 0.341773987 0
vt 0.132714003 0.664716005 0
vt 0.210229903 0.756606996 0
vt 0.414759994 1 0
vt 0.0274549704 0.340139002 0
vt 0.655534029 0.792922974 0
vt 0.683668971 0.773940027 0
vt 0.682398975 0.773602009 0
vt 0.472220004 1 0
vt 0.490884006 0.709478021 0
vt 0.500665009 1 0
vt 0.641306996 0.802016973 0
vt 0.784430981 1 0
vt 0.707430005 0.886822999 0
vt 0.480702013 0.886937976 0
vt 0.802883983 1 0
vt 0.993712008 0.178147003 0
vt 0.00587999821 0 0
vt 0.00426995708 0.294871986 0
vt 0.992258012 0 0
vt 6.80000012e-05 0.00098500005 0
vt 6.80000012e-05 1 0
vt 0.993035972 1 0
vt 0.961236 0.886822999 0
vt 0.994792998 0.847002029 0
vt 0.85373801 0.679624975 0
vt 0.841176987 0.664716005 0
vt 0.00049299997 0.45390299 0
vt 0.000513999956 0.498522013 0
vt 0.999538004 0.498522013 0
vt 0.99870801 0.407864004 0
vt 0.000325000001 0.000651999959 0
vt 0.713559985 0.513275027 0
vt 0.0921449587 0.596373975 0
vt 0.210729003 0.596373975 0
vt 0.123011999 0.508583009 0
vt 0.0041829939 0.508583009 0
vt 0.111611001 0.615917981 0
vt 0.992726982 0 0
vt 0.00459897518 0.49159199 0
vt 0.118969001 0.500019014 0
vt 0.999983013 0.99032402 0
vt 0.999678016 0.499938011 0
vt 0.000807999982 0.500016987 0
vt 0.999894023 0.49991101 0
vt 6.00000021e-06 0.00187498296 0
vt 0 0.499998987 0
vt 6.00000021e-06 0.998081982 0
vt 0.999669015 1 0
vt 0.00518399384 0.517150998 0
vt 0.000272999983 0.681950986 0
vt 0.000289999996 1 0
vt 0.999588013 0.999884009 0
vt 0.102404997 0.665242016 0
vt 0.99999702 0.622439027 0
vt 0.00041399998 0.503094971 0
vt 0.157054007 0.748567998 0
vt 0.999921024 0.503094971 0
vt 0.998411 0.095308952 0
vt 0.310768008 0.982658982 0
vt 0.000289999996 0.000280999986 0
vt 0.333532989 0.718887985 0
vt 0.219687894 0.72398901 0
vt 0.355774999 0.741086006 0
vt 0.998721004 0 0
vt 0.238496006 0.624146998 0
vt 0.366501987 0.74731499 0
vt 0 0.50267601 0
vt 0.999953985 0.995729029 0
vt 0.999948978 0.50267601 0
vt 9.99999975e-06 0.00455898 0
vt 0.325049013 0.995176017 0
vt 0.344543993 0.99980998 0
vt 0.999948025 0 0
vt 1 0.999417007 0
vt 0.381502002 0.749652028 0
vt 0.223535001 0.732264996 0
vt 0.999410987 0.0029459591 0
vt 2.7e-05 0.245969996 0
vt 0.999764979 0.245969996 0
vt 0.000325000001 0.999581993 0
vt 0.999668002 1 0
vt 0.219800994 0.740836024 0
vt 2.29999987e-05 0.493452996 0
vt 0.999791026 0.493452996 0
vt 0.208886996 0.747263014 0
vt 6.39999998e-05 0.745418012 0
vt 0.999906003 0.745418012 0
vt 0.999952972 0.996861994 0
vt 0.980802 0.883153021 0
vt 0.995055974 0.873230994 0
vt 0.194066003 0.749652028 0
vt 0.0439639613 0.793887973 0
vt 1.10000001e-05 0.74969101 0
vt 0.999975979 0.859961987 0
vt 1 0.00943899062 0
vt 0.992367029 1 0
vt 0.708410025 0.500001013 0
vt 0.190194994 0.817140996 0
vt 0.193909004 0.808574975 0
vt 0.205001995 0.802217007 0
vt 0.21999 0.799818993 0
vt 0.999733984 0.49248901 0
vt 0.194262996 0.825518012 0
vt 0.121687002 0.87134701 0
vt 2.90000007e-05 0.996459007 0
vt 0.999916017 1 0
vt 0.999954998 0.749256015 0
vt 0.998435974 0.203126997 0
vt 1 0.000403000013 0
vt 0.00102698803 0 0
vt 0.333532989 0.799960017 0
vt 0.00158596004 0.500047982 0
vt 0.999394 0.500047982 0
vt 0.500020981 0.00241994811 0
vt 0.500724018 1 0
vt 0.685688972 1 0
vt 0.951591015 0.00260096695 0
vt 0.316038013 1 0
vt 0.0484649502 0.00260096695 0
vt 0.00102698803 1 0
vt 0.99781698 0.797640979 0
vt 0.500020981 1 0
vt 0.000577999977 0.764998972 0
vt 0.389485002 0.921316981 0
vt 0.245551005 0.837701976 0
vt 0.245551005 0.97438401 0
vt 0.156887993 0.99990797 0
vt 0.00323796202 1 0
vt 0.393146008 0.923497021 0
vt 0.996290982 0 0
vt 0.000123000005 0.00763898995 0
vt 9.69999965e-05 0.095112972 0
vt 0.308910996 0.384525001 0
vt 0.998297989 0.998637974 0
vt 0.998282015 0.246684 0
vt 9.99999975e-06 0.246684 0
vt 0.00672096014 0.382737994 0
vt 2.99999992e-05 0.497274011 0
vt 0.0246520005 0.101791002 0
vt 0.999499977 0.497274011 0
vt 3.9999999e-05 0.749266028 0
vt 0.999831975 0.201653004 0
vt 0.762885988 0.100245997 0
vt 0.185227007 0.792922974 0
vt 0.077121973 0.792922974 0
vt 0.333532989 0.964805007 0
vt 0.247531995 0.997420013 0
vt 0.333532989 0.999440014 0
vt 0.368779987 1 0
vt 0.164833993 0.77553302 0
vt 0.187785 0.769388974 0
vt 0.243275002 0.753498971 0
vt 0.486932009 0.817822993 0
vt 0.997902989 1 0
vt 0.971758008 0.992591023 0
vt 0.03067296 0.58474499 0
vt 0.245551005 0.755212009 0
vt 0.0306839906 0.584820986 0
vt 0.584668994 0.0304559395 0
vt 0.386110008 0.00996798184 0
vt 0.386110008 0.245551005 0
vt 0.58474499 0.0304679796 0
vt 0.0101889903 0.386227012 0
vt 0.385996997 0.00995898154 0
vt 0.0101819597 0.386114001 0
vt 0.193476006 0.245551005 0
vt 0.00154697802 0.193642005 0
vt 0.193476006 0.00149297703 0
vt 0.00344496896 0.490884006 0
vt 0.000205999982 0.245551005 0
vt 0.256473988 0.00175797904 0
vt 0.255766004 0.00177299895 0
vt 0.507637978 0.00174295902 0
vt 0.193313003 0.00148695696 0
vt 0.00401198817 0.000322999986 0
vt 0 0.00171494402 0
vt 7.0000001e-06 0.335451007 0
vt 0.999969006 0.340299994 0
vt 0.999953985 0.00901698973 0
vt 0.744298995 0.00849896576 0
vt 7.0000001e-06 0.33978501 0
vt 0.999969006 0.344603002 0
vt 0.245003 0.000432999979 0
vt 0.000509999983 0.00420898106 0
vt 0.00154697802 0.19348 0
vt 0.00353199197 0.493541002 0
vt 0.273847997 0.742371023 0
vt 0.320363998 0.734794974 0
vt 0.943988025 0.834933996 0
vt 0.882236004 0.988690019 0
vt 0.914888978 0.988586009 0
vt 0.801917017 0.988629997 0
vt 0.947853029 0.826009989 0
vt 0.997380972 0.00228899694 0
vt 0.938663006 0.969820023 0
vt 0.999795973 1 0
vt 0.000405999977 0.901628017 0
vt 0.000384999992 0.988929987 0
vt 0.993197978 1 0
vt 0.997159004 0.744111001 0
vt 0.944190025 0.817501009 0
vt 0.000199999995 0.49941799 0
vt 0.999342024 0.49941799 0
vt 4.99999987e-05 0.744111001 0
vt 0.000247999997 0.255970001 0
vt 0.998808026 0.755788982 0
vt 0.986038983 0.383165002 0
vt 0.899416983 0.00423794892 0
vt 0.950228989 0.110229999 0
vt 0.994970024 0 0
vt 0.000630000024 0.004155993 0
vt 0.000630000024 1 0
vt 1 0.999621987 0
vt 0.999989986 0.255970001 0
vt 0.999918997 0 0
vt 0.000204999989 0.00127094903 0
vt 0.134129003 0.00423794892 0
vt 0.48448801 1 0
vt 0.919516981 0.808492005 0
vt 0.934006989 0.811173975 0
vt 0.702207983 0.808492005 0
vt 0.386110008 0.962400973 0
vt 0.479755998 0.931948006 0
vt 0.993309975 1 0
vt 0.285337001 0.977001011 0
vt 0.284761012 0.981400013 0
vt 0.319748014 0.742371023 0
vt 0.478926003 0.742371023 0
vt 0.472793996 0.67770201 0
vt 0.976530015 0.956215024 0
vt 0.546775997 0.231324002 0
vt 0.547670007 0.834695995 0
vt 0.518242002 0.989646971 0
vt 0.670979977 0.824863017 0
vt 0.404388011 0.991059005 0
vt 0.52740401 0.638172984 0
vt 0.980870008 0.00222098804 0
vt 0.335350007 0.584989011 0
vt 0.999728978 1 0
vt 0.000490000006 0.988982975 0
vt 0.988111019 1 0
vt 0.993164003 0.802137017 0
vt 0.551533997 0.827939987 0
vt 0.58474499 0.875563979 0
vt 0.544070005 0.742371023 0
vt 0.55400002 0.890294015 0
vt 0.718436003 0.755016983 0
vt 0.716000021 0.742371023 0
vt 0.645209014 0.502287984 0
vt 0.00365298893 0.873238027 0
vt 0.000386 0.917289019 0
vt 1 0.99970001 0
vt 0.981849015 0 0
vt 0.116738997 0.995599985 0
vt 0.282146007 0.817305982 0
vt 0.997164011 0.492141008 0
vt 0.994603992 0 0
vt 1.29999989e-05 0.00348395109 0
vt 0.00286298897 1 0
vt 9.99999997e-07 0.492141008 0
vt 0.134277001 0.00427895691 0
vt 0.0481309816 0.377207994 0
vt 0.0837090015 0.108781002 0
vt 1 0.997196019 0
vt 0.000149999993 0.000367000001 0
vt 0.000149999993 0.998098016 0
vt 0.991609991 0.108929001 0
vt 0.987250984 0 0
vt 0.899523973 0.00427895691 0
vt 0.823795021 1 0
vt 0.984602988 1 0
vt 0.996053994 0.00701999618 0
vt 8.6e-05 0 0
vt 0.000151999993 0.209307 0
vt 0.998124003 0.847177029 0
vt 0.975383997 0.268700987 0
vt 0.94183898 0.0752359629 0
vt 0.994890988 0.541357994 0
vt 7.19999953e-05 0.410602987 0
vt 4.3e-05 0.607527018 0
vt 0.99544102 0.607527018 0
vt 0.997575998 0.410602987 0
vt 0.550674975 0.820942998 0
vt 0.545150995 0.814656973 0
vt 0.535601974 0.810126007 0
vt 0.999758005 0.209307 0
vt 6.50000002e-05 0.802137017 0
vt 0.000204999989 0.902064979 0
vt 0.993391991 1 0
vt 0.55440098 0.894786 0
vt 0.677736998 0.817305982 0
vt 0.003714978 1 0
vt 0.981209993 0.999930024 0
vt 0.000633999996 0.914710999 0
vt 0.069763951 0.180997998 0
vt 0.0479509793 0.377182007 0
vt 0.999540985 0.332085013 0
vt 0.999080002 0 0
vt 1.49999996e-05 9.49999958e-05 0
vt 1.6e-05 0.332085013 0
vt 0.0999139473 0.0495109484 0
vt 0.999791026 0.66148001 0
vt 1.6e-05 0.661558986 0
vt 1 0.968692005 0
vt 0.693302989 0.809849024 0
vt 0.684677005 0.812922001 0
vt 1.49999996e-05 1 0
vt 0.510317028 0.00172799802 0
vt 0.688584983 0.0494449697 0
vt 0.0496559702 0.688638985 0
vt 0.792876005 0.0769810006 0
vt 0.300356001 0.792922974 0
vt 0.0707919523 0.49248901 0
vt 0.409348011 0.853733003 0
vt 0.775700986 0.164161995 0
vt 0.792925 0.0769959614 0
vt 0.0771359801 0.792972028 0
vt 0.156546995 1 0
vt 0.792925 0.184342995 0
vt 1 0.156394005 0
vt 0.838347971 0.245551005 0
vt 0.764980018 0.900762022 0
vt 0.999750018 0.796064973 0
vt 0.305222988 0.612353981 0
vt 0.998767972 0.00144696201 0
vt 0.974336982 0.245551005 0
vt 0.921541989 0.388749987 0
vt 0.000120000004 0.904582024 0
vt 0.000193 0.991876006 0
vt 0.996406972 1 0
vt 0.923725009 0.39241001 0
vt 0.99843502 0.753355026 0
vt 1.6e-05 0.753355026 0
vt 0.996816993 1 0
vt 0.999441028 0.765015006 0
vt 0.809692979 0.81714499 0
vt 4.99999987e-05 0.502801001 0
vt 0.999639988 0.502801001 0
vt 0.80597198 0.808564007 0
vt 0.993304014 0.382183999 0
vt 7.59999966e-05 0.250777006 0
vt 0.975295007 0.101553001 0
vt 0.999961972 0.250777006 0
vt 5.19999958e-05 0.00508695794 0
vt 0.999916971 0 0
vt 0.794842005 0.802212 0
vt 0.631133974 0.999961972 0
vt 0.666800976 0.999392986 0
vt 0.753700018 0.242569998 0
vt 0.769496024 0.187387004 0
vt 0.999504983 0.999423981 0
vt 0.978169978 0.340139002 0
vt 0.964738011 0 0
vt 0.529127002 0.0828039572 0
vt 0.0114809796 0.999890029 0
vt 0.999233007 0.813506007 0
vt 0.630144 0.600273013 0
vt 0.517498016 0.600273013 0
vt 0.535422981 0.619681001 0
vt 0.991311014 1 0
vt 0.545623004 0.508768976 0
vt 0.988597989 0.00350099802 0
vt 1.10000001e-05 0 0
vt 0.000281999994 0.347198993 0
vt 0.000378999976 0.500463009 0
vt 0.996088028 0.412954986 0
vt 0.998188019 0.500463009 0
vt 0.980790973 0 0
vt 0.785605013 0.733165026 0
vt 0.72211802 0.666984975 0
vt 0.578221023 0.517150998 0
vt 0.000295999984 8.80000007e-05 0
vt 0.500473022 0.999792993 0
vt 0.000295999984 0.999060988 0
vt 0.942960024 0.999812007 0
vt 0.99237901 0.948359013 0
vt 0.504108012 0.999812007 0
vt 0.966754019 0.996670008 0
vt 0.997551978 0.975372016 0
vt 0.00016299999 0.792088985 0
vt 4.69999977e-05 0.999081016 0
vt 0.998894989 0.792088985 0
vt 0.989362001 0.000246999989 0
vt 0.000473999971 0 0
vt 0.000473999971 0.999984026 0
vt 0.992034972 1 0
vt 0.999599993 0.961471021 0
vt 5.29999998e-05 0.195205003 0
vt 8.39999921e-05 0.389555991 0
vt 0.999535024 0.389555991 0
vt 0.98616302 0.987874985 0
vt 4.50000007e-05 0.588544011 0
vt 0.999930978 0.588544011 0
vt 0.999531984 0.195205003 0
vt 0.992551029 0.00660896301 0
vt 4.69999977e-05 0 0
vt 0.987535 1 0
vt 0.637710989 0.730391979 0
vt 0.454688996 0.982661009 0
vt 0.484418988 0.997713983 0
vt 1 0.000194000007 0
vt 5.29999998e-05 0.0628199503 0
vt 2.49999994e-05 0.339682996 0
vt 0.467177004 0.991675019 0
vt 2.40000008e-05 0.668379009 0
vt 0.997739017 0.668379009 0
vt 0.998683989 0.339682996 0
vt 0.377413988 0.752705991 0
vt 0.371228009 0.748094022 0
vt 0.997213006 0.998947024 0
vt 0.997623026 0.197020993 0
vt 0.99920398 0 0
vt 0.000663999992 6.69999936e-05 0
vt 0.229062006 0.747852981 0
vt 0.00119894696 0.504518986 0
vt 0.99605602 0.504518986 0
vt 0.995916009 0.61767602 0
vt 0.151506007 0.666984975 0
vt 0.000614999968 0.678143024 0
vt 1 0.999916017 0
vt 0.121495001 0.600273013 0
vt 0.234474003 0.600273013 0
vt 0.149819002 0.508835018 0
vt 0.259557992 0.627399027 0
vt 0.999798 0 0
vt 1.29999989e-05 0.00135695899 0
vt 0.000663999992 1 0
vt 0.00758498907 0.517150998 0
vt 0 0.499974996 0
vt 0.976109982 0.999998987 0
vt 0.000126999992 0.999478996 0
vt 0.98199898 1 0
vt 0.903331995 0.996378005 0
vt 0.327744007 0.823261023 0
vt 0.322283 0.817348003 0
vt 0.978830993 0.034439981 0
vt 0.00371998502 0.000797999965 0
vt 0.000632999989 0.0860079527 0
vt 0.545750976 0.768180013 0
vt 0.982716978 0 0
vt 0.316118002 0.812959015 0
vt 0.99931097 0.990931988 0
vt 0.999746025 0.667888999 0
vt 1.70000003e-05 0.667888999 0
vt 2.0999998e-05 0.338138998 0
vt 0.930249989 0.180946007 0
vt 0.900068998 0.0494759604 0
vt 0.865890026 0.00422596885 0
vt 0.952069998 0.377175003 0
vt 0.999945998 0.000273999991 0
vt 0.000300999993 0.000582999957 0
vt 0.000300999993 0.999958992 0
vt 0.995858014 0.999994993 0
vt 0.513675988 1 0
vt 0.100583002 0.00422596885 0
vt 0.297859013 0.808835983 0
vt 0.30755201 0.809893012 0
vt 0.0804879591 0.808533013 0
vt 0.999898016 0.338138998 0
vt 0.999988019 0 0
vt 0.0662089512 0.811228991 0
vt 0.00025099999 0.744296014 0
vt 0.000207999983 1 0
vt 1 0.997744977 0
vt 0.999971986 0.744296014 0
vt 0.0560459383 0.81753099 0
vt 0.99930501 0.501038015 0
vt 0.0523549914 0.826018989 0
vt 0.000201999996 0.501038015 0
vt 0.997141004 0.256143987 0
vt 5.40000001e-05 0.256143987 0
vt 0.0497229584 0.110414997 0
vt 0.0140239503 0.382218003 0
vt 0.00119596696 0.753894985 0
vt 0.000407999993 0.0969609618 0
vt 0.00668698503 1 0
vt 0.993196011 0 0
vt 0.00028800001 0.0093989959 0
vt 0.962428987 0.386114001 0
vt 0.98141402 0.284812003 0
vt 0.977014005 0.285394013 0
vt 0.937821984 0.0299689695 0
vt 0.99653101 0.998039007 0
vt 0.0851429701 0.988620996 0
vt 0.119120002 0.988734007 0
vt 0.0560149513 0.834978998 0
vt 0.198142007 0.988686025 0
vt 0.998381972 0 0
vt 0.745096028 0.25465399 0
vt 0.999882996 1 0
vt 0.992982984 0.000669999979 0
vt 8.39999921e-05 0.896683991 0
vt 0.931599975 0.480769008 0
vt 0.742370009 0.47943899 0
vt 0.975252986 0.883095026 0
vt 0.993304014 0.873489976 0
vt 0.99989301 0.860445976 0
vt 0.613022983 0.243131906 0
vt 0.624879003 0.244972005 0
vt 0.802883983 3.00000011e-06 0
vt 0.999926984 0.140040904 0
vt 0.961236 0.113179997 0
vt 7.0000001e-06 0.754011989 0
vt 1 0.997641027 0
vt 0.99505502 0.126769006 0
vt 0.980812013 0.116834901 0
vt 0.999873996 0.754011989 0
vt 1.20000004e-05 0.506510019 0
vt 0.999759018 0.506510019 0
vt 4.3e-05 0.254552007 0
vt 0.999677002 0.254552007 0
vt 0.999283016 0.00318998005 0
vt 0.993359983 0 0
vt 6.80000012e-05 0 0
vt 6.80000012e-05 0.998996019 0
vt 0.999979973 1 0
vt 0.000318000006 1 0
vt 7.59999966e-05 0.250748008 0
vt 0.00653296709 0.613264978 0
vt 0.0244739596 0.896371007 0
vt 1 0.999656022 0
vt 1 0.156381994 0
vt 9.69999965e-05 0.100011997 0
vt 0.998525977 0 0
vt 0.0101559702 0.386236995 0
vt 0.386110008 0.010001 0
vt 0.0101490002 0.386114001 0
vt 0.63112402 3.79999983e-05 0
vt 0.641637027 0.801811993 0
vt 0.182925001 0.197876006 0
vt 0.986859024 0.670836985 0
vt 0.305029005 0.329766989 0
vt 0.993632972 0.726330996 0
vt 0.330287993 0.356914997 0
vt 0.464520991 0.380401999 0
vt 0.362544 0.269607991 0
vt 0.358848989 0.263110995 0
vt 0.99939698 0.813624024 0
vt 0.0132939797 0.795189023 0
vt 0.369845986 0.399791986 0
vt 1.6e-05 0.195277005 0
vt 0.99920398 0.195277005 0
vt 1 0.0053109522 0
vt 0.998999 0.389717996 0
vt 0.35987699 0.255948007 0
vt 0.00253498508 0.0245509706 0
vt 0.000394000002 0.0384969711 0
vt 0.00770097878 0.0516409799 0
vt 7.19999953e-05 0.389717996 0
vt 0.0571149513 0.000187999991 0
vt 0.01403898 0.0120399501 0
vt 4.59999974e-05 0.588752985 0
vt 0.999243021 0.588752985 0
vt 0.998013973 0.792240024 0
vt 0.0335319601 0.00326996995 0
vt 0.000165999998 0.792240024 0
vt 0.365552992 0.249521002 0
vt 0.37518701 0.245037004 0
vt 4.89999984e-05 0.996797979 0
vt 0.990875006 1 0
vt 0.386990994 0.243444994 0
vt 0.000319999992 0.999532998 0
vt 0.974704981 1 0
vt 0.989178002 0.00086099992 0
vt 0.604323983 0.243158907 0
vt 0.000319999992 0 0
vt 1 0.00355899311 0
vt 4.50000007e-05 0.0412789509 0
vt 0.495932996 0.000187999991 0
vt 0.999015987 0.339239001 0
vt 0.000394999981 0.999235988 0
vt 0.994675994 1 0
vt 0.998358011 0.50049299 0
vt 0.000563999987 0.50049299 0
vt 0.996309996 0.413062006 0
vt 0.482430995 0.399791986 0
vt 0.454293996 0.49131301 0
vt 0.980454981 0 0
vt 0.000396999996 0.347360998 0
vt 0.567624986 0.49120599 0
vt 0.457964003 0.500028014 0
vt 0.0115439799 0.999840021 0
vt 0.987694979 1 0
vt 0.999816 0.499985993 0
vt 0.985071003 0.00510299206 0
vt 1.20000004e-05 0.499985993 0
vt 1 0.994035006 0
vt 1 0.5 0
vt 0.567359984 0.508742988 0
vt 0.571053028 0.500030994 0
vt 1 0.995356977 0
vt 0.999201 0.499942005 0
vt 0.000394999981 0.000304999994 0
vt 0.995868981 0.00557899382 0
vt 0.000380999991 0.652576029 0
vt 0.976891994 1 0
vt 0.000378999976 0.999612987 0
vt 0.421824992 0.517150998 0
vt 0.277934998 0.666985989 0
vt 0.999813974 0.254651994 0
vt 0.999988973 0.749692023 0
vt 0.997587025 0.804738998 0
vt 0.000131999986 0.00318795396 0
vt 0.000323999993 0.000505999953 0
vt 0.000323999993 1 0
vt 0.996510983 0.999089003 0
vt 0.97262001 0 0
vt 2.49999994e-05 0.339239001 0
vt 0.997946978 0.66772002 0
vt 0.997263014 1 0
vt 0.998277009 0.494237006 0
vt 0.00188398303 0.494237006 0
vt 5.99999985e-05 0.496385008 0
vt 0.999083996 0.741554976 0
vt 0.999177992 0.496385008 0
vt 0.999343991 0.993384004 0
vt 2.20000002e-05 0.741554976 0
vt 3.6999998e-05 0.253280014 0
vt 0.00654494716 0.126635 0
vt 8.49999997e-05 0.139638007 0
vt 0.00673496723 0.153007999 0
vt 0.050226979 0.113187 0
vt 0.0245199706 0.116974004 0
vt 0.997380972 0 0
vt 0.000110000001 0.00177699304 0
vt 0.000110000001 1 0
vt 1 0.00412696507 0
vt 0.00118595304 0.999413013 0
vt 0.999477029 0.253280014 0
vt 0.549920976 0.168748006 0
vt 0.994998991 0.0992349908 0
vt 0.999916017 0.243166 0
vt 0.999028981 0.999985993 0
vt 0.997240007 0.323733002 0
vt 0.997415006 0 0
vt 0.00116097904 0.000246000011 0
vt 0.934208989 0.189116001 0
vt 0.993313015 0.000289999996 0
vt 0.999916017 0.103409 0
vt 0.997501016 1 0
vt 0.00249797106 0.536754012 0
vt 0.162392005 0.998081982 0
vt 0.891158998 0.228544995 0
vt 0.986024022 0.247004002 0
vt 0.988606989 0.221222907 0
vt 0.436437994 1.10000001e-05 0
vt 0.999168992 1 0
vt 0.99662298 0.00249296403 0
vt 0.990978003 0.19348 0
vt 0.00152999104 0.19348 0
vt 0.00153094495 0.193645 0
vt 0.244990006 0.000432999979 0
vt 0.245551005 0.000423999969 0
vt 0.744315982 0.00853794813 0
vt 0.744315982 0.340303004 0
vt 0.999966025 0.340303004 0
vt 0.999952972 0.00905299094 0
vt 0.000518999994 0.00420898106 0
vt 0.743732989 0.00867599156 0
vt 0.999966025 0.34462899 0
vt 0.999981999 0.660049021 0
vt 0.744315982 0.660049021 0
vt 0.490287989 0.660049021 0
vt 0.490287989 0.994141996 0
vt 0.243521005 0.993963003 0
vt 0.0946569964 0.869099021 0
vt 1.99999999e-06 0.994099021 0
vt 0.744315982 0.994014978 0
vt 1 0.994000971 0
vt 0.999981999 0.662221014 0
vt 3.99999999e-06 0.65971899 0
vt 0.193309993 0.00150299002 0
vt 0.00401198817 0.000314000004 0
vt 0 0.00171196403 0
vt 0 0.00912099984 0
vt 0.993007004 9.00000032e-06 0
vt 0.967029989 0.500023007 0
vt 0.999916017 0.896632016 0
vt 0.0557209812 0.130897 0
vt 0.0278609898 0.130897 0
vt 0.0522409603 0.0736190006 0
vt 0.0299339797 0.131718904 0
vt 0.0278609898 0.131632 0
vt 1.99999999e-06 0.130897 0
vt 3.00000011e-06 0.0744389817 0
vt 0.0278609898 0.0740099475 0
vt 0.0557209812 0.133385003 0
vt 0.333333999 0.747277975 0
vt 0.000284999987 0.747277975 0
vt 0.000202999989 0.531446993 0
vt 0.000292000012 0.764747024 0
vt 0.333333999 0.495214999 0
vt 0.333333999 0.999978006 0
vt 0.666665971 0.747277975 0
vt 0.666665971 0.999956012 0
vt 0.334531993 0.999978006 0
vt 0.340288013 4.80000017e-05 0
vt 0.340288013 0.202438995 0
vt 3.30000003e-05 0.202438995 0
vt 0.339118987 4.80000017e-05 0
vt 0.659582019 2.49999994e-05 0
vt 0.659762979 2.49999994e-05 0
vt 0.659762979 0.202438995 0
vt 0.659762979 0.403596997 0
vt 0.340288013 0.403596997 0
vt 0.666851997 0.999956012 0
vt 0.999873996 0.202438995 0
vt 1 0.999933004 0
vt 0.00100797403 0.103160001 0
vt 0.0902879834 0.0122979796 0
vt 0.170922905 0.000329000002 0
vt 0.0290749595 0.0498579703 0
vt 0.999747992 0.403596997 0
vt 0.999621987 0.604950011 0
vt 0.347205997 0.00769197894 0
vt 0.204189003 0.267132014 0
vt 0.0680259988 0.199237004 0
vt 0.0144279497 0.157602996 0
vt 0.999499023 0.802151024 0
vt 0.659762979 0.604950011 0
vt 0.999375999 0.999467015 0
vt 0.749449015 0.999665976 0
vt 0.749987006 1.6e-05 0
vt 1 2.0999998e-05 0
vt 0.749987006 0.111521997 0
vt 0.999930978 0.111521997 0
vt 0.660269976 1.39999993e-05 0
vt 0.499974996 0.111521997 0
vt 0.749987006 0.223673001 0
vt 0.499974996 0.223673001 0
vt 0.499974996 0.335319996 0
vt 0.999861002 0.223673001 0
vt 0.520406008 0.0264069997 0
vt 0.856660008 0.239041999 0
vt 0.331571013 0.342866987 0
vt 0.447950989 0.426384985 0
vt 0.999791026 0.335319996 0
vt 0.997033 0.495214999 0
vt 0.996985972 0.747277975 0
vt 0.685648024 0.0628089905 0
vt 0.666665971 0.495214999 0
vt 0.666665971 0.247140005 0
vt 0.997008026 0.247140005 0
vt 0.834703028 0.122479998 0
vt 0.666665971 0 0
vt 0.996982992 0 0
vt 0.65883702 0.961354017 0
vt 0.664333999 1 0
vt 1 0.922707975 0
vt 0.999988019 0.100000001 0
vt 0.696619987 0.0845279619 0
vt 0.658133984 0.100000001 0
vt 1 0.909770012 0
vt 0.65883702 0.922707975 0
vt 0.65883702 0.884254992 0
vt 1 0.907902002 0
vt 0.65278399 0.102252997 0
vt 0.999988019 0.200000003 0
vt 0.65278399 0.200000003 0
vt 1 0.845802009 0
vt 0.497348011 0.179495007 0
vt 0.462935001 0.200000003 0
vt 0.65278399 0.300000012 0
vt 0.349126995 0.278681993 0
vt 0.999988019 0.300000012 0
vt 0.999988019 0.400000006 0
vt 0.878615975 0.355605006 0
vt 0.900573015 0.472166985 0
vt 0.554449975 0.515496016 0
vt 0.922529995 0.588729024 0
vt 0.652888 0.608627021 0
vt 0.999722004 0.446202993 0
vt 0.999652982 0.557319999 0
vt 0.499974996 0.446202993 0
vt 0.000151 0.441430002 0
vt 0.000174000001 0.353365988 0
vt 0.000149 0.446202993 0
vt 0.000126999992 0.529367983 0
vt 0.499974996 0.557319999 0
vt 0.000119000004 0.557319999 0
vt 0.000102999991 0.617282987 0
vt 0.499974996 0.668347001 0
vt 0.999583006 0.668347001 0
vt 0.176073 0.854853988 0
vt 0.195090994 0.855533004 0
vt 0.195090994 0.86463201 0
vt 0.167208001 0.86463201 0
vt 0.167208001 0.854628026 0
vt 0.167208001 1 0
vt 0.140835002 0.854189992 0
vt 0.139324993 0.86463201 0
vt 0.139324993 0.949957013 0
vt 0.139324993 0.854173005 0
vt 0.111442 0.86463201 0
vt 0.134550005 0.924867988 0
vt 0.949198008 0 0
vt 0.975055993 0.165436998 0
vt 0.974555016 0.825567007 0
vt 0.94700402 1 0
vt 0.806941986 0 0
vt 0.101636998 0.127651006 0
vt 0.142563894 0.0938059613 0
vt 0.111442 0.924919009 0
vt 0.219364002 0.290504009 0
vt 0.347456992 0.173573002 0
vt 0.806941986 1 0
vt 0.620851994 0 0
vt 0.0835819766 0.925082982 0
vt 0.0557209812 0.925324976 0
vt 0.0835819766 0.86463201 0
vt 0.330765009 0.463041991 0
vt 0.0557209812 0.86463201 0
vt 0.0278609898 0.925599992 0
vt 0.43521899 0.644609988 0
vt 0.0278609898 0.86463201 0
vt 0.0238829795 0.925643981 0
vt 0.556311011 0.135995001 0
vt 0.763140023 0.0658699796 0
vt 0.449550986 0.671226978 0
vt 0.392881006 1 0
vt 0.200979993 0 0
vt 0.392881006 0 0
vt 0.620851994 1 0
vt 0.653810024 0.172116905 0
vt 0.859238982 0.09226197 0
vt 0.781606019 0.289083987 0
vt 0.670032024 0.461804986 0
vt 0.565491974 0.643602014 0
vt 0.444409996 0.134498 0
vt 0.0278489497 0.0755959675 0
vt 0.0556979701 0.135098904 0
vt 0.0278489497 0.135098904 0
vt 0.0238729697 0.0755519792 0
vt 0.0556979701 0.0758770108 0
vt 0.237040907 0.0642949864 0
vt 0.551151991 0.670251012 0
vt 0.471742988 0.827085018 0
vt 0.468400002 0.834008992 0
vt 0.481779009 0.806321979 0
vt 0.000325999979 0.586444974 0
vt 0.0112499502 0.273470998 0
vt 0.495346993 0.778679013 0
vt 0.509060025 0.751286983 0
vt 0.522929013 0.724106014 0
vt 0.536966026 0.697081983 0
vt 0.200979993 1 0
vt 3.00000011e-06 0.495593995 0
vt 0.0046269889 1 0
vt 0.0336219594 0.00125795603 0
vt 0.0522559807 0.924929976 0
vt 0.0278489497 0.924537003 0
vt 0.0278489497 0.868845999 0
vt 1.99999999e-06 0.924089015 0
vt 0.0157859903 0.868501008 0
vt 0.0278489497 0.868143976 0
vt 1.99999999e-06 0.868845999 0
vt 0.0316089913 0.867986977 0
vt 0.0556979701 0.868845999 0
vt 0.0556979701 1 0
vt 0.0835480019 0.868845999 0
vt 0.0821769834 0.793839991 0
vt 0.0542269908 0.797433972 0
vt 0.0556979701 0.797264993 0
vt 9.99999997e-07 0.211261004 0
vt 0.25 0.200688004 0
vt 0.5 0.200688004 0
vt 9.99999997e-07 0.200688004 0
vt 0.5 0.400436997 0
vt 1.99999999e-06 0.400436997 0
vt 1.99999999e-06 0.410154015 0
vt 0.5 0.598855972 0
vt 0.999998987 0.400436997 0
vt 0.844241023 0.549107015 0
vt 0.945451975 0.768489003 0
vt 0.817889988 0.670413971 0
vt 0.788037002 0.614950001 0
vt 0.684117973 0.346969008 0
vt 0.674534976 0.456113994 0
vt 0.999998987 0.598855972 0
vt 0.754289985 0.560665011 0
vt 0.75 0.200688004 0
vt 1 0.200688004 0
vt 0.716423988 0.507628024 0
vt 1 0.551443994 0
vt 1 0.60135299 0
vt 0.658918977 0.551443994 0
vt 0.658918977 0.501533985 0
vt 1 0.501533985 0
vt 0.628417015 0.405882001 0
vt 0.57810998 0.357046992 0
vt 1 0.45162499 0
vt 1 0.40171501 0
vt 0.658918977 0.45162499 0
vt 0.524396002 0.310315013 0
vt 0.467141002 0.26531899 0
vt 1 0.351332992 0
vt 0.658918977 0.40171501 0
vt 0.658918977 0.351332992 0
vt 0.341080993 0.40171501 0
vt 0.341080993 0.45162499 0
vt 0.658918977 0.300951004 0
vt 0.341080993 0.351332992 0
vt 1 0.300951004 0
vt 0.658918977 0.250568986 0
vt 0.341080993 0.300951004 0
vt 1 0.250568986 0
vt 0.466280013 0.169468001 0
vt 0.407047004 0.222349003 0
vt 0.344296992 0.181275994 0
vt 1 0.200186998 0
vt 0.279076993 0.141966 0
vt 0.00814598706 0.000708999985 0
vt 0.205448002 0.0178749505 0
vt 0.143077999 0.0684559867 0
vt 0.999998987 0.798484981 0
vt 0.999997973 1 0
vt 0.660800993 1 0
vt 0.5 0.798484981 0
vt 0.212068006 0.104503997 0
vt 1 0.100093998 0
vt 1 0.150141001 0
vt 0.658918977 0.150141001 0
vt 0.0723299906 0.0336609408 0
vt 1 0.0500469804 0
vt 0.658918977 0.0500469804 0
vt 0.658918977 0.100093998 0
vt 0.662024975 0 0
vt 0.658918977 0 0
vt 0.341080993 0.0500469804 0
vt 0.341080993 0.100093998 0
vt 0 0.100093998 0
vt 0 0.150141001 0
vt 0.341080993 0.150141001 0
vt 0 0.188443005 0
vt 0.341080993 0.200186998 0
vt 0 0.200186998 0
vt 0 0.250568986 0
vt 0.341080993 0.250568986 0
vt 0.658918977 0.200186998 0
vt 0 0.300951004 0
vt 0.627415001 9.99999997e-07 0
vt 0.717334986 0 0
vt 0.690079987 0.993192971 0
vt 0.64082402 0.993192971 0
vt 0.739275992 0.993192971 0
vt 0 0.351332992 0
vt 0.600031018 0.993192971 0
vt 0 0.392926991 0
vt 0.600031018 9.99999997e-07 0
vt 0.591386974 0.993192971 0
vt 0 0.40171501 0
vt 0.542105019 0.993192971 0
vt 0 0.45162499 0
vt 0.537952006 9.99999997e-07 0
vt 0.492567986 0.993192971 0
vt 0 0.501533985 0
vt 0.443338007 0.993192971 0
vt 0.40001601 1.99999999e-06 0
vt 0 0.551443994 0
vt 0.341080993 0.501533985 0
vt 0.403708011 1.99999999e-06 0
vt 0.448644996 1.99999999e-06 0
vt 0.563232005 0.658918977 0
vt 0.563232005 1 0
vt 0.558135986 1 0
vt 0.358520001 1.99999999e-06 0
vt 0.40001601 0.993192971 0
vt 0.500943005 1 0
vt 0.500943005 0.658918977 0
vt 0.625521004 0.341080993 0
vt 0.625521004 0.658918977 0
vt 0.500943005 0.341080993 0
vt 0.625521004 1 0
vt 0.500943005 0 0
vt 0.375813991 0.341080993 0
vt 0.375813991 0.658918977 0
vt 0.375813991 0 0
vt 0.250683993 0.341080993 0
vt 0.250683993 0.658918977 0
vt 0.250683993 1 0
vt 0.125341997 1 0
vt 0.125341997 0.658918977 0
vt 0.279904991 1 0
vt 0.179174006 3.99999999e-06 0
vt 0.200012997 3.00000011e-06 0
vt 0.200012997 0.993192971 0
vt 0.246857002 0.993192971 0
vt 0.375813991 1 0
vt 0.268503994 3.00000011e-06 0
vt 0.296149999 0.993192971 0
vt 0 0.751793981 0
vt 0 0.701646984 0
vt 0.341080993 0.751793981 0
vt 0 0.799207985 0
vt 0.341080993 0.701646984 0
vt 0.658918977 0.751793981 0
vt 0.341080993 0.801940978 0
vt 0.658918977 0.801940978 0
vt 1 0.801940978 0
vt 1 0.851455986 0
vt 1 0.751793981 0
vt 0.658918977 0.851455986 0
vt 0.885550022 0.841226995 0
vt 0.866461992 0.783834994 0
vt 1 0.900969982 0
vt 0.844065011 0.726993024 0
vt 0.901628017 0.899003029 0
vt 1 0.950484991 0
vt 0.658918977 0.900969982 0
vt 0.341080993 0.900969982 0
vt 0.658918977 0.950484991 0
vt 0.341080993 0.851455986 0
vt 0 0.900969982 0
vt 0 0.851455986 0
vt 0.341080993 0.950484991 0
vt 0 0.950484991 0
vt 0.341080993 1 0
vt 0.658918977 1 0
vt 0.341080993 0 0
vt 0.658918977 0.333317012 0
vt 0.999993026 0.333317012 0
vt 0.98940599 0.999821007 0
vt 0.92868799 0.979604006 0
vt 0.915041029 0.957127988 0
vt 1 0.997116029 0
vt 0 0.806975007 0
vt 0.340337992 0 0
vt 0.956627011 0.995033026 0
vt 0.658918977 0.666823983 0
vt 0.999985993 0.666823983 0
vt 0.999979019 0.975147009 0
vt 0.669252992 0.988508999 0
vt 0.340337992 0.913057029 0
vt 0.00436598016 0.336302012 0
vt 0.224185005 0.00448596384 0
vt 0.343338996 0 0
vt 0.00443094922 0.339415014 0
vt 0.325334996 0.339415014 0
vt 0.75 0.00636297418 0
vt 0.5 0.0163789894 0
vt 0.64578402 0.0101439897 0
vt 0.325334996 0.00746494485 0
vt 0.473632008 0.0167289898 0
vt 0.25 0.0287079792 0
vt 0.326472014 0.0248149596 0
vt 0.657167971 0.339415014 0
vt 0.657167971 0.0347699486 0
vt 0.738902986 0.0454279706 0
vt 0.739942014 0.339415014 0
vt 0.657167971 0.416357994 0
vt 0.57553798 0.491140008 0
vt 0.340683997 0.799565971 0
vt 0.276493013 0.767327011 0
vt 0.211374894 0.734061003 0
vt 0.340683997 0.281396002 0
vt 0.507785976 0.877704978 0
vt 0.365631014 0.679037988 0
vt 0.401082993 0.329744995 0
vt 0.617229998 0.482104987 0
vt 0.65930301 0.506363988 0
vt 0.540987015 0.891662002 0
vt 0.325334996 0.715089977 0
vt 0.325334996 0.679037988 0
vt 0.0146469399 0.679037988 0
vt 0.669692993 0 0
vt 0.678340971 0.979771018 0
vt 0.659660995 0.977361977 0
vt 0.659660995 0 0
vt 0.186857 0.841709971 0
vt 0.0297269803 1 0
vt 0.0142449699 0.668715 0
vt 0.803593993 0.974605978 0
vt 0.65930301 0.935517013 0
vt 0.894035995 0.601180017 0
vt 0.923025012 0.994979978 0
vt 0.920840979 1 0
vt 0.0305039808 0.999255002 0
vt 0 0.716046989 0
vt 0.341080993 0.996767998 0
vt 0.350829005 1 0
vt 0 0.158198997 0
vt 0.350829005 9.99999997e-07 0
vt 0.0736140013 1 0
vt 0.396072 1 0
vt 0 0.666823983 0
vt 0.341080993 0.666823983 0
vt 0 0.358168989 0
vt 0.341080993 0.333317012 0
vt 0.658918977 0.988857985 0
vt 0.359183997 0.996472001 0
vt 0.35097 0.915857971 0
vt 0 0.333317012 0
vt 0.0494149886 0.993192971 0
vt 0 0.993192971 0
vt 0 4.99999987e-06 0
vt 0.692245007 1 0
vt 0.670333028 0 0
vt 0.318329006 3.30000003e-05 0
vt 0.318329006 0.341080993 0
vt 0 0.341080993 0
vt 0 0.658918977 0
vt 0.08971899 3.99999999e-06 0
vt 0 0.65891701 0
vt 0.125341997 0.341080993 0
vt 0.125341997 0 0
vt 0.250683993 0 0
vt 0.668343008 0.342718989 0
vt 0.44404 0.0908429623 0
vt 0.582130015 0.0649979711 0
vt 0.653212011 0.0567839704 0
vt 0.512288988 0.076173 0
vt 0.680585027 0.0486969911 0
vt 0.318329006 0.999957025 0
vt 0 0.999957025 0
vt 0.735786974 0.0028659699 0
vt 0.318329006 0.65891701 0
vt 0.664683998 0.65891701 0
vt 0.698247015 0.0321649909 0
vt 0.664683998 0.999957025 0
vt 1 0.65891701 0
vt 0.664683998 0.341080993 0
vt 1 0.999957025 0
vt 1 0.341080993 0
vt 0.664683998 3.30000003e-05 0
vt 1 3.19999999e-05 0
vt 0 9.99999997e-07 0
vt 0 0.999998987 0
vt 0.999970019 0.627654016 0
vt 1 0.688314974 0
vt 0 0.34087199 0
vt 1 0.25 0
vt 0 0.25 0
vt 0.225657001 0 0
vt 0.270700991 0.25 0
vt 1 0.34087199 0
vt 0.270700991 0.5 0
vt 0 0.5 0
vt 0.295520008 1 0
vt 0.270700991 0.75 0
vt 0.520785987 0.5 0
vt 0.520785987 0 0
vt 0 0.659129977 0
vt 1 0.659129977 0
vt 1 0.75 0
vt 0 0.75 0
vt 0.270700991 1 0
vt 0.685877979 0.754501998 0
vt 0.660350978 0.761358976 0
vt 0.660350978 0.500706017 0
vt 0.999961972 0.698507011 0
vt 0.660350978 2.90000007e-05 0
vt 0.339679003 0.500706017 0
vt 0.662891984 2.90000007e-05 0
vt 0.999972999 0.500706017 0
vt 0.333333999 0.798412979 0
vt 0.666665971 0.798412979 0
vt 0.666665971 0.999948025 0
vt 0.664048016 0.999948025 0
vt 0.999984026 0.798412979 0
vt 0.996845007 0.999921978 0
vt 0.666665971 0.597370028 0
vt 0.666665971 0.396019012 0
vt 0.333333999 0.597370028 0
vt 0.999890983 0.396019012 0
vt 0.99989301 0.597370028 0
vt 0.909686983 0.0121489698 0
vt 0.970903993 0.0497239791 0
vt 0.998983979 0.103037998 0
vt 0.829099 2.79999986e-05 0
vt 0.985589981 0.157491997 0
vt 0.931942999 0.199118003 0
vt 0.795758009 0.26700601 0
vt 0.999894977 0.199226007 0
vt 0.00014199999 0.111456998 0
vt 0.250025988 0.111456998 0
vt 0.250025988 0.223475903 0
vt 0.00028399998 0.223475903 0
vt 0.500051975 0.223475903 0
vt 0.500051975 0.334910005 0
vt 0.000426000013 0.334910005 0
vt 0.00056700001 0.445854008 0
vt 0.999786019 0.264261007 0
vt 0.500051975 0.445854008 0
vt 0.999812007 0.352717996 0
vt 0.999805987 0.334910005 0
vt 0.105766997 0.145613998 0
vt 0.0835480019 0.144909993 0
vt 0.0835480019 0.135098904 0
vt 0.111396998 0.135098904 0
vt 0.111396998 0.145684004 0
vt 0.134186 0.0763479993 0
vt 0.139268905 0.135098904 0
vt 0.139268905 0.145653993 0
vt 0.0835480019 0.0761239529 0
vt 0.111396998 0.0762929916 0
vt 0.140863001 0.145638004 0
vt 0.999836981 0.440816998 0
vt 0.999839008 0.445854008 0
vt 0.999863029 0.528789997 0
vt 0.167142004 0.135098904 0
vt 0.167142004 0.145223007 0
vt 0.176103994 0.145003006 0
vt 0.500051975 0.557070971 0
vt 0.999871016 0.557070971 0
vt 0.999888003 0.616733015 0
vt 0.195014998 0.135098904 0
vt 0.195014998 0.144343004 0
vt 0.211345002 0.143518999 0
vt 0.999903023 0.668178976 0
vt 0.500051975 0.668178976 0
vt 0.99991399 0.704460025 0
vt 0.222886994 0.135098904 0
vt 0.222886994 0.142770007 0
vt 0.223019004 0 0
vt 0.250746012 0.135098904 0
vt 0.222886994 0 0
vt 0.195130005 0 0
vt 0.246638 0.140789002 0
vt 0.999935985 0.778995991 0
vt 0.500051975 0.778995991 0
vt 0.999939024 0.791885018 0
vt 0.250746012 0.140388995 0
vt 0.999965012 0.879049003 0
vt 0.500051975 0.889567971 0
vt 0.278604001 0.137345999 0
vt 0.281980991 0.136948004 0
vt 0.278604001 0.135098904 0
vt 0.999967992 0.889567971 0
vt 0.750025988 0.889567971 0
vt 0.250892997 0 0
vt 0.278604001 0 0
vt 0.297239989 0.135098904 0
vt 0.999981999 0.937101007 0
vt 0.750025988 1 0
vt 0.999989986 0.965901017 0
vt 0.306463003 0 0
vt 0.306463003 0.133956 0
vt 0.27876699 0 0
vt 0.317333996 0.132596999 0
vt 0.749706984 0 0
vt 1 0.0426470004 0
vt 0.334320992 0 0
vt 0.334320992 0.132514998 0
vt 0.306639999 0 0
vt 0.334513992 0 0
vt 0.317312002 0.867304981 0
vt 0.33444801 1 0
vt 0.33425501 1 0
vt 0.306578994 1 0
vt 0.33444801 0.867358029 0
vt 0.249987006 1 0
vt 9.00000032e-06 0.966355026 0
vt 0.306578994 0.865970016 0
vt 0 0.0345549509 0
vt 0.250142992 0 0
vt 0.340950012 1 0
vt 0.249987006 0.88961798 0
vt 1.79999988e-05 0.932541013 0
vt 0.341163009 0 0
vt 0.341163009 0.0390299484 0
vt 0.500285983 0 0
vt 0.499974996 0.88961798 0
vt 0.499974996 1 0
vt 0.658427 1 0
vt 0.749987006 0.88961798 0
vt 3.19999999e-05 0.879526019 0
vt 5.59999971e-05 0.792388022 0
vt 0.499974996 0.779101014 0
vt 0.999445021 0.88961798 0
vt 0.999375999 1 0
vt 0.749987006 1 0
vt 0.999513984 0.779101014 0
vt 0.944486022 0.705290973 0
vt 0.832253993 0.802235007 0
vt 0.744830012 0.704578996 0
vt 0.966443002 0.821852982 0
vt 0.916957021 0.900825977 0
vt 0.65278399 0.5 0
vt 0.999988019 0.600000024 0
vt 0.999988019 0.5 0
vt 0.65278399 0.600000024 0
vt 0.999988019 0.699999988 0
vt 0.988399029 0.938414991 0
vt 0.331324011 0.600000024 0
vt 0.331324011 0.699999988 0
vt 0.65278399 0.699999988 0
vt 0.331324011 0.800000012 0
vt 0.999988019 0.752834976 0
vt 0.65278399 0.800000012 0
vt 0.331324011 0.899999976 0
vt 0.684053004 0.899999976 0
vt 0.792940021 0.851255 0
vt 0.65278399 0.899999976 0
vt 0.901274979 0.800000012 0
vt 1 0.0372419916 0
vt 1 0.0780599713 0
vt 0.65883702 0.0780599713 0
vt 1 0.117563002 0
vt 0.65883702 0 0
vt 0.65883702 0.117192999 0
vt 0.341163009 0.0780599713 0
vt 0.341163009 0.117192999 0
vt 0.65883702 0.156326994 0
vt 1 0.128346995 0
vt 0.65278399 0.913066983 0
vt 0.565756977 0.946175992 0
vt 1 0.156326994 0
vt 1 0.195419997 0
vt 0.416153997 0.987321019 0
vt 0.65883702 0.195419997 0
vt 0.331324011 0.998520017 0
vt 1 0.211701006 0
vt 0.65883702 0.214966998 0
vt 1 0.214966998 0
vt 0.312023014 0.999547005 0
vt 0.0851410031 0.947561026 0
vt 0.200874001 0.991868019 0
vt 0.252965003 0.998602986 0
vt 1 0.224739999 0
vt 0.65883702 0.224739999 0
vt 0.65883702 0.234513894 0
vt 0.341163009 0.234513894 0
vt 0.341163009 0.224739999 0
vt 0 0.234513894 0
vt 0 0.224739999 0
vt 0.341163009 0.272008985 0
vt 0.65883702 0.272008985 0
vt 1 0.234513894 0
vt 1 0.272008985 0
vt 1 0.307859987 0
vt 0.65883702 0.309502989 0
vt 0.033369001 0.899999976 0
vt 0.0317389891 0.897787988 0
vt 1 0.309502989 0
vt 0.000307999988 0.800000012 0
vt 1 0.381332994 0
vt 0.000293999998 0.794780016 0
vt 0.65883702 0.385161996 0
vt 1 0.385161996 0
vt 0.0186769906 0.699999988 0
vt 1 0.454775989 0
vt 0.0219889805 0.690793991 0
vt 0.65883702 0.461544991 0
vt 1 0.461544991 0
vt 1 0.528401971 0
vt 0.0655519888 0.600000024 0
vt 0.65883702 0.538190007 0
vt 1 0.538190007 0
vt 0.0732010007 0.586745024 0
vt 1 0.602430999 0
vt 0.331324011 0.5 0
vt 0.131457001 0.5 0
vt 0.65278399 0.400000006 0
vt 0.331324011 0.400000006 0
vt 0.144260004 0.483040988 0
vt 1 0.615025997 0
vt 0.65883702 0.615025997 0
vt 1 0.676961005 0
vt 0.215314999 0.400000006 0
vt 0.234465003 0.380144 0
vt 0.65883702 0.691870987 0
vt 1 0.691870987 0
vt 1 0.75258702 0
vt 0.322454989 0.300000012 0
vt 0.331324011 0.300000012 0
vt 0.331324011 0.292784005 0
vt 0.65883702 0.768895984 0
vt 1 0.758100986 0
vt 1 0.768895984 0
vt 1 0.829753995 0
vt 0.341163009 0.807349026 0
vt 0.341163009 0.768895984 0
vt 0.341163009 0.730383992 0
vt 0.65883702 0.845802009 0
vt 0 0.730534017 0
vt 0 0.730383992 0
vt 0 0.691870987 0
vt 0.341163009 0.691870987 0
vt 0.341163009 0.615025997 0
vt 0 0.653159022 0
vt 0 0.638378978 0
vt 0 0.615025997 0
vt 0 0.577266991 0
vt 0.341163009 0.538190007 0
vt 0.264766008 0.354642987 0
vt 0.25622201 0.340602994 0
vt 0.278710991 0.340602994 0
vt 0.278710991 0.377151012 0
vt 0.278710991 0.267675012 0
vt 0.306578994 0.267675012 0
vt 0.306578994 0.340602994 0
vt 0.293336987 0.400528014 0
vt 0 0.538190007 0
vt 0 0.516746998 0
vt 0.301474005 0.413529992 0
vt 0 0.503400028 0
vt 0.306578994 0.421725005 0
vt 0.306578994 0.413529992 0
vt 0.33444801 0.340602994 0
vt 0.33444801 0.413529992 0
vt 0.362233013 0.413529992 0
vt 0.322795004 0.448325992 0
vt 0.33444801 0.468273997 0
vt 0.347995013 0.492275 0
vt 0 0.431919008 0
vt 0 0.398063987 0
vt 0.341163009 0.385161996 0
vt 0.341163009 0.461544991 0
vt 0 0.461544991 0
vt 0 0.363303989 0
vt 0.341163009 0.347333014 0
vt 0 0.385161996 0
vt 0.362233013 0.492275 0
vt 0.362233013 0.520959973 0
vt 0.353235006 0.502252996 0
vt 0.390017986 0.413529992 0
vt 0.390017986 0.492275 0
vt 0.368910015 0.535791993 0
vt 0.383403003 0.57102102 0
vt 0.390017986 0.57102102 0
vt 0.38478899 0.574775994 0
vt 0 0.312853009 0
vt 0 0.309502989 0
vt 0.341163009 0.309502989 0
vt 0 0.347333014 0
vt 0 0.296723992 0
vt 0.390017986 0.589805007 0
vt 0.39971 0.622856975 0
vt 0 0.272008985 0
vt 0.411727011 0.692703009 0
vt 0.417802989 0.57102102 0
vt 0.417802989 0.492275 0
vt 0.417802989 0.722459018 0
vt 0.413105994 0.722459018 0
vt 0.445589006 0.57102102 0
vt 0.413053006 0.717905998 0
vt 0.445589006 0.492275 0
vt 0.445589006 0.413529992 0
vt 0.417802989 0.413529992 0
vt 0.445589006 0.267675012 0
vt 0.473309994 0.267675012 0
vt 0.473309994 0.413529992 0
vt 0.501031995 0.267675012 0
vt 0.501031995 0.413529992 0
vt 0.473309994 0.492275 0
vt 0.501031995 0.130897 0
vt 0.528752983 0.130897 0
vt 0.528752983 0.267675012 0
vt 0.55647397 0.130897 0
vt 0.556264997 0 0
vt 0.528541982 0 0
vt 0.528752983 0 0
vt 0.528647006 0.868845999 0
vt 0.55637598 1 0
vt 0.528858006 1 0
vt 0.528647006 1 0
vt 0.500918984 0.868845999 0
vt 0.55637598 0.868845999 0
vt 0.528647006 0.731992006 0
vt 0.500918984 0.731992006 0
vt 0.528647006 0.585887015 0
vt 0.55637598 0.731992006 0
vt 0.500918984 0.585887015 0
vt 0.55637598 0.585887015 0
vt 0.500918984 0.507090986 0
vt 0.528647006 0.507090986 0
vt 0.584101975 0.585887015 0
vt 0.584101975 0.731992006 0
vt 0.55637598 0.507090986 0
vt 0.55637598 0.428294986 0
vt 0.584101975 0.507090986 0
vt 0.528647006 0.428294986 0
vt 0.584101975 0.428294986 0
vt 0.611828029 0.507090986 0
vt 0.611828029 0.585887015 0
vt 0.611828029 0.731992006 0
vt 0.639554977 0.731992006 0
vt 0.639554977 0.585887015 0
vt 0.667280972 0.731992006 0
vt 0.639554977 0.868845999 0
vt 0.667280972 0.868845999 0
vt 0.667280972 1 0
vt 0.667481005 1 0
vt 0.69500798 0.868845999 0
vt 0.69500798 1 0
vt 0.667348981 0.130897 0
vt 0.667348981 0 0
vt 0.694869995 0 0
vt 0.63963002 0.130897 0
vt 0.667147994 0 0
vt 0.63963002 0.267675012 0
vt 0.611912012 0.130897 0
vt 0.611912012 0.267675012 0
vt 0.63963002 0 0
vt 0.63942802 0 0
vt 0.639756978 1 0
vt 0.639554977 1 0
vt 0.611912012 0 0
vt 0.611828029 0.868845999 0
vt 0.61203301 1 0
vt 0.584101975 0.868845999 0
vt 0.611828029 1 0
vt 0.584101975 1 0
vt 0.584308982 1 0
vt 0.584192991 0 0
vt 0.584192991 0.130897 0
vt 0.611706972 0 0
vt 0.583985984 0 0
vt 0.584192991 0.267675012 0
vt 0.55647397 0.267675012 0
vt 0.55647397 0.413529992 0
vt 0.528752983 0.413529992 0
vt 0.501031995 0.492275 0
vt 0.528752983 0.492275 0
vt 0.55647397 0.492275 0
vt 0.528752983 0.57102102 0
vt 0.501031995 0.57102102 0
vt 0.55647397 0.57102102 0
vt 0.528752983 0.722459018 0
vt 0.501031995 0.722459018 0
vt 0.528752983 0.86463201 0
vt 0.501031995 0.86463201 0
vt 0.55647397 0.722459018 0
vt 0.473309994 0.86463201 0
vt 0.473309994 1 0
vt 0.500819027 1 0
vt 0.501031995 1 0
vt 0.528541982 1 0
vt 0.501130998 0 0
vt 0.528647006 0 0
vt 0.528647006 0.135098904 0
vt 0.500918984 0.135098904 0
vt 0.500918984 0 0
vt 0.528752983 1 0
vt 0.528858006 0 0
vt 0.55647397 0.86463201 0
vt 0.556264997 1 0
vt 0.55637598 0 0
vt 0.55637598 0.135098904 0
vt 0.584192991 0.722459018 0
vt 0.584192991 0.86463201 0
vt 0.55647397 1 0
vt 0.583985984 1 0
vt 0.556585014 0 0
vt 0.584101975 0 0
vt 0.584101975 0.135098904 0
vt 0.584308982 0 0
vt 0.611828029 0.135098904 0
vt 0.584101975 0.277067006 0
vt 0.611828029 0.277067006 0
vt 0.639554977 0.277067006 0
vt 0.611828029 0.428294986 0
vt 0.639554977 0.428294986 0
vt 0.667280972 0.507090986 0
vt 0.639554977 0.507090986 0
vt 0.667280972 0.428294986 0
vt 0.667280972 0.277067006 0
vt 0.69500798 0.428294986 0
vt 0.69500798 0.507090986 0
vt 0.69500798 0.585887015 0
vt 0.722734988 0.585887015 0
vt 0.722734988 0.507090986 0
vt 0.722734988 0.428294986 0
vt 0.750461996 0.507090986 0
vt 0.750461996 0.585887015 0
vt 0.750461996 0.731992006 0
vt 0.778189003 0.731992006 0
vt 0.778189003 0.585887015 0
vt 0.778189003 0.868845999 0
vt 0.805917978 0.868845999 0
vt 0.805917978 0.731992006 0
vt 0.833647013 0.868845999 0
vt 0.833647013 0.731992006 0
vt 0.805917978 0.585887015 0
vt 0.861375988 0.868845999 0
vt 0.861375988 0.731992006 0
vt 0.833647013 0.585887015 0
vt 0.889105022 0.658939004 0
vt 0.889105022 0.731992006 0
vt 0.861375988 0.585887015 0
vt 0.889105022 0.800418973 0
vt 0.889105022 0.507090986 0
vt 0.889105022 0.585887015 0
vt 0.833647013 0.428294986 0
vt 0.861375988 0.428294986 0
vt 0.889105022 0.428294986 0
vt 0.91682899 0.507090986 0
vt 0.91682899 0.585887015 0
vt 0.91682899 0.428294986 0
vt 0.889105022 0.352681011 0
vt 0.91682899 0.352681011 0
vt 0.924320996 0.370997995 0
vt 0.923434973 0.428294986 0
vt 0.923399985 0.430703014 0
vt 0.922604024 0.490922987 0
vt 1 0.604722023 0
vt 1 0.701004028 0
vt 0.657920003 0.701004028 0
vt 0.657920003 0.600678027 0
vt 1 0.600678027 0
vt 0.34196499 0.701004028 0
vt 0.657920003 0.80132997 0
vt 1 0.73180002 0
vt 0.925370991 0.311172992 0
vt 0.924627006 0.352681011 0
vt 1 0.80132997 0
vt 0.828960001 0.80132997 0
vt 0.828960001 0.850997984 0
vt 0.657920003 0.850997984 0
vt 0.499942988 0.850997984 0
vt 0.499942988 0.900664985 0
vt 0.657920003 0.900664985 0
vt 0.499942988 0.950332999 0
vt 0.657920003 0.950332999 0
vt 0.828960001 0.900664985 0
vt 1 0.858183026 0
vt 1 0.900664985 0
vt 0.828960001 0.950332999 0
vt 1 0.950332999 0
vt 1 0.975705028 0
vt 0.828960001 1 0
vt 0.657920003 0.999998987 0
vt 0.657472014 4.99999987e-06 0
vt 0.828736007 7.0000001e-06 0
vt 0.657472014 0.154774994 0
vt 0.828736007 0.154774994 0
vt 1 7.99999998e-06 0
vt 0.928394973 0.171765 0
vt 0.927932978 0.191259995 0
vt 0.91682899 0.206082895 0
vt 0.927591026 0.206082895 0
vt 1 0.154774994 0
vt 0.91682899 0.135098904 0
vt 0.929028988 0.151990995 0
vt 1 0.312611014 0
vt 0.828736007 0.312611014 0
vt 1 0.450156003 0
vt 0.657472014 0.312611014 0
vt 0.930127978 0.131919995 0
vt 0.929898977 0.135098904 0
vt 0.91682899 0.0675489902 0
vt 1 0.476824999 0
vt 0.657472014 0.476824999 0
vt 0.932465017 0.113372996 0
vt 1 0.652732015 0
vt 0.657472014 0.652732015 0
vt 0.342175007 0.652732015 0
vt 0.342175007 0.832787991 0
vt 0.657472014 0.832787991 0
vt 0 0.680902004 0
vt 0 0.859454989 0
vt 0 0.832787991 0
vt 0.338185012 1 0
vt 0.657472014 1 0
vt 0.342175007 1 0
vt 0 0.125040993 0
vt 0.338183999 0 0
vt 0.338183999 0.125040993 0
vt 0.342175007 0 0
vt 0.00998997595 0.164453998 0
vt 0.200000003 0 0
vt 0.901360989 0.664206982 0
vt 1 0.830258012 0
vt 0.946188986 0.852397025 0
vt 0.200000003 0.164453998 0
vt 0.400000006 0 0
vt 0.837579012 0.896016002 0
vt 0.802722991 0.498154998 0
vt 0.400000006 0.164453998 0
vt 0.600000024 0 0
vt 0.284069002 0.536825001 0
vt 0.704083979 0.332103014 0
vt 0.800000012 0 0
vt 0.600000024 0.164453998 0
vt 0.381062001 0.0168889705 0
vt 0.605445981 0.166051999 0
vt 0.184919998 0.369913995 0
vt 0.254581988 0.0322179683 0
vt 0.317907006 0.0247419402 0
vt 0.444032997 0.00864696503 0
vt 0 0.749930024 0
vt 0 0.624894977 0
vt 0.338728011 0.749930024 0
vt 0.338728011 0.874965012 0
vt 0 0.874965012 0
vt 0.338728011 1 0
vt 0.661558986 0.874965012 0
vt 0.339792013 0.142005995 0
vt 0 0.142005995 0
vt 0.338726997 0 0
vt 0.339792013 0 0
vt 0.660380006 1 0
vt 0.339870989 1 0
vt 0.661558986 1 0
vt 0.661559999 0 0
vt 1 0.142005995 0
vt 0.660381019 0 0
vt 0.932703972 0.899334013 0
vt 0.944553018 0.934423029 0
vt 0.91682899 0.934423029 0
vt 0.938639998 0.901695013 0
vt 1 0.874965012 0
vt 0.929018974 0.897041023 0
vt 0.889105022 0.868845999 0
vt 0.91682899 0.868845999 0
vt 0.922483981 0.868845999 0
vt 0.91682899 1 0
vt 0.889294982 1 0
vt 0.889105022 1 0
vt 0.889105022 0.934423029 0
vt 0.922838986 0.872942984 0
vt 0.925320029 0.888520002 0
vt 1 0.298990011 0
vt 0.660381019 0.142005995 0
vt 0.660381019 0.298990011 0
vt 1 0.455844015 0
vt 0.339792013 0.298990011 0
vt 0.660381019 0.455859989 0
vt 0.339792013 0.455859989 0
vt 1 0.49140799 0
vt 0.660381019 0.599784017 0
vt 1 0.599784017 0
vt 1 0.735347986 0
vt 0.660381019 0.735347986 0
vt 0.339792013 0.599784017 0
vt 0.339792013 0.735347986 0
vt 0.660381019 0.86995399 0
vt 0.339792013 0.86995399 0
vt 0.657920003 0.999975026 0
vt 0.341966003 0.999987006 0
vt 0.339792013 0.999987006 0
vt 1 0.86995399 0
vt 0.660381019 0.999975026 0
vt 1 0.999962986 0
vt 0.657920003 1.99999999e-06 0
vt 0.660381973 1.99999999e-06 0
vt 1 0.00898897555 0
vt 0.91682899 0.800418973 0
vt 0.921042025 0.800418973 0
vt 0.921066999 0.806316018 0
vt 0.921146989 0.822449982 0
vt 0.91682899 0.731992006 0
vt 0.921344995 0.838847995 0
vt 0.920930028 0.741594017 0
vt 0.91682899 0.658939004 0
vt 0.921069026 0.677810013 0
vt 0.920934021 0.731992006 0
vt 1 0.113902003 0
vt 1 0.198149994 0
vt 0.657920003 0.198149994 0
vt 0.657920003 0.0990749523 0
vt 1 0.0990749523 0
vt 0.34196499 0.198149994 0
vt 0.657920003 0.298500001 0
vt 1 0.227785006 0
vt 0.34196499 0.0990749523 0
vt 0 0.198149994 0
vt 0 0.0990749523 0
vt 0.34196499 0.298500001 0
vt 0.657920003 0.398849994 0
vt 0 0.298500001 0
vt 0.34196499 0.398849994 0
vt 0.165074006 0.99999398 0
vt 0.280211002 0.122321002 0
vt 0.388383001 0.0326949917 0
vt 0.175365001 0.298462987 0
vt 0 0.398849994 0
vt 0.498218 0.00855696201 0
vt 0.644343972 0.999976993 0
vt 0.404709011 0.999985993 0
vt 0.34196499 0.499763995 0
vt 0 0.499763995 0
vt 0.60797298 0.0427759811 0
vt 0 0.600678027 0
vt 0.716005981 0.139276996 0
vt 0 0.701004028 0
vt 0.34196499 0.600678027 0
vt 0.657920003 0.499763995 0
vt 1 0.472934991 0
vt 1 0.499763995 0
vt 0.922415972 0.507090986 0
vt 0.921947002 0.55223 0
vt 1 0.398849994 0
vt 0.921649992 0.585887015 0
vt 1 0.34424299 0
vt 0.921433985 0.614362001 0
vt 1 0.298500001 0
vt 0.921157002 0.658939004 0
vt 0.883979976 0.999969006 0
vt 0.820538998 0.320560992 0
vt 0.170983002 0.80132997 0
vt 0 0.80132997 0
vt 0.34196499 0.80132997 0
vt 0.960282028 0.788372993 0
vt 1 0.999965012 0
vt 0.200000003 0.86026299 0
vt 0.200000003 0.999987006 0
vt 0.103169002 0.999991 0
vt 0.400000006 0.999979973 0
vt 0.869879007 0.448792994 0
vt 0.916701972 0.604362011 0
vt 0.400000006 0.86026299 0
vt 0.200000003 0.714248002 0
vt 0.0836820006 0.866514027 0
vt 0.0828359723 0.86026299 0
vt 0.200000003 0.550096989 0
vt 0.0642289519 0.714248002 0
vt 0.400000006 0.714248002 0
vt 0.065162003 0.722042024 0
vt 0 0.320827991 0
vt 0 0.312611014 0
vt 0.171087995 0.312611014 0
vt 0 0.161769003 0
vt 0.342175007 0.312611014 0
vt 0.171087995 0.154774994 0
vt 0.342175007 0.154774994 0
vt 0.342175007 0.476824999 0
vt 0.499823987 0.154774994 0
vt 0.499823987 0.312611014 0
vt 0 0.476824999 0
vt 0 0.489113986 0
vt 0.0469819903 0.562403977 0
vt 0.0456539914 0.550096989 0
vt 0.200000003 0.356076002 0
vt 0.0257009808 0.356076002 0
vt 0.0284859501 0.385033011 0
vt 0 0.652732015 0
vt 0.400000006 0.356076002 0
vt 0.400000006 0.550096989 0
vt 0.600000024 0.550096989 0
vt 0.600000024 0.714248002 0
vt 0.600000024 0.356076002 0
vt 0.800000012 0.550096989 0
vt 0.800000012 0.714248002 0
vt 0.969736993 0.714248002 0
vt 0.800000012 0.86026299 0
vt 0.954877019 0.86026299 0
vt 0.937771022 0.999958992 0
vt 0.964164972 0.772014022 0
vt 1.99999999e-06 0.834837019 0
vt 9.99999997e-07 0.735347986 0
vt 1.99999999e-06 0.86995399 0
vt 0.95143199 0.890631974 0
vt 0 7.0000001e-06 0
vt 0.3398 4.99999987e-06 0
vt 0.34196499 4.99999987e-06 0
vt 0.0797109604 0.583943009 0
vt 0.800000012 0.999963999 0
vt 9.99999997e-07 0.67255199 0
vt 0.600000024 0.86026299 0
vt 0.600000024 0.999971986 0
vt 9.99999997e-07 0.599784017 0
vt 0.983084023 0.550096989 0
vt 0.975848019 0.644752979 0
vt 0.993945003 0.356076002 0
vt 0.800000012 0.356076002 0
vt 0.986410975 0.500414014 0
vt 9.99999997e-07 0.504585028 0
vt 9.99999997e-07 0.455859989 0
vt 9.99999997e-07 0.318046987 0
vt 0.998822987 0.164453998 0
vt 0.800000012 0.164453998 0
vt 0.994740009 0.335693985 0
vt 9.99999997e-07 0.298990011 0
vt 0 0.142603904 0
vt 0.998830974 0.163788006 0
vt 0.499823987 3.99999999e-06 0
vt 0.342175007 3.00000011e-06 0
vt 0.499942988 0.999998987 0
vt 0.34196499 0.999998987 0
vt 0.170983002 0.999998987 0
vt 0.34196499 0.950332999 0
vt 0.171087995 9.99999997e-07 0
vt 0.170983002 0.950332999 0
vt 0 0.154774994 0
vt 0 0.999997973 0
vt 0 0.950332999 0
vt 0.170983002 0.900664985 0
vt 0.34196499 0.900664985 0
vt 0.34196499 0.850997984 0
vt 0.499942988 0.80132997 0
vt 0.170983002 0.850997984 0
vt 0 0.850997984 0
vt 0 0.900664985 0
vt 0.92177999 0.855665028 0
vt 0.861564994 1 0
vt 0.861204982 0 0
vt 0.861393988 0 0
vt 0.861393988 0.130897 0
vt 0.861375988 1 0
vt 0.888927996 0 0
vt 0.889118016 0 0
vt 0.889118016 0.0654479787 0
vt 0.889118016 0.130897 0
vt 0.889118016 0.199285999 0
vt 0.861393988 0.267675012 0
vt 0.833669007 0.130897 0
vt 0.833669007 0.267675012 0
vt 0.833669007 0.413529992 0
vt 0.889118016 0.340602994 0
vt 0.861393988 0.413529992 0
vt 0.889118016 0.267675012 0
vt 0.91683799 0.199285999 0
vt 0.91683799 0.267675012 0
vt 0.920744002 0.258534014 0
vt 0.91683799 0.340602994 0
vt 0.920861006 0.322604001 0
vt 0.920744002 0.267675012 0
vt 0.658008993 0.801865995 0
vt 1 0.801865995 0
vt 1 0.886866987 0
vt 1 0.77382201 0
vt 0.920943022 0.340602994 0
vt 0.921239972 0.386352986 0
vt 0.658008993 0.701614022 0
vt 1 0.701614022 0
vt 1 0.658082008 0
vt 0.921461999 0.413529992 0
vt 0.91683799 0.413529992 0
vt 0.889118016 0.413529992 0
vt 0.889118016 0.492275 0
vt 0.91683799 0.492275 0
vt 0.921787024 0.448581994 0
vt 0.658008993 0.601360977 0
vt 1 0.601360977 0
vt 1 0.529846013 0
vt 0.922240019 0.492275 0
vt 0.922451019 0.510062993 0
vt 0.658008993 0.500401974 0
vt 1 0.500401974 0
vt 1 0.399441987 0
vt 0.658008993 0.399441987 0
vt 0.91683799 0.57102102 0
vt 0.92326498 0.570416987 0
vt 0.889118016 0.57102102 0
vt 0.91683799 0.646740019 0
vt 0.889118016 0.646740019 0
vt 0.924193978 0.630253017 0
vt 0.923273981 0.57102102 0
vt 0.658008993 0.298916012 0
vt 1 0.298916012 0
vt 1 0.398429006 0
vt 1 0.271216989 0
vt 0.924471974 0.646740019 0
vt 0.925249994 0.69017899 0
vt 0.82900399 0.198388904 0
vt 1 0.198388904 0
vt 0.658008993 0.198388904 0
vt 0.925822973 0.719967008 0
vt 1 0.148791999 0
vt 0.82900399 0.148791999 0
vt 1 0.144655004 0
vt 0.82900399 0.0991939902 0
vt 0.658008993 0.148791999 0
vt 0.658008993 0.0991939902 0
vt 0.500091016 0.0991939902 0
vt 0.500091016 0.148791999 0
vt 0.34217301 0.148791999 0
vt 0.500091016 0.198388904 0
vt 0.34217301 0.0991939902 0
vt 0.34217301 0.198388904 0
vt 0.171086997 0.0991939902 0
vt 0.171086997 0.148791999 0
vt 0 0.148791999 0
vt 0.171086997 0.198388904 0
vt 0 0.0991939902 0
vt 0.879881024 0 0
vt 0.916567981 0.39518699 0
vt 0.869271994 0.547034025 0
vt 0.819572985 0.670901 0
vt 0 0.198388904 0
vt 0.714456975 0.848143995 0
vt 0 0.298916012 0
vt 0.64110899 0 0
vt 0.606333971 0.950667977 0
vt 0 0.399441987 0
vt 0.34217301 0.399441987 0
vt 0.34217301 0.298916012 0
vt 0.34217301 0.500401974 0
vt 0 0.601360977 0
vt 0 0.500401974 0
vt 0.34217301 0.601360977 0
vt 0 0.701614022 0
vt 0.34217301 0.701614022 0
vt 0 0.801865995 0
vt 0.34217301 0.801865995 0
vt 0 0.900933027 0
vt 0.34217301 0.900933027 0
vt 0.173126906 0.72399801 0
vt 0.0782659575 0.429563999 0
vt 0.163565904 0 0
vt 0.339991987 1 0
vt 0.800000012 0.139732003 0
vt 0.93700701 0 0
vt 0.953900993 0.139732003 0
vt 0 0.131202906 0
vt 0.339996994 0 0
vt 0.950631976 0.110988997 0
vt 0.339996994 0.131202906 0
vt 0 0.164456993 0
vt 0.339996994 0.264247 0
vt 0.660579979 0.131202906 0
vt 0 0.264247 0
vt 0.660579979 0.264247 0
vt 0 0.326270998 0
vt 0.339996994 0.400525987 0
vt 0 0.400525987 0
vt 0.660579979 0.400525987 0
vt 0 0.494899988 0
vt 0.339996994 0.544597983 0
vt 0 0.544597983 0
vt 0.660579979 0.544597983 0
vt 0 0.682150006 0
vt 0.339996994 0.700630009 0
vt 0.982508004 0.449885011 0
vt 0.985984027 0.500154018 0
vt 0.993804991 0.643899977 0
vt 0.800000012 0.643899977 0
vt 0.800000012 0.835529983 0
vt 0.994606018 0.66366303 0
vt 0.998721004 0.835529983 0
vt 0 0.700630009 0
vt 0.800000012 1 0
vt 0.600000024 1 0
vt 0.600000024 0.835529983 0
vt 0.600000024 0.643899977 0
vt 0.400000006 0.643899977 0
vt 0.400000006 0.449885011 0
vt 0.600000024 0.449885011 0
vt 0.400000006 0.835529983 0
vt 0.200000003 0.449885011 0
vt 0.200000003 0.643899977 0
vt 0.400000006 1 0
vt 0.200000003 1 0
vt 0.200000003 0.835529983 0
vt 0.00989699271 0.835529983 0
vt 0.0252659898 0.643899977 0
vt 0 0.141926005 0
vt 0.338376999 0 0
vt 0.0118079698 0.808432996 0
vt 0.342664987 0.166552007 0
vt 0 0.166552007 0
vt 0.657720029 0 0
vt 0.657720029 0.166552007 0
vt 0.657720029 0.348464012 0
vt 0.342664987 0.348464012 0
vt 0 0.321810007 0
vt 0.342664987 0 0
vt 0.342667013 1 0
vt 0.338376999 1 0
vt 0.338376999 0.874958992 0
vt 0.657719016 1 0
vt 0 0.874958992 0
vt 0 0.749916971 0
vt 0.338376999 0.749916971 0
vt 0.661692023 0.874958992 0
vt 1 0.874958992 0
vt 1 0.907828987 0
vt 0.661692023 1 0
vt 0.661692023 0.749916971 0
vt 0.944558978 0.932316005 0
vt 0.944558978 0.902979016 0
vt 0.946039021 0.903505981 0
vt 0.951669991 0.905474007 0
vt 1 0.749916971 0
vt 0.957305014 0.907383025 0
vt 1 0.624876022 0
vt 0.661692023 0.624876022 0
vt 0.338376999 0.499835014 0
vt 0.661692023 0.499835014 0
vt 0.338376999 0.624876022 0
vt 0.338376999 0.374875993 0
vt 0.661692023 0.374875993 0
vt 1 0.499835014 0
vt 0.962943971 0.90923202 0
vt 0.972279012 0.932316005 0
vt 0.968581975 0.911019981 0
vt 1 0.374875993 0
vt 0.972279012 0.912158012 0
vt 1 0.292982996 0
vt 0.974223971 0.912747025 0
vt 0.661692023 0.249917001 0
vt 1 0.249917001 0
vt 0.338376999 0.249917001 0
vt 0.661692023 0.124958999 0
vt 0.338376999 0.124958999 0
vt 1 0.124958999 0
vt 0.661692023 0 0
vt 0.658200026 0 0
vt 0.658200979 0.821060002 0
vt 1 0.821060002 0
vt 0.66169399 1 0
vt 0.658200979 1 0
vt 0.997685015 0.932314992 0
vt 0.985521019 0.916013002 0
vt 0.979870021 0.914411008 0
vt 0.989906013 0.917665005 0
vt 0.972279012 1 0
vt 1 0.462893009 0
vt 0.658200979 0.494744003 0
vt 0.658200979 0.340236992 0
vt 1 0.494744003 0
vt 1 0.340236992 0
vt 0.999782026 0.977779984 0
vt 0.999666989 0.959881008 0
vt 0.993974984 0.921477973 0
vt 0.997195005 0.92988503 0
vt 0.999008 0.943476975 0
vt 0.736894011 0 0
vt 1 0.177208006 0
vt 0.658200979 0.177208006 0
vt 0.340934008 0.177208006 0
vt 0.340934008 0 0
vt 0.340934008 0.340236992 0
vt 0.5 0 0
vt 0.658200979 0 0
vt 0.5 1 0
vt 0.340934008 1 0
vt 0.263105989 0 0
vt 0.498966008 0 0
vt 0.263107002 1 0
vt 0.657671988 0 0
vt 0.736892998 1 0
vt 0.736892998 0 0
vt 0.736894011 1 0
vt 1 0.825429022 0
vt 0.657671988 1 0
vt 0.657671988 0.825429022 0
vt 0.340261012 0.659572005 0
vt 0.657671988 0.659572005 0
vt 0.498966008 0.825429022 0
vt 1 0.659572005 0
vt 0.999854982 0.0401449688 0
vt 0.999190986 0.0568719506 0
vt 0.997983992 0.0675489902 0
vt 1 0.543662012 0
vt 0.972275972 0 0
vt 0.997393012 0.070596993 0
vt 0.994199991 0.0790779516 0
vt 0.657671988 0.504922986 0
vt 1 0.504922986 0
vt 0.990101993 0.0830009505 0
vt 0.985697985 0.0846329927 0
vt 0.972275972 0.0675489902 0
vt 0.972082973 1 0
vt 0.944558978 1 0
vt 0.944746971 0 0
vt 0.999980986 0.0222829506 0
vt 0.972473025 0 0
vt 0.944553018 0 0
vt 0.944365025 1 0
vt 0.944553018 0.0675489902 0
vt 0.917020977 0 0
vt 0.91683799 1 0
vt 0.916647017 1 0
vt 0.91683799 0.932316005 0
vt 0.91682899 0 0
vt 0.91683799 0.86463201 0
vt 0.889118016 0.932316005 0
vt 0.929603994 0.86463201 0
vt 0.889118016 1 0
vt 0.929949999 0.869298995 0
vt 0.932341993 0.88755101 0
vt 0.936236978 0.898509979 0
vt 0.888927996 1 0
vt 0.861393988 0.86463201 0
vt 0.889105022 0 0
vt 0.889294982 0 0
vt 0.861393988 0.722459018 0
vt 0.833669007 0.86463201 0
vt 0.833669007 1 0
vt 0.889118016 0.793546021 0
vt 0.889118016 0.86463201 0
vt 0.861393988 1 0
vt 0.861204982 1 0
vt 0.861375988 0 0
vt 0.861564994 0 0
vt 0.861375988 0.135098904 0
vt 0.833835006 0 0
vt 0.889105022 0.0675489902 0
vt 0.889105022 0.135098904 0
vt 0.833647013 0.135098904 0
vt 0.833647013 0 0
vt 0.861375988 0.277067006 0
vt 0.889105022 0.206082895 0
vt 0.833481014 1 0
vt 0.805944979 1 0
vt 0.806105018 0 0
vt 0.805944979 0.86463201 0
vt 0.805917978 0 0
vt 0.805757999 1 0
vt 0.805944979 0.722459018 0
vt 0.778219998 0.86463201 0
vt 0.778219998 1 0
vt 0.833669007 0.722459018 0
vt 0.77837503 0 0
vt 0.805917978 0.135098904 0
vt 0.778033972 1 0
vt 0.778189003 0 0
vt 0.778189003 0.135098904 0
vt 0.750652015 0 0
vt 0.750461996 0.135098904 0
vt 0.778189003 0.277067006 0
vt 0.805917978 0.277067006 0
vt 0.750503004 1 0
vt 0.750503004 0.86463201 0
vt 0.750312984 1 0
vt 0.750461996 0 0
vt 0.722784996 1 0
vt 0.722927988 0 0
vt 0.722784996 0.86463201 0
vt 0.722734988 0.135098904 0
vt 0.722734988 0 0
vt 0.722590983 1 0
vt 0.722784996 0.722459018 0
vt 0.695066988 0.86463201 0
vt 0.695066988 1 0
vt 0.750503004 0.722459018 0
vt 0.694869995 1 0
vt 0.69500798 0 0
vt 0.695204973 0 0
vt 0.69500798 0.135098904 0
vt 0.667481005 0 0
vt 0.667280972 0.135098904 0
vt 0.69500798 0.277067006 0
vt 0.722734988 0.277067006 0
vt 0.667348981 1 0
vt 0.667348981 0.86463201 0
vt 0.667147994 1 0
vt 0.667280972 0 0
vt 0.639756978 0 0
vt 0.63963002 1 0
vt 0.63942802 1 0
vt 0.63963002 0.86463201 0
vt 0.639554977 0.135098904 0
vt 0.639554977 0 0
vt 0.611912012 1 0
vt 0.61203301 0 0
vt 0.611912012 0.86463201 0
vt 0.611706972 1 0
vt 0.611828029 0 0
vt 0.584192991 1 0
vt 0.611912012 0.722459018 0
vt 0.63963002 0.722459018 0
vt 0.611912012 0.57102102 0
vt 0.63963002 0.57102102 0
vt 0.63963002 0.492275 0
vt 0.667348981 0.492275 0
vt 0.667348981 0.57102102 0
vt 0.667348981 0.413529992 0
vt 0.695066988 0.413529992 0
vt 0.695066988 0.492275 0
vt 0.722784996 0.413529992 0
vt 0.695066988 0.57102102 0
vt 0.722784996 0.492275 0
vt 0.750503004 0.492275 0
vt 0.722784996 0.57102102 0
vt 0.750503004 0.413529992 0
vt 0.750503004 0.267675012 0
vt 0.778219998 0.267675012 0
vt 0.778219998 0.413529992 0
vt 0.750503004 0.130897 0
vt 0.778219998 0.130897 0
vt 0.722784996 0.267675012 0
vt 0.722784996 0.130897 0
vt 0.695066988 0.267675012 0
vt 0.750503004 0 0
vt 0.722784996 0 0
vt 0.695066988 0.130897 0
vt 0.750312984 0 0
vt 0.667348981 0.267675012 0
vt 0.722590983 0 0
vt 0.695066988 0 0
vt 0.695204973 1 0
vt 0.722734988 1 0
vt 0.722927988 1 0
vt 0.722734988 0.868845999 0
vt 0.69500798 0.731992006 0
vt 0.750461996 1 0
vt 0.722734988 0.731992006 0
vt 0.750461996 0.868845999 0
vt 0.667280972 0.585887015 0
vt 0.778189003 1 0
vt 0.750652015 1 0
vt 0.77837503 1 0
vt 0.778033972 0 0
vt 0.778219998 0 0
vt 0.805917978 1 0
vt 0.805757999 0 0
vt 0.806105018 1 0
vt 0.805944979 0.130897 0
vt 0.805944979 0 0
vt 0.833481014 0 0
vt 0.833647013 1 0
vt 0.833835006 1 0
vt 0.833669007 0 0
vt 0.805944979 0.267675012 0
vt 0.805944979 0.413529992 0
vt 0.778219998 0.492275 0
vt 0.805944979 0.57102102 0
vt 0.778219998 0.57102102 0
vt 0.778219998 0.722459018 0
vt 0.750503004 0.57102102 0
vt 0.833669007 0.57102102 0
vt 0.861393988 0.57102102 0
vt 0.63963002 0.413529992 0
vt 0.611912012 0.413529992 0
vt 0.611912012 0.492275 0
vt 0.584192991 0.57102102 0
vt 0.584192991 0.492275 0
vt 0.584192991 0.413529992 0
vt 0.695066988 0.722459018 0
vt 0.667348981 0.722459018 0
vt 0.750461996 0.277067006 0
vt 0.750461996 0.428294986 0
vt 0.778189003 0.428294986 0
vt 0.778189003 0.507090986 0
vt 0.805917978 0.428294986 0
vt 0.833647013 0.277067006 0
vt 0.889105022 0.277067006 0
vt 0.91682899 0.277067006 0
vt 0.926581025 0.251513988 0
vt 0.926043987 0.277067006 0
vt 0.925956011 0.281383991 0
vt 1 0.850997984 0
vt 0.91683799 0.793546021 0
vt 0.91683799 0.722459018 0
vt 0.926432014 0.749916017 0
vt 0.927078009 0.780031025 0
vt 0.927379012 0.793546021 0
vt 0.927765012 0.810437977 0
vt 0.928232014 0.829708993 0
vt 0.889118016 0.722459018 0
vt 0.925872982 0.722459018 0
vt 0.82900399 0 0
vt 1 0.0274800006 0
vt 1 0.845951021 0
vt 0.828859985 0.845951021 0
vt 0.828859985 1 0
vt 0.657720029 1 0
vt 0.657720029 0.845951021 0
vt 0.658008993 0 0
vt 0.82900399 0.0495969616 0
vt 0.657720029 0.689064026 0
vt 0.500193 0.689064026 0
vt 0.500193 0.845951021 0
vt 0.500193 0.523754001 0
vt 0.342664987 0.523754001 0
vt 0.342664987 0.689064026 0
vt 0 0.680558026 0
vt 0.171333 0.689064026 0
vt 0.342664987 0.845951021 0
vt 0.171333 0.845951021 0
vt 0.342664987 1 0
vt 0.500193 1 0
vt 0.34217301 0 0
vt 0.500091016 0 0
vt 0.500091016 0.0495969616 0
vt 0.34217301 0.0495969616 0
vt 0.171086997 0 0
vt 0.171333 1 0
vt 0 0.845951021 0
vt 0.171086997 0.0495969616 0
vt 0 0.0495969616 0
vt 0.960458994 0.213234007 0
vt 0 0.838791013 0
vt 0.0797209665 0.139732003 0
vt 0.0805569813 0.133365005 0
vt 0.200000003 0.139732003 0
vt 0.0993849635 0 0
vt 0.400000006 0.139732003 0
vt 0.400000006 0.285742015 0
vt 0.200000003 0.285742015 0
vt 0.600000024 0.285742015 0
vt 0.800000012 0.285742015 0
vt 0.800000012 0.449885011 0
vt 0.600000024 0.139732003 0
vt 0.402337998 0 0
vt 0.386550993 0.976206005 0
vt 0.968915999 0.285742015 0
vt 0.0619739816 0.285742015 0
vt 0.0628919601 0.277604014 0
vt 0 0.689064026 0
vt 0.658008993 0.0495969616 0
vt 0 0.523754001 0
vt 0.0444589816 0.449885011 0
vt 0.0454889499 0.439891994 0
vt 0 0.513761997 0
vt 0 0.348464012 0
vt 0.02780395 0.616501987 0
vt 0.657720029 0.523754001 0
vt 1 0.523754001 0
vt 1 0.56348002 0
vt 0.828859985 0.689064026 0
vt 1 0.689064026 0
vt 0.928856015 0.849264026 0
vt 1 0.0991939902 0
vt 1 0.0495969616 0
vt 1 0.166552007 0
vt 1 0.348464012 0
vt 0.66169399 0 0
vt 0.940409005 0.901479006 0
vt 0.944553018 0.0977320001 0
vt 0.940593004 0.0991609618 0
vt 0.946223021 0.0971369669 0
vt 0.936366975 0.102211997 0
vt 0.951852977 0.0951719806 0
vt 0.957486987 0.0932639763 0
vt 0.96312499 0.0914149806 0
vt 1 0.832787991 0
vt 0.661908984 1 0
vt 0.657473028 0 0
vt 0.661908984 0 0
vt 0.661908984 0.125040993 0
vt 1 0.0879489705 0
vt 0.338183999 0.250081986 0
vt 1 0.125040993 0
vt 0.661908984 0.250081986 0
vt 0.338183999 0.375122994 0
vt 0.661908984 0.375122994 0
vt 1 0.250081986 0
vt 1 0.375122994 0
vt 0.661908984 0.500163972 0
vt 0.338183999 0.500163972 0
vt 1 0.500163972 0
vt 0.338183999 0.625123024 0
vt 0.661908984 0.625123024 0
vt 1 0.625123024 0
vt 1 0.702970982 0
vt 0.661908984 0.750082016 0
vt 0.338183999 0.750082016 0
vt 1 0.750082016 0
vt 0.661908984 0.875041008 0
vt 0.338183999 0.875041008 0
vt 1 0.875041008 0
vt 0.657670975 1 0
vt 0.661911011 0 0
vt 0.657671988 0.179429993 0
vt 0.340261012 1 0
vt 0.340261012 0 0
vt 1 0.179429993 0
vt 1 0.350726008 0
vt 0.340261012 0.179429993 0
vt 0.657671988 0.350726008 0
vt 0.340261012 0.350726008 0
vt 0 0.350726008 0
vt 0 0.183577001 0
vt 0.340261012 0.504922986 0
vt 0.166666999 0.687745988 0
vt 0.166666999 0.851930976 0
vt 0.0296729803 0.851930976 0
vt 0.0220949594 0.69233501 0
vt 0.0298519693 0.855515003 0
vt 0 0.179429993 0
vt 0.338182986 0 0
vt 0.0375030003 1 0
vt 0.615777016 0.979879022 0
vt 0.559206009 1 0
vt 0.482367009 0.870647013 0
vt 0 0.875041008 0
vt 0.338183999 1 0
vt 0.166666999 1 0
vt 0.782727003 0.917446971 0
vt 0.38321799 0.703736007 0
vt 0.333332986 1 0
vt 0.727510989 0.938576996 0
vt 0.671869993 0.959397018 0
vt 0 0.750082016 0
vt 0 0.625123024 0
vt 0 0.500163972 0
vt 0 0.375122994 0
vt 0.333332986 0.851930976 0
vt 0.5 0.851930976 0
vt 0.333332986 0.687745988 0
vt 0.166666999 0.498077989 0
vt 0.333332986 0.498077989 0
vt 0.5 0.687745988 0
vt 0.5 0.498077989 0
vt 0.666666985 0.687745988 0
vt 0.666666985 0.851930976 0
vt 0.666666985 1 0
vt 0.833333015 1 0
vt 0.833333015 0.851930976 0
vt 0.833333015 0.687745988 0
vt 0.981045008 0.851930976 0
vt 0.977512002 1 0
vt 0.980994999 0.853967011 0
vt 0.0857709572 0.203003004 0
vt 0 0.0586129986 0
vt 0.127547994 0.04608595 0
vt 0 0.249929994 0
vt 0.338728011 0.249929994 0
vt 0.338726997 1 0
vt 0 0.820155978 0
vt 0.338728011 0 0
vt 0.340395004 1 0
vt 0.340395987 0 0
vt 0.340395004 0.820155978 0
vt 0.658783972 0.820155978 0
vt 0.658783972 1 0
vt 0.658783019 0 0
vt 0.661558986 0.249929994 0
vt 0.661558986 0.499859989 0
vt 0.661558986 0 0
vt 1 0.166440994 0
vt 1 0.249929994 0
vt 1 0.499859989 0
vt 0.968311012 0.912370026 0
vt 0.972275972 0.91365099 0
vt 0.972275972 0.934423029 0
vt 0.956444025 0.908327997 0
vt 0.972275972 1 0
vt 0.944746971 1 0
vt 0.944553018 1 0
vt 0.993498981 0.934423029 0
vt 0.980184972 0.916104019 0
vt 0.984957993 0.917908013 0
vt 1 0.777485013 0
vt 1 0.820155978 0
vt 0.658783972 0.777485013 0
vt 0.986084998 0.918600976 0
vt 0.987201989 0.919492006 0
vt 0.989377022 0.922066987 0
vt 0.99276799 0.930697024 0
vt 0.661559999 1 0
vt 0.340395004 0.777485013 0
vt 0.658783972 0.766816974 0
vt 0.340395004 0.766816974 0
vt 0.658783972 0.756148994 0
vt 1 0.756148994 0
vt 0.98664403 0.919018984 0
vt 1 0.734812975 0
vt 0.658783972 0.734812975 0
vt 0.658783972 0.649469972 0
vt 0.340395004 0.734812975 0
vt 1 0.649469972 0
vt 0.340395004 0.756148994 0
vt 0 0.761483014 0
vt 0.340395004 0.761483014 0
vt 0 0.756148994 0
vt 0.982414007 0.796482027 0
vt 0.98229897 0.801163971 0
vt 0.982165992 0.806420028 0
vt 0 0.766816974 0
vt 0.981927991 0.816056013 0
vt 0.985126972 0.687745988 0
vt 0 0.777485013 0
vt 0.989744008 0.498077989 0
vt 0.833333015 0.498077989 0
vt 0 0.648289979 0
vt 0 0.501048982 0
vt 0.340395004 0.496491998 0
vt 0.985095024 0.689041018 0
vt 0.982919991 0.776214004 0
vt 0 0.649469972 0
vt 0 0.496491998 0
vt 0 0.348966002 0
vt 0.658783972 0.341753006 0
vt 0.658783972 0.496491998 0
vt 0.340395004 0.341753006 0
vt 0.340395004 0.649469972 0
vt 0 0.341753006 0
vt 0 0.181263 0
vt 0.340395004 0.175778002 0
vt 0.997819006 0.147257999 0
vt 0.994486988 0.301829994 0
vt 0.994297981 0.309848994 0
vt 0 0.175778002 0
vt 0.340395004 0 0
vt 0.342442989 0 0
vt 0.658783972 0.175778002 0
vt 0.658783972 0 0
vt 0.657557011 0 0
vt 0.657557011 1 0
vt 0.342442989 1 0
vt 0.972279012 0 0
vt 0.995133996 0 0
vt 0.995141029 0.0220959708 0
vt 0.995338976 0.977980018 0
vt 0.995332003 1 0
vt 0.972473025 1 0
vt 0.658159971 0 0
vt 0.657558978 1 0
vt 0.657558978 0 0
vt 1 0.175778002 0
vt 0.995256007 0.960609019 0
vt 0.994615018 0.94431901 0
vt 1 0.341753006 0
vt 1 0.449874014 0
vt 0.658159971 0.824719012 0
vt 0.658159971 1 0
vt 1 0.824719012 0
vt 0.995073974 0.0394249484 0
vt 0.993341982 0.0654479787 0
vt 0.994413018 0.0556929708 0
vt 1 0.658896029 0
vt 0.658159971 0.658896029 0
vt 1 0.552482009 0
vt 0.339608997 0.658896029 0
vt 0.339608997 0.824719012 0
vt 0.339608997 0.503250003 0
vt 0.658159971 0.503250003 0
vt 1 0.503250003 0
vt 0.658159971 0.349969 0
vt 0.339608997 0.349969 0
vt 0.339608997 0.179603904 0
vt 0.658159971 0.179603904 0
vt 1 0.349969 0
vt 0.339608997 0 0
vt 1 0.179603904 0
vt 0.661715984 0 0
vt 0.984782994 0.082259953 0
vt 0.980014026 0.0841119811 0
vt 0.972279012 0.0654479787 0
vt 0.992585003 0.0693919584 0
vt 0.989198983 0.0780989528 0
vt 0.972279012 0.0865209624 0
vt 1 0.837257981 0
vt 0.661714017 1 0
vt 0.968137026 0.0878639817 0
vt 0.661714017 0.750072002 0
vt 1 0.750072002 0
vt 0.962202013 0.0898549482 0
vt 1 0.625108004 0
vt 0.944558978 0.0654479787 0
vt 0.956269026 0.0919219777 0
vt 1 0.500144005 0
vt 0.661714017 0.625108004 0
vt 0.661714017 0.500144005 0
vt 0.338557005 0.625108004 0
vt 0.338557005 0.750072002 0
vt 0.33961001 1 0
vt 0 0.750072002 0
vt 0 0.625108004 0
vt 0.338557005 1 0
vt 0 0.179603904 0
vt 0.338555992 0 0
vt 0.833333015 0.148098007 0
vt 0.976086974 0 0
vt 0.979580998 0.146326005 0
vt 0.979623973 0.148098007 0
vt 0 0.181633994 0
vt 0.833333015 0.312321007 0
vt 0.98378098 0.311825007 0
vt 0 0.349969 0
vt 0 0.350410998 0
vt 0.98379302 0.312321007 0
vt 0.833333015 0.501999974 0
vt 0.988604009 0.501999974 0
vt 0 0.497617006 0
vt 0 0.503250003 0
vt 0.988795996 0.509495974 0
vt 0 0.651023984 0
vt 0.993529022 0.690183997 0
vt 0.833333015 0.690183997 0
vt 0.666666985 0.501999974 0
vt 0.666666985 0.690183997 0
vt 0.833333015 0.852747023 0
vt 0.5 0.312321007 0
vt 0.5 0.501999974 0
vt 0.666666985 0.312321007 0
vt 0.666666985 0.148098007 0
vt 0.5 0.148098007 0
vt 0.666666985 0 0
vt 0.815980971 0.368710995 0
vt 0.71686101 0.535615981 0
vt 0.295843005 0.332105011 0
vt 0.197228 0.498158008 0
vt 0.162517995 0.896026015 0
vt 0.617739975 0.702521026 0
vt 0.333332986 0 0
vt 0.166666999 0 0
vt 0.333332986 0.148098007 0
vt 0.518620014 0.869424999 0
vt 0.217406005 0.917455971 0
vt 0.272657007 0.938584983 0
vt 0 0.499835014 0
vt 0 0.374875993 0
vt 0 0.624876022 0
vt 0 0.249917001 0
vt 0.328336 0.959402978 0
vt 0 0.124958999 0
vt 0.384465992 0.979882002 0
vt 0.441074997 1 0
vt 0.0362779386 0 0
vt 0.166666999 0.148098007 0
vt 0.0286819898 0.144346997 0
vt 0.338375986 1 0
vt 0 0.821060002 0
vt 0.340934008 0.821060002 0
vt 0.340934992 0 0
vt 0.658200979 0.651490986 0
vt 0 0.816506028 0
vt 0.340934008 0.651490986 0
vt 1 0.651490986 0
vt 0.340934008 0.494744003 0
vt 0 0.651490986 0
vt 0 0.647652984 0
vt 0 0.343279004 0
vt 0 0.494744003 0
vt 0 0.495115012 0
vt 0.0136209698 0.501999974 0
vt 0.0209059697 0.312321007 0
vt 0.166666999 0.501999974 0
vt 0.166666999 0.690183997 0
vt 0.00730299903 0.690183997 0
vt 0.0136039797 0.502475977 0
vt 0.333332986 0.690183997 0
vt 0.166666999 0.852747023 0
vt 0.333332986 0.852747023 0
vt 0.333332986 0.501999974 0
vt 0.5 0.690183997 0
vt 0.5 0.852747023 0
vt 0.666666985 0.852747023 0
vt 0.500018001 1 0
vt 0.333748996 1 0
vt 0.499830008 0 0
vt 0.333498001 0 0
vt 0.167480007 1 0
vt 0.997467995 0.852747023 0
vt 0.00121194101 1 0
vt 2.99999992e-05 0.498914003 0
vt 0.167165905 0 0
vt 0.833333015 0 0
vt 0.833333015 0.147257999 0
vt 0.000834000006 0 0
vt 0.997902989 0.142673001 0
vt 0.666666985 0.147257999 0
vt 0.833333015 0.309848994 0
vt 0.666666985 0.309848994 0
vt 0.989892006 0.491926998 0
vt 0.666666985 0.498077989 0
vt 0.5 0.147257999 0
vt 0.5 0.309848994 0
vt 0.499828994 0 0
vt 0.333332986 0.147257999 0
vt 0.666162014 0 0
vt 0.832493007 0 0
vt 0.666285992 1 0
vt 0.832554996 1 0
vt 0.00273799803 0.852747023 0
vt 0.99999702 0.499931008 0
vt 0.998822987 1 0
vt 0.263105989 1 0
vt 0.00268995692 0.854755998 0
vt 0 0.177208006 0
vt 0 0.179566994 0
vt 0.998825014 0 0
vt 0.00287294295 0.147257999 0
vt 0.00281995512 0.145123005 0
vt 0 0.825429022 0
vt 0.263107002 0 0
vt 0 0.822942972 0
vt 0.340261012 0.825429022 0
vt 0.498966008 1 0
vt 0.340259999 0 0
vt 0.166666999 0.147257999 0
vt 0.00772196008 0.309848994 0
vt 0.00759696914 0.306077987 0
vt 0 0.659572005 0
vt 0.166666999 0.309848994 0
vt 0.333332986 0.309848994 0
vt 0.0144199701 0.498077989 0
vt 0.0143599501 0.49643901 0
vt 0 0.504922986 0
vt 0 0.503682971 0
vt 0 0.354896992 0
vt 0.0218939707 0.687745988 0
vt 0 0.656207979 0
vt 0.00719499495 0.693686008 0
vt 0 0.340236992 0
vt 0.342440993 1 0
vt 0.342440993 0 0
vt 0.339608997 1 0
vt 0 0.824719012 0
vt 0.997569978 0.857558012 0
vt 0 0.819050014 0
vt 0.993754029 0.698894978 0
vt 0 0.658896029 0
vt 0.333332986 0.312321007 0
vt 0.166666999 0.312321007 0
vt 0.0284909606 0.148098007 0
vt 0.0210899692 0.307906002 0
vt 0.108005002 0.874333024 0
vt 0.0538409911 0.852403998 0
vt 0.09861397 0.664210021 0
vt 0.808809996 0.0394879505 0
vt 0.915100992 0.201805994 0
vt 0.618839025 0.0169609692 0
vt 0.682008028 0.0248450004 0
vt 0.745347977 0.0323509499 0
vt 0 0.375108004 0
vt 0.338557005 0.375108004 0
vt 0.338557005 0.500144005 0
vt 0.338557005 0.250072002 0
vt 0 0.500144005 0
vt 0 0.250072002 0
vt 0.338557005 0.125036001 0
vt 0.661714017 0.125036001 0
vt 0.661714017 0.250072002 0
vt 1 0.250072002 0
vt 1 0.253466994 0
vt 0.661714017 0.375108004 0
vt 1 0.125036001 0
vt 0.938462019 0.0985749885 0
vt 0.932525992 0.100939997 0
vt 0.91683799 0.0654479787 0
vt 0.944397986 0.0962829515 0
vt 0.91683799 0 0
vt 0.944365025 0 0
vt 0.928843021 0.103377901 0
vt 0.92515099 0.111740001 0
vt 0.922685027 0.127316996 0
vt 0.922353983 0.130897 0
vt 0.916647017 0 0
vt 0.91683799 0.130897 0
vt 0.944558978 0.0962219834 0
vt 1 0.544597983 0
vt 1 0.700630009 0
vt 0.660579979 0.700630009 0
vt 0.660579979 0.857765973 0
vt 1 0.857765973 0
vt 0.339996994 0.857765973 0
vt 0.660579979 1 0
vt 0.660579026 0 0
vt 0.661714017 0 0
vt 0.339870989 0 0
vt 0.661714971 1 0
vt 0.339996994 1 0
vt 0.338557005 0 0
vt 0 0.125036001 0
vt 0 0.857765973 0
vt 0.394457012 0.166052893 0
vt 0.49307099 0 0
vt 0.555854976 0.00868397858 0
vt 0.998724997 0.835869014 0
vt 0 0.857463002 0
vt 1 0.513660014 0
vt 0.921564996 0.144458994 0
vt 1 0.400525987 0
vt 0.921194971 0.161228001 0
vt 1 0.264247 0
vt 0.921005011 0.177569002 0
vt 1 0.131202906 0
vt 0.920902014 0.193676993 0
vt 0.660579979 0 0
vt 0.658003986 0 0
vt 1 0.991445005 0
vt 0.660584986 1 0
vt 0.658008993 1 0
vt 0.342177987 0 0
vt 0.658008993 0.900933027 0
vt 0.34217301 1 0
vt 1 0.900933027 0
vt 0.92087698 0.199285999 0
vt 0.917020977 1 0
vt 1 0.375108004 0
vt 0.950332999 0.0940650105 0
vt 0.872415006 0.0462739393 0
vt 1 0.0588489696 0
vt 0.972082973 0 0
vt 0.944558978 0 0
vt 0.658159018 1 0
vt 0 0.734812975 0
vt 1 0.496491998 0
vt 0 0.817807972 0
vt 0.338728011 0.499859989 0
vt 0.661558986 0.624894977 0
vt 1 0.624894977 0
vt 0 0.499859989 0
vt 0.338728011 0.624894977 0
vt 0.661558986 0.749930024 0
vt 1 0.749930024 0
vt 1 0.750388026 0
vt 0.944553018 0.903972983 0
vt 0.944573998 0.90398097 0
vt 0.950509012 0.906192005 0
vt 0.980048001 0.0862360001 0
vt 0.974403024 0.0879009888 0
vt 0.972275972 0.0885449573 0
vt 0.968761981 0.0896279812 0
vt 0 0.250081986 0
vt 0.892057002 0.874324977 0
vt 0.999794006 1 0
vt 0 0.830263019 0
vt 0.975224018 0.356631011 0
vt 0.963325024 0.228375003 0
vt 0.278207988 0.896485984 0
vt 0.496556014 0.992552996 0
vt 0.506807029 0 0
vt 0.0120970001 0.194177002 0
vt 0.927241027 0.221506998 0
vt 0.55637598 0.277067006 0
vt 0.528647006 0.277067006 0
vt 0.500918984 0.277067006 0
vt 0.47319001 0.135098904 0
vt 0.47319001 0.277067006 0
vt 0.500918984 0.428294986 0
vt 0.47319001 0.428294986 0
vt 0.445461988 0.277067006 0
vt 0.445461988 0.428294986 0
vt 0.47319001 0.507090986 0
vt 0.445461988 0.507090986 0
vt 0.47319001 0.585887015 0
vt 0.445461988 0.585887015 0
vt 0.47319001 0.731992006 0
vt 0.445461988 0.731992006 0
vt 0.47319001 0.868845999 0
vt 0.500918984 1 0
vt 0.47340399 1 0
vt 0.445461988 0.868845999 0
vt 0.47319001 1 0
vt 0.473309994 0.130897 0
vt 0.445589006 0.130897 0
vt 0.473096013 0 0
vt 0.473309994 0 0
vt 0.445677012 1 0
vt 0.445589006 0 0
vt 0.417802989 0.130897 0
vt 0.445372999 0 0
vt 0.417802989 0.267675012 0
vt 0.445461988 1 0
vt 0.417676985 0.868845999 0
vt 0.417887002 1 0
vt 0.417802989 0 0
vt 0.417593002 0 0
vt 0.417676985 1 0
vt 0.389890999 0.868845999 0
vt 0.390096009 1 0
vt 0.390017986 0.130897 0
vt 0.390017986 0 0
vt 0.362233013 0.130897 0
vt 0.362233013 0.267675012 0
vt 0.389813989 0 0
vt 0.390017986 0.267675012 0
vt 0.33444801 0.267675012 0
vt 0.33444801 0.130897 0
vt 0.362033993 0 0
vt 0.33444801 0 0
vt 0.33425501 0 0
vt 0.306578994 0.130897 0
vt 0.306401998 0 0
vt 0.306578994 0 0
vt 0.278710991 0.130897 0
vt 0.306639999 1 0
vt 0.306463003 1 0
vt 0.306463003 0.868845999 0
vt 0.334320992 1 0
vt 0.334320992 0.868845999 0
vt 0.306463003 0.731992006 0
vt 0.278604001 0.731992006 0
vt 0.278604001 0.868845999 0
vt 0.250746012 0.731992006 0
vt 0.255966991 0.659215987 0
vt 0.278604001 0.658939004 0
vt 0.256134003 0.658939004 0
vt 0.270621002 0.635316014 0
vt 0.660919011 0.749378026 0
vt 1 0.749378026 0
vt 1 0.798897028 0
vt 0.660919011 0.799472988 0
vt 1 0.799472988 0
vt 0.278604001 0.622485995 0
vt 1 0.722375989 0
vt 0.285475999 0.611490011 0
vt 0.660919011 0.699283004 0
vt 1 0.699283004 0
vt 0.300512999 0.587450027 0
vt 1 0.649282992 0
vt 1 0.646081984 0
vt 0.660919011 0.649282992 0
vt 0.301485986 0.585887015 0
vt 0.306463003 0.658939004 0
vt 1 0.629764974 0
vt 0.660919011 0.599282026 0
vt 0.339080989 0.649282992 0
vt 0.339080989 0.699283004 0
vt 0 0.749378026 0
vt 0.339080989 0.749378026 0
vt 0 0.665681005 0
vt 0 0.699283004 0
vt 0.129186004 0.543229997 0
vt 0.137655005 0.555555999 0
vt 0.331367999 0.555555999 0
vt 0 0.759854972 0
vt 0.0918449685 0.484169006 0
vt 0.652810991 0.555555999 0
vt 0.331367999 0.444444001 0
vt 0.652810991 0.666666985 0
vt 0.331367999 0.666666985 0
vt 0.171390995 0.602096975 0
vt 0.218952999 0.660703003 0
vt 0 0.849538028 0
vt 0 0.799472988 0
vt 0.339080989 0.799472988 0
vt 0.339080989 0.849538028 0
vt 0 0.854654014 0
vt 0.660919011 0.849538028 0
vt 0.339080989 0.899601996 0
vt 0.224211007 0.666666985 0
vt 0.27263999 0.718870997 0
vt 0 0.899601996 0
vt 0.331367999 0.774519026 0
vt 0 0.94799 0
vt 0.652810991 0.777778029 0
vt 0.33505699 0.777778029 0
vt 0.333687007 0.776591003 0
vt 0 0.949801028 0
vt 0.339080989 0.949801028 0
vt 0.652810991 0.888889015 0
vt 0.57198602 0.87509799 0
vt 0.40327999 0.831798971 0
vt 0.40327999 0.833645999 0
vt 0.339080989 1 0
vt 0 0.950839996 0
vt 1 0.777778029 0
vt 1 0.888889015 0
vt 0.613381982 0.888889015 0
vt 0.620037019 0.891094983 0
vt 0.652810991 0.901883006 0
vt 0.668669999 0.907052994 0
vt 0.551939011 0.426230997 0
vt 0.123801999 0.342525989 0
vt 0.198240906 0.190141007 0
vt 0.445427001 0.515349984 0
vt 0.101535998 0.460774988 0
vt 0.146068007 0.224277005 0
vt 0.769658029 0.938796997 0
vt 0.878103018 0.969806015 0
vt 1 0.338730007 0
vt 0.875048995 0 0
vt 1 0.661270022 0
vt 0.751573026 1 0
vt 1 0.658918977 0
vt 0.751573026 0.661270022 0
vt 0.751573026 0.338730007 0
vt 0.503145993 0.661270022 0
vt 0.503145993 1 0
vt 0.875048995 0.341080993 0
vt 0.875048995 0.658918977 0
vt 0.875048995 1 0
vt 0.836831987 1 0
vt 0.750099003 0.658918977 0
vt 0.750099003 0.341080993 0
vt 0.750099003 0 0
vt 0.254117996 0.159467906 0
vt 0.31379199 0.132597998 0
vt 0.625521004 0 0
vt 0.377496988 0.109586999 0
vt 0.750099003 1 0
vt 0.503145993 0.338730007 0
vt 0.251572996 0.661270022 0
vt 0.251572996 1 0
vt 0.251572996 0.338730007 0
vt 0.125786006 0.661270022 0
vt 0.210787997 1 0
vt 0.251572996 0 0
vt 0.503145993 0 0
vt 0.125786006 0.338730007 0
vt 0.886780024 0.993192971 0
vt 0.859906018 0.275842011 0
vt 0.930446029 0.587817013 0
vt 0.125786006 0 0
vt 0.936209023 0.993192971 0
vt 0.965339005 0.781468987 0
vt 0.98586899 0.993192971 0
vt 0 0.0500469804 0
vt 0.337976992 0 0
vt 0.662024021 0 0
vt 0.999630988 0.115535997 0
vt 0.691316009 0.5 0
vt 0.662024021 0.5 0
vt 0.444366008 1 0
vt 0 0.661270022 0
vt 0 0.338730007 0
vt 0.47990799 1 0
vt 0.662024021 0.531401992 0
vt 0.79253298 1 0
vt 0.337976992 0.810644984 0
vt 0.337976992 0.5 0
vt 9.99999997e-07 0.522113979 0
vt 9.99999997e-07 0.5 0
vt 0.34108299 0 0
vt 0.519761026 0.5 0
vt 6.39999998e-05 0.520641983 0
vt 0.498638004 0.762875974 0
vt 0.519761026 0.773492992 0
vt 6.39999998e-05 0.5 0
vt 0.519761026 0.42789799 0
vt 0.576815009 0.486642003 0
vt 0.589482009 0.5 0
vt 1 0.984299004 0
vt 0 0.556726992 0
vt 0 0.497034997 0
vt 0.33919999 0.497034997 0
vt 0 0.483503014 0
vt 0.33919999 1 0
vt 0.33919999 0 0
vt 0.660800993 0 0
vt 0.660800993 0.497034997 0
vt 1 0.949801028 0
vt 0.660919011 1 0
vt 0.660919011 0.949801028 0
vt 1 0.109663002 0
vt 0.195014998 0.765587986 0
vt 0.198366895 0.759793997 0
vt 0.222886994 0.868845999 0
vt 0.212753996 0.734005988 0
vt 0.213880002 0.731992006 0
vt 0.222886994 0.731992006 0
vt 0.222886994 0.715942025 0
vt 1 0.945860982 0
vt 1 0.914331019 0
vt 0.2271 0.708495021 0
vt 0.660919011 0.899601996 0
vt 1 0.899601996 0
vt 1 0.849538028 0
vt 0.241464004 0.683553994 0
vt 1 0.81744498 0
vt 0.250746012 0.667885005 0
vt 0.250746012 0.868845999 0
vt 0.278604001 1 0
vt 0.250892997 1 0
vt 0.250746012 1 0
vt 0.250842988 0.130897 0
vt 0.250842988 0 0
vt 0.278548986 0 0
vt 0.27876699 1 0
vt 0.278710991 0 0
vt 0.222974002 0.130897 0
vt 0.250696003 0 0
vt 0.222974002 0.267675012 0
vt 0.250842988 0.267675012 0
vt 0.223028004 0.283865988 0
vt 0.250842988 0.331647992 0
vt 0.236849993 0.307927996 0
vt 0.213927999 0.267675012 0
vt 0.222974002 0.283767998 0
vt 0.209241003 0.259261012 0
vt 0 0.755809009 0
vt 0 0.768895984 0
vt 0.195400998 0.234461993 0
vt 0 0.807349026 0
vt 0.195090994 0.130897 0
vt 0 0.808202982 0
vt 0.195090994 0.233912006 0
vt 0.222843006 0 0
vt 0.167208001 0.130897 0
vt 0.194976002 0 0
vt 0.195090994 0 0
vt 0.181354001 0.209818006 0
vt 0.341163009 0.845802009 0
vt 0 0.845802009 0
vt 0.341163009 0.884254992 0
vt 0 0.883817017 0
vt 0.167208001 0.186334997 0
vt 0 0.884254992 0
vt 0.167043999 0.186075002 0
vt 0.152390003 0.164606005 0
vt 0 0.922707975 0
vt 0.341163009 0.922707975 0
vt 0 0.955707014 0
vt 0.341163009 0.961354017 0
vt 0.139324993 0.130897 0
vt 0.139324993 0.149459004 0
vt 0.137054995 0.147370905 0
vt 0 0.961354017 0
vt 0.121260002 0.139548004 0
vt 0.338631988 1 0
vt 0.341163009 1 0
vt 2.99999992e-05 0.0788849518 0
vt 0.333333999 0 0
vt 0.333333999 0.123570003 0
vt 0.661074996 0 0
vt 0.335907996 0 0
vt 0.111442 0.139042005 0
vt 0.111442 0.130897 0
vt 4.69999977e-05 0.123570003 0
vt 0.105890997 0.138624996 0
vt 0.139241904 0 0
vt 0.0835819766 0.130897 0
vt 0.0835819766 0 0
vt 0.0905749723 0.137134001 0
vt 0.111442 0 0
vt 0.111374997 0 0
vt 0.0835819766 0.136353999 0
vt 9.39999954e-05 0.247140005 0
vt 0.333333999 0.247140005 0
vt 0.000115999996 0.303660989 0
vt 0.0752339885 0.135403007 0
vt 0.333333999 0.371176988 0
vt 0.00014199999 0.371176988 0
vt 0.0600989386 0.133788005 0
vt 0.000188999998 0.495214999 0
vt 0.111396998 0.868845999 0
vt 0.111396998 1 0
vt 0.0835979506 1 0
vt 0.111465 1 0
vt 0.139268905 0.868845999 0
vt 0.139268905 1 0
vt 0.0835480019 1 0
vt 0.138371006 0.790794015 0
vt 0.110325001 0.791065991 0
vt 0.111396998 0.791011989 0
vt 3.00000011e-06 0.598855972 0
vt 0.0835480019 0.793662012 0
vt 3.00000011e-06 0.606455028 0
vt 3.99999999e-06 0.804876029 0
vt 3.99999999e-06 0.798484981 0
vt 0.139268905 0.790822029 0
vt 0.167142004 0.868845999 0
vt 0.166300997 0.792514026 0
vt 0.339201987 1 0
vt 0.167142004 0.792550981 0
vt 1 0.975615025 0
vt 0.182919994 0.782653987 0
vt 1 0.497034997 0
vt 0.195014998 0.868845999 0
vt 0.195130005 1 0
vt 0.195014998 1 0
vt 0.222886994 1 0
vt 0.167242005 1 0
vt 0.167142004 1 0
vt 0.167108998 0 0
vt 0.167208001 0 0
vt 0.139353007 1 0
vt 0.139324993 0 0
vt 0.0557209812 0 0
vt 0.0835309625 0 0
vt 0.0557319485 1 0
vt 0.0556869507 0 0
vt 0.65883702 1 0
vt 0.222974002 0 0
vt 0.223019004 1 0
vt 6.39999998e-05 0 0
vt 0.108427003 1 0
vt 0.65891999 0 0
vt 0.837568998 0.993192971 0
vt 0.800022006 0.0976979733 0
vt 0.713244975 0 0
vt 0.800022006 0.993192971 0
vt 0.751573026 0 0
vt 0.788525999 0.993192971 0
vt 0.789014995 0.0741519928 0
vt 0.125786006 1 0
vt 0.346989006 0.60849601 0
vt 0.0792689919 0.579023004 0
vt 1 0.666666985 0
vt 0.000708999985 0.557070971 0
vt 0.25505501 0.704473972 0
vt 0.000849999953 0.668178976 0
vt 0.167657003 0.802157998 0
vt 0.0570029616 0.697272003 0
vt 0.000990999979 0.778995991 0
vt 0.0829929709 0.900784016 0
vt 0.0347369909 0.815521002 0
vt 0.250025988 0.889567971 0
vt 0.00113195099 0.889567971 0
vt 0.0124709597 0.933770001 0
vt 0.001271963 1 0
vt 0.652810991 0.333332986 0
vt 1 0.333332986 0
vt 1 0.271100998 0
vt 0.652810991 0.444444001 0
vt 1 0.444444001 0
vt 0.331367999 0.333332986 0
vt 0.331367999 0.222222 0
vt 0.0129779503 0.306437999 0
vt 0.0327990018 0.365693003 0
vt 0.0210529491 0.333332986 0
vt 0.339080989 0.599282026 0
vt 0 0.599282026 0
vt 0 0.572050989 0
vt 0 0.649282992 0
vt 0.0595889613 0.425027996 0
vt 0.0696499869 0.444444001 0
vt 0.339080989 0.549421012 0
vt 0.660919011 0.549421012 0
vt 0.660919011 0.499558985 0
vt 1 0.540178001 0
vt 1 0.549421012 0
vt 0.331409991 0.536431015 0
vt 0.334320992 0.531368971 0
vt 0.334320992 0.585887015 0
vt 1 0.599282026 0
vt 0.315845996 0.562638998 0
vt 0.306463003 0.577884972 0
vt 0.306463003 0.585887015 0
vt 0.334320992 0.658939004 0
vt 0.362105995 0.585887015 0
vt 0.347259998 0.508387983 0
vt 0.347961992 0.507090986 0
vt 1 0.497368008 0
vt 1 0.499558985 0
vt 0.362105995 0.507090986 0
vt 0.362105995 0.478794992 0
vt 1 0.453954995 0
vt 0.363398999 0.475998014 0
vt 0.379967004 0.437299997 0
vt 0.389890999 0.507090986 0
vt 0.389890999 0.585887015 0
vt 0.389890999 0.731992006 0
vt 0.417676985 0.585887015 0
vt 0.417676985 0.731992006 0
vt 0.362105995 0.731992006 0
vt 0.334320992 0.731992006 0
vt 0.362105995 0.868845999 0
vt 0.389890999 1 0
vt 0.362304986 1 0
vt 0.362105995 1 0
vt 0.362233013 0 0
vt 0.417676985 0.507090986 0
vt 0.389890999 0.428294986 0
vt 0.417676985 0.428294986 0
vt 0.395911992 0.390828013 0
vt 0.389890999 0.410163999 0
vt 0.383446008 0.428294986 0
vt 0.409642011 0.326335996 0
vt 1 0.303092003 0
vt 1 0.351814002 0
vt 0.660919011 0.351814002 0
vt 1 0.370651007 0
vt 0.660919011 0.303092003 0
vt 0.339080989 0.351814002 0
vt 0.339080989 0.400536001 0
vt 0.660919011 0.400536001 0
vt 1 0.400536001 0
vt 0.660919011 0.450048 0
vt 1 0.39014101 0
vt 0.339080989 0.450048 0
vt 1 0.450048 0
vt 0.339080989 0.499558985 0
vt 0 0.549421012 0
vt 0 0.478551 0
vt 0 0.499558985 0
vt 0.00105899503 0.222222 0
vt 0.00224494911 0.247187003 0
vt 0.00345599605 0.188350007 0
vt 0 0.450048 0
vt 0.331367999 0.111111 0
vt 0.0224069897 0.129512995 0
vt 0 0.400536001 0
vt 0.652810991 0.111111 0
vt 0.652810991 0.0952419564 0
vt 0.652810991 0.222222 0
vt 0.0332589708 0.111111 0
vt 0.0675939918 0.0720459819 0
vt 0.331367999 0.00152194395 0
vt 0.380284011 0.00718396902 0
vt 0.545662999 0.0513919517 0
vt 0 0.252714008 0
vt 0 0.202335998 0
vt 0.339080989 0.202335998 0
vt 0.339080989 0.252714008 0
vt 0 0.263866007 0
vt 0.660919011 0.202335998 0
vt 0.339080989 0.265307993 0
vt 0.660919011 0.252714008 0
vt 1 0.252714008 0
vt 1 0.265307993 0
vt 0.660919011 0.265307993 0
vt 1 0.277902991 0
vt 0.660919011 0.277902991 0
vt 1 0.277879 0
vt 0.417676985 0.277067006 0
vt 0.41209501 0.30340901 0
vt 0.413206011 0.277119011 0
vt 1 0.290497988 0
vt 0.660919011 0.290497988 0
vt 0.413206995 0.277067006 0
vt 0.339080989 0.277902991 0
vt 0.339080989 0.290497988 0
vt 0 0.290497988 0
vt 0 0.277902991 0
vt 0.339080989 0.303092003 0
vt 0.324629992 0.00106197502 0
vt 0.263563991 0.000843000016 0
vt 0.208286002 0.00761198904 0
vt 0 0.265307993 0
vt 0.165013999 0.0186139904 0
vt 0 0.303092003 0
vt 0 0.351814002 0
vt 0.417676985 0.135098904 0
vt 0.412328988 0.25117299 0
vt 0.409927994 0.230040997 0
vt 0.395619005 0.180019006 0
vt 0.389890999 0.135098904 0
vt 0.389890999 0 0
vt 0.445461988 0.135098904 0
vt 0.390096009 0 0
vt 0.417676985 0 0
vt 0.390017986 1 0
vt 0.389813989 1 0
vt 0.390017986 0.86463201 0
vt 0.362233013 0.86463201 0
vt 0.362304986 0 0
vt 0.362105995 0.135098904 0
vt 0.362233013 1 0
vt 0.356507003 0.860956013 0
vt 0.362233013 0.858026028 0
vt 0.34702599 0.86463201 0
vt 0 0.0892440006 0
vt 0 0.0780599713 0
vt 0 0.117192999 0
vt 0.376004994 0.847893 0
vt 0 0.148775905 0
vt 0.390017986 0.830110013 0
vt 0.393110991 0.824568987 0
vt 0.341163009 0.156326994 0
vt 0 0.156326994 0
vt 0 0.195419997 0
vt 0.341163009 0.195419997 0
vt 0 0.214966998 0
vt 0.341163009 0.214966998 0
vt 0 0.223049 0
vt 0.407545 0.782141984 0
vt 0.412548989 0.743501008 0
vt 0.417802989 0.86463201 0
vt 0.445589006 0.722459018 0
vt 0.445589006 0.86463201 0
vt 0.417802989 1 0
vt 0.417593002 1 0
vt 0.417887002 0 0
vt 0.445372999 1 0
vt 0.445461988 0 0
vt 0.445677012 0 0
vt 0.445589006 1 0
vt 0.473096013 1 0
vt 0.47319001 0 0
vt 0.47340399 0 0
vt 0.473309994 0.722459018 0
vt 0.473309994 0.57102102 0
vt 0 0.0595649406 0
vt 0 0.0390299484 0
vt 0.336679995 0.867053986 0
vt 0.362033993 1 0
vt 0.362105995 0 0
vt 0.337473989 0.132955998 0
vt 0.346632987 0.135098904 0
vt 0.660919011 0.0505099818 0
vt 1 0.0505099818 0
vt 1 0.0731389523 0
vt 0.660919011 0.101020999 0
vt 0.339080989 0.101020999 0
vt 0.339080989 0.0505099818 0
vt 0.660919011 0 0
vt 0.339080989 0 0
vt 0.49941501 0 0
vt 0 0.0505099818 0
vt 0 0.0438309908 0
vt 0 0.101020999 0
vt 0.500051975 1 0
vt 0.339922011 1 0
vt 0.250025988 1 0
vt 0.249071002 0 0
vt 0.906765997 0.222222 0
vt 0.784951985 0.159008995 0
vt 0.892624974 0.214802995 0
vt 0.687341988 0.111111 0
vt 0 0.145136997 0
vt 0.672295988 0.104110003 0
vt 0.339080989 0.151677996 0
vt 0 0.151677996 0
vt 0.660919011 0.151677996 0
vt 0 0.160006002 0
vt 1 0.110740997 0
vt 1 0.184749007 0
vt 1 0.151677996 0
vt 0.362105995 0.141678005 0
vt 0.358114004 0.139604002 0
vt 0.378201991 0.153986007 0
vt 1 0.101020999 0
vt 0.389890999 0.169257 0
vt 1 0.202335998 0
vt 0.661350012 1 0
vt 0 0.385053992 0
vt 1 0.555555999 0
vt 0.334513992 1 0
vt 0.500819027 0 0
vt 0.501031995 0 0
vt 0.501130998 1 0
vt 0.556585014 1 0
vt 0.55647397 0 0
vt 0.750455022 0 0
vt 0.999998987 0 0
vt 7.89999976e-05 0.704986989 0
vt 5.99999985e-05 0.779101014 0
vt 0.222974002 0.86463201 0
vt 0.222974002 0.857129991 0
vt 0.246606007 0.859116018 0
vt 0.250842988 0.859530985 0
vt 0.250842988 0.86463201 0
vt 0.222974002 1 0
vt 0.222843006 1 0
vt 0.195090994 1 0
vt 0.211309999 0.856365025 0
vt 8.89999937e-05 0.668347001 0
vt 0.278710991 0.862583995 0
vt 0.278710991 0.86463201 0
vt 0.250842988 1 0
vt 0.250696003 1 0
vt 0.278548986 1 0
vt 0.281953007 0.862966001 0
vt 0.295740992 0.86463201 0
vt 0.278710991 1 0
vt 2.99999992e-05 0.88961798 0
vt 0.250746012 0 0
vt 0.306401998 1 0
vt 0.194976002 1 0
vt 0.195014998 0 0
vt 0.167242005 0 0
vt 0.167142004 0 0
vt 0.142415002 0.0269669797 0
vt 0.139268905 0.0499559604 0
vt 0.991515994 0.317719012 0
vt 1 0.495597005 0
vt 0.991329014 0.673718989 0
vt 0.144069001 0 0
vt 0.167108998 1 0
vt 0.144041002 1 0
vt 0.142417997 0.973039985 0
vt 0.899546981 0.126084 0
vt 0.0707889721 0.143986896 0
vt 0.750025988 0.223475903 0
vt 0.999773979 0.223475903 0
vt 0.0556979701 0.142204896 0
vt 0.999759972 0.175290003 0
vt 0.500051975 0.111456998 0
vt 0.750025988 0.111456998 0
vt 0.339583009 3.00000011e-06 0
vt 0.500051975 1.99999999e-06 0
vt 0.666665971 0.000251999998 0
vt 0.666665971 0.199226007 0
vt 0.333333999 0.199226007 0
vt 0.499774992 0.000372999988 0
vt 0.758090019 0.000216 0
vt 0.250025988 3.00000011e-06 0
vt 0.999888003 0.000409999979 0
vt 0.333333999 0.396019012 0
vt 9.79999968e-05 0.396019012 0
vt 6.50000002e-05 0.596533 0
vt 6.50000002e-05 0.597370028 0
vt 0.986627996 0.813166022 0
vt 0.00880897045 0.607684016 0
vt 0.976038992 0.607684016 0
vt 0.946594 0.399578989 0
vt 0.976125002 0.608538985 0
vt 0.00319695403 0.813166022 0
vt 0.997861028 1 0
vt 0.331449002 0.999974012 0
vt 3.30000003e-05 0.798446 0
vt 3.30000003e-05 0.798412979 0
vt 0.986626983 0.813133001 0
vt 0.333333999 0.999974012 0
vt 0.339679003 5.69999975e-05 0
vt 0.341508001 5.69999975e-05 0
vt 0.238077894 0.99773401 0
vt 0.0281749908 0.781852007 0
vt 0.995478988 1 0
vt 0 0.999954998 0
vt 0.114606999 0.931199014 0
vt 0.367662013 0.963667989 0
vt 0.934906006 0.190224007 0
vt 0.0126940003 0.397210985 0
vt 0.0104109598 0.188724905 0
vt 0.946228981 0.397210985 0
vt 0.333333999 0.00045599998 0
vt 0.000129999986 0.199226007 0
vt 0.000129999986 0.197790995 0
vt 9.79999968e-05 0.393785 0
vt 0.935079992 0.188724905 0
vt 0.241588995 0.000440000003 0
vt 0.000161999997 0 0
vt 0.00796294212 0.0753539801 0
vt 0.0200839601 0.135098904 0
vt 0 0.130099997 0
vt 0.750025988 9.99999997e-07 0
vt 0.99970901 0 0
vt 0.999727011 0.0627349615 0
vt 3.00000011e-06 0.0751719996 0
vt 0.00014199999 2.29999987e-05 0
vt 3.00000011e-06 0.0751729608 0
vt 3.99999999e-06 0.0751749799 0
vt 4.99999987e-06 0.0751839802 0
vt 1.20000004e-05 0.0752279684 0
vt 0.000998999923 0.0752239823 0
vt 0.00397998001 0.075289011 0
vt 0.468405992 0.834002972 0
vt 0.468401015 0.834008992 0
vt 0.468401998 0.834007978 0
vt 0.468416989 0.833983004 0
vt 0.46845901 0.833903015 0
vt 0.468618989 0.833580017 0
vt 0.000252999977 0.0751969814 0
vt 6.60000005e-05 0.0751850009 0
vt 0.469244987 0.832287014 0
vt 0.0119419601 0.0754089877 0
vt 0.0159189701 0.0754579902 0
vt 0.0198979899 0.0755059719 0
vt 0.999733984 0.0871229693 0
vt 0.0278489497 0.136960998 0
vt 0.0355719887 0.138672993 0
vt 0.999741018 0.111456998 0
vt 0.660122991 1.99999999e-06 0
vt 0.000211999984 0.500706017 0
vt 0.000423999969 8.6e-05 0
vt 1.99999999e-06 0.868713975 0
vt 0.339679003 0.869430006 0
vt 0.443421006 0.831045985 0
vt 0.520785987 1 0
vt 0.634195983 1 0
vt 4.99999987e-05 0.881655991 0
vt 0.223395005 0.914313972 0
vt 0.76216203 0.5 0
vt 0.76216203 1 0
vt 0.76216203 0 0
vt 7.99999998e-06 0.627626002 0
vt 0.202871993 0.166934997 0
vt 0.594187975 0 0
vt 0.0322669707 0.799481988 0
vt 0 0.0413389802 0
vt 1 0.0893739983 0
vt 0.701070011 0.0106379902 0
vt 0.698996007 0.00465094997 0
vt 0.701331973 0.0117429402 0
vt 0.270700991 0 0
vt 0.670333028 1 0
vt 0.0987510011 0.993192971 0
vt 0.148064002 0.993192971 0
vt 0.197301999 0.993192971 0
vt 0 0.801940978 0
vt 0.658918977 0.701646984 0
vt 0.341080993 0.651499987 0
vt 0.658918977 0.651499987 0
vt 1 0.701646984 0
vt 0 0.651499987 0
vt 0 0.60135299 0
vt 0.341080993 0.60135299 0
vt 0.394373 0.993192971 0
vt 0.345284998 0.993192971 0
vt 0 0.595592022 0
vt 0.658918977 0.60135299 0
vt 0.341080993 0.551443994 0
vt 1 0.651499987 0
vt 0.0521249697 0 0
vt 0.0521360002 1 0
vt 0.00449395087 0 0
vt 0.0199059807 0.925688982 0
vt 0.463734001 0.698032022 0
vt 0.477759987 0.725014985 0
vt 0.0200559404 0.86463201 0
vt 0.0159259997 0.92573601 0
vt 0.0278609898 0.862778008 0
vt 0.000252999977 0.0626989603 0
vt 0.249987006 4.99999987e-06 0
vt 0.249987006 0.111521997 0
vt 0.000269000011 0 0
vt 0.000246000011 0.0872319937 0
vt 0 0.869674981 0
vt 0.00796699524 0.925839007 0
vt 0.0119469697 0.925785005 0
vt 0.00398099422 0.925903022 0
vt 0.505333006 0.779524982 0
vt 0.491629988 0.752174973 0
vt 0.518899024 0.807139993 0
vt 0.000999987009 0.925966978 0
vt 0.528932989 0.827879012 0
vt 1.20000004e-05 0.925963998 0
vt 0.532272995 0.834794998 0
vt 0.531430006 0.833074987 0
vt 0.000253999984 0.925994992 0
vt 0.999350011 0.587386012 0
vt 0.762144029 0.998328984 0
vt 0.632849991 0.964258015 0
vt 0.999858975 2.40000008e-05 0
vt 0.989892006 0.188674003 0
vt 0.53205502 0.834366977 0
vt 0.532214999 0.834689021 0
vt 0.532256007 0.834769011 0
vt 0.532267988 0.834788978 0
vt 0.532271981 0.834794998 0
vt 3.00000011e-06 0.926020026 0
vt 3.99999999e-06 0.926016986 0
vt 3.00000011e-06 0.926019013 0
vt 4.99999987e-06 0.926008999 0
vt 0.532271028 0.834793985 0
vt 6.69999936e-05 0.926006973 0
vt 0.971578002 0.782656014 0
vt 0.987684011 0.397118986 0
vt 0.0633809492 0.190114006 0
vt 0.0523929484 0.397118986 0
vt 0.0520409904 0.399470001 0
vt 0.885344982 0.931890011 0
vt 0.991432011 0.607626021 0
vt 0.0233569704 0.607626021 0
vt 0.340288013 0.604950011 0
vt 9.89999971e-05 0.604950011 0
vt 6.60000005e-05 0.404430002 0
vt 0.340288013 0.802151024 0
vt 9.89999971e-05 0.607191026 0
vt 0.659762979 0.802151024 0
vt 0.000130999993 0.802151024 0
vt 0.340288013 0.999930024 0
vt 0.659762979 0.999737978 0
vt 0.249678001 0.999949992 0
vt 0.000163999997 0.999884009 0
vt 0.000130999993 0.803523004 0
vt 0.499536991 0.999852002 0
vt 0.340653986 7.0000001e-06 0
vt 0.499974996 1.10000001e-05 0
vt 0.063215971 0.188674003 0
vt 6.60000005e-05 0.403596997 0
vt 0.0232719705 0.608484983 0
vt 0.01303994 0.813161016 0
vt 0.996825993 0.813161016 0
vt 1 0.999954998 0
vt 0.00386798289 1 0
vt 0.00204199506 1 0
vt 1.99999999e-06 0.131000906 0
vt 0.000381999969 1 0
vt 0 7.30000029e-05 0
vt 0.0355619714 0.861086011 0
vt 0.000238999986 0.111521997 0
vt 0.0557209812 0.857551992 0
vt 0.000222000002 0.175539002 0
vt 0.249987006 0.223673001 0
vt 0.000208999991 0.223673001 0
vt 0.0707719922 0.855780005 0
vt 0.000197999994 0.264697999 0
vt 0.0835819766 0.854860008 0
vt 0.105742998 0.854185998 0
vt 0.000178999995 0.335319996 0
vt 0.111442 0.854121029 0
vt 0.98851198 0.274544001 0
vt 0.966166019 0.00285899593 0
vt 0.999975026 1 0
vt 2.49999994e-05 0.00120597996 0
vt 0.56023097 0 0
vt 0.601339996 0.0142129604 0
vt 0.591015995 0.0363459513 0
vt 0 0.0770129487 0
vt 0.999900997 0.0770129487 0
vt 0.452901989 0.139670998 0
vt 0.450370014 0.118414901 0
vt 0.611168981 0.164827004 0
vt 0.99980098 0.154026002 0
vt 0.460437 0.0991829634 0
vt 1 0.800000012 0
vt 0.835529983 0.800000012 0
vt 0.835529983 0.600000024 0
vt 0.835529983 0.99862498 0
vt 0.473154992 0.179831997 0
vt 0.496392012 0.219234005 0
vt 0.519720018 0.258792013 0
vt 0.543048024 0.298348993 0
vt 1 0.600000024 0
vt 0.70837599 0.329654008 0
vt 0.513961017 0 0
vt 0.835529983 0.400000006 0
vt 0.643899977 0.400000006 0
vt 0.643899977 0.600000024 0
vt 0.449885011 0.400000006 0
vt 0.449885011 0.600000024 0
vt 0.643899977 0.800000012 0
vt 0.449885011 0.200000003 0
vt 0.285742015 0.200000003 0
vt 0.285742015 0.400000006 0
vt 0.139732003 0.200000003 0
vt 0.139732003 0.0572629496 0
vt 0.285742015 0.0408869907 0
vt 0.449885011 0.0272639897 0
vt 0.208091006 0.0491019413 0
vt 0.588958979 0 0
vt 0.688883007 0.338319004 0
vt 0.536871016 0.338319004 0
vt 0.688883007 0 0
vt 0.536871016 0 0
vt 0.330047011 0.0367329717 0
vt 0.784758985 0 0
vt 0.643899977 0.200000003 0
vt 0.643899977 0.01722496 0
vt 0.394059002 0.338319004 0
vt 0.394059002 0 0
vt 0.417376995 0 0
vt 0.477981001 0.0254379492 0
vt 0.28797701 0 0
vt 0.671079993 0.0160719696 0
vt 0.272540987 0.169158906 0
vt 0.272540987 0 0
vt 0.272540987 0.338319004 0
vt 0.148680001 0.338319004 0
vt 0.272540987 0.499181986 0
vt 0.148680001 0.499181986 0
vt 0.394059002 0.660045028 0
vt 0.272540987 0.660045028 0
vt 0.148680001 0.660045028 0
vt 0.148680001 0.830022991 0
vt 0.272540987 0.830022991 0
vt 0.292151988 1 0
vt 0.394059002 1 0
vt 0.0882920027 0.872763991 0
vt 0.0788519904 0.865418017 0
vt 0.0717419907 0.853145003 0
vt 0.0608639717 0.81159699 0
vt 0.0484849811 0.747784972 0
vt 0.272540987 1 0
vt 0.108723901 0.878161013 0
vt 0.0906699821 0.873889029 0
vt 0.249994904 0.747784972 0
vt 0.249994904 0.872763991 0
vt 0.132477894 0.879923999 0
vt 0.0547589585 0.780802011 0
vt 0.149352998 0.659723997 0
vt 0.149352998 1 0
vt 0.104102001 1 0
vt 0.043650981 0.720435023 0
vt 0.0489889905 0.750530005 0
vt 0.0995680019 1 0
vt 0.0995680019 0.659723997 0
vt 0.049784001 1 0
vt 0.049784001 0.659723997 0
vt 0.0995680019 0.339962989 0
vt 0.049784001 0.339962989 0
vt 0 0.659723997 0
vt 0.049784001 0 0
vt 0.0995680019 0 0
vt 0 0.338319004 0
vt 0 0.339962989 0
vt 1 0.338319004 0
vt 1 0.339843005 0
vt 0.843775988 0.660045028 0
vt 0.843775988 0.338319004 0
vt 0.688883007 0.660045028 0
vt 0.688883007 1 0
vt 0.843775988 1 0
vt 1 0.660045028 0
vt 0.0637949705 0.825668991 0
vt 0.0671319887 0.839614987 0
vt 0.536871016 1 0
vt 0.536871016 0.660045028 0
vt 0.0395459495 0.216581002 0
vt 0.141510993 0 0
vt 0 0.200000003 0
vt 0 0.0766979977 0
vt 0.0998309776 0.0624119602 0
vt 0.843775988 0 0
vt 0.0834479928 0.399522007 0
vt 0.130830005 0.551662982 0
vt 0 0.400000006 0
vt 0.286217004 0.853016019 0
vt 0.37104699 0 0
vt 0.233030006 0.775736988 0
vt 0.180814996 0.675840974 0
vt 0.149352998 0 0
vt 0.199137002 0 0
vt 0.199137002 0.339962989 0
vt 0.149352998 0.339962989 0
vt 0.249402002 0.339962989 0
vt 0.199137002 0.659723997 0
vt 0.249402002 0 0
vt 0.249402002 0.659723997 0
vt 0.199137002 1 0
vt 0.249402002 1 0
vt 0.249994904 0.624926984 0
vt 0.0387099907 0.690367997 0
vt 0.034051951 0.660088003 0
vt 0.0289369803 0.624926984 0
vt 0.0255079791 0.600049019 0
vt 0.0296609905 0.63003701 0
vt 0.249994904 0.501564026 0
vt 0.499899 0.501564026 0
vt 0.02161997 0.570029974 0
vt 0.499899 0.624926984 0
vt 0.499899 0.439586014 0
vt 0.749827027 0.439586014 0
vt 0.749827027 0.501564026 0
vt 0.749827027 0.563244998 0
vt 0.997042 0.524798989 0
vt 0.997129023 0.552699983 0
vt 0.996596992 0.439586014 0
vt 0.996948004 0.501564026 0
vt 0.556088984 1 0
vt 0.527933002 1 0
vt 0.556088984 0.657405019 0
vt 0.527933002 0.657405019 0
vt 0.50435698 1 0
vt 0.556088984 0.342682987 0
vt 0.527933002 0.342682987 0
vt 0.499776989 0.342682987 0
vt 0.499776989 0.657405019 0
vt 0.499776989 1 0
vt 0.471621007 0.657405019 0
vt 0.471621007 0.342682987 0
vt 0.443466008 0 0
vt 0.471621007 0 0
vt 0.443466008 0.342682987 0
vt 0.415549994 0 0
vt 0.415549994 0.342682987 0
vt 0.443466008 0.657405019 0
vt 0.461430013 0.999355972 0
vt 0.377631992 0.99842298 0
vt 0.294667989 0.988860011 0
vt 0.419337004 0.999638975 0
vt 0.387634009 0 0
vt 0.336032987 0.995139003 0
vt 0.359717995 0 0
vt 0.387634009 0.342682987 0
vt 0.00904798508 0.614897013 0
vt 0.0634169504 0.802802026 0
vt 0.25376901 0.978581011 0
vt 0.177433997 0.942560971 0
vt 0.331802011 0 0
vt 0.359717995 0.342682987 0
vt 0.415549994 0.657405019 0
vt 0.387634009 0.657405019 0
vt 0.415549994 1 0
vt 0.439794987 1 0
vt 0.387634009 1 0
vt 0.996222973 0.389238 0
vt 0.996429026 0.416216999 0
vt 0.375645995 1 0
vt 0.996128023 0.377608001 0
vt 0.749827027 0.377608001 0
vt 0.995995998 0.362096995 0
vt 0.749827027 0.314812005 0
vt 0.499899 0.377608001 0
vt 0.995353997 0.253069013 0
vt 0.995409012 0.280373007 0
vt 0.995353997 0.252016008 0
vt 0.749827027 0.252016008 0
vt 0.995769024 0.334719002 0
vt 0.995570004 0.307622999 0
vt 0.995621026 0.314812005 0
vt 0.499899 0.314812005 0
vt 0.249994904 0.252016008 0
vt 0.499899 0.252016008 0
vt 0.249994904 0.377608001 0
vt 0.00232297089 0.353594989 0
vt 0.000972000009 0.321428001 0
vt 0.00367397 0.377608001 0
vt 0.00636398699 0.416750997 0
vt 0.00416296721 0.385358989 0
vt 0.00886195805 0.447791994 0
vt 0.601810992 1 0
vt 0.551407993 1 0
vt 0.601810992 0.659723997 0
vt 0.65188098 0.659723997 0
vt 0.65188098 1 0
vt 0.0115699703 0.478736997 0
vt 0.65188098 0.339962989 0
vt 0.701951981 0.339962989 0
vt 0.701951981 0.659723997 0
vt 0.752022028 0.339962989 0
vt 0.752022028 0.659723997 0
vt 0.714227021 1 0
vt 0.701951981 1 0
vt 0.752022028 0 0
vt 0.802092016 0 0
vt 0.802092016 0.339962989 0
vt 0.851568997 0 0
vt 0.851568997 0.339962989 0
vt 0.802092016 0.659723997 0
vt 0.851568997 0.659723997 0
vt 0.802092016 1 0
vt 0.752022028 1 0
vt 0.851568997 1 0
vt 0.901045978 0.659723997 0
vt 0.901045978 0.339962989 0
vt 0.950523019 0.339962989 0
vt 0.950523019 0.659723997 0
vt 0.908877015 1 0
vt 0.901045978 1 0
vt 0.950523019 0 0
vt 1 0.339841992 0
vt 1 0.341827989 0
vt 0.830119014 0 0
vt 0.963714004 0.230803996 0
vt 0.922356009 0.43166399 0
vt 0.901045978 0 0
vt 0.876712978 0.597665012 0
vt 0.827713013 0.728133023 0
vt 0.775816977 0.827948987 0
vt 0.722612977 0.899703026 0
vt 0.600583017 0 0
vt 0 0.800000012 0
vt 0 0.600000024 0
vt 0.139732003 0.600000024 0
vt 0 0.948020995 0
vt 0.139732003 0.800000012 0
vt 0.139732003 0.964685977 0
vt 0.285742015 0.800000012 0
vt 0.285742015 0.978626013 0
vt 0.285742015 0.600000024 0
vt 0.449885011 0.800000012 0
vt 0.139732003 0.400000006 0
vt 0.449885011 0.98913002 0
vt 0.209447995 0.971835971 0
vt 0.419818997 0 0
vt 0.473410994 0.341827989 0
vt 0.319027007 0.341827989 0
vt 0.319027007 0 0
vt 0.473410994 0 0
vt 0.331063002 0.982050002 0
vt 0.590093017 0 0
vt 0.218576998 0 0
vt 0.643899977 0.995572984 0
vt 0.480004013 0.990518987 0
vt 0.614574015 0 0
vt 0.614574015 0.170913905 0
vt 0.614574015 0.341827989 0
vt 0.730705976 0.341827989 0
vt 0.730705976 0.170913905 0
vt 0.718786001 0 0
vt 0.730705976 0 0
vt 0.839281023 0 0
vt 0.848197997 0.170913905 0
vt 0.848197997 0.341827989 0
vt 0.666413009 0.996032 0
vt 0.848197997 0.499927014 0
vt 1 0.499927014 0
vt 0.250072002 0.499983013 0
vt 0 0.499983013 0
vt 0 0.341827989 0
vt 0 0.265112013 0
vt 0.250072002 0.265112013 0
vt 1 0.265112996 0
vt 0 0.65802598 0
vt 0.500144005 0.499983013 0
vt 0.250072002 0.734863997 0
vt 0.500144005 0.734863997 0
vt 0.750072002 0.734863997 0
vt 0.750072002 0.499983013 0
vt 0.500144005 0.265112013 0
vt 0.250072002 0 0
vt 0.750072002 0.265112013 0
vt 0.500144005 0 0
vt 0.148661003 0.137012005 0
vt 0.258049995 0.0314309485 0
vt 0.386339992 0.0164749604 0
vt 0.420352995 0.0868339464 0
vt 0 0.170914993 0
vt 0.848197997 0 0
vt 1 0.170913905 0
vt 0.846280992 0.998742998 0
vt 0 0.0571599603 0
vt 0.129262 0.0449569784 0
vt 0.0566049814 0.152858004 0
vt 0.988951981 0.497646987 0
vt 0.985233009 0.329710007 0
vt 0 0.497646987 0
vt 0.976850986 0.235149994 0
vt 0.000423999969 0.965964973 0
vt 0 0.872875988 0
vt 0.148084 0.87272203 0
vt 0.242439002 0.00185495603 0
vt 0.526877999 0.0172109604 0
vt 0.92446202 0.142482907 0
vt 0.148084 0.969901979 0
vt 0.312258989 0.872704983 0
vt 0 0.170938 0
vt 0.151823893 0 0
vt 0.160487995 0.170938 0
vt 0.160487995 0 0
vt 0.156564996 0.97015202 0
vt 0.312258989 0.975655019 0
vt 0.317272991 0 0
vt 0.329104006 0 0
vt 0.329104006 0.170938 0
vt 0.501910985 0.872802973 0
vt 0.324265987 0.97615099 0
vt 0.501910985 0.98408699 0
vt 0.690137982 0.872906029 0
vt 0.776866972 0.0625659823 0
vt 0.690137982 0.99228698 0
vt 0.501709998 0 0
vt 0.507174015 0 0
vt 0.507557988 0.984347999 0
vt 0.680634975 0 0
vt 0.507174015 0.341874987 0
vt 0.685896993 0.992121994 0
vt 0.329104006 0.341874987 0
vt 0.160487995 0.341874987 0
vt 0.160487995 0.500159979 0
vt 0.329104006 0.500159979 0
vt 0.507174015 0.658445001 0
vt 0.329104006 0.658445001 0
vt 0.160487995 0.658445001 0
vt 9.99999997e-07 0.829222977 0
vt 0.160487995 0.829222977 0
vt 9.99999997e-07 0.734863997 0
vt 9.99999997e-07 0.658445001 0
vt 0.0641109869 1 0
vt 0.160487995 1 0
vt 0.329104006 0.829222977 0
vt 0.329104006 1 0
vt 0.499899 0.125994995 0
vt 0.499899 0.101467997 0
vt 0.528244972 0.0998649523 0
vt 0.576614022 0.0937319919 0
vt 0.507174015 1 0
vt 0.619361997 0.0804459974 0
vt 0.749827027 0.125994995 0
vt 0.995489001 0.117145002 0
vt 0.99546802 0.125994995 0
vt 0.749827027 0.0629969835 0
vt 0.995423019 0.144172996 0
vt 0.499899 0.189006001 0
vt 0.749827027 0.189006001 0
vt 0.166631907 1 0
vt 0.138997003 1 0
vt 0.166631907 0.657405019 0
vt 0.138997003 0.657405019 0
vt 0.120417997 1 0
vt 0.995356023 0.171283007 0
vt 0.184621006 1 0
vt 0.995325029 0.189006001 0
vt 0.194266006 0.657405019 0
vt 0.194266006 1 0
vt 0.995317996 0.198533997 0
vt 0.221900895 0.657405019 0
vt 0.995334029 0.225859895 0
vt 0.221900895 1 0
vt 0.221900895 0.342682987 0
vt 0.249375895 0.657405019 0
vt 0.248315006 1 0
vt 0.249375895 0.342682987 0
vt 0.276852012 0.657405019 0
vt 0.276852012 1 0
vt 0.249375895 1 0
vt 0.276852012 0.342682987 0
vt 0.304327011 0.657405019 0
vt 0.304327011 1 0
vt 0.304327011 0.342682987 0
vt 0.331802011 0.657405019 0
vt 0.31160301 1 0
vt 0.331802011 0.342682987 0
vt 0.359717995 0.657405019 0
vt 0.359717995 1 0
vt 0.331802011 1 0
vt 0.304327011 0 0
vt 0.214637905 0.96351099 0
vt 0.276852012 0 0
vt 0.249375895 0 0
vt 0.143077001 0.915533006 0
vt 0.112512 0.882663012 0
vt 0.221900895 0 0
vt 0.0859400034 0.844576001 0
vt 0.194266006 0 0
vt 0.194266006 0.342682987 0
vt 0.166631907 0.342682987 0
vt 0.166631907 0 0
vt 0.138997003 0.342682987 0
vt 0.138997003 0 0
vt 0.111363001 0.342682987 0
vt 0.111363001 0.657405019 0
vt 0.111363001 1 0
vt 0.0835219622 1 0
vt 0.0835219622 0.657405019 0
vt 0.0835219622 0.342682987 0
vt 0.0556809902 0.657405019 0
vt 0.0559069514 1 0
vt 0.995635986 0.0356479809 0
vt 0.995603979 0.0627769828 0
vt 0.995603025 0.0629969835 0
vt 0.0556809902 1 0
vt 0.995651007 0 0
vt 0.99555099 0.0899529979 0
vt 0.0278409701 1 0
vt 0.0278409701 0.657405019 0
vt 0.995649993 0.00853896141 0
vt 0 0.657405019 0
vt 1 0.657387972 0
vt 0.991361022 1 0
vt 0.972127974 0.657387972 0
vt 0.972127974 0.34265101 0
vt 1 0.34265101 0
vt 0 0.342682987 0
vt 0.0278409701 0.342682987 0
vt 0.0556809902 0.342682987 0
vt 0.0556809902 0 0
vt 0.0278409701 0 0
vt 0.00345599605 0.565174997 0
vt 0.000838999986 0.515092015 0
vt 0.001109957 0.464098006 0
vt 0.00427299691 0.413242996 0
vt 0.972127974 0 0
vt 0.944254994 0 0
vt 0.944254994 0.34265101 0
vt 0.916383028 0 0
vt 0.0103219701 0.362765998 0
vt 0.0319089815 0.264791012 0
vt 0.0691329837 0.174630001 0
vt 0.318544 0.0104779601 0
vt 0.488256007 0.000222999995 0
vt 0.40290001 0.00158298004 0
vt 0.445564002 0.000234999985 0
vt 0.50019598 0 0
vt 0.528337002 0 0
vt 0.528337002 0.34265101 0
vt 0.545517981 0.995680988 0
vt 0.573611975 0.00343894889 0
vt 0.50019598 0.34265101 0
vt 0.472054988 0 0
vt 0.53095299 0.001281976 0
vt 0.360632986 0.00482797623 0
vt 0.556478024 0 0
vt 0.584394991 0 0
vt 0.556478024 0.34265101 0
vt 0.584394991 0.34265101 0
vt 0.556478024 0.657387972 0
vt 0.528337002 0.657387972 0
vt 0.612311006 0 0
vt 0.612311006 0.34265101 0
vt 0.584394991 0.657387972 0
vt 0.612311006 0.657387972 0
vt 0.64022702 0 0
vt 0.64022702 0.34265101 0
vt 0.235811993 0.031880971 0
vt 0.276843995 0.0192319695 0
vt 0.668142974 0 0
vt 0.159357995 0.0716909692 0
vt 0.196610004 0.0490249917 0
vt 0.695649028 0 0
vt 0.668142974 0.34265101 0
vt 0.695649028 0.34265101 0
vt 0.668142974 0.657387972 0
vt 0.64022702 0.657387972 0
vt 0.695649028 0.657387972 0
vt 0.676375985 1 0
vt 0.64022702 1 0
vt 0.668142974 1 0
vt 0.749826014 0.622460008 0
vt 0.995980024 0.649298012 0
vt 0.995751023 0.677049994 0
vt 0.995684981 0.685252011 0
vt 0.749826014 0.685252011 0
vt 0.499897003 0.622460008 0
vt 0.499897003 0.560550988 0
vt 0.749826014 0.560550988 0
vt 0.996192992 0.622460008 0
vt 0.996740997 0.539340973 0
vt 0.996617019 0.560550988 0
vt 0.996883988 0.511982024 0
vt 0.749826014 0.498643011 0
vt 0.499897003 0.498643011 0
vt 0.249994904 0.37518701 0
vt 0.249994904 0.498643011 0
vt 0.499897003 0.37518701 0
vt 0.749826014 0.43691501 0
vt 0.249994904 0.252225012 0
vt 0.0388559587 0.311026007 0
vt 0.0218009893 0.431109995 0
vt 0.0291809998 0.37518701 0
vt 0.0297479592 0.371169001 0
vt 0.0256359503 0.401149005 0
vt 0.0341289602 0.341138005 0
vt 0.693596005 1 0
vt 0.650159001 1 0
vt 0.650159001 0.660066009 0
vt 0.600004017 1 0
vt 0.600004017 0.660066009 0
vt 0.600004017 0.340344012 0
vt 0.650159001 0.340344012 0
vt 0.700312972 0.660066009 0
vt 0.600004017 0 0
vt 0.650159001 0 0
vt 0.700312972 0.340344012 0
vt 0.700312972 0 0
vt 0.750468016 0.340344012 0
vt 0.750468016 0.660066009 0
vt 0.750468016 1 0
vt 0.800623 1 0
vt 0.800623 0.660066009 0
vt 0.850467026 1 0
vt 0.850467026 0.660066009 0
vt 0.800623 0.340344012 0
vt 0.850467026 0.340344012 0
vt 0.850467026 0 0
vt 0.800623 0 0
vt 0.138432994 1 0
vt 0.130221993 0.440479994 0
vt 0.179758996 0.312418997 0
vt 0.750468016 0 0
vt 0.231528893 0.210368007 0
vt 1 0.079761982 0
vt 1 0.200000003 0
vt 0.86026299 0.200000003 0
vt 0.039698001 0.786288977 0
vt 1 0.400000006 0
vt 0.0833119676 0.598514974 0
vt 0.368698001 1 0
vt 0.86026299 0.400000006 0
vt 0.284552991 0.131803006 0
vt 0.338391006 0.0742359683 0
vt 0.392670006 0.03540897 0
vt 0.447441995 0.0128659597 0
vt 0.502384007 0.004292964 0
vt 0.598963022 1 0
vt 0.714248002 0.200000003 0
vt 0.714248002 0.400000006 0
vt 0.86026299 0.600000024 0
vt 0.714248002 0.600000024 0
vt 0.550096989 0.400000006 0
vt 0.550096989 0.200000003 0
vt 0.356076002 0.200000003 0
vt 0.356076002 0.400000006 0
vt 0.550096989 0.600000024 0
vt 0.356076002 0.600000024 0
vt 0.550096989 0.800000012 0
vt 0.714248002 0.800000012 0
vt 0.86026299 0.800000012 0
vt 0.86026299 0.965233982 0
vt 0.714248002 0.978899002 0
vt 1 0.948325992 0
vt 0.791643023 0.972169995 0
vt 0.899895012 0.96082902 0
vt 0.681675017 0.341681987 0
vt 0.681675017 0 0
vt 0.779901028 0 0
vt 0.840080976 0 0
vt 0.840080976 0.341681987 0
vt 0.681675017 0.658023 0
vt 0.840080976 0.658023 0
vt 1 0.340344012 0
vt 1 0.341681987 0
vt 1 0.658023 0
vt 0 0.658023 0
vt 0 0.341681987 0
vt 0.0494949818 0.340344012 0
vt 0 0.340344012 0
vt 0.0494949818 0 0
vt 0.0989890024 0.340344012 0
vt 0.0989890024 0.660066009 0
vt 0.0494949818 0.660066009 0
vt 0.0989890024 0 0
vt 0.920819998 0.57942301 0
vt 0.962961972 0.771389008 0
vt 0.829227984 1 0
vt 0.720411003 0.115137003 0
vt 0.77343601 0.191641003 0
vt 0.825345993 0.293159008 0
vt 0.874602973 0.421036005 0
vt 0.148484007 0 0
vt 0.148484007 0.340344012 0
vt 0.197978005 0.340344012 0
vt 0.197978005 0 0
vt 0.248085007 0.340344012 0
vt 0.248085007 0.660066009 0
vt 0.248085007 0 0
vt 0.197978005 0.660066009 0
vt 0.298193008 0.340344012 0
vt 0.286756992 1 0
vt 0.298193008 0.660066009 0
vt 0.248085007 1 0
vt 0.00325095607 0.64694798 0
vt 0.00456094695 0.622460008 0
vt 0.249994904 0.622460008 0
vt 0.00191599096 0.679051995 0
vt 0.197978005 1 0
vt 0.249994904 0.748044014 0
vt 0.00112199702 0.71093601 0
vt 0.148484007 1 0
vt 0.148484007 0.660066009 0
vt 0.499897003 0.685252011 0
vt 0.00237095309 0.807816029 0
vt 0.249994904 0.874038994 0
vt 0.499897003 0.811040998 0
vt 0.000918000005 0.748044014 0
vt 0.000897999911 0.742917001 0
vt 0.001290977 0.775072992 0
vt 0.499897003 0.748044014 0
vt 0.0494949818 1 0
vt 0 0.660066009 0
vt 0.0910689831 1 0
vt 1 0.660157979 0
vt 0.840080976 1 0
vt 0.00703799678 0.849883974 0
vt 0.00438296702 0.836174011 0
vt 0.0030849569 0.822055995 0
vt 0.681675017 1 0
vt 0.527602017 1 0
vt 0.0334549509 0.874038994 0
vt 0.0127989603 0.862281978 0
vt 0.385713011 1 0
vt 0.385713011 0.829011023 0
vt 0.527602017 0.658023 0
vt 0.170178995 0.883162022 0
vt 0.0665199682 0.877444983 0
vt 0.0413679406 0.875395 0
vt 0.0235569403 0.870895028 0
vt 0.270024002 0.829011023 0
vt 0.270024002 1 0
vt 0.201916903 1 0
vt 0.152406007 1 0
vt 0.152406007 0.829011023 0
vt 0.270024002 0.658023 0
vt 0.385713011 0.658023 0
vt 0.385713011 0.499852985 0
vt 0.385713011 0.341681987 0
vt 0.527602017 0.341681987 0
vt 0.270024002 0.499852985 0
vt 0.385713011 0.170840994 0
vt 0.407739013 0 0
vt 0.270024002 0.341681987 0
vt 0.270024002 0.170840994 0
vt 0.152406007 0.341681987 0
vt 0.152406007 0.499852985 0
vt 0.161199003 0 0
vt 0.270024002 0 0
vt 0.152406007 0.170840994 0
vt 0.281619012 0 0
vt 0.356076002 0.995615005 0
vt 0.334780008 0.99604398 0
vt 0.164453998 0.99861902 0
vt 0 0.170840994 0
vt 0.152406007 0 0
vt 0 0.264795005 0
vt 1 0.170842007 0
vt 1 0.264795989 0
vt 0.749929011 0.264795989 0
vt 1 0.341683 0
vt 0.749929011 0 0
vt 0.499857992 0.264795989 0
vt 0.499857992 0.499980986 0
vt 0.749929011 0.499980986 0
vt 0.613645017 0.0163749997 0
vt 0.850054979 0.139142007 0
vt 0.578351974 0.0889629722 0
vt 0.53826499 0.101311997 0
vt 0.499857992 0 0
vt 0.741946995 0.0312460009 0
vt 0.486003011 0 0
vt 0.497646987 0.988951981 0
vt 0.497646987 0 0
vt 0.329710007 0.985233009 0
vt 0.870738983 0.0446999595 0
vt 1 0.0568389818 0
vt 0.942115009 0.154988006 0
vt 0.851930976 0.872380018 0
vt 1 0.96795398 0
vt 0.851930976 0.971949995 0
vt 1 0.872542977 0
vt 0.847445011 0 0
vt 1 0.170710996 0
vt 0 0.170710996 0
vt 0.249928996 0 0
vt 0.840031981 0.170710996 0
vt 0.249928996 0.264795989 0
vt 0 0.264795989 0
vt 0 0.341421992 0
vt 0.249928996 0.499980986 0
vt 1 0.341421992 0
vt 1 0.499882013 0
vt 0.840031981 0.341421992 0
vt 0 0.499980986 0
vt 0.840031981 0.499882013 0
vt 1 0.658342004 0
vt 0 0.658342004 0
vt 0.670855999 0.341421992 0
vt 0.670855999 0.499882013 0
vt 0.840031981 0.658342004 0
vt 0.493514001 0.658342004 0
vt 0.670855999 0.658342004 0
vt 0.493514001 1 0
vt 0.670855999 1 0
vt 0.749826014 0.874038994 0
vt 0.619296014 0.91970402 0
vt 0.576570988 0.906461 0
vt 0.840031981 0.829171002 0
vt 0.840031981 1 0
vt 0.528217018 0.900474012 0
vt 0.499897003 0.874038994 0
vt 0.749826014 0.811040998 0
vt 0.99535799 0.874038994 0
vt 0.995432019 0.898248971 0
vt 0.749826014 0.937020004 0
vt 0.995514989 0.925844014 0
vt 0.916383028 1 0
vt 0.888511002 1 0
vt 0.888511002 0.657387972 0
vt 0.864178002 1 0
vt 0.888511002 0.34265101 0
vt 0.916383028 0.657387972 0
vt 0.860924006 0.34265101 0
vt 0.860924006 0.657387972 0
vt 0.888511002 0 0
vt 0.916383028 0.34265101 0
vt 0.860924006 0 0
vt 0.944254994 0.657387972 0
vt 0.972127974 1 0
vt 0.944254994 1 0
vt 0.927689016 1 0
vt 0.995545983 0.937020004 0
vt 0.995585978 0.953396022 0
vt 0.995631993 0.980965972 0
vt 0.749996006 1 0
vt 0.99564302 1 0
vt 0.749826014 1 0
vt 0.651488006 0.041126959 0
vt 0.749656022 0 0
vt 0.749827027 0 0
vt 0.642023027 0.0629969835 0
vt 0.643397987 0.0612079501 0
vt 0.680634975 0.658445001 0
vt 0.680634975 1 0
vt 0.665813982 1 0
vt 0.680634975 0.341874987 0
vt 0.844048977 0.658445001 0
vt 0.844048977 1 0
vt 0.844048977 0.341874987 0
vt 1 0.658445001 0
vt 1 0.341874987 0
vt 0 0.658445001 0
vt 0 0.341874987 0
vt 0 0.660211027 0
vt 0.156351998 0.341421992 0
vt 0.156351998 0.658342004 0
vt 0.156351998 1 0
vt 0 0.660157979 0
vt 0.652593017 0.978272021 0
vt 0.65159601 0.958902001 0
vt 0.319527 0.658342004 0
vt 0.643665016 0.938872993 0
vt 0.319527 1 0
vt 0.652544022 1 0
vt 0.501240015 1 0
vt 0.652355015 0.0218079593 0
vt 0.652305007 0 0
vt 0.319527 0.341421992 0
vt 0.335076004 1 0
vt 0.642261982 0.937020004 0
vt 0.493514001 0.341421992 0
vt 0.319527 0 0
vt 0.314859986 0 0
vt 0.147257999 0.87262702 0
vt 0.309848994 0.872573972 0
vt 0.309848994 0.993216991 0
vt 0.498077989 0.985612988 0
vt 0.152134001 0.997641027 0
vt 0.314603001 0.993053973 0
vt 0.156351998 0 0
vt 0.147257999 0.997744024 0
vt 0.151363999 0 0
vt 0.0231489502 0.872636974 0
vt 0 0.339841992 0
vt 1 0.33978799 0
vt 0 0.33978799 0
vt 0.848818004 0 0
vt 0.852734029 0.997371972 0
vt 0.852734029 0.872959018 0
vt 0.976782978 0.872969985 0
vt 0.848079026 0.997263014 0
vt 0.844048977 0 0
vt 1 0.833333015 0
vt 0.976782978 0.833333015 0
vt 0.0246509891 0.157140002 0
vt 0 0.110233001 0
vt 0.281601012 0.0577489696 0
vt 0.976782024 0.666666985 0
vt 0.128306001 0.354380995 0
vt 0.500147998 0 0
vt 0.666487992 0 0
vt 0.666235983 1 0
vt 1 0.500041008 0
vt 0.832512021 1 0
vt 0.976781011 0.5 0
vt 0.333808005 0 0
vt 0.499960005 1 0
vt 0.333683014 1 0
vt 0.167466894 0 0
vt 0.0231509805 0.333332986 0
vt 0 0.333332986 0
vt 0 0.166666999 0
vt 0 0.499852002 0
vt 1 0.166666999 0
vt 0.976779997 0.333332986 0
vt 0.167407006 1 0
vt 0.976779997 0.166666999 0
vt 3.00000011e-06 0.499882996 0
vt 0.00113099802 1 0
vt 0.976779997 0.121123999 0
vt 0.852734029 0.00280797388 0
vt 0 0.339067012 0
vt 0.148176 0 0
vt 1 0.339067012 0
vt 0.189400002 0.34107101 0
vt 0 0.34107101 0
vt 1 0.34107101 0
vt 0 0.658756018 0
vt 1 0.658756018 0
vt 0.189400002 0.658756018 0
vt 0 0.660933018 0
vt 1 0.660933018 0
vt 1 0.339065999 0
vt 1 0.660933971 0
vt 0 0.658276975 0
vt 0 0.660933971 0
vt 0.689857006 0.0220409594 0
vt 0.689953029 0 0
vt 0.749826014 0 0
vt 0.749656022 1 0
vt 0.689741015 1 0
vt 0.689643979 0.978017986 0
vt 0.749996006 0 0
vt 0.999789 0.0569429882 0
vt 0.999741971 0.0636209771 0
vt 0.749826014 0.0636209771 0
vt 0.687623024 0.0464539491 0
vt 0.749827027 1 0
vt 0.749827027 0.936381996 0
vt 0.999805987 0.944123983 0
vt 0.999949992 0.972057998 0
vt 0.999938011 0.0284259897 0
vt 0.999988973 0 0
vt 0 0.657387972 0
vt 0.0278179608 0.657387972 0
vt 1 0.657405019 0
vt 0.972123027 0.657405019 0
vt 0.0278179608 1 0
vt 0.972123027 1 0
vt 0.0278179608 0.34265101 0
vt 0.0556369983 0.34265101 0
vt 0.0556369983 0.657387972 0
vt 0.0834549591 0.34265101 0
vt 0.0834549591 0.657387972 0
vt 0.0621439815 1 0
vt 0.0556369983 1 0
vt 0.111273997 0.34265101 0
vt 0.111273997 0.657387972 0
vt 0.0834549591 1 0
vt 0.999561012 0.0855019614 0
vt 0.111273997 1 0
vt 0.999270976 0.114065997 0
vt 0.1241 1 0
vt 0.999122024 0.127241999 0
vt 0.749826014 0.127241999 0
vt 0.138907 0.657387972 0
vt 0.138907 1 0
vt 0.998941004 0.142471001 0
vt 0.138907 0.34265101 0
vt 0.166539997 0.34265101 0
vt 0.166539997 0.657387972 0
vt 0.138907 0 0
vt 0.166539997 0 0
vt 0.937424004 0.207946002 0
vt 0.957202017 0.252566993 0
vt 0.973043025 0.29935199 0
vt 0.111273997 0 0
vt 0.88579601 0.128572002 0
vt 0.741446018 0.0312409904 0
vt 0.993543983 0.39794901 0
vt 0.985149026 0.348091006 0
vt 0.0834549591 0 0
vt 0.658101022 0.0121009899 0
vt 0.700066984 0.0198919699 0
vt 0.332044989 0 0
vt 0.360013008 0 0
vt 0.360013008 0.34265101 0
vt 0.781053007 0.0471569784 0
vt 0.818853974 0.0687220022 0
vt 0.304484993 0 0
vt 0.332044989 0.34265101 0
vt 0.304484993 0.34265101 0
vt 0.360013008 0.657387972 0
vt 0.332044989 0.657387972 0
vt 0.276926011 0.34265101 0
vt 0.276926011 0.657387972 0
vt 0.304484993 0.657387972 0
vt 0.332044989 1 0
vt 0.304300994 1 0
vt 0.304484993 1 0
vt 0.997237027 0.313706011 0
vt 0.997237027 0.313896 0
vt 0.749826014 0.313706011 0
vt 0.276926011 1 0
vt 0.997348011 0.285362005 0
vt 0.249366 1 0
vt 0.997564018 0.25672999 0
vt 0.749826014 0.252225012 0
vt 0.997610986 0.252225012 0
vt 0.249366 0.657387972 0
vt 0.245024994 1 0
vt 0.249366 0.34265101 0
vt 0.221806005 0.34265101 0
vt 0.221806005 0.657387972 0
vt 0.221806005 0 0
vt 0.194172993 0.657387972 0
vt 0.194172993 0.34265101 0
vt 0.194172993 0 0
vt 0.913628995 0.166270003 0
vt 0.194172993 1 0
vt 0.184655994 1 0
vt 0.998350024 0.189733997 0
vt 0.998225987 0.199581996 0
vt 0.749826014 0.189733997 0
vt 0.166539997 1 0
vt 0.998587012 0.170987993 0
vt 0.499897003 0.127241999 0
vt 0.499897003 0.252225012 0
vt 0.249994904 0.127241999 0
vt 0.330323994 0.111437 0
vt 0.0906949565 0.127241999 0
vt 0.231619999 0.116062902 0
vt 0.249994904 0.115180001 0
vt 0.133054003 0.120987996 0
vt 0.108983003 0.122815996 0
vt 1 0.830442011 0
vt 0.850709975 1 0
vt 0.250099003 1 0
vt 0 0.830438972 0
vt 0 0.734183013 0
vt 0.250099003 0.734183013 0
vt 0.850709975 0.830442011 0
vt 0.850709975 0.660884023 0
vt 1 0.734187007 0
vt 0 0.660880983 0
vt 1 0.660884023 0
vt 0.250099003 0.49999401 0
vt 0.850709975 0.500151992 0
vt 1 0.500151992 0
vt 0 0.49999401 0
vt 0.250099003 0.265809 0
vt 0.500198007 0.49999401 0
vt 0 0.339421988 0
vt 0.500198007 0.734183013 0
vt 0.750099003 0.734183013 0
vt 0.750099003 0.49999401 0
vt 0.500198007 0.265809 0
vt 0.250099003 0 0
vt 0.500198007 0 0
vt 0.750099003 0.265809 0
vt 0.409065008 0.892177999 0
vt 0.330276996 0.957863986 0
vt 0.218647003 0.914385974 0
vt 0.108586997 0.869710028 0
vt 0.495822996 0.989269018 0
vt 0.495822996 0 0
vt 0.663006008 0.985656977 0
vt 0.164933994 0.811613023 0
vt 0.443749011 1 0
vt 0.493349999 0.915898979 0
vt 1 0.0511019789 0
vt 1 0.132856995 0
vt 0.851930976 0.128680006 0
vt 0.757426977 0.977280974 0
vt 0.998027027 0.242725998 0
vt 0.851679981 0.925240993 0
vt 0.851930976 0.0425279699 0
vt 0.687745988 0.125159994 0
vt 0 0.170502007 0
vt 0.154231995 0 0
vt 0.814109981 0.0402689502 0
vt 0.193445995 0 0
vt 0.193445995 0.170502007 0
vt 0 0.265807986 0
vt 1 0.170502007 0
vt 1 0.265809 0
vt 0.193445995 0.341004014 0
vt 0 0.341004014 0
vt 1 0.341004014 0
vt 0.398950994 0.170502007 0
vt 0.398950994 0.341004014 0
vt 0.193445995 0.499641001 0
vt 0 0.499641001 0
vt 0.398950994 0.499641001 0
vt 0.193445995 0.658276975 0
vt 1 0.49999401 0
vt 1 0.658276975 0
vt 1 0.734183013 0
vt 0 0.829137981 0
vt 1 0.829137981 0
vt 0.928921998 1 0
vt 0.429098994 0.107115 0
vt 0.499897003 0.104207002 0
vt 0.528062999 0.103093997 0
vt 0.580720007 0.100143 0
vt 0.193445995 0.829137981 0
vt 0.193445995 1 0
vt 0.633544981 0.0911009908 0
vt 0.398950994 0.829137981 0
vt 0.398950994 1 0
vt 0.398950994 0.658276975 0
vt 0.610170007 0.658276975 0
vt 0.810617983 1 0
vt 0.810617983 0.658276975 0
vt 0.610170007 0.341004014 0
vt 0.610170007 1 0
vt 0.672794998 0.0712919831 0
vt 0.610170007 0 0
vt 0.691035986 0 0
vt 0.810617983 0.341004014 0
vt 0.508615017 0 0
vt 0.852218986 0 0
vt 0.810617983 0 0
vt 0.147257999 0.00297498703 0
vt 0.02315199 0.121081002 0
vt 0.147257999 0.121124998 0
vt 0.309848994 0.00905895233 0
vt 0.188843995 0.00422894908 0
vt 0.02315199 0.166666999 0
vt 0.560768008 0.946030974 0
vt 0.532405972 1 0
vt 0.266171008 0.924405992 0
vt 0.664462984 0.74871403 0
vt 0.00112694502 0 0
vt 0 0.339065999 0
vt 0.393222004 0.01339697 0
vt 0.498077989 0.0198019706 0
vt 0.309848994 0.121467002 0
vt 0.498077989 0.122634999 0
vt 0.609947979 0.0272169709 0
vt 0.398950994 0 0
vt 0.981880009 0.527418017 0
vt 0.934361994 0.777576983 0
vt 0.687745988 0.0323479697 0
vt 0.321671993 0 0
vt 0.500198007 1 0
vt 0.149540007 0.781278014 0
vt 0 0.00122398103 0
vt 0.99999702 0 0
vt 3.00000011e-06 0.999957025 0
vt 0.0157849696 0.831676006 0
vt 0 0.796764016 0
vt 0.0203740001 0.786550999 0
vt 0.963993013 0 0
vt 0.963993013 0.999970019 0
vt 0.184183002 0.758265018 0
vt 0.169407994 0.772403002 0
vt 0.927986026 0.999939978 0
vt 0.0972009823 0.659240007 0
vt 0.202948004 0.728974998 0
vt 0.927986026 0 0
vt 0.855970979 0.999879003 0
vt 0.768157005 0.551397979 0
vt 0.0355280004 0.770277977 0
vt 0.855970979 0 0
vt 0.0547779687 0.736558974 0
vt 0.0231499597 0.5 0
vt 0.0231489502 0.666666985 0
vt 0.0899959803 0.669546008 0
vt 0.125212997 0.602533996 0
vt 0.361782998 0.152377993 0
vt 0.385710001 0.106847003 0
vt 0.406387001 0.0608069785 0
vt 0.408984005 0.0363459513 0
vt 0.871851981 0.354081005 0
vt 0.718398988 0.0577489696 0
vt 0.975546002 0.156764999 0
vt 0.0231489502 0.833333015 0
vt 0 0.666666985 0
vt 0 0.833333015 0
vt 1 0.110233001 0
vt 0.832828999 0 0
vt 0.999168992 0 0
vt 0.998787999 1 0
vt 0.0770129487 0.999900997 0
vt 0.0770129487 0 0
vt 0.398660004 0.0142129604 0
vt 0.439769 0 0
vt 0.154026002 0 0
vt 0.154026002 0.99980098 0
vt 0.388801992 0.164810002 0
vt 0.545800984 0.141800895 0
vt 0.525547028 0.181962997 0
vt 0.28817299 0 0
vt 0.28817299 0.999628007 0
vt 0.548332989 0.120544001 0
vt 0.502309024 0.221365005 0
vt 0.478980005 0.260922998 0
vt 0.164453998 0.600000024 0
vt 0.291601986 0.329620004 0
vt 0.455650985 0.300482005 0
vt 0.164453998 0.800000012 0
vt 0.164453998 0.400000006 0
vt 0.356076002 0.800000012 0
vt 0.550096989 0.989434004 0
vt 0.164453998 0.200000003 0
vt 0.194400996 0.494430006 0
vt 0.305972993 0.554280996 0
vt 0.271634012 0.612509012 0
vt 0.237294003 0.670737028 0
vt 0.340312988 0.49605301 0
vt 0.427985996 0 0
vt 0.570648015 0 0
vt 0.427985996 0.999520004 0
vt 0.570648015 0.999638975 0
vt 0.285324007 0.99940002 0
vt 0.160429999 0.535520971 0
vt 0.285324007 0 0
vt 0.195647001 0.468508005 0
vt 0.142662004 0 0
vt 0.142662004 0.999279976 0
vt 0.230864003 0.401495993 0
vt 0.337857991 0.197905004 0
vt 0.408991992 0.379597992 0
vt 0.374651998 0.437826008 0
vt 0 0.999159992 0
vt 1 0.99870801 0
vt 0.857227981 0.998893023 0
vt 0.432321012 0.340039998 0
vt 0.857227981 0 0
vt 0.714456022 0.999077022 0
vt 0.266081005 0.334482998 0
vt 0.290006995 0.288957 0
vt 0.313932002 0.243431002 0
vt 0.714456022 0 0
vt 0.571685016 0 0
vt 0.571685016 0.999261975 0
vt 0.428912997 0 0
vt 0.428912997 0.999445975 0
vt 0.713310003 0 0
vt 0.713310003 0.999759018 0
vt 0.356065005 0.0174549799 0
vt 0.150673002 0.00815498829 0
vt 0.164453998 0.00881695654 0
vt 0.850709975 0 0
vt 1 0.169709995 0
vt 0.839865029 0 0
vt 0.850709975 0.169709995 0
vt 1 0.265805006 0
vt 0 0.169713005 0
vt 0 0.265809 0
vt 1 0.339419007 0
vt 0.728910029 0.169709995 0
vt 0.850709975 0.339419007 0
vt 0.728910029 0.339419007 0
vt 0.714730978 0 0
vt 0.728910029 0.500151992 0
vt 0.607192993 0.339419007 0
vt 0.58671999 0 0
vt 0.607192993 0 0
vt 0.463156015 0.339419007 0
vt 0.607192993 0.660884023 0
vt 0.726396024 1 0
vt 0.728910029 0.830442011 0
vt 0.728910029 0.660884023 0
vt 0.463156015 0.660884023 0
vt 0.607192993 1 0
vt 0.311457008 0.339419007 0
vt 0.311457008 0.660884023 0
vt 0.463156015 1 0
vt 0.311457008 1 0
vt 0.156425998 0.660884023 0
vt 0.156425998 0.339419007 0
vt 0.0643379614 0.175957993 0
vt 0.0676919818 0.161892995 0
vt 0.0722360015 0.148258999 0
vt 0.156425998 1 0
vt 0 0.660884023 0
vt 0.0613789484 0.190156907 0
vt 1 0.660066009 0
vt 0.950155973 0.660066009 0
vt 0.950155973 0.340344012 0
vt 0.900310993 0.340344012 0
vt 0.950155973 1 0
vt 0.900310993 0.660066009 0
vt 0.900310993 1 0
vt 0.898199975 1 0
vt 0.043947991 0.28106001 0
vt 0.0491780005 0.252225012 0
vt 0.0494169518 0.250945002 0
vt 0.0552459918 0.220604002 0
vt 0.900310993 0 0
vt 0 0.339419007 0
vt 0.950155973 0 0
vt 0.156425998 0 0
vt 0.215773001 0 0
vt 0.714248002 0.0424789712 0
vt 0.86026299 0.0596029684 0
vt 0.792464972 0.0511299893 0
vt 0.311457008 0 0
vt 0.900210977 0.0649949908 0
vt 0.411983013 0 0
vt 0.550096989 0.0278979503 0
vt 0.670926988 0.0381519683 0
vt 0.463156015 0 0
vt 0.0792889521 0.135786995 0
vt 0.728910029 1 0
vt 0.091009967 0.127104893 0
vt 0.524878979 0.0262059495 0
vt 0.728910029 0 0
vt 0.332145005 0.0163709503 0
vt 0 0.824051023 0
vt 2.49999994e-05 0.998794019 0
vt 0 9.19999948e-05 0
vt 0.999975026 0 0
vt 0.296676993 1 0
vt 0.221806005 1 0
vt 0.997879028 0.228174001 0
vt 0.249366 0 0
vt 0.854045987 0.0959289595 0
vt 0.276926011 0 0
vt 0.997191012 0.342215002 0
vt 0.997166991 0.37518701 0
vt 0.749826014 0.37518701 0
vt 0.997115016 0.427516997 0
vt 0.997143984 0.399275005 0
vt 0.41594699 1 0
vt 0.387980014 1 0
vt 0.387980014 0.657387972 0
vt 0.364288986 1 0
vt 0.387980014 0.34265101 0
vt 0.41594699 0.657387972 0
vt 0.41594699 0.34265101 0
vt 0.443913996 0.657387972 0
vt 0.425262988 1 0
vt 0.997102976 0.43691501 0
vt 0.443913996 1 0
vt 0.997071028 0.455765009 0
vt 0.472054988 1 0
vt 0.996996999 0.484196991 0
vt 0.472054988 0.657387972 0
vt 0.99694401 0.498643011 0
vt 0.486600012 1 0
vt 0.443913996 0.34265101 0
vt 0.472054988 0.34265101 0
vt 0.50019598 0.657387972 0
vt 0.50019598 1 0
vt 0.443913996 0 0
vt 0.41594699 0 0
vt 0.615924001 0.00684499694 0
vt 0.387980014 0 0
vt 0.360013008 1 0
vt 0.997169971 0.370820999 0
vt 0.0556369983 0 0
vt 0.998411 0.448500007 0
vt 0.999953985 0.499368995 0
vt 0.0278179608 0 0
vt 0.994135022 0.599557996 0
vt 0.711938977 0.973070025 0
vt 0 0.34265101 0
vt 1 0.342682987 0
vt 0.972123027 0.342682987 0
vt 0.998462975 0.549582005 0
vt 0.972123027 0 0
vt 0.944245994 0 0
vt 0.944245994 0.342682987 0
vt 0.916368008 0 0
vt 0.916368008 0.342682987 0
vt 0.944245994 0.657405019 0
vt 0.916368008 0.657405019 0
vt 0.93652302 1 0
vt 0.944245994 1 0
vt 0.999750972 0.936381996 0
vt 0.916368008 1 0
vt 0.999577999 0.916175008 0
vt 0.888490975 1 0
vt 0.888490975 0.657405019 0
vt 0.999273002 0.888162017 0
vt 0.87322998 1 0
vt 0.999082983 0.872763991 0
vt 0.749827027 0.872763991 0
vt 0.749827027 0.810275018 0
vt 0.499899 0.872763991 0
vt 0.998923004 0.860337973 0
vt 0.580428004 0.900690019 0
vt 0.633060992 0.909632981 0
vt 0.806352019 1 0
vt 0.806352019 0.829378009 0
vt 0.60264802 1 0
vt 0.527911007 0.897816002 0
vt 0.999998987 0.0743479729 0
vt 0.999988973 0.986497998 0
vt 0.837993979 0.992183983 0
vt 1 0.829378009 0
vt 0.527889013 0.897814989 0
vt 0.0703929588 1 0
vt 9.99999997e-07 0.735503018 0
vt 0.499899 0.896713972 0
vt 0.737403989 0.0565699898 0
vt 9.99999997e-07 0.734709024 0
vt 0.737403989 0.994989991 0
vt 0.736558974 0.0565039515 0
vt 0.491492987 0.0351589918 0
vt 0.656180978 0.996936023 0
vt 1.99999999e-06 0.499996006 0
vt 0.249904007 0.499996006 0
vt 0.249904007 0.734709024 0
vt 0.499808997 0.499996006 0
vt 0.499808997 0.734709024 0
vt 0.249904007 1 0
vt 0.749903977 0.265284002 0
vt 0.749903977 0.499996006 0
vt 0.499808997 0.265284002 0
vt 0.749903977 0 0
vt 0.499808997 0 0
vt 0.249904007 0.265284002 0
vt 0.891386986 0.869790971 0
vt 0.781278014 0.914445996 0
vt 0.589631021 0.890035987 0
vt 0.669583976 0.957894981 0
vt 0.249904007 0 0
vt 0.556050003 1 0
vt 3.00000011e-06 0.264490992 0
vt 0.505351007 0.913756013 0
vt 0.148084 0.128735006 0
vt 0 0.132905006 0
vt 0.00041399998 0.0490569398 0
vt 0.000498000009 0.049052 0
vt 0.163173005 0.997676015 0
vt 0 0.993855 0
vt 0.255010009 0.0148169901 0
vt 0.255010009 0.999122024 0
vt 0.84593302 0 0
vt 1 0.170534998 0
vt 0.806352019 0.170534998 0
vt 1 0.264494002 0
vt 0.806352019 0.34107101 0
vt 0.330900013 0.999805987 0
vt 0.255784988 0.0148749901 0
vt 3.00000011e-06 0.265284002 0
vt 1 0.49991399 0
vt 0.806352019 0.49991399 0
vt 0.60264802 0.170534998 0
vt 0.60264802 0.34107101 0
vt 0.60264802 0.49991399 0
vt 0.806352019 0.658756018 0
vt 0.390239 0.34107101 0
vt 0.60264802 0.658756018 0
vt 0.390239 1 0
vt 0.390239 0.658756018 0
vt 0.329266995 1 0
vt 0.672298014 0.929170012 0
vt 0.679050028 0.936381996 0
vt 0.189400002 1 0
vt 0.68760401 0.953885019 0
vt 0.309599012 0 0
vt 0.390239 0 0
vt 0.491710007 0 0
vt 0.690137982 0.00857394934 0
vt 0.690137982 0.121517003 0
vt 0.501910985 0.0186279994 0
vt 0.852734029 0.121169999 0
vt 0.606975973 0.0126670003 0
vt 0.811625004 0.00396299316 0
vt 0.189400002 0 0
vt 0 0.495822996 0
vt 0.977227986 0.757405996 0
vt 0.242549002 0.997987986 0
vt 0.925045013 0.851653993 0
vt 0.527107 0.981814027 0
vt 0.989269018 0.495822996 0
vt 0.979626 0.786550999 0
vt 0.984215021 0.831676006 0
vt 0.733829021 0.924405992 0
vt 0.467593998 1 0
vt 0.439269006 0.946102977 0
vt 0.335615009 0.748862028 0
vt 0.985656977 0.663006008 0
vt 0.999970019 0.963993013 0
vt 0 0.963993013 0
vt 1 0.796764016 0
vt 0 0.927986026 0
vt 0.999939978 0.927986026 0
vt 0.964471996 0.770277977 0
vt 0.231959894 0.55162102 0
vt 0.99999702 1 0
vt 0.849144995 0.779137015 0
vt 0.829279006 0.770263016 0
vt 0.814504027 0.756125987 0
vt 0 0.998776019 0
vt 0.902791977 0.659308016 0
vt 0.83375299 0.809472024 0
vt 1 0.824135005 0
vt 0.850264013 0.00794899371 0
vt 0.795740008 0.726836026 0
vt 0.761394978 0.668597996 0
vt 0.805584013 0.494480997 0
vt 0.835529983 0.200000003 0
vt 0 0.855970979 0
vt 0.999759018 0.713310003 0
vt 0.999879003 0.855970979 0
vt 0 0.713310003 0
vt 0.91000402 0.669546008 0
vt 0.94522202 0.736558974 0
vt 0 0.570648015 0
vt 0.999638975 0.570648015 0
vt 0.874786973 0.602533996 0
vt 0.72705698 0.610372007 0
vt 0.692718983 0.552145004 0
vt 0.999520004 0.427985996 0
vt 0.658380985 0.493918002 0
vt 0 0.427985996 0
vt 0.99940002 0.285324007 0
vt 0 0.285324007 0
vt 0.624042988 0.435690999 0
vt 0.999279976 0.142662004 0
vt 0.638216972 0.152377993 0
vt 0.662141979 0.197905004 0
vt 0.804352999 0.468508005 0
vt 0.839569986 0.535520971 0
vt 0.769136012 0.401495993 0
vt 0 0.142662004 0
vt 0.999159992 0 0
vt 0.709993005 0.288957 0
vt 0.733919024 0.334482998 0
vt 0.686067998 0.243431002 0
vt 0.998893023 0.857227981 0
vt 0.99870801 1 0
vt 0.58970499 0.377463996 0
vt 0.566376984 0.337906986 0
vt 0 0.857227981 0
vt 0.999077022 0.714456022 0
vt 0 0.714456022 0
vt 0 0.571685016 0
vt 0.999261975 0.571685016 0
vt 0 0.428912997 0
vt 0.999445975 0.428912997 0
vt 0 0.28817299 0
vt 0.999628007 0.28817299 0
vt 0.614289999 0.106847003 0
vt 0 0.154026002 0
vt 0.593613029 0.0608069785 0
vt 0.835529983 0.00867199805 0
vt 0.148680001 0.169158906 0
vt 0.148680001 0 0
vt 0.160857007 0 0
vt 0 0.169158906 0
vt 0 0.265285999 0
vt 1 0.265284002 0
vt 1 0.169158906 0
vt 0 0.499181986 0
vt 1 0.499181986 0
vt 1 0.499996006 0
vt 0 0.660045028 0
vt 0 0.734708011 0
vt 0.749903977 0.734709024 0
vt 1 0.734709024 0
vt 1 0.830022991 0
vt 0.70213598 1 0
vt 0.749903977 1 0
vt 0.329932988 0.889504015 0
vt 0.249994904 0.885775983 0
vt 0.231132999 0.884865999 0
vt 0.499808997 1 0
vt 0.428817004 0.893814027 0
vt 0 0.830022991 0
vt 0.148680001 1 0
vt 0.312258989 0.125217006 0
vt 0.148084 0.0405769907 0
vt 0.186223999 0.0383579694 0
vt 0.312258989 0.0306039993 0
vt 0.501910985 0.122683004 0
vt 0.777220011 0.934316993 0
vt 0.806352019 0 0
vt 0.678070009 0 0
vt 0.60264802 0 0
vt 0.388336003 0.0257299505 0
vt 1 0.735505998 0
vt 0.491492987 0.999530971 0
vt 0.86093998 1 0
vt 0.833388984 1 0
vt 0.833388984 0.657405019 0
vt 0.86093998 0.657405019 0
vt 0.998537004 0.832396984 0
vt 0.811724007 1 0
vt 0.998215973 0.810275018 0
vt 0.99813199 0.804243028 0
vt 0.805837989 1 0
vt 0.805837989 0.657405019 0
vt 0.77828598 0.342682987 0
vt 0.805837989 0.342682987 0
vt 0.77828598 0.657405019 0
vt 0.750738025 0.342682987 0
vt 0.750738025 0.657405019 0
vt 0.77828598 1 0
vt 0.750738025 1 0
vt 0.997798026 0.776009977 0
vt 0.997539997 0.747839987 0
vt 0.750684977 1 0
vt 0.997539997 0.747784972 0
vt 0.72319001 0.657405019 0
vt 0.72319001 1 0
vt 0.749827027 0.747784972 0
vt 0.997376978 0.719720006 0
vt 0.695640981 1 0
vt 0.997300982 0.691793025 0
vt 0.695640981 0.657405019 0
vt 0.690250993 1 0
vt 0.997290015 0.686356008 0
vt 0.749827027 0.686356008 0
vt 0.695640981 0.342682987 0
vt 0.668093026 0.657405019 0
vt 0.72319001 0.342682987 0
vt 0.750738025 0 0
vt 0.72319001 0 0
vt 0.864639997 0.900358021 0
vt 0.829451025 0.926118016 0
vt 0.791827977 0.946254015 0
vt 0.695640981 0 0
vt 0.668093026 0.342682987 0
vt 0.668093026 0 0
vt 0.75266701 0.961506009 0
vt 0.640092015 0.342682987 0
vt 0.640092015 0 0
vt 0.640092015 0.657405019 0
vt 0.612091005 0.342682987 0
vt 0.612091005 0.657405019 0
vt 0.628929019 1 0
vt 0.640092015 1 0
vt 0.612091005 1 0
vt 0.99722898 0.624926984 0
vt 0.997233987 0.636061013 0
vt 0.749827027 0.624926984 0
vt 0.997183979 0.580379009 0
vt 0.997217 0.608161986 0
vt 0.997153997 0.563244998 0
vt 0.584089994 1 0
vt 0.584089994 0.657405019 0
vt 0.566762984 1 0
vt 0.584089994 0.342682987 0
vt 0.584089994 0 0
vt 0.612091005 0 0
vt 0.670708001 0.981589973 0
vt 0.629181981 0.987820983 0
vt 0.556088984 0 0
vt 0.587504029 0.992368996 0
vt 0.527933002 0 0
vt 0.997256994 0.664074004 0
vt 0.668093026 1 0
vt 0.96311301 0.744623005 0
vt 0.923224986 0.831220984 0
vt 0.896184981 0.868628025 0
vt 0.77828598 0 0
vt 0.986963987 0.649055004 0
vt 0.976688981 0.697736025 0
vt 0.86093998 0 0
vt 0.888490975 0 0
vt 0.888490975 0.342682987 0
vt 0.86093998 0.342682987 0
vt 0.833388984 0 0
vt 0.945508003 0.789457023 0
vt 0.833388984 0.342682987 0
vt 0.805837989 0 0
vt 0.499899 0.747784972 0
vt 0.68481499 0 0
vt 0.00182795501 0.242651001 0
vt 0.498077989 0.872470021 0
vt 0.676661015 0.977968991 0
vt 0.493741006 0.985805988 0
vt 0.493514001 0 0
vt 0.497703999 0 0
vt 0.670855999 0 0
vt 0.687745988 0.977536976 0
vt 0.68176502 0 0
vt 0.840031981 0 0
vt 0.844714999 0.972164989 0
vt 0.687745988 0.872366011 0
vt 0.235131994 0.976904988 0
vt 0.142462999 0.92465502 0
vt 0.0171569493 0.527191997 0
vt 0.0625270009 0.777216017 0
vt 0.0194749795 0.312987 0
vt 0.833338022 0.34265101 0
vt 0.833338022 0.657387972 0
vt 0.860924006 1 0
vt 0.833338022 0 0
vt 0.805751979 0.34265101 0
vt 0.805751979 0 0
vt 0.0482509695 0.218373999 0
vt 0.805751979 0.657387972 0
vt 0.778165996 0.34265101 0
vt 0.778165996 0 0
vt 0.0947849676 0.134764999 0
vt 0.125039905 0.100263998 0
vt 0.750660002 0 0
vt 0.723155022 0 0
vt 0.723155022 0.34265101 0
vt 0.750660002 0.34265101 0
vt 0.723155022 0.657387972 0
vt 0.750660002 0.657387972 0
vt 0.695649028 1 0
vt 0.738907993 1 0
vt 0.723155022 1 0
vt 0.99553901 0.70449698 0
vt 0.995366991 0.732142985 0
vt 0.749826014 0.748044014 0
vt 0.995296001 0.748044014 0
vt 0.99526 0.75990802 0
vt 0.995220006 0.787642002 0
vt 0.778165996 1 0
vt 0.750660002 1 0
vt 0.801344991 1 0
vt 0.778165996 0.657387972 0
vt 0.995225012 0.811040998 0
vt 0.995230019 0.815491974 0
vt 0.805751979 1 0
vt 0.995276988 0.843240976 0
vt 0.833338022 1 0
vt 0.995347977 0.870795012 0
vt 0.377427995 0.893435001 0
vt 0.499897003 0.898810029 0
vt 0.481092989 0.897993028 0
vt 0.273820996 0.888493001 0
vt 0.249928996 1 0
vt 0 0.829171002 0
vt 0.249928996 0.73517698 0
vt 0.499857992 0.73517698 0
vt 0.499857992 1 0
vt 0.557343006 1 0
vt 0.249994904 0.887301028 0
vt 0.749929011 0.73517698 0
vt 0.749929011 1 0
vt 1 0.73517698 0
vt 1 0.829011023 0
vt 1 0.658021986 0
vt 0 0.73517698 0
vt 0.152406007 0.658023 0
vt 0 0.499852985 0
vt 1 0.499980986 0
vt 0 0.829011023 0
vt 1 0.829171002 0
vt 0.936145008 1 0
vt 0.153898999 0.998735011 0
vt 0.521736026 0.990674019 0
vt 0.385713011 0 0
vt 0.527602017 0 0
vt 0.670018971 0.982306004 0
vt 0.581393003 0 0
vt 0.0989890024 1 0
vt 0.009330987 0.553062975 0
vt 0.00498098088 0.615272999 0
vt 0.00700497581 0.584019005 0
vt 0.398407012 1 0
vt 0.34830001 1 0
vt 0.398407012 0.660066009 0
vt 0.34830001 0.660066009 0
vt 0.298193008 1 0
vt 0.34830001 0.340344012 0
vt 0.298193008 0 0
vt 0.34830001 0 0
vt 0.398407012 0.340344012 0
vt 0.398407012 0 0
vt 0.448805988 0.340344012 0
vt 0.448805988 0.660066009 0
vt 0.448805988 1 0
vt 0.487470001 1 0
vt 0.499204993 0.660066009 0
vt 0.549605012 0.340344012 0
vt 0.549605012 0.660066009 0
vt 0.549605012 1 0
vt 0.499204993 1 0
vt 0.499204993 0.340344012 0
vt 0.499204993 0 0
vt 0.549605012 0 0
vt 0.448805988 0 0
vt 0.557416022 0.00806194544 0
vt 0.612345994 0.0260829907 0
vt 0.0182359796 0.46124801 0
vt 0.0149609996 0.491540998 0
vt 0.0142409801 0.498643011 0
vt 0.01198697 0.522167981 0
vt 0.666643023 0.0608530007 0
vt 0.700312972 1 0
vt 0.528337002 1 0
vt 0.55003798 1 0
vt 0.556478024 1 0
vt 0.996397972 0.594231009 0
vt 0.996577978 0.566859007 0
vt 0.584394991 1 0
vt 0.612311006 1 0
vt 0.996199012 0.621694028 0
vt 0.613086998 1 0
vt 0.503494978 0.997994006 0
vt 0.499776989 0 0
vt 0.0835219622 0 0
vt 0.0296179596 0.712053001 0
vt 0.0177359506 0.663969994 0
vt 0.111363001 0 0
vt 0.0447349511 0.758400023 0
vt 0.249994904 0.125994995 0
vt 0.377173007 0.106895 0
vt 0.00182294799 0.192205995 0
vt 0.0340679809 0.125994995 0
vt 0.169715002 0.117178999 0
vt 0.00646299077 0.150284007 0
vt 0.249994904 0.113015004 0
vt 0.273461998 0.111841001 0
vt 0.443585992 1 0
vt 0.250072002 1 0
vt 0.500144005 1 0
vt 0.750072002 1 0
vt 1 0.659723997 0
vt 0.950523019 1 0
vt 0.160348997 1 0
vt 0.00067899999 0.224681005 0
vt 0.00255995896 0.178004995 0
vt 0.160348997 0.65802598 0
vt 0.00382697489 0.163948998 0
vt 0.319027007 1 0
vt 0.160348997 0.341827989 0
vt 0.319027007 0.65802598 0
vt 0.160348997 0 0
vt 0.101057999 0.960411012 0
vt 0.473410994 1 0
vt 0.473410994 0.65802598 0
vt 0.614574015 0.499927014 0
vt 0.614574015 0.65802598 0
vt 0.614574015 0.82901299 0
vt 0.730705976 0.499927014 0
vt 0.730705976 0.65802598 0
vt 0.730705976 0.82901299 0
vt 0.848197997 0.65802598 0
vt 0.848197997 0.82901299 0
vt 0.730705976 1 0
vt 0.806113005 1 0
vt 0.0122239497 0.138007894 0
vt 0.0230090003 0.129385993 0
vt 0.614574015 1 0
vt 1 0.82901299 0
vt 1 0.65802598 0
vt 1 0.734862983 0
vt 0 0.734863997 0
vt 0.848197997 1 0
vt 0.0408579707 0.124917001 0
vt 0.0659529492 0.122896999 0
vt 0.000174999994 0.252016008 0
vt 1 0.829222023 0
vt 0.480942994 0.102332003 0
vt 9.99999997e-07 1 0
vt 1 0.499983013 0
vt 0 0.500159979 0
vt 1 0.734863997 0
vt 1 0.265112013 0
vt 0 0.265109986 0
vt 1 0.170937002 0
vt 0.750072002 0 0
vt 0.559285998 0.993911982 0
vt 0.504269004 0.994437993 0
vt 0.668622971 0.948292017 0
vt 0.61422199 0.978693008 0
vt 0.551407993 0 0
vt 0.601810992 0 0
vt 0.551407993 0.339962989 0
vt 0.501003981 0.339962989 0
vt 0.501003981 0 0
vt 0.450599998 0.339962989 0
vt 0.501003981 0.659723997 0
vt 0.450599998 0.659723997 0
vt 0.400195986 0.659723997 0
vt 0.400195986 1 0
vt 0.450599998 1 0
vt 0.0179809891 0.539780021 0
vt 0.0145519897 0.509401023 0
vt 0.501003981 1 0
vt 0.513939977 1 0
vt 0.01373797 0.501564026 0
vt 0.551407993 0.659723997 0
vt 0.601810992 0.339962989 0
vt 0.400195986 0.339962989 0
vt 0.349931002 1 0
vt 0.349931002 0.339962989 0
vt 0.349931002 0.659723997 0
vt 0.400195986 0 0
vt 0.349931002 0 0
vt 0.394432008 0.952979028 0
vt 0.340075999 0.91099 0
vt 0.299665987 0 0
vt 0.449267 0.980783999 0
vt 0.450599998 0 0
vt 0.308228999 1 0
vt 0.299665987 0.659723997 0
vt 0.299665987 0.339962989 0
vt 0.299665987 1 0
vt 0.65188098 0 0
vt 0.701951981 0 0
vt 0.000129999986 0.257142991 0
vt 0.000228999997 0.289397001 0
vt 0.443466008 1 0
vt 0.471621007 1 0
vt 0.996621013 0.443122 0
vt 0.996787012 0.470156014 0
vt 0.996927977 0.497110993 0

# 5426 vertex normals
vn 0.383902699 0.46110031 -0.800003469
vn 0.477588892 0.368691027 -0.79748106
vn 0.272493094 -0.0338191539 -0.96156323
vn 0.570780694 0.688709855 -0.44708848
vn 0.473285586 0.753570974 -0.45621419
vn 0.513484418 0.733448744 -0.445406467
vn 0.310114592 0.494601816 -0.811910152
vn 0.307998806 0.489710629 -0.815671742
vn 0.171696693 0.0888809264 -0.981132329
vn 0.171893105 0.088888377 -0.981097221
vn 0.136111602 0.0128748808 -0.990610003
vn 0.0477986895 0.0755932108 -0.995992601
vn -0.00609689904 -0.00979657471 -0.999933481
vn 0.297109306 -0.129008651 -0.946088314
vn 0.0807027221 -0.110405035 -0.990604818
vn 0.274010986 -0.0355993621 -0.961067498
vn 0.543091714 -0.339691371 -0.767894149
vn 0.53132093 -0.385604173 -0.754325986
vn 0.254697591 -0.304985553 -0.91766727
vn 0.509370327 -0.416908085 -0.752814353
vn 0.520186484 -0.278690368 -0.807302773
vn 0.525310695 -0.28340739 -0.802327335
vn 0.708351612 0.172193497 -0.684534609
vn 0.709689975 0.587978184 -0.388100415
vn 0.915789306 0.0145817949 -0.401394188
vn 0.904902875 0.0022116995 -0.425612509
vn 0.833501399 0.503140569 -0.228309408
vn 0.532209277 0.846612811 -0.000108559063
vn 0.532095015 0.846684575 -1.16963724e-06
vn 0.836047292 0.497372627 -0.231614932
vn 0.86929518 0.476284534 -0.132207423
vn 0.973218977 -0.0222014319 -0.228805304
vn 0.993422806 -0.0341136828 -0.10930521
vn 0.535182774 0.844735622 -0.00110207137
vn 0.880797982 0.469268501 -0.0631034747
vn 0.532001674 0.846743405 -9.81426492e-05
vn 0.5321998 0.846618772 0.000119309931
vn 0.532229483 0.846600175 -0.000100898069
vn 0.532096088 0.846683979 -9.41957478e-05
vn 0.532196879 0.846620619 -7.96130698e-05
vn 0.532204807 0.846615791 -0.000102963073
vn 0.532206297 0.846614778 -0.000117826072
vn 0.532207429 0.846614122 -9.78138705e-05
vn 0.532203019 0.846616924 -9.89920663e-05
vn 0.438388199 0.780781746 0.44519183
vn 0.532213211 0.846610487 -0.000103656072
vn 0.531706929 0.846928477 -9.86567175e-05
vn 0.532290518 0.84656167 -0.000311192067
vn 0.478711307 0.751562238 0.453860909
vn 0.373183906 0.813019216 0.446915925
vn 0.249212295 0.546097755 0.799794078
vn 0.473786503 0.753086865 0.456493825
vn 0.125088707 0.590435207 0.797332525
vn 0.222287193 0.894459069 0.387984157
vn 0.532201827 0.846617579 -9.05510678e-05
vn 0.532108307 0.84667629 -4.08726635e-08
vn 0.532402694 0.846491218 -0.000197530084
vn 0.09318351 0.968430758 0.231211364
vn 0.0522994287 0.990106881 0.130203769
vn 0.0871068165 0.968375742 0.233796865
vn -0.44230321 0.868001461 0.225701839
vn -0.373308092 0.834874511 0.404506654
vn -0.151593298 0.712989092 0.684591949
vn -0.374628007 0.834124446 0.404833853
vn -0.476205111 0.348029166 0.807529867
vn -0.482799709 0.350588769 0.802491188
vn -0.818184972 0.512501419 0.260606498
vn -0.748241723 0.470217317 0.468006492
vn -0.757393479 0.461129814 0.46229279
vn -0.840066373 0.52755481 0.126390293
vn -0.851985216 0.507579625 0.128391296
vn -0.761203706 0.455397308 0.461716771
vn -0.541422307 0.342303574 0.767912865
vn -0.695412099 0.413508713 0.587718189
vn -0.618887007 -0.707989037 -0.340191811
vn -0.586511075 -0.746682644 -0.313799024
vn -0.619889021 -0.704871535 -0.34480983
vn -0.465627998 -0.881154299 0.0822061598
vn -0.465664297 -0.881131172 0.0822469294
vn -0.466591388 -0.880719006 0.0814042389
vn -0.570481002 0.322891295 0.755177379
vn -0.76589489 0.447900712 0.461291671
vn -0.479904413 -0.874417424 0.0713160411
vn -0.4809964 -0.874096572 0.0678068697
vn -0.818514407 0.475482434 0.322413892
vn -0.470333904 -0.878727078 0.081392318
vn 0.311789602 -0.103703655 0.944474876
vn 0.304808587 -0.120993659 0.944697022
vn 0.278505802 -0.162395149 0.946605802
vn -0.791874707 0.458305031 0.403597504
vn -0.819898009 0.473310649 0.322093993
vn -0.874593377 0.357702553 0.327315658
vn 0 -1.62920998e-07 1
vn -0.486954004 -0.86875838 0.0901928917
vn -0.48684299 -0.868755877 0.0908136666
vn 0.3539958 -0.0251930021 0.934907675
vn 0.304309398 -0.115016557 0.945604205
vn 0.261383712 -0.186505646 0.947045028
vn 0.264182687 -0.198108554 0.943907022
vn 0.306983411 -0.117796555 0.944396675
vn -0.410948604 -0.906212628 0.0994987115
vn -0.407096297 -0.90764761 0.10221725
vn -0.400992602 -0.909879804 0.10641285
vn 0.278904915 -0.161785543 0.946592629
vn 0.162914902 -0.357281446 0.919678628
vn 0.233973205 -0.240710542 0.941974044
vn 0.29552719 -0.129973143 0.946451604
vn -0.700949609 -0.694175303 0.163677886
vn -0.680672228 -0.722643018 0.120301783
vn -0.663723111 -0.742512822 0.0902571604
vn -0.449405015 -0.891187787 0.0618009232
vn -0.447297007 -0.892106295 0.063810192
vn -0.447354406 -0.892087877 0.0636669621
vn 0.275289208 -0.168009549 0.94656682
vn 0.279585689 -0.160485148 0.946613073
vn 0.273418099 -0.171208948 0.946536005
vn -0.466339797 -0.883393705 0.0462916158
vn -0.467482895 -0.882789373 0.0462916158
vn 0.330621094 -0.0916016474 0.93930757
vn 0.234384507 -0.233948156 0.943574131
vn 0.221732199 -0.256438941 0.94078362
vn 0.248582304 -0.212591946 0.944992959
vn 0.263251513 -0.187559754 0.946319222
vn -0.513630271 -0.857759476 0.0207945406
vn -0.513582408 -0.857804716 0.0201105811
vn -0.513715625 -0.857762992 0.0184131004
vn 0.274393708 -0.168606654 0.946720719
vn 0.279421389 -0.160625756 0.946637928
vn 0.284613311 -0.152091444 0.946500719
vn -0.497130305 -0.864253104 0.076993078
vn -0.497287512 -0.864217222 0.0763793886
vn -0.497478098 -0.864157021 0.0758170784
vn 0.29818061 -0.128098652 0.94587481
vn 0.296620011 -0.130994454 0.945968807
vn 0.296538204 -0.130995944 0.945994318
vn -0.467309207 -0.877705574 0.106089659
vn -0.467315108 -0.877701521 0.10609746
vn -0.467209488 -0.877707303 0.106513962
vn 0.242659599 -0.223156944 0.944095969
vn 0.26007539 -0.194575742 0.945780754
vn 0.276006788 -0.167827755 0.946389973
vn -0.517415524 -0.854393721 0.047880441
vn -0.51741159 -0.854498029 0.0460271016
vn -0.517489195 -0.854547322 0.0442018323
vn 0.2524077 -0.205746144 0.945493937
vn 0.270475298 -0.175466552 0.946601689
vn 0.287893206 -0.145207256 0.946589887
vn -0.513561904 -0.855232775 0.0695061982
vn -0.513279021 -0.855524004 0.067996949
vn -0.513054013 -0.855768204 0.0666074455
vn 0.309502095 -0.107921757 0.94475472
vn 0.268766403 -0.178155944 0.946586072
vn 0.224491 -0.250220448 0.941803455
vn -0.418864012 -0.907752991 0.0231854022
vn -0.413480401 -0.910147727 0.0257935803
vn -0.407386899 -0.912797809 0.0289174616
vn 0.251330912 -0.208893552 0.945090532
vn 0.270180792 -0.177966356 0.946219027
vn 0.288024694 -0.147729948 0.946159482
vn -0.51466912 -0.854750574 0.0672110096
vn -0.514685929 -0.854873776 0.0654924288
vn -0.514690518 -0.854991019 0.063906759
vn 0.280804604 -0.169197351 0.9447335
vn 0.308966488 -0.118502557 0.943661511
vn 0.333807886 -0.0717268288 0.939908326
vn -0.57071197 -0.806523621 0.154296771
vn -0.565933824 -0.81244117 0.140207559
vn -0.561606884 -0.817304313 0.128885567
vn 0.310543597 -0.101970054 0.945074022
vn 0.299056202 -0.120805457 0.94655782
vn 0.286369205 -0.141497448 0.947613418
vn -0.475905389 -0.873235583 0.104755759
vn -0.476035297 -0.87320292 0.104437061
vn -0.476001114 -0.873159289 0.104956262
vn 0.236694396 -0.237050846 0.942222118
vn 0.220487207 -0.264974654 0.938708544
vn 0.203634307 -0.293293864 0.934083343
vn -0.463821799 -0.884250402 -0.0545035861
vn -0.464912087 -0.883611679 -0.0555624552
vn -0.465434909 -0.883372784 -0.0549804755
vn 0.200028002 -0.286988139 0.936817348
vn 0.246321693 -0.210311249 0.946094453
vn 0.289788097 -0.133228049 0.947772801
vn -0.49518159 -0.867590725 0.0456229188
vn -0.494882911 -0.867757022 0.0457033888
vn -0.493909508 -0.868193984 0.0478807986
vn -0.73480612 -0.673172414 0.0830602646
vn -0.699978113 -0.710876226 0.0684527084
vn -0.671933591 -0.738128722 0.0605918691
vn 0.00714772893 -0.494037539 0.869411111
vn 0.208196193 -0.244847342 0.946944654
vn 0.371168613 0.0117923887 0.928490698
vn 0.353590697 0.00100650964 0.935399711
vn 0.309895307 -0.0790158883 0.947481573
vn 0.150355607 -0.372751951 0.915668726
vn -0.257323891 -0.966225028 -0.0139159271
vn -0.173894599 -0.984764278 -0.000200243419
vn -0.125194401 -0.992122889 0.00430764444
vn 0 0 0
vn 0.793361127 -0.109195895 0.598877728
vn 0 1.62920998e-07 -1
vn -0.890182793 0.43349418 0.140204877
vn -0.896639585 0.336627126 0.287610263
vn -0.874734879 0.35680154 0.327920169
vn -0.888293087 0.334708035 0.314493269
vn 0.0678085014 -0.587067842 0.806692958
vn -0.881195188 0.343801945 0.324492574
vn -0.893979728 0.331879944 0.301091373
vn -0.149766296 -0.858487368 0.490479052
vn -0.150398701 -0.85892117 0.489524841
vn -0.325709403 -0.942687213 0.0724867135
vn -0.883562028 0.232899636 0.406295419
vn -0.880928874 0.345313549 0.323609263
vn -0.887978792 0.336381346 0.313593954
vn -0.893703222 0.33369723 0.299901456
vn 0.067210488 -0.588020742 0.806048572
vn -0.325291514 -0.942762017 0.0733847842
vn -0.89656502 0.337782145 0.286486149
vn -0.432616502 -0.804314315 -0.407334417
vn -0.939329505 0.234108254 0.250706434
vn -0.889712572 0.434199959 0.141003475
vn -0.445307612 -0.76431483 -0.466394722
vn -0.44541499 -0.764723718 -0.465621024
vn -0.434297204 -0.801185966 -0.411688119
vn -0.445097297 -0.762598455 -0.469395518
vn -0.444685608 -0.76036334 -0.473394722
vn -0.88706708 0.446070284 0.118883774
vn -0.927606821 0.353385568 0.12109606
vn -0.932869971 0.325104564 0.155114859
vn -0.902813673 0.429908395 0.0103053497
vn -0.871709406 0.489919513 0.0100957304
vn -0.423317105 -0.73858583 -0.524684191
vn -0.420613199 -0.736114264 -0.530302346
vn -0.871443212 0.490381807 0.0106082698
vn -0.889073074 0.438592583 0.131094381
vn -0.870488226 0.492189497 1.48844883e-05
vn -0.491755992 -0.870732725 0.000818582077
vn -0.491733193 -0.870746017 0.000397538126
vn -0.429713994 -0.753021955 0.49830097
vn -0.871483028 0.490311205 -0.0106025096
vn -0.444591403 -0.760303974 0.473578691
vn -0.428357989 -0.749647737 0.504517376
vn -0.445100307 -0.762413979 0.469692081
vn -0.851985991 0.507578313 -0.128390908
vn -0.889065504 0.43857792 -0.131194428
vn -0.761279404 0.455278099 -0.461709529
vn -0.818514526 0.475418866 -0.322507411
vn -0.757476211 0.46100229 -0.462284297
vn -0.817350686 0.511891484 -0.264395416
vn -0.839915812 0.52771771 -0.126710713
vn -0.8901878 0.433489829 -0.140186831
vn -0.461289704 0.8804546 -0.109597355
vn -0.44182381 0.867353857 -0.229105264
vn -0.836067975 0.536356211 -0.11537911
vn -0.846420228 0.532515824 -9.04918415e-05
vn -0.467103988 0.884202302 -0.000399254932
vn 0.0376927815 0.999289393 -0.000299758161
vn -0.461288393 0.880504727 0.109198838
vn -0.833213508 0.538610578 0.125116095
vn 0.0411847197 0.997169793 0.0628996342
vn 0.0411853716 0.997144103 -0.063305147
vn 0.532073617 0.846698105 -0.00010883405
vn 0.532397628 0.846494377 -9.91829875e-05
vn 0.532295227 0.846558809 -9.30948809e-05
vn 0.529313505 0.848425925 -0.0010025308
vn 0.532282412 0.846566916 0.000101912919
vn 0.0524072014 0.989823818 -0.132296532
vn 0.0827328488 0.967858434 -0.237498239
vn -0.382493705 0.830707431 -0.404504359
vn 0.0935137793 0.965813041 -0.241785839
vn -0.391058803 0.826111555 -0.405725151
vn -0.748700917 0.47039929 -0.467088312
vn -0.157001093 0.709103823 -0.687402785
vn 0.121473402 0.58609879 -0.801082075
vn -0.476393908 0.348310918 -0.807297051
vn 0.219608694 0.894022167 -0.390507847
vn -0.483199507 0.350720018 -0.802193165
vn -0.541395903 0.342194706 -0.767980158
vn -0.150895804 0.231489658 -0.961063445
vn -0.244906098 0.211809248 -0.946127713
vn -0.148378402 0.230811968 -0.961618364
vn -0.596325278 0.27819711 -0.75299567
vn -0.577776313 0.311584711 -0.754380345
vn -0.384995192 0.0972880423 -0.917776585
vn -0.0473004505 0.128301263 -0.990606725
vn -0.134202704 0.0250029918 -0.990638494
vn -0.782329202 0.420278788 -0.459703237
vn -0.803512573 0.378323376 -0.459607542
vn -0.777999818 0.432706952 -0.455500931
vn -0.782112718 0.431432545 -0.449628651
vn -0.775195897 0.433090776 -0.459895432
vn -0.570663691 0.322778821 -0.755087256
vn 0.453710914 0.888251483 0.0718041807
vn 0.550780118 0.818638921 -0.162701562
vn 0.608500779 0.704423845 -0.365395486
vn -0.781159699 0.435582668 -0.447277755
vn 0.56311661 0.802820444 -0.195905864
vn -0.790685773 0.457610667 -0.406704307
vn -0.787000775 0.436799854 -0.435701251
vn 0.455407202 0.88762778 0.0687119514
vn 0.219411597 0.857000232 0.466271758
vn 0.206397593 0.850676715 0.483476043
vn -0.061689429 0.631576777 0.772855341
vn -0.0718918964 0.620680392 0.780760944
vn -0.800998807 0.431080848 -0.415415943
vn -0.795959413 0.435786545 -0.420165241
vn -0.788310409 0.437421352 -0.432700127
vn -0.779869616 0.434795648 -0.45028463
vn -0.365895391 0.196578354 0.909657955
vn -0.3884992 0.156811953 0.908007979
vn -0.401686609 0.114613548 0.908576787
vn -0.812187195 0.356396496 -0.461880445
vn -0.867638707 0.269627064 -0.417737573
vn -0.36570859 0.197107658 0.909618556
vn -0.798732519 0.430632472 -0.420216948
vn -0.865705788 0.269214362 -0.421991885
vn -0.882387221 0.232482165 -0.409078181
vn -0.217787594 0.436921865 0.872735739
vn -0.796773612 0.433484346 -0.421002835
vn -0.904006124 -0.231997937 -0.35909614
vn -0.911913812 0.026465537 -0.4095276
vn -0.933454573 0.150708154 -0.32549876
vn -0.864265919 0.232300475 -0.446185082
vn -0.892593622 0.0680840164 -0.445691913
vn -0.895115316 0.0699908808 -0.440306693
vn -0.866780996 0.240280971 -0.436984867
vn -0.875089228 0.357796162 -0.325884551
vn -0.881381929 0.345286161 -0.322402835
vn -0.939390182 0.233980745 -0.250597477
vn -0.896401882 0.338201553 -0.286502033
vn -0.893739104 0.333798558 -0.299681544
vn -0.899221599 0.0670849085 -0.432319492
vn -0.904473007 0.0577935576 -0.422597408
vn -0.909267187 0.0430961885 -0.413975686
vn -0.888288319 0.336398751 -0.312697649
vn -0.910923302 0.0348786786 -0.411098987
vn -0.868221521 0.248217881 -0.429627061
vn -0.932791471 0.163896158 -0.320995361
vn -0.933475912 0.17310515 -0.314097881
vn -0.867894471 0.25879997 -0.424007058
vn 0.325670987 0.840569735 -0.432875246
vn 0.307780415 0.851171434 -0.425180346
vn 0.309316307 0.847060442 -0.432217449
vn -0.889728606 0.434198231 -0.14090842
vn -0.932900906 0.325110316 -0.154916435
vn 0.35710451 0.812208533 -0.461295784
vn 0.357304811 0.817289352 -0.452074468
vn -0.98511833 0.136078119 -0.104997978
vn -0.933718383 0.323194116 -0.153998747
vn -0.931885004 0.179397941 -0.315288574
vn -0.931608975 0.158896059 -0.326889783
vn -0.933112681 0.146493763 -0.328390479
vn -0.931203783 0.170803264 -0.322002679
vn 0.356306702 0.615003228 -0.703431964
vn -0.985571325 -0.0943975151 -0.14049302
vn -0.993694127 -0.0458988361 -0.10230121
vn -0.997395515 0.0713127777 -0.0108081484
vn -0.99698633 0.0775791407 9.71644404e-05
vn -0.903130114 0.4292337 -0.0107045006
vn -0.92468369 0.366375118 -0.103583038
vn -0.985090673 0.136202186 0.105097525
vn 0.369805813 0.799216688 -0.473810792
vn 0.370604306 0.766600788 -0.52438128
vn 0.366507202 0.80801034 -0.46129337
vn 0.370374203 0.766164184 -0.525181592
vn -0.927564502 0.353463739 -0.121192239
vn -0.887040019 0.446118236 -0.118905827
vn -0.902809501 0.429910094 -0.0106045399
vn -0.871719778 0.489892095 -0.0105053503
vn 0.431988001 0.901879191 -0.000593595032
vn -0.901587129 0.432597786 -0.000200159528
vn 0.376892 0.780487835 0.498789728
vn 0.43170771 0.902013481 -0.000496803026
vn 0.3770006 0.780697525 0.49837932
vn -0.903137505 0.429218501 0.0106933797
vn -0.902020693 0.431692898 -8.57731152e-07
vn 0.369825304 0.799326718 0.473609805
vn -0.924659729 0.366400778 0.103706762
vn 0.366599292 0.808090568 0.461079925
vn 0.357108891 0.812320054 0.46109581
vn -0.933695912 0.323209167 0.154103562
vn 0.357295811 0.817399859 0.451881915
vn -0.931827128 0.179498151 0.31540212
vn 0.325701386 0.840699732 0.432599843
vn 0.302807599 0.863422513 0.403496146
vn 0.301895887 0.865512431 0.399683952
vn 0.356493086 0.615280271 0.703095198
vn -0.93151468 0.159001634 0.327106744
vn -0.93112731 0.171008736 0.322114825
vn -0.933205485 0.146503642 0.328122228
vn 0.324613214 -0.0481795929 0.944619119
vn 0.362086087 0.327109665 0.872864842
vn 0.327510387 -0.027645614 0.944443107
vn 0.324192494 -0.0516826212 0.944578409
vn -0.985557318 -0.0943975002 0.140591383
vn -0.93354851 0.144809633 0.327898741
vn 0.361830294 0.317429453 0.876537144
vn -0.904820621 -0.232205659 0.356903881
vn -0.932967186 0.150683135 0.326904833
vn -0.934735775 0.135717839 0.328405142
vn -0.932399273 0.163988635 0.322086036
vn 0.355399191 0.624701381 0.695298195
vn -0.93309921 0.173310459 0.315102637
vn -0.914389789 0.0264078844 0.403973013
vn -0.946951985 -0.280915916 0.15610306
vn -0.933870375 -0.307176441 0.183108762
vn -0.937182426 -0.221381351 0.269591361
vn -0.936561525 -0.177884951 0.302009374
vn -0.934881687 -0.19409655 0.29719156
vn -0.896645725 -0.258173853 0.359684676
vn -0.902308881 -0.229379565 0.36499837
vn -0.892025828 -0.27459687 0.359007835
vn -0.856138408 -0.404892057 0.321075946
vn -0.838439524 -0.419907749 0.347414732
vn -0.934405625 -0.208101243 0.289102376
vn -0.935096979 -0.217889041 0.279496163
vn 0.353395402 -0.372092038 0.858288527
vn 0.35131219 -0.721799493 0.596309602
vn 0.353604913 -0.376677454 0.856199741
vn 0.352807492 -0.710911214 0.608384907
vn 0.292086899 -0.928676486 0.228572845
vn 0.295497298 -0.923866749 0.24321115
vn -0.932685316 -0.214603946 0.28990227
vn -0.93355912 -0.199601442 0.297702372
vn -0.935642719 -0.182495445 0.30210638
vn -0.933320522 -0.224615842 0.280107975
vn -0.938276827 -0.225593448 0.262191474
vn -0.935397208 -0.228208438 0.270097882
vn 0.201893896 -0.971687973 -0.122724555
vn 0.0161993504 -0.879254937 -0.476076156
vn 0.0751003027 -0.872787237 -0.482288748
vn 0.0672072694 -0.862428844 -0.501696825
vn 0.0130955502 -0.870724022 -0.491597652
vn -0.940116227 -0.218498141 0.261610776
vn -0.985090613 -0.0989936739 0.140701383
vn 0.00229775906 -0.87916255 -0.476516634
vn -0.990170181 -0.0740156323 0.118679285
vn -0.965352893 -0.235789314 0.111791164
vn -0.99259001 -0.121082902 0.0102050109
vn -0.160602897 0.858326554 0.487321556
vn -0.0982968211 0.868006647 0.486726135
vn -0.0963664576 0.859527111 0.501923025
vn -0.162430793 0.849963963 0.501176536
vn -0.182081506 0.851497114 0.491730452
vn -0.834461987 -0.54186219 0.100292914
vn -0.959884822 -0.252793431 0.121313058
vn -0.992921591 -0.118307203 0.0104990406
vn -0.930525422 -0.317515343 0.18250075
vn -0.188505396 0.845032454 0.50038594
vn -0.217189699 0.843184352 0.491801649
vn -0.190704495 0.848007619 0.494484752
vn -0.833903909 -0.421509862 0.356277645
vn -0.227987796 0.834743619 0.501223147
vn -0.817502975 -0.460917056 0.345317811
vn -0.833234489 -0.421800464 0.35749805
vn -0.226609096 0.834829867 0.501704395
vn -0.232892498 0.839843929 0.490329951
vn -0.335296005 0.80623275 0.48740682
vn -0.703584671 -0.404310375 0.58438164
vn -0.378996402 0.797278941 0.469795823
vn -0.727689505 -0.535195172 0.428992122
vn -0.641510129 -0.369797111 0.672097445
vn -0.796184897 -0.512011051 0.322388798
vn -0.837532818 -0.423026949 0.345814049
vn -0.596387386 -0.176401734 0.783073902
vn -0.663082302 -0.300196618 0.685714126
vn -0.326088309 -0.203305244 0.923219025
vn -0.606603622 -0.596194386 0.525912881
vn 0.540807426 -0.690602362 -0.480204225
vn 0.474027693 -0.721053839 -0.50535053
vn 0.483801305 -0.72459656 -0.490811825
vn -0.680970907 -0.636081934 0.362875104
vn 0.575408697 -0.675833046 -0.460602522
vn 0.576219916 -0.675135732 -0.460611105
vn -0.537899077 -0.543874919 0.64410007
vn -0.660075605 -0.700695336 0.270788491
vn -0.696314514 -0.657199264 0.288505286
vn -0.726797819 -0.634298384 0.263497025
vn -0.604015827 -0.751378953 0.265696377
vn -0.652054727 -0.707481086 0.272571683
vn 0.446185887 -0.732067168 -0.514777541
vn 0.442904115 -0.73000735 -0.520505011
vn 0.452384889 -0.732175469 -0.509182811
vn -0.752744198 -0.619683385 0.222191095
vn -0.712428272 -0.637320876 0.293714404
vn -0.718895078 -0.628899038 0.296100825
vn -0.809390724 -0.478705853 0.34018752
vn -0.710879326 -0.69798708 0.0863980651
vn -0.706269085 -0.70169121 0.0938804746
vn -0.654167771 -0.735179484 0.177695379
vn -0.664479077 -0.71940136 0.202310085
vn 0.453959912 -0.733130217 -0.506399691
vn 0.167100802 0.146593943 0.974980772
vn 0.171506196 0.141198039 0.975012124
vn 0.122089699 0.162611738 0.979107618
vn 0.126789793 0.158310831 0.979215026
vn 0.50021112 -0.223709837 0.836506248
vn -0.652001202 -0.735378683 0.184696287
vn -0.657868207 -0.726347268 0.199071079
vn 0.581802726 -0.639293849 -0.502801299
vn 0.743301213 -0.668002188 -0.0357266478
vn 0.743796229 -0.667610884 -0.032602828
vn 0.582312107 -0.637724161 -0.504203022
vn -0.653232217 -0.732248247 0.192614481
vn 0.720803201 -0.523431659 0.454381198
vn 0.721694708 -0.525295556 0.450800717
vn -0.597730219 -0.766538262 0.234814584
vn -0.652315378 -0.735097349 0.184706882
vn -0.654500008 -0.73490721 0.177598774
vn -0.653621078 -0.731905282 0.192598775
vn -0.578360677 -0.792669535 0.192805469
vn -0.43143189 -0.871031582 0.234884247
vn -0.516865373 -0.822980762 0.235696971
vn -0.597276211 -0.76528877 0.239988178
vn -0.649573028 -0.718684077 0.248088986
vn -0.664674997 -0.719171762 0.202482983
vn -0.658201575 -0.726007938 0.19920668
vn -0.585508823 -0.787790835 0.191220567
vn -0.60291177 -0.780004203 0.16760397
vn -0.591009617 -0.784902871 0.186105967
vn -0.302180707 0.431042254 0.850229084
vn 0.113508202 0.155489042 0.981294572
vn -0.304542691 0.432246745 0.848773539
vn -0.644129574 0.598026633 0.476929098
vn 0.1122168 0.156484142 0.981284916
vn 0.101514503 0.161521837 0.98163408
vn -0.531006575 -0.845164001 0.0610741712
vn -0.522200882 -0.831204176 0.190803573
vn -0.578522027 -0.792620659 0.192522272
vn -0.59101522 -0.784924448 0.185997263
vn -0.585699499 -0.787703454 0.190996259
vn -0.646728396 0.598938942 0.472244292
vn -0.631015182 0.59481436 0.498011887
vn -0.622052073 0.598556459 0.504758716
vn -0.648725927 -0.754956305 0.0958945602
vn -0.623214185 0.599195063 0.502563
vn -0.620727479 0.60141325 0.502990603
vn -0.618713677 0.601741016 0.505075634
vn -0.668196619 -0.741183519 0.0645005032
vn -0.614309728 0.610694468 0.4996759
vn -0.612973809 0.609476149 0.502794325
vn -0.702138722 -0.712005913 0.00699889893
vn -0.710233271 0.703966498 -0.000218550296
vn -0.702123404 -0.712022901 -0.0068059531
vn -0.703986585 -0.710213423 9.94659858e-05
vn -0.710362911 0.703835726 -9.09653245e-05
vn -0.754678071 -0.656055927 -0.0071948641
vn -0.702984393 -0.711205304 9.88949323e-05
vn -0.701266527 -0.712864876 0.00699818414
vn -0.603425086 0.599916041 -0.525336981
vn -0.601902127 0.598510683 -0.528676689
vn -0.701258481 -0.712875724 -0.00668882998
vn -0.754471123 -0.656293809 0.00720311375
vn 0.572094619 -0.646499574 0.504723907
vn 0.563512623 -0.658906281 0.498293191
vn 0.561873376 -0.657062352 0.502560794
vn -0.714030623 -0.695709109 -0.0784169286
vn 0.650989413 -0.759086907 -1.28160709e-05
vn 0.650942922 -0.759126723 -6.6903176e-06
vn -0.756256878 -0.654274881 0.000100526406
vn -0.714001179 -0.695720077 0.0785868764
vn 0.557435513 -0.652345657 -0.513528049
vn 0.552632809 -0.64342463 -0.529718637
vn 0.571639419 -0.646874964 -0.504758596
vn -0.757210076 -0.653129697 0.00738669652
vn -0.759098709 -0.650975823 0.000102830942
vn 0.571593225 -0.644907713 -0.507321596
vn -0.662014008 -0.745739818 0.074898541
vn -0.705289304 -0.702673495 0.0938991904
vn 0.573551476 -0.645023346 -0.504959047
vn -0.64912802 -0.754607379 0.095919475
vn 0.572424114 -0.644068956 -0.50745064
vn 0.571635306 -0.644768178 0.507451653
vn -0.834447086 -0.541920304 -0.100102387
vn -0.757267594 -0.653065026 -0.00720582996
vn -0.710956991 -0.697931409 -0.0862089843
vn -0.959900022 -0.252790481 -0.121198341
vn -0.930573523 -0.317490965 -0.182297751
vn -0.992909312 -0.118419699 -0.0103994198
vn -0.752805889 -0.619679868 -0.221991599
vn -0.718886375 -0.629007459 -0.295891881
vn -0.809485316 -0.478682727 -0.339994997
vn -0.817611277 -0.460807741 -0.345207304
vn -0.833890676 -0.421596438 -0.356206149
vn -0.217213303 0.843121231 -0.491899461
vn -0.224607706 0.835018933 -0.502289593
vn -0.221283406 0.83560133 -0.502796292
vn -0.188599393 0.844898343 -0.500576794
vn -0.833270371 -0.421805054 -0.357408851
vn -0.233027905 0.839750469 -0.490425646
vn -0.335575104 0.806075454 -0.487474769
vn -0.703506708 -0.404408216 -0.584407866
vn -0.727722406 -0.535214067 -0.428912699
vn -0.641590476 -0.370004475 -0.671906531
vn -0.379210114 0.797112465 -0.469906092
vn -0.837581098 -0.423277527 -0.345389754
vn -0.7962327 -0.512109458 -0.322114378
vn -0.837131321 -0.419103235 -0.351516366
vn -0.663048029 -0.300374895 -0.685669243
vn -0.596281707 -0.17639786 -0.783155084
vn -0.325892895 -0.203293756 -0.92329067
vn -0.606603801 -0.596193135 -0.525914133
vn -0.812630475 -0.0736233145 -0.578110218
vn -0.676487625 -0.0262986999 -0.735984325
vn -0.666576326 -0.284586191 -0.688975275
vn -0.661404073 0.079401128 -0.745815217
vn -0.884726882 -0.282804728 -0.370512962
vn -0.845603585 -0.402505636 -0.350633353
vn 0.0972200036 -0.867917836 0.487100542
vn 0.274891406 -0.841601133 0.464910954
vn 0.0865019485 -0.869610667 0.486101747
vn -0.864488125 -0.304784954 -0.399708062
vn 0.0915281698 -0.867977083 0.488096654
vn -0.871353686 -0.301367849 -0.387195349
vn -0.88257283 -0.293296933 -0.367480874
vn -0.89358598 -0.267911851 -0.360176831
vn -0.896040201 0.0115913227 -0.443821609
vn 0.0835867524 -0.867077649 0.491110653
vn -0.886324227 -0.288514555 -0.362200171
vn -0.0639081001 -0.698565602 0.71268636
vn -0.0600153804 -0.704016924 0.707642853
vn -0.207897797 -0.452750355 0.867061615
vn -0.201694295 -0.465612352 0.861698627
vn -0.891976416 -0.269738346 -0.362793833
vn -0.888191581 -0.278282851 -0.36561507
vn -0.354385793 -0.0714735091 0.932363927
vn -0.890324116 -0.279402941 -0.359523445
vn -0.350596398 -0.0848936066 0.93267113
vn -0.895023704 -0.257910252 -0.363888621
vn -0.350196302 -0.107590348 0.930476904
vn -0.900636375 -0.228885844 -0.369411916
vn -0.405487001 0.00780025078 0.914067626
vn -0.405111402 0.0161935911 0.914123893
vn -0.381702602 0.268215239 0.884513259
vn -0.336502105 0.481105477 0.809508443
vn -0.337308586 0.477303386 0.811421275
vn -0.913371921 0.0353969969 -0.405584604
vn -0.891828775 0.0801822618 -0.445210487
vn -0.905133188 0.0683134794 -0.419603795
vn -0.910426319 0.0535058379 -0.410196602
vn -0.2054701 0.793483257 0.572858095
vn -0.202072605 0.798764169 0.566694438
vn -0.0327070914 0.969742358 0.241929859
vn -0.0285112206 0.971886456 0.233717471
vn -0.898807704 0.0777128935 -0.431399703
vn 0.136682704 0.985963702 -0.0958829671
vn 0.1352925 0.98640269 -0.0933041051
vn 0.288199008 0.858827889 -0.423504561
vn 0.213409007 0.94216466 -0.258422852
vn -0.889000177 0.0792125538 -0.451003402
vn -0.886694491 0.0771156624 -0.455879509
vn 0.276989102 0.873438478 -0.400477648
vn 0.155709505 0.898568034 -0.410280436
vn -0.781847477 -0.000185112411 -0.62346971
vn 0.0592018887 0.914330661 -0.400617748
vn -0.891279697 0.0872043446 -0.444990009
vn -0.904179275 -0.0535089783 -0.423788309
vn -0.273294985 -0.886672437 0.372990459
vn -0.215293095 -0.905607164 0.365410149
vn -0.4148193 -0.829928637 0.373019248
vn -0.649126589 0.225436315 -0.726507545
vn -0.725826681 0.107481509 -0.679428697
vn -0.858523726 0.225715369 -0.46042338
vn -0.414005607 -0.827293336 0.37971735
vn -0.42121911 -0.822046757 0.383162677
vn -0.868076801 0.241908669 -0.433500767
vn -0.484696805 -0.587516546 0.647991776
vn -0.484699309 -0.587510824 0.647995055
vn -0.870005906 0.248902276 -0.425602376
vn -0.870090008 0.258602768 -0.419604957
vn -0.419079989 -0.825075686 0.378975242
vn -0.481703103 -0.266156256 0.834938943
vn -0.481888086 -0.265696138 0.834978819
vn -0.60359782 0.28327921 -0.745266855
vn 0.527496278 0.791211188 -0.309407085
vn 0.609623313 0.70082128 -0.370417386
vn 0.523982525 0.794279158 -0.307511091
vn -0.773249328 0.430323184 -0.46573323
vn -0.77520287 0.431797475 -0.461098254
vn 0.483913302 -0.724519551 0.490814984
vn 0.474090099 -0.720898569 0.505513489
vn 0.540914893 -0.690439343 0.480317295
vn -0.681023002 -0.636111617 -0.362725198
vn 0.57518208 -0.675757468 0.460996091
vn -0.537790477 -0.54390198 -0.644167662
vn 0.574587107 -0.67537874 0.462291181
vn -0.696690202 -0.657462418 -0.286994606
vn -0.652078927 -0.707565069 -0.272295922
vn -0.604080677 -0.751469851 -0.265291929
vn -0.606665909 -0.74938482 -0.265290111
vn -0.131205603 -0.20602344 -0.969711065
vn -0.4734115 -0.596110284 -0.648486137
vn -0.533345401 -0.540702283 -0.650525749
vn -0.491575301 -0.580517888 -0.649116933
vn -0.131493494 -0.205103934 -0.969866931
vn -0.0419057012 -0.382199049 -0.923129439
vn -0.254706711 -0.40577805 -0.87776345
vn -0.398326814 -0.639211953 -0.657832742
vn -0.331303805 -0.685116589 -0.648732126
vn -0.39342761 -0.641324699 -0.658724248
vn -0.506583929 -0.624758959 -0.594179332
vn -0.577783108 -0.676797748 -0.456192523
vn -0.58789742 0.651505172 -0.479497492
vn -0.502991319 0.682790935 -0.52990216
vn -0.511115789 0.68550998 -0.518494785
vn -0.613610923 0.641204536 -0.460801989
vn -0.65810293 -0.698969543 -0.279896826
vn -0.569920301 -0.77871424 -0.262288213
vn -0.623022079 0.634013832 -0.458115608
vn -0.512887895 -0.818173528 -0.259880811
vn -0.516892493 -0.822787523 -0.236310735
vn -0.649185777 -0.718685746 -0.249095723
vn -0.66069591 -0.699831665 -0.271508306
vn -0.659295321 -0.698882461 -0.277296126
vn -0.125690699 -0.200085461 0.971682847
vn -0.125694394 -0.20009096 0.971681356
vn -0.145883501 -0.191675961 0.970555723
vn -0.109499604 -0.214598864 0.970544755
vn -0.114227101 -0.222404867 0.968239844
vn -0.365716904 -0.896741569 -0.249210656
vn -0.454581499 -0.851184666 -0.26237464
vn -0.166594505 -0.185102656 0.968495369
vn -0.512705028 -0.818315327 -0.259795606
vn -0.35882771 -0.813820958 -0.457097709
vn -0.343914986 -0.896246731 -0.280114651
vn -0.343681186 -0.898985744 -0.271492243
vn -0.343299299 -0.897323012 -0.277411342
vn 0.938657999 -0.337649494 -0.0701008886
vn 0.903018177 -0.234897345 -0.359696239
vn 0.938853502 -0.335917503 -0.0755890533
vn 0.833346426 -0.156507507 -0.530131102
vn 0.839339018 -0.162606403 -0.518718779
vn -0.34380731 -0.89947933 -0.269691348
vn -0.3447676 -0.897843659 -0.273883551
vn -0.256205291 -0.929591119 -0.264989257
vn 0.789013982 -0.431806266 0.437035739
vn 0.790117621 -0.431708157 0.435134739
vn -0.347689092 -0.900116146 -0.262494236
vn -0.290185511 -0.912889361 -0.287098557
vn -0.365320802 -0.896346867 -0.251203448
vn -0.360588014 -0.897902548 -0.252482742
vn -0.431277394 -0.870755017 -0.236189753
vn -0.853951216 0.0852281153 0.51332593
vn -0.856029272 0.0901038945 0.50901401
vn -0.850716591 0.0832150877 0.518995821
vn -0.863073707 0.121794015 0.490173638
vn -0.8575387 0.0910874903 0.506290913
vn -0.235629901 -0.946332514 -0.221208751
vn -0.359686106 -0.91106236 -0.201472744
vn -0.355986387 -0.898973942 -0.255185246
vn 0.397920191 -0.391015857 0.829919517
vn 0.152596503 -0.321917862 0.934389353
vn -0.120107099 -0.219990268 0.968079865
vn -0.36858961 -0.908200145 -0.198278055
vn -0.375911087 -0.906566918 -0.191904142
vn -0.379420906 -0.906702816 -0.184200048
vn -0.378295392 -0.908550501 -0.17728135
vn -0.597509325 -0.766316414 -0.236097321
vn -0.516531825 -0.822430611 -0.23833333
vn -0.57852149 -0.792821348 -0.191695929
vn -0.430212408 -0.869431853 -0.242910743
vn -0.441214204 -0.881576478 -0.167788848
vn -0.450593412 -0.873287261 -0.185297653
vn -0.463097692 -0.865305662 -0.191798627
vn -0.455511898 -0.869646549 -0.19032605
vn 0.0922129676 0.168806463 -0.981326282
vn 0.101392299 0.161388069 -0.98166877
vn 0.137483299 0.137611061 -0.98089838
vn 0.0908164904 0.169499159 -0.98133707
vn 0.521978915 -0.0870800987 -0.848501682
vn 0.138694003 0.136692569 -0.980856419
vn -0.578501999 -0.792684853 -0.192317933
vn -0.522293925 -0.831192315 -0.190600127
vn -0.530993223 -0.845191479 -0.0608090274
vn -0.463081509 -0.865178049 -0.19241254
vn -0.39868331 -0.912082016 -0.0956976116
vn -0.377779186 -0.923660517 -0.0642983019
vn -0.450702101 -0.873119354 -0.185823053
vn -0.648716986 -0.754987776 -0.0957072377
vn -0.591100395 -0.784907341 -0.185798541
vn -0.336808503 -0.941548705 -0.00680461898
vn -0.668195724 -0.741202176 -0.0642960593
vn 0.820209026 -0.3228001 -0.472289562
vn 0.819295883 -0.321893424 -0.47448805
vn 0.809664309 -0.310577512 -0.497981071
vn 0.809170187 -0.300725996 -0.504784584
vn -0.45552659 -0.869516969 -0.19088155
vn 0.519598305 -0.0857922211 -0.850092471
vn -0.622049809 0.598449886 -0.504887998
vn -0.623314202 0.599191666 -0.502442896
vn -0.631079614 0.594683886 -0.498085916
vn -0.620731175 0.601189971 -0.503252804
vn -0.632593691 0.593996167 -0.496984601
vn -0.618811607 0.601610661 -0.5051108
vn -0.66205132 -0.745725572 -0.0747088715
vn -0.705342412 -0.702646017 -0.0937060639
vn -0.649124801 -0.754638076 -0.0957001448
vn 0.570910871 -0.633914948 0.52173996
vn 0.575121522 -0.635926664 0.514618993
vn 0.573705316 -0.644738436 0.505147994
vn -0.654586077 -0.734905422 -0.177288622
vn 0.572478712 -0.643983066 0.507497787
vn -0.654205203 -0.735193312 -0.177500516
vn -0.706406415 -0.701589227 -0.0936088413
vn 0.743787885 -0.667617977 0.032648392
vn -0.653285384 -0.732260942 -0.19238542
vn -0.651992202 -0.735411048 -0.184598818
vn -0.664501905 -0.719408453 -0.20220992
vn 0.500006616 -0.223699167 -0.836631477
vn 0.137195706 0.148389965 -0.979366004
vn 0.134204507 0.151216969 -0.979348123
vn 0.166972205 0.146421164 -0.975028813
vn 0.171378106 0.141107857 -0.975047827
vn -0.657886028 -0.726380646 -0.198890015
vn 0.500222027 -0.224113062 -0.836391985
vn 0.720721126 -0.523412168 -0.454533875
vn 0.721578896 -0.525278151 -0.451006502
vn -0.658392012 -0.726105869 -0.198217615
vn -0.664827824 -0.719326854 -0.201427326
vn -0.653734624 -0.73201412 -0.191798016
vn -0.65255338 -0.735034943 -0.184113324
vn 0.743279278 -0.668033123 0.035604842
vn 0.442989111 -0.729890645 0.520596087
vn 0.453910798 -0.733015478 0.506609559
vn 0.452409804 -0.732010067 0.509398401
vn -0.750484228 -0.62277174 -0.221198499
vn -0.726510286 -0.633998454 -0.265007377
vn 0.446183413 -0.731988668 0.514891207
vn -0.64907521 -0.718089044 -0.251096815
vn -0.655619979 -0.710727513 -0.255007714
vn -0.659528673 -0.700034916 -0.273812115
vn -0.661286712 -0.700013161 -0.269595534
vn -0.660072029 -0.703884065 -0.262397021
vn -0.162814096 -0.188487262 0.968485415
vn -0.523948312 0.187516168 0.830852568
vn -0.731821179 0.524015248 0.435713202
vn -0.731387377 0.523004413 0.437651694
vn -0.524916828 0.189017966 0.829900384
vn -0.655789375 -0.711289823 -0.252996325
vn -0.660019696 -0.704413652 -0.261104316
vn -0.710209727 0.699908495 -0.0756992102
vn -0.71160388 0.69908458 -0.0700054765
vn -0.596791804 -0.764811754 -0.242699116
vn -0.712495029 -0.637308359 -0.293579698
vn -0.602997601 -0.780003488 -0.167298228
vn -0.591112077 -0.785015464 -0.18530333
vn -0.633220315 0.594224274 -0.495912999
vn -0.585695326 -0.787900865 -0.190192536
vn -0.302291512 0.430693954 -0.850366116
vn -0.304398894 0.431898952 -0.849002242
vn -0.585708678 -0.787721157 -0.19089444
vn 0.810647428 -0.296403021 -0.504971385
vn 0.81096983 -0.298333317 -0.503314376
vn 0.816815317 -0.288604617 -0.499520063
vn 0.815127492 -0.288012713 -0.502609134
vn 0.810239971 -0.301453322 -0.502630174
vn -0.337992787 -0.941124201 -0.00681201043
vn -0.384713709 -0.920000494 -0.0747964606
vn -0.316988111 -0.945183277 -0.0784037486
vn -0.327011704 -0.940364003 -0.0936971679
vn -0.398191005 -0.912286401 -0.0957995281
vn -0.830131888 0.237144411 0.50462234
vn -0.828182578 0.246598005 0.503292382
vn -0.827618897 0.246203303 0.504411578
vn -0.828948677 0.236287713 0.50696367
vn -0.829343677 0.235418215 0.506722033
vn -0.83115977 0.234861016 0.503997982
vn -0.325577408 -0.940861404 -0.0936985388
vn -0.378406405 -0.908441305 -0.177603945
vn -0.231719404 -0.947115719 -0.221986145
vn -0.3203758 -0.943360329 -0.0862025991
vn -0.820255518 0.216686308 0.529365659
vn -0.259676188 -0.965668917 -0.00720081525
vn -0.126696199 -0.986888528 -0.0999970809
vn -0.255103201 -0.920494318 -0.295994341
vn -0.126717001 -0.98685509 0.100299135
vn 0.322596103 -0.946479797 -0.0103909643
vn 0.1167005 -0.976311624 -0.182200059
vn 0.187313706 -0.974805117 -0.121113956
vn -0.0810069367 -0.936926961 -0.340008557
vn -0.0187076908 -0.934225619 -0.356191635
vn 0.9445315 0.328420997 -0.000102437487
vn 0.802304327 0.279205889 -0.527590752
vn 0.814033329 0.283012003 -0.507202148
vn 0.328401893 -0.944538176 0.000100678109
vn 0.322573394 -0.946486294 0.0104954457
vn 0.843515873 0.226301074 -0.487102479
vn 0.836726427 0.221104279 -0.501000941
vn 0.319790304 -0.947432578 -0.0102894045
vn 0.485611707 -0.874107897 -0.0108019924
vn 0.485602289 -0.874115705 0.0105973175
vn 0.324790686 -0.945785999 -2.95922837e-06
vn 0.204791099 -0.972411513 -0.111698456
vn 0.361586899 -0.924764693 -0.118596852
vn 0.944534719 0.328411788 -0.000110342495
vn -0.793704629 -0.378401488 0.476283044
vn -0.790827572 -0.36471808 0.491500348
vn -0.779280901 -0.385990798 0.493692636
vn -0.799989104 -0.365699202 0.475690931
vn -0.744938016 -0.431023479 0.509201646
vn 0.336695611 -0.931057811 -0.140596643
vn 0.157278001 -0.975349307 -0.154781759
vn 0.209089503 -0.942340553 -0.261296749
vn -0.818922102 -0.309802681 0.483103454
vn -0.823461473 -0.30878678 0.475985348
vn -0.963164806 -0.238582119 0.124065362
vn -0.962207377 -0.239810809 0.129026949
vn 0.205490202 -0.940968156 -0.268984854
vn 0.182897806 -0.915170252 -0.359182239
vn 0.207506999 -0.937720358 -0.278606236
vn -0.964123905 -0.139198065 -0.226028934
vn 0.216304898 -0.932884157 -0.287992239
vn -0.795946479 0.00890366174 -0.605301499
vn -0.805073321 0.00302151567 -0.593167603
vn -0.961342692 -0.134198561 -0.240439221
vn 0.202385604 -0.943607032 -0.262003541
vn 0.198012799 -0.942193449 -0.270300746
vn 0.201287404 -0.938690722 -0.279898256
vn 0.240026996 -0.922629058 -0.301898658
vn 0.223704293 -0.928181529 -0.297380745
vn 0.209483206 -0.933907151 -0.289714158
vn -0.185709104 0.270598054 -0.944610357
vn -0.0560123287 0.29740265 -0.953107655
vn -0.0454017483 0.299992442 -0.952860653
vn -0.496983498 0.154005036 -0.853984714
vn 0.341102302 -0.929481924 -0.140402749
vn -0.492487699 0.155917034 -0.856239319
vn 0.534598291 -0.778822362 -0.328086108
vn -0.183594599 0.271920741 -0.944643915
vn -0.141717806 0.300394863 -0.943227947
vn 0.536098123 -0.777789354 -0.328089714
vn 0.545392871 -0.771894634 -0.326688319
vn 0.56351608 -0.763516843 -0.315422833
vn 0.54833293 -0.829641581 -0.105004832
vn 0.133004397 0.464603662 -0.875473261
vn 0.695698917 -0.701676011 -0.153798223
vn 0.388695002 -0.915669203 -0.102305353
vn 0.495474696 -0.868555427 -0.0108006215
vn 0.730009675 -0.675525725 -0.103686415
vn 0.548312426 -0.829642594 0.105103269
vn 0.777940989 -0.628246188 -0.0107061621
vn 0.500638485 -0.865656495 -4.46609329e-06
vn -0.865704894 -0.500554681 0.000228369434
vn -0.736052573 -0.425458789 0.526508868
vn -0.865683019 -0.500592709 9.76357478e-05
vn -0.756867528 -0.437581003 -0.485463172
vn 0.490601808 -0.871384025 -0.000100807963
vn 0.567596078 0.678080857 -0.466948569
vn 0.539686382 0.676994145 -0.500417352
vn 0.558511674 0.677210867 -0.479009688
vn 0.575702608 0.67200166 -0.465811491
vn 0.539713919 0.676912069 -0.500498891
vn 0.778479517 -0.627580702 -0.0105994726
vn 0.719606876 -0.683722496 -0.121200114
vn 0.786336899 -0.606250703 -0.1188884
vn 0.819786727 -0.572572827 -0.0104926536
vn 0.625740826 0.780030906 -0.000483059906
vn 0.819782615 -0.572585821 0.0100984769
vn 0.780385017 -0.625299513 -0.000200798866
vn 0.821014583 -0.570907176 -0.000199486007
vn -0.571746707 -0.820430279 5.88564326e-05
vn -0.479885608 -0.696793675 0.533093154
vn -0.482919395 -0.698948681 0.527503252
vn -0.49239561 -0.730383575 0.473377585
vn -0.571756184 -0.820423722 0.000103793333
vn -0.488903791 -0.709304154 -0.507800043
vn 0.826487124 -0.548119903 0.128388911
vn 0.82059592 -0.571509123 -8.98055077e-05
vn 0.819758475 -0.572611272 -0.0106024435
vn 0.819815993 -0.572529197 0.0105931368
vn -0.4912844 -0.71248585 -0.501002491
vn -0.492406011 -0.730499864 -0.473187506
vn -0.494112909 -0.731521964 -0.469817013
vn 0.780614376 -0.611087382 0.131200194
vn 0.776373088 -0.614487171 0.1401795
vn -0.496197194 -0.73269093 -0.465781629
vn -0.495707899 -0.732309043 -0.46690172
vn 0.699899197 -0.634517074 0.327916622
vn 0.691418707 -0.662733138 0.28761977
vn 0.783265412 -0.531497955 0.32249862
vn -0.519692123 -0.73269552 -0.439405829
vn -0.521697402 -0.73337996 -0.435873717
vn 0.593614578 -0.694704652 0.40621078
vn 0.619279087 -0.74514544 0.247490674
vn 0.69248879 -0.662105381 0.286488891
vn 0.776688874 -0.613900006 0.141000494
vn 0.686980426 -0.661772132 0.300192684
vn -0.709666014 -0.70037508 0.0764788389
vn 0.687109709 -0.655331731 0.313720673
vn -0.709737718 -0.70041579 0.0754335597
vn -0.707251489 -0.500747442 0.499046504
vn 0.692236722 -0.644954085 0.323794395
vn -0.70717752 -0.500271857 0.499628007
vn -0.553784192 -0.184783831 0.811897755
vn -0.554101706 -0.185207441 0.811584532
vn 0.700980723 -0.633585572 0.327407211
vn -0.244016498 0.219083548 0.944700241
vn 0.756985903 -0.513970375 0.403493315
vn 0.782658517 -0.532690167 0.322004706
vn -0.266893804 0.180905953 0.946594179
vn -0.242980003 0.220307946 0.944682539
vn -0.591508627 -0.802169204 0.0815000385
vn -0.58808893 -0.804679692 0.0814996138
vn -0.580101728 -0.811410308 0.0713814273
vn -0.296429813 0.131884754 0.945904791
vn -0.260893494 0.186176047 0.947245061
vn -0.226441503 0.236541554 0.94486624
vn -0.534739614 -0.841974795 0.0716381446
vn -0.534025788 -0.84229368 0.0731970444
vn -0.53324008 -0.842664123 0.0746478289
vn -0.630806625 -0.7736395 0.0597084016
vn -0.627922773 -0.77622962 0.0563979037
vn -0.625194728 -0.778654277 0.0531876534
vn -0.235917002 0.222202644 0.946028173
vn -0.275406986 0.162914455 0.947422802
vn -0.314291894 0.10099484 0.943938971
vn -0.579288125 -0.812281072 0.0680062547
vn -0.333481997 0.0855941325 0.938862801
vn -0.365028292 0.0332340188 0.930402994
vn -0.437695205 -0.897520483 0.0536648929
vn -0.408769399 -0.909866273 0.0710687339
vn -0.269664496 0.175593749 0.946809292
vn -0.286196411 0.153985858 0.945716679
vn -0.323510796 0.101311147 0.940785229
vn -0.621222317 -0.781677902 0.055340454
vn -0.619180918 -0.783316076 0.0550533421
vn -0.616312504 -0.785615206 0.0544786938
vn -0.57863152 -0.814720929 0.0376248173
vn -0.577501595 -0.815442979 0.0393031053
vn -0.577889204 -0.815193176 0.0387868062
vn -0.274820805 0.168514356 0.946613073
vn -0.27091971 0.175135255 0.946536005
vn -0.274271697 0.169406548 0.946613073
vn -0.282716304 0.157809258 0.946133018
vn -0.293673813 0.14121905 0.945416808
vn -0.546501279 -0.836743116 0.0346043408
vn -0.546571076 -0.836499095 0.0391074829
vn -0.656315625 -0.74921751 0.0890111923
vn -0.651907921 -0.75370872 0.0833029076
vn -0.647996426 -0.757609129 0.0782892033
vn -0.288361996 0.143284455 0.946740091
vn -0.240931407 0.211400345 0.947239161
vn -0.193538994 0.276055366 0.941454232
vn -0.266776204 0.181492656 0.946515203
vn -0.272009313 0.173578948 0.946510017
vn -0.277372301 0.165365353 0.946424305
vn -0.654391408 -0.752194107 0.0773041174
vn -0.64997983 -0.756720781 0.069999747
vn -0.646006227 -0.760702372 0.0633081645
vn -0.570339084 -0.818804204 0.0653698295
vn -0.570444226 -0.818687379 0.0659115165
vn -0.570620596 -0.818533123 0.0663004965
vn -0.295115799 0.130516857 0.946505129
vn -0.246495098 0.199508548 0.948386371
vn -0.199697301 0.262510657 0.944038749
vn -0.587316275 -0.806547105 0.0673895851
vn -0.587234378 -0.80664748 0.0669016093
vn -0.587197483 -0.806717515 0.0663795844
vn -0.273333311 0.172232047 0.946374714
vn -0.267807603 0.180096045 0.946490705
vn -0.262202293 0.187914744 0.946540177
vn -0.648471713 -0.757362604 0.0767238662
vn -0.645073473 -0.760683 0.07239829
vn -0.64191252 -0.763702214 0.0686109513
vn -0.293825299 0.139847547 0.945573628
vn -0.249837101 0.203331351 0.946698487
vn -0.205952197 0.262845337 0.942600667
vn -0.502313912 -0.861505926 0.0740840808
vn -0.500081599 -0.861980975 0.0831097662
vn -0.497808009 -0.862210214 0.0937054455
vn -0.2305502 0.248545945 0.940782487
vn -0.283626795 0.170908958 0.943581522
vn -0.33989951 0.0821862519 0.93686378
vn -0.352356404 0.0680657923 0.933387399
vn -0.299981713 0.145841256 0.942730904
vn -0.243762001 0.224374652 0.943523288
vn -0.381662101 -0.916955829 0.116301954
vn -0.357492208 -0.920526803 0.157574356
vn -0.323711902 -0.921295881 0.215463951
vn -0.684088111 -0.729382515 0.00498527335
vn -0.676300704 -0.736603677 0.00569683174
vn -0.669709206 -0.742586672 0.00739371497
vn -0.173315704 0.360000849 0.916712165
vn -0.281527787 0.221118048 0.933728635
vn -0.405633509 0.0357145295 0.913337827
vn -0.266592085 0.181400344 0.946584702
vn -0.986234307 -0.0134375272 0.164807498
vn -0.916317225 -0.399238586 0.0311655849
vn -0.833798707 -0.551277399 -0.0295489691
vn -0.404715091 -0.306316763 0.86161226
vn -0.196483701 0.103697643 0.97500819
vn -0.0210913997 0.382872343 0.92356056
vn -0.582691908 -0.79967159 0.144897968
vn -0.582181811 -0.800397515 0.142927065
vn -0.582219899 -0.800380826 0.142865673
vn -0.201713204 0.27474156 0.94012177
vn -0.215186507 0.25521785 0.942633867
vn -0.228416294 0.235146657 0.944739163
vn -0.5919469 -0.80172652 0.0826647654
vn -0.592085302 -0.80163902 0.0825233236
vn 0.674199104 -0.447289884 0.587696731
vn 0.735602498 -0.496091694 0.461283118
vn 0.740197897 -0.488802195 0.461713612
vn 0.743874013 -0.482660502 0.462266713
vn 0.815585315 -0.514703333 0.264388502
vn 0.543111622 -0.339417011 0.768001318
vn 0.525292873 -0.283212423 0.802407742
vn 0.751362979 -0.472486079 0.46066311
vn 0.916573405 0.00730048958 0.399800092
vn 0.706986427 0.166219577 0.687416315
vn 0.520214319 -0.27799511 0.807524562
vn 0.274192095 -0.0353123881 0.96102649
vn 0.475717694 0.363684475 0.800890982
vn 0.710386515 0.585675538 0.390301377
vn 0.381604105 0.456839383 0.803539634
vn 0.2724922 -0.0333750583 0.961579025
vn 0.570679009 0.687102616 0.449683815
vn 0.512965918 0.732245743 0.447975814
vn 0.532203674 0.846616387 -0.000120025063
vn 0.532201707 0.846617579 -0.000313405093
vn 0.53259927 0.846367478 0.000207226884
vn 0.869270623 0.476355761 0.13211368
vn 0.53508991 0.84479481 0.000807985605
vn 0.837803304 0.496088862 0.227994978
vn 0.848022521 0.483187377 0.217687473
vn 0.917071581 0.0138112251 0.398483515
vn 0.97317028 -0.0222064573 0.229012296
vn 0.993400991 -0.0341137201 0.109502994
vn 0.839512825 -0.528311729 0.126905516
vn 0.826504529 -0.548089981 -0.128405184
vn 0.839507282 -0.528323412 -0.126893893
vn 0.846731305 -0.532020807 7.06789215e-05
vn 0.813466728 -0.566304326 0.132557809
vn 0.999291182 -0.0376458094 0.000198391863
vn 0.884094894 0.467307508 -9.90414628e-05
vn 0.839528978 -0.528634429 -0.125446796
vn 0.880797029 0.469270587 0.0631033257
vn 0.815670371 -0.514771163 -0.26399368
vn 0.74843663 -0.470798224 -0.467109799
vn 0.743792176 -0.482772708 -0.462280989
vn 0.740123689 -0.488915414 -0.461712897
vn 0.674117625 -0.447400302 -0.587706149
vn -0.592133403 -0.801622987 -0.0823325068
vn -0.59220922 -0.801558197 -0.0824192837
vn -0.59149462 -0.8021999 -0.0812991336
vn 0.735551596 -0.496129811 -0.461323291
vn 0.538412571 -0.374312282 -0.754984975
vn -0.367489815 -0.864187777 0.343701661
vn -0.4181104 -0.852401257 0.313999951
vn -0.364496112 -0.863780558 0.347887754
vn 0.72647047 -0.51064533 -0.459871799
vn 0.736606717 -0.494393915 -0.461503297
vn 0.755813003 -0.513321459 -0.406507283
vn 0.731385291 -0.514788747 -0.447289884
vn 0.726987779 -0.513474166 -0.455887198
vn 0.717898309 -0.522782743 -0.459695876
vn 0.369404614 0.853696346 -0.367073357
vn 0.483491689 0.817897558 -0.311896473
vn 0.487714589 0.816031158 -0.310205966
vn 0.689100921 -0.560279965 -0.459593803
vn 0.478421509 0.855820358 -0.196683466
vn 0.365515113 0.853233576 -0.372009963
vn 0.604408801 0.793211401 0.0742012262
vn 0.602733076 0.794764221 0.0711537078
vn 0.725413203 -0.511030912 -0.461110801
vn 0.73009938 -0.513992667 -0.450296193
vn 0.672620714 -0.578116238 -0.461912394
vn 0.723081172 -0.51028204 -0.465581387
vn 0.618490279 -0.665584147 -0.417693228
vn 0.574380219 -0.676783442 -0.460490823
vn 0.736054003 -0.534534752 -0.415327787
vn 0.484520108 -0.487367481 -0.726438761
vn 0.516993999 -0.421206087 -0.745186388
vn 0.325397998 -0.258692354 0.909502268
vn 0.322724313 -0.262295336 0.909423053
vn 0.5954988 0.217700586 0.773296654
vn 0.284191489 -0.306181937 0.908563614
vn 0.736007512 -0.520620942 -0.432720393
vn 0.738233089 -0.527916551 -0.419900179
vn 0.284503788 -0.305796444 0.908595741
vn 0.676937401 0.567400217 0.468842089
vn 0.676769018 0.552825153 0.486177176
vn 0.589997828 0.203710273 0.781284153
vn 0.734986603 -0.519586265 -0.435689092
vn 0.736496329 -0.526403248 -0.424821079
vn 0.734411895 -0.532988012 -0.420194089
vn 0.592793405 -0.693767965 -0.409001529
vn 0.608260393 -0.670957863 -0.424069524
vn 0.617323875 -0.663894653 -0.422084332
vn -0.0290095806 -0.547925711 0.836023927
vn 0.599100113 -0.675789654 -0.429403722
vn -0.316796809 -0.689803243 0.651007891
vn -0.317091703 -0.6900208 0.650633693
vn -0.0282050893 -0.547401726 0.836394668
vn 0.609694421 -0.67258662 -0.419404417
vn 0.59331888 -0.678327322 -0.433410823
vn 0.601361275 -0.676642418 -0.424876004
vn -0.57989651 -0.733604848 0.354321986
vn -0.569310308 -0.730592787 0.376987875
vn -0.570132971 -0.733008146 0.371008694
vn -0.579494417 -0.733690262 0.354802877
vn 0.446170896 -0.776254833 -0.445376217
vn 0.585092902 -0.678495228 -0.444196612
vn 0.591896892 -0.67752403 -0.436599821
vn -0.681191027 -0.629663646 0.373500407
vn -0.722899318 -0.585806668 0.366397619
vn 0.463889301 -0.766080916 -0.444889516
vn 0.662713408 0.628812373 -0.406701714
vn 0.682399809 0.624199688 -0.380401611
vn 0.829048812 0.550518572 -0.0980176628
vn 0.742483616 0.529198349 -0.410691321
vn 0.798592627 0.448811173 -0.401021928
vn 0.450497597 -0.776641965 -0.440317422
vn 0.342578501 -0.838481545 -0.423779339
vn 0.357592195 -0.562186778 -0.745703638
vn 0.268915594 -0.621408284 -0.735891521
vn 0.099496603 -0.613996506 -0.783012748
vn 0.338196903 -0.705417871 -0.622903347
vn 0.285913289 -0.764304161 -0.578007519
vn 0.399114698 -0.802327812 -0.44382143
vn 0.105583198 -0.916017711 -0.386993349
vn 0.031696789 -0.724571288 -0.688470542
vn 0.0995978117 -0.911490023 -0.399081737
vn -0.82479018 -0.28799969 0.486597747
vn -0.822382808 -0.292989582 0.487692147
vn -0.835930705 -0.291812778 0.464828134
vn -0.876778483 -0.117615476 0.466289669
vn -0.609224021 -0.358714014 0.707227349
vn -0.837400913 -0.291110992 0.462616652
vn 0.127690896 -0.920051336 -0.370406061
vn 0.133494601 -0.921193719 -0.365487754
vn -0.0149078304 -0.93610692 -0.351399541
vn 0.00331205106 -0.936604917 -0.35037154
vn -0.602606893 -0.359750718 0.712351322
vn -0.31870839 -0.383212745 0.866933048
vn -0.333089888 -0.382999837 0.861604512
vn 0.142604098 -0.920807958 -0.363010943
vn 0.0414199792 -0.35800004 0.93280232
vn 0.153896198 -0.918682814 -0.363782942
vn 0.184406906 -0.910672367 -0.369689137
vn 0.0551025197 -0.362396657 0.930393755
vn 0.0558187887 -0.355791152 0.932897151
vn 0.189986393 -0.358126342 0.91413945
vn 0.427381605 -0.808085442 -0.405392617
vn 0.145215794 -0.921536148 -0.360116035
vn 0.117500499 -0.922610641 -0.367400855
vn 0.133399293 -0.92367816 -0.359198362
vn 0.123814702 -0.923911452 -0.362019151
vn 0.182688698 -0.362004936 0.914099157
vn 0.576169729 -0.0975116044 0.811492503
vn 0.458074212 -0.769400358 -0.445186824
vn 0.453203112 -0.78658843 -0.419387311
vn 0.44271341 -0.797429562 -0.410013229
vn 0.579102874 -0.0950940326 0.809689522
vn 0.807813525 0.163345814 0.566352725
vn 0.804406703 0.158441305 0.572561026
vn 0.443504691 -0.790392518 -0.422591031
vn 0.449683309 -0.781601846 -0.432300329
vn 0.432591707 -0.801071942 -0.413700908
vn 0.888631999 0.395314664 0.232506856
vn 0.888493419 0.39069736 0.24069716
vn 0.830187917 0.549245715 -0.0954839811
vn 0.459111303 -0.776425958 -0.431717008
vn 0.418114692 -0.811110616 -0.408998311
vn 0.757087708 0.60008496 -0.258295417
vn 0.455993205 -0.767256856 -0.450984925
vn 0.452998102 -0.766116619 -0.455914408
vn 0.00601041317 -0.946441233 -0.322820336
vn -0.0180775505 -0.938283265 -0.345395148
vn 0.87131232 0.0476929098 -0.488405794
vn 0.88249898 0.00441511162 -0.47029379
vn 0.857687414 0.153907269 -0.490596473
vn -0.1160997 -0.939564824 -0.322085261
vn 0.849983215 0.15828757 -0.502467811
vn 0.854098618 0.169505581 -0.491714656
vn 0.0166053697 -0.727996707 -0.685379624
vn -0.0551107489 -0.738638163 -0.671845496
vn 0.126699105 -0.974970996 -0.182699159
vn 0.847327113 0.19500117 -0.493974864
vn 0.843753994 0.195688769 -0.499785066
vn 0.849611402 0.158899382 -0.502903104
vn 0.846673906 0.204603672 -0.491203457
vn -0.05988013 -0.809765458 -0.583690047
vn -0.0192085505 -0.933786929 -0.357313842
vn -0.0608615205 -0.936186433 -0.346194863
vn -0.166897506 -0.88786602 -0.428764939
vn -0.265189409 -0.918376267 -0.293700159
vn -0.27749601 -0.889504254 -0.363012761
vn -0.273819804 -0.805724323 -0.525196195
vn -0.256104499 -0.719711602 -0.64531064
vn -0.858322084 0.224290624 0.461494327
vn -0.85776943 0.222484827 0.463392019
vn -0.856701791 0.187077329 0.480691344
vn -0.855597019 0.114599518 0.504797816
vn -0.254976511 -0.714790463 -0.651200235
vn -0.414902002 -0.870327055 -0.265305758
vn -0.411905915 -0.871746957 -0.26531285
vn -0.354492903 -0.894500315 -0.272403836
vn -0.309361309 -0.694218159 -0.649889648
vn 0.842087626 -0.24730593 -0.479299843
vn 0.843975425 -0.274869621 -0.460600048
vn 0.841631114 -0.286024809 -0.458090454
vn 0.841566503 -0.299888343 -0.449258268
vn -0.434581786 -0.861286163 -0.263295949
vn -0.342998087 -0.728092253 -0.593493044
vn 0.411171198 -0.608097553 -0.679084301
vn 0.6924842 -0.662194848 -0.28629303
vn 0.619269371 -0.745187044 -0.247390017
vn 0.686914325 -0.662013531 -0.299811423
vn 0.559901893 -0.766714752 -0.314099312
vn 0.551284611 -0.770100951 -0.320982724
vn 0.70130378 -0.633904159 -0.326095879
vn 0.692495286 -0.64528507 -0.322579712
vn 0.687385023 -0.655486524 -0.312792927
vn 0.539862514 -0.77626884 -0.325507313
vn -0.530223012 -0.735824287 0.421220183
vn -0.532179117 -0.736373067 0.417780071
vn -0.709480286 -0.700680196 -0.0753998011
vn -0.709429502 -0.700827122 -0.0745073408
vn -0.707414925 -0.500591516 -0.498971283
vn -0.70725143 -0.500907958 -0.498885602
vn 0.691278875 -0.662890613 -0.287592709
vn 0.686175525 -0.662197113 -0.301095307
vn 0.686020076 -0.656100631 -0.314497024
vn -0.553907812 -0.18508777 -0.811744273
vn -0.554220915 -0.185505167 -0.811435282
vn 0.699878216 -0.634495854 -0.328002602
vn 0.691277623 -0.645780861 -0.324195117
vn 0.776338518 -0.614520609 -0.140225604
vn 0.783201873 -0.53159225 -0.322497696
vn -0.232400194 0.23180075 -0.944594443
vn -0.228691593 0.235910743 -0.944482028
vn -0.266692013 0.181297153 -0.946576416
vn -0.579182327 -0.812373579 -0.067801185
vn -0.588073075 -0.804713309 -0.0812823847
vn -0.26709941 0.180686444 -0.946578324
vn -0.58000499 -0.811493278 -0.0712248161
vn 0.783013105 -0.53300947 -0.320611
vn 0.780547082 -0.611175597 -0.1311896
vn -0.495592594 -0.73219347 0.467205286
vn -0.496206611 -0.732609153 0.465899974
vn -0.494104505 -0.731406987 0.470004886
vn 0.776704609 -0.613881588 -0.140994906
vn 0.696285427 -0.700897694 -0.154690415
vn 0.617282689 0.657989562 -0.431291074
vn 0.579980314 0.674377859 -0.456987292
vn 0.65022397 0.645529389 -0.400625378
vn 0.654580176 0.645688474 -0.393206388
vn 0.141718805 0.469226956 -0.871631742
vn 0.414685398 0.591563821 -0.691439271
vn 0.527127922 -0.784597218 -0.326410234
vn 0.405501902 0.588202894 -0.699703991
vn 0.555106878 -0.766795218 -0.322306633
vn 0.297115803 -0.128709748 0.946126819
vn 0.136200398 0.0131993387 0.990593374
vn 0.172106907 0.0887999758 0.981067717
vn 0.509204626 -0.416925818 0.752916753
vn 0.254809409 -0.304578036 0.917771459
vn 0.531294107 -0.385488629 0.75440383
vn 0.0808008313 -0.109897062 0.990653276
vn 0.357700199 -0.561996222 0.745795488
vn 0.484610587 -0.487083822 0.72656852
vn 0.0995954201 -0.613685429 0.783243895
vn 0.516978502 -0.421077728 0.745269656
vn 0.269007295 -0.621217906 0.736018598
vn -0.041802939 -0.381725937 0.923329711
vn -0.05501258 -0.738493621 0.672012568
vn 0.0167992096 -0.727686226 0.685704589
vn 0.286073387 -0.764105797 0.578190565
vn 0.0323952399 -0.724020898 0.689016998
vn 0.798703492 0.448900342 0.400701255
vn 0.74262321 0.529216826 0.410414994
vn 0.667224109 0.627900541 0.400690794
vn 0.464005411 -0.765776455 0.445292592
vn 0.34271279 -0.838209867 0.424208045
vn 0.448315203 -0.777734339 0.440616488
vn 0.338306308 -0.70519042 0.623101354
vn 0.64980042 0.631281018 0.423372
vn 0.452982008 -0.766080439 0.455991179
vn 0.399392188 -0.802158058 0.443878889
vn 0.105625898 -0.915918589 0.387216359
vn 0.145292893 -0.92145437 0.360294253
vn 0.456010401 -0.767178059 0.451101482
vn 0.427391887 -0.808022559 0.40550679
vn 0.45829761 -0.769605279 0.44460237
vn 0.75697583 0.600313544 0.258091688
vn 0.835635006 0.543528616 0.0793149695
vn 0.834487975 0.544799089 0.082606636
vn 0.451903909 -0.779314637 0.434110284
vn 0.451119095 -0.784607589 0.425302982
vn 0.888193488 0.383986622 -0.252322644
vn 0.888423622 0.388607621 -0.244310543
vn 0.80070281 0.152602583 -0.579299271
vn 0.803961813 0.157553196 -0.573430419
vn 0.444799602 -0.793206453 0.415905088
vn 0.572731018 -0.100701064 -0.813534617
vn 0.453125894 -0.786727667 0.419209689
vn 0.458287895 -0.777090132 0.431396693
vn 0.441921502 -0.797825933 0.410096675
vn 0.575427294 -0.0982985869 -0.811924219
vn 0.182579607 -0.362184644 -0.914049864
vn 0.189917505 -0.358282357 -0.91409266
vn 0.433411807 -0.803530574 0.408035368
vn 0.419103503 -0.813064933 0.404076368
vn 0.183007807 -0.916008472 0.356982946
vn 0.0549086295 -0.362492144 -0.930367947
vn 0.184409007 -0.912435889 0.365313947
vn 0.539610922 -0.775905132 0.326789767
vn -0.0150116598 -0.937630236 0.347310156
vn 0.00608414412 -0.947095931 0.320893049
vn 0.138201997 -0.923011243 0.359096766
vn 0.157206893 -0.975340903 0.154907629
vn 0.205502898 -0.94081527 0.269509465
vn 0.208388895 -0.937353432 0.279181957
vn 0.216015801 -0.93263638 0.289010137
vn 0.228990793 -0.927010536 0.297009557
vn 0.244209498 -0.921691835 0.301406562
vn 0.526735902 -0.784103632 0.328223884
vn 0.126711294 -0.974894047 0.18310073
vn 0.154689804 -0.920312941 0.359298438
vn -0.46318391 -0.377195269 -0.801987946
vn -0.474189788 -0.37631318 -0.795947671
vn 0.0695101023 -0.353688836 -0.932776868
vn -0.818215013 -0.299249798 -0.490890861
vn 0.127610594 -0.922495782 0.364303648
vn -0.821403503 -0.298496008 -0.486000448
vn -0.822440207 -0.293106198 -0.487525553
vn 0.117715597 -0.922534466 0.367523164
vn 0.128397003 -0.923918784 0.360400259
vn -0.824804485 -0.288110018 -0.486508369
vn -0.876869977 -0.117708229 -0.466094315
vn 0.00440394785 -0.936362386 0.351007253
vn 0.0995870233 -0.911402166 0.399284959
vn 0.0888963863 -0.350508958 -0.932330966
vn 0.846771181 0.204699218 0.490995735
vn 0.8473894 0.19509232 0.493832141
vn 0.843829393 0.195807129 0.499611616
vn 0.854273617 0.169505328 0.491410732
vn 0.836834729 0.221199021 0.500778258
vn 0.850699008 0.158782721 0.501098275
vn 0.187315702 -0.974780977 0.121305145
vn 0.1167005 -0.976275325 0.182394043
vn -0.0186015908 -0.934216678 0.356220961
vn 0.850377619 0.158296824 0.50179702
vn -0.0607122704 -0.936486363 0.345409155
vn -0.0190861207 -0.933833182 0.35719946
vn -0.0597983487 -0.809565127 0.583976507
vn -0.166812301 -0.887722552 0.429094762
vn -0.0807999298 -0.936880231 0.340186656
vn -0.255197406 -0.920431376 0.296109259
vn -0.231582299 -0.947097957 0.222205356
vn -0.265105903 -0.918332279 0.293912858
vn -0.850791514 0.0831046924 -0.518890619
vn -0.856188715 0.0899008736 -0.508781791
vn -0.853984892 0.0851131827 -0.513289213
vn -0.857668579 0.0909959227 -0.506087303
vn 0.0742793009 0.188305229 0.979297638
vn 0.0528215095 0.215797842 0.975008368
vn 0.0595913492 0.214197233 0.974970937
vn -0.359600097 -0.91089046 0.202401653
vn -0.378386289 -0.908411384 0.177799046
vn -0.32570681 -0.940797389 0.0938901454
vn -0.320392907 -0.943335891 0.0864045843
vn -0.829295099 0.235308185 -0.506852746
vn -0.828982294 0.236456886 -0.506829917
vn -0.829846978 0.237146795 -0.505089641
vn -0.831038475 0.234919995 -0.50417012
vn -0.836089671 0.221001267 -0.502108157
vn -0.259673089 -0.965668201 0.00740941474
vn -0.316989303 -0.945167005 0.0785949454
vn -0.38468039 -0.919997573 0.0750032887
vn -0.337987989 -0.94112432 0.00701733958
vn -0.263601094 -0.964603484 0.00739844795
vn -0.327123314 -0.940304875 0.0938992053
vn -0.8385337 0.221711174 -0.497700065
vn -0.263928711 -0.964516819 -0.00700394111
vn -0.335685104 -0.941974282 9.98379328e-05
vn -0.966411114 0.257001191 9.91332636e-05
vn -0.966460407 0.256815791 9.00206433e-05
vn -0.261266112 -0.965266824 0.000100558733
vn 0.942404091 -0.334476411 0.000319456507
vn 0.802496016 -0.283196777 0.525166452
vn 0.800613523 -0.28250429 0.528402627
vn 0.942392409 -0.334509611 -0.000180690491
vn -0.334717989 -0.94231838 9.96951712e-05
vn -0.336816609 -0.941544294 0.00700124586
vn 0.810611427 -0.296297997 0.505090833
vn -0.377800912 -0.923636615 0.0645141825
vn 0.811084509 -0.297973782 0.50334245
vn 0.8091892 -0.300598294 0.504830241
vn -0.398589611 -0.912101626 0.0959010422
vn 0.810317993 -0.301308393 0.502591431
vn 0.809765697 -0.310456395 0.497892052
vn -0.450695992 -0.873087645 0.185987055
vn 0.809820473 -0.312200904 0.496710628
vn -0.44129169 -0.881497204 0.168000653
vn -0.378114015 -0.908542216 0.177710444
vn -0.450599194 -0.873112679 0.186104253
vn 0.810311496 -0.312712401 0.495587051
vn -0.398184806 -0.912268102 0.0959993228
vn -0.455484509 -0.869470537 0.191193357
vn 0.519790828 -0.0855420381 0.850000203
vn 0.521879971 -0.0873623118 0.848533571
vn 0.0908831879 0.169707641 0.981294811
vn -0.455913007 -0.869312465 0.190890655
vn -0.463068098 -0.865163863 0.19250907
vn 0.0923135206 0.16889593 0.981301427
vn -0.463010997 -0.865128875 0.19280307
vn -0.379192293 -0.906677842 0.184793547
vn -0.822525024 0.24191469 -0.514713645
vn -0.819012523 0.239103794 -0.521582067
vn -0.924286902 0.380300611 -0.0326363966
vn -0.924366891 0.379918307 -0.034757968
vn -0.375913709 -0.906395733 0.192706645
vn -0.784268975 0.422093242 0.45470795
vn -0.786395073 0.422198653 0.450922459
vn -0.368594706 -0.907973766 0.199303254
vn -0.418271393 0.353398561 0.836754739
vn -0.418774307 0.35357976 0.836426675
vn 0.0781149194 0.186700135 0.979306579
vn -0.368688703 -0.907982588 0.199089244
vn -0.376177311 -0.906311452 0.192588955
vn -0.359489202 -0.910870373 0.202688858
vn -0.25619489 -0.930013835 0.263511539
vn -0.235509202 -0.946083844 0.222398147
vn -0.379317105 -0.906623483 0.184803545
vn -0.829189777 0.219203308 0.51419276
vn -0.256922394 -0.966431975 9.82796482e-05
vn -0.344174504 -0.90049696 0.265799642
vn -0.348299801 -0.901064277 0.258400142
vn -0.35621509 -0.89983058 0.251824856
vn -0.365726203 -0.897013783 0.248215452
vn -0.863113701 0.121705785 -0.490124881
vn -0.344976693 -0.898669779 0.270894557
vn -0.290114105 -0.912434876 0.288611561
vn -0.0946133137 -0.23069793 -0.968414664
vn -0.0993173122 -0.228691131 -0.968419671
vn 0.3950032 -0.390511453 -0.831548631
vn -0.109611399 -0.214722142 -0.97050488
vn -0.430477887 -0.87008214 0.240095749
vn -0.125807405 -0.200312242 -0.971621156
vn -0.1253829 -0.19990173 -0.971760571
vn -0.516913712 -0.822721481 0.236494571
vn -0.512006223 -0.81852448 0.260513872
vn -0.569991171 -0.778568864 0.262565583
vn -0.649103522 -0.718718469 0.249215677
vn -0.454613298 -0.851125538 0.262511253
vn -0.365705699 -0.896692276 0.249403849
vn -0.166690305 -0.185318336 -0.968437672
vn -0.145992503 -0.191890329 -0.970496953
vn -0.511772513 -0.818672776 0.260506988
vn -0.343578488 -0.898994982 0.271591753
vn -0.343907803 -0.896162987 0.280391753
vn -0.358678907 -0.813597441 0.457611769
vn -0.343283713 -0.897272646 0.277593344
vn 0.840086579 -0.160797194 0.518072128
vn 0.833387494 -0.156392694 0.530100524
vn 0.903060615 -0.234886661 0.359596878
vn 0.842192173 -0.24731718 0.479110271
vn 0.938625097 -0.338208914 0.0678068399
vn 0.938407779 -0.339906394 0.0620843135
vn -0.348189801 -0.900272071 0.261293054
vn 0.785564899 -0.432183832 -0.442837268
vn -0.356220305 -0.899436474 0.253221959
vn 0.786565602 -0.432226151 -0.441016167
vn 0.396189809 -0.390693456 -0.830898583
vn 0.844105005 -0.274800092 0.46040383
vn 0.841719627 -0.285898 0.458007127
vn -0.342923909 -0.727843821 0.593840659
vn -0.403249502 -0.636025429 0.657922089
vn -0.414811313 -0.870217562 0.265806347
vn -0.354424387 -0.894435465 0.272706062
vn 0.841528714 -0.29990986 0.449314535
vn -0.411802888 -0.871707439 0.265602261
vn -0.434328288 -0.86131984 0.263604552
vn -0.331308603 -0.684935927 0.648920298
vn -0.309377313 -0.694702446 0.649364591
vn -0.254995197 -0.714767098 0.651218474
vn -0.856786489 0.186976478 -0.480579585
vn -0.85868299 0.224185273 -0.460873574
vn -0.859111011 0.222493574 -0.460895956
vn -0.130084902 -0.207611367 0.969523311
vn -0.255889088 -0.719171941 0.645997405
vn -0.1222082 -0.20718646 0.970638335
vn -0.00579011394 -0.010885573 0.999924123
vn -0.1343119 0.0250998884 0.990621209
vn -0.00580096198 -0.0108086234 0.999924779
vn -0.0473060608 0.128397942 0.990593791
vn 0.0483132005 0.0758019164 0.995951772
vn -0.244995207 0.211991146 0.946063936
vn -0.148502097 0.23100403 0.961553156
vn 0.00640338613 0.193379536 0.981103182
vn 0.00679170992 0.193391532 0.981098175
vn 0.0484954081 0.0763963535 0.995897472
vn 0.0775890276 0.124591336 0.989169896
vn 0.30737251 0.489385486 0.816102982
vn 0.171892703 0.0886913165 0.981115103
vn 0.31057021 0.493558675 0.812370539
vn -0.385102808 0.0975033343 0.917708576
vn -0.150818005 0.231631443 0.96104157
vn -0.577411294 0.312003583 0.75448668
vn -0.59658432 0.278511167 0.75267446
vn -0.780110717 0.434329331 0.450316846
vn -0.781878412 0.420694917 0.460089147
vn -0.774981916 0.433061004 0.460284173
vn -0.803294003 0.378309608 0.460000664
vn -0.784179926 0.437379032 0.440183461
vn 0.604807377 0.716791153 0.347013831
vn 0.527085423 0.791486442 0.309403121
vn 0.523496091 0.794598639 0.307513922
vn 0.563409328 0.802739859 0.195394129
vn 0.606537819 0.711631715 0.35453102
vn 0.445612907 0.890820324 -0.0887035504
vn -0.790281773 0.438598454 0.427885652
vn 0.212306306 0.853317678 -0.476208955
vn 0.199202999 0.846759975 -0.493270457
vn 0.448061496 0.889922202 -0.0853203908
vn -0.065315783 0.627583325 -0.775804758
vn -0.780096889 0.435096443 0.449599862
vn -0.78852433 0.437424242 0.432307273
vn -0.800927579 0.431220233 0.415408462
vn -0.795950115 0.436123431 0.419833064
vn -0.399207711 0.123404153 -0.908517778
vn -0.398989111 0.123702347 -0.908573389
vn -0.366016388 0.196496144 -0.90962702
vn -0.365819812 0.196893945 -0.909620166
vn -0.0754163191 0.616787791 -0.78350836
vn -0.867587507 0.269698739 0.417797029
vn -0.812212586 0.356307715 0.461904466
vn -0.801196873 0.432091147 0.413981646
vn -0.796361923 0.436885953 0.41825667
vn -0.868216872 0.269996345 0.416294932
vn -0.85848099 0.225788921 0.460466921
vn -0.64917928 0.225399286 0.726471961
vn -0.775116801 0.432034224 0.461021155
vn -0.773329377 0.430421412 0.465509474
vn -0.603587091 0.283497274 0.745192647
vn -0.7257604 0.107716687 0.679462373
vn -0.661290407 0.0795960426 0.745895088
vn -0.414975703 -0.829873443 -0.372968256
vn -0.215092704 -0.905695915 -0.365308255
vn -0.273206592 -0.886784852 -0.372788161
vn -0.895316422 0.0667019859 0.440408111
vn -0.891062796 0.0874138251 0.445383012
vn -0.867510676 0.233125418 0.439406127
vn -0.903995574 -0.053400699 0.42419371
vn -0.676390409 -0.0260943696 0.736081004
vn 0.267887712 0.885396123 0.379881442
vn 0.155805796 0.898645759 0.410073936
vn 0.0591965914 0.914425552 0.400402158
vn 0.280412495 0.869731843 0.406122446
vn 0.129603297 0.988222778 0.0813560262
vn -0.898124576 0.0701143593 0.434115499
vn -0.896041393 0.0114934277 0.443821698
vn -0.812661827 -0.0735960975 0.578069687
vn -0.781822205 -0.000119895572 0.623501599
vn -0.88662231 0.0772092119 0.456004113
vn -0.871323526 -0.301323265 0.387298048
vn -0.864481986 -0.304696172 0.399788827
vn -0.666563511 -0.284899026 0.688858151
vn 0.0971925184 -0.867981553 -0.486992538
vn 0.0913894698 -0.868103027 -0.487898856
vn 0.0985960886 -0.879795969 -0.465013951
vn 0.274920493 -0.841709316 -0.464697838
vn -0.845456421 -0.402583063 0.350899547
vn -0.886832178 -0.283998758 0.364517838
vn -0.134299099 -0.589923084 -0.796212614
vn 0.0998967215 -0.880920649 -0.462600857
vn -0.139899701 -0.580298066 -0.802298248
vn -0.89349848 -0.267902374 0.360401183
vn -0.882478714 -0.293190658 0.367791742
vn -0.888269305 -0.284384757 0.360698044
vn -0.340805709 -0.117994249 -0.93269968
vn -0.345009208 -0.104101248 -0.932808518
vn -0.405316204 0.0159941595 -0.914036572
vn -0.350313604 -0.107788153 -0.93040961
vn -0.913367629 0.0354896635 0.405586392
vn -0.405689001 0.00778826978 -0.913977981
vn -0.338688195 0.472985208 -0.81337297
vn -0.892077088 0.0803044289 0.444690704
vn -0.9052549 0.0680979341 0.419376105
vn -0.910517871 0.053403724 0.410006404
vn -0.898723781 0.0774828643 0.4316158
vn -0.208883896 0.787833214 -0.579384685
vn -0.0382057987 0.966707587 -0.253015637
vn -0.0340161286 0.968995571 -0.24472554
vn -0.205899805 0.79325062 -0.573026299
vn -0.902567327 0.067076914 0.425291598
vn -0.907582402 0.057701692 0.415890306
vn -0.911948681 0.043098852 0.408034503
vn -0.337602288 0.476782233 -0.811605453
vn 0.128113493 0.988680184 0.078093037
vn 0.214612499 0.942109525 0.257625848
vn -0.888896227 0.0792933479 0.451194108
vn -0.870405972 0.241201326 0.429203242
vn -0.411691606 -0.83878547 -0.356299043
vn -0.412099302 -0.838121355 -0.357389063
vn -0.414000303 -0.827389657 -0.379513144
vn -0.870236516 0.249294922 0.42490083
vn -0.868084013 0.241894633 0.433494329
vn -0.486012101 -0.576297581 -0.657018721
vn -0.485987514 -0.576328576 -0.657009602
vn -0.869876206 0.258996934 0.419804841
vn -0.481197894 -0.25961715 -0.837285936
vn -0.480992407 -0.259071857 -0.837572634
vn -0.870429277 0.259708136 0.41821593
vn -0.871206522 0.249492526 0.422791719
vn -0.2545017 -0.405596644 0.877906859
vn -0.273688912 -0.80557853 0.525487959
vn -0.855663598 0.114592485 -0.504686415
vn -0.27742359 -0.889446676 0.363209158
vn -0.473328501 -0.595932126 0.64871031
vn -0.417422801 -0.638999999 0.646093786
vn -0.50657928 -0.624768198 0.594173491
vn -0.577917814 -0.676737368 0.456111282
vn -0.623104393 0.634013355 0.458004475
vn -0.635502875 0.627902567 0.449304402
vn -0.613504171 0.641305149 0.460804105
vn -0.587806404 0.651580513 0.479506612
vn -0.524236023 0.690310836 0.498645723
vn -0.515415728 0.687313855 0.511807203
vn -0.658088624 -0.698821485 0.280299693
vn -0.603544712 0.711730957 0.35940662
vn -0.659268022 -0.69879204 0.277588695
vn -0.712088227 0.698790729 0.0679850429
vn -0.713257492 0.698143423 0.0621255562
vn -0.660651922 -0.699880242 0.271489769
vn -0.662071526 -0.700764954 0.265687674
vn -0.730290771 0.519694746 -0.443387717
vn -0.730629623 0.520712674 -0.441631913
vn -0.660792708 -0.704717755 0.258313686
vn -0.659902215 -0.704490066 0.261195272
vn -0.523557901 0.186727136 -0.831276119
vn -0.655564606 -0.711463332 0.253091067
vn -0.52219367 0.18520093 -0.832474947
vn -0.161803395 -0.187305033 -0.96888417
vn -0.656194508 -0.711404562 0.251620084
vn -0.587116718 -0.765414178 0.263505787
vn -0.606622875 -0.749340951 0.265512466
vn -0.533136606 -0.540039003 0.651247621
vn -0.491505802 -0.579787135 0.649822354
vn 0.857723773 0.153988719 0.490507334
vn 0.882558584 0.00450204033 0.470181108
vn 0.871381223 0.0475912429 0.488292992
vn 0.802316308 0.279307216 0.527518749
vn 0.843540311 0.226405531 0.487011641
vn 0.204697594 -0.97241962 0.111799844
vn 0.361481011 -0.924794078 0.118689954
vn 0.336668402 -0.931053817 0.140688956
vn 0.814378977 0.283290118 0.506491661
vn 0.319514304 -0.947526574 0.010200575
vn -0.779317796 -0.386009425 -0.493619949
vn -0.790916026 -0.364813715 -0.491287172
vn -0.793802381 -0.378400415 -0.476120859
vn -0.799999416 -0.365781903 -0.47560975
vn 0.341093302 -0.929455876 0.140595555
vn 0.388671607 -0.915669918 0.102386452
vn 0.495187104 -0.868718088 0.0108910482
vn -0.748737872 -0.433220804 -0.501708388
vn 0.535389185 -0.778189182 0.328298986
vn -0.819008708 -0.309903711 -0.482891947
vn 0.239982694 -0.92260313 0.302012742
vn 0.202481002 -0.943561554 0.262093455
vn 0.533101082 -0.779803276 0.328192472
vn 0.223700106 -0.92808497 0.297685355
vn 0.201109007 -0.938699484 0.279997259
vn -0.492119312 0.156006366 0.856434882
vn -0.0751868412 0.292503655 0.953304052
vn -0.496417701 0.154409871 0.854240716
vn -0.0653021336 0.295103163 0.953231335
vn -0.211704597 0.252609342 0.944123864
vn 0.197997898 -0.942196965 0.270299852
vn -0.963201106 -0.23858498 -0.12377774
vn -0.961259425 -0.134199545 0.240771592
vn -0.964098871 -0.13910073 0.226195276
vn 0.209023803 -0.934016764 0.28969264
vn -0.795807183 0.00899608899 0.605483294
vn -0.804844916 0.00328185339 0.593476176
vn -0.962222219 -0.239821285 -0.128896445
vn -0.823542416 -0.308817714 -0.475825161
vn 0.208196402 -0.942483842 0.261493057
vn 0.563700318 -0.763388872 0.31540367
vn 0.545418501 -0.771819472 0.326823384
vn -0.210178003 0.253708154 0.944170237
vn -0.141419798 0.300500363 0.943239033
vn 0.133099198 0.464591652 0.875465274
vn 0.555896282 -0.766184151 0.322399467
vn 0.4050771 0.58817178 0.699976146
vn 0.414203286 0.591495275 0.691786826
vn 0.141721398 0.469228357 0.871630669
vn 0.551192284 -0.769703686 0.322092384
vn 0.559923112 -0.766323864 0.315014184
vn 0.641315997 0.645217359 0.415220827
vn 0.617392182 0.658083141 0.430991322
vn 0.636116982 0.644829035 0.423734218
vn 0.695626378 -0.701746106 0.15380688
vn 0.575790823 0.672094643 0.465568215
vn 0.580101609 0.674401164 0.45679903
vn 0.567685127 0.678180754 0.466695428
vn 0.730011702 -0.675521791 0.103697889
vn 0.55856657 0.677263558 0.478871316
vn 0.530396283 0.665697038 0.524906933
vn 0.786310673 -0.606301308 0.118804201
vn 0.719562709 -0.68378818 0.121091992
vn 0.778490007 -0.627572417 0.0103197778
vn 0.696229577 -0.700928509 0.154801786
vn 0.529920518 0.665212512 0.526000619
vn 0.777958393 -0.62822479 0.0106991073
vn 0.625902176 0.779901505 -0.000547387928
vn 0.779653609 -0.626211226 1.37784707e-06
vn -0.0179008208 -0.938144982 0.345779657
vn -0.116009198 -0.939473689 0.322383553
vn 0.58732003 -0.681106865 0.437205493
vn 0.59413749 -0.680331588 0.429126769
vn -0.570043683 -0.733127356 -0.370910525
vn -0.561493814 -0.734847963 -0.380425006
vn -0.569420576 -0.730607867 -0.376792222
vn -0.681314588 -0.62970376 -0.373207182
vn -0.565113127 -0.734504163 -0.375700712
vn -0.723025024 -0.585832715 -0.366107583
vn 0.601229012 -0.678104281 0.422727495
vn -0.311601013 -0.688200057 -0.655198932
vn -0.311206609 -0.688004255 -0.655591846
vn -0.0259494092 -0.546018481 -0.837371171
vn 0.601307213 -0.676610887 0.425002784
vn 0.610009313 -0.672103941 0.419719994
vn 0.618589699 -0.665493131 0.417690992
vn 0.593402803 -0.678326547 0.433296978
vn 0.308688492 -0.283079147 -0.908062637
vn 0.309106201 -0.282579452 -0.908076167
vn 0.336100906 -0.244071245 -0.909651279
vn 0.672777176 -0.577881634 0.461978018
vn 0.736055017 -0.534481585 0.415394604
vn 0.574490428 -0.676677883 0.460508287
vn 0.619010925 -0.665705144 0.41672799
vn 0.610104024 -0.672904253 0.418297678
vn 0.73677218 -0.534495234 0.414103508
vn -0.0264862701 -0.546464205 -0.83706367
vn 0.336484104 -0.243584752 -0.909640074
vn 0.739086926 -0.52808708 0.418180197
vn 0.593420029 0.212484315 -0.776339531
vn 0.587996483 0.198593229 -0.784105241
vn 0.738001108 -0.521699786 0.427999824
vn 0.676395416 0.544317782 -0.496193022
vn 0.73431021 -0.516813338 0.440105021
vn 0.676760972 0.559115052 -0.4789415
vn 0.610214472 0.786943197 -0.0914266035
vn 0.608853519 0.7884565 -0.0873715729
vn 0.738172293 -0.527871966 0.420063108
vn 0.736114979 -0.520810664 0.432309002
vn 0.730522513 -0.514087737 0.449500412
vn 0.478719085 0.855720818 0.196391836
vn 0.725509107 -0.510898948 0.461106211
vn 0.369328707 0.853848338 0.366796136
vn 0.3658126 0.853234649 0.371714741
vn 0.723088205 -0.510182977 0.465678811
vn 0.484095901 0.817690253 0.311502516
vn 0.72630918 -0.510465682 0.460325718
vn 0.717689395 -0.522714734 0.46009922
vn 0.730081201 -0.514291048 0.44998461
vn 0.688979506 -0.560101271 0.459993303
vn 0.488398999 0.815774262 0.30980432
vn 0.538520813 -0.373915523 0.755104363
vn -0.3644934 -0.863867462 -0.347674638
vn -0.418076098 -0.852491319 -0.31380105
vn -0.367388994 -0.864302337 -0.343521237
vn 0.73584342 -0.493732482 0.4634251
vn 0.411232501 -0.607907414 0.679217458
vn 0.691081882 -0.645988166 0.32419917
vn 0.686102211 -0.656009972 0.314507276
vn 0.686058104 -0.662277937 0.301184982
vn 0.244298607 -0.921964765 -0.300498247
vn 0.228893206 -0.927387118 -0.29590705
vn -0.379506707 -0.906586051 -0.184598044
vn -0.359613091 -0.910927534 -0.20221135
vn -0.92428273 0.38031441 0.0325952135
vn -0.376428187 -0.90624392 -0.192415342
vn -0.368789494 -0.907985628 -0.198887855
vn -0.924384892 0.379790097 0.0356669426
vn -0.784191012 0.422101647 -0.454835027
vn -0.786315799 0.422215372 -0.451044947
vn -0.418309212 0.353296459 -0.836778939
vn -0.418718189 0.353380859 -0.836538851
vn 0.0899878666 0.181807265 -0.979208112
vn 0.0934177637 0.180494159 -0.979129791
vn 0.0595103987 0.213997558 -0.975019753
vn 0.0526922904 0.21571137 -0.975034416
vn 0.399839401 -0.391625643 0.828708649
vn -0.347991496 -0.900377512 -0.261193752
vn -0.356209606 -0.899498463 -0.253016263
vn -0.602747023 0.712516785 -0.359187871
vn -0.635409474 0.627909482 -0.449426919
vn -0.00590681983 -0.00981493294 -0.999934375
vn -0.587212205 -0.765442729 -0.263209909
vn -0.855533123 -0.404632747 -0.323010147
vn -0.190698102 0.847812533 -0.49482125
vn -0.933891177 -0.307297677 -0.18279925
vn -0.182199404 0.851419866 -0.491820663
vn -0.946988583 -0.280909359 -0.155892447
vn -0.985104501 -0.0990030468 -0.140597209
vn -0.940158427 -0.218573153 -0.261396527
vn -0.937316179 -0.221402153 -0.269108534
vn -0.160581395 0.858277977 -0.487414241
vn -0.162424698 0.849851787 -0.501368582
vn -0.965381801 -0.23571749 -0.111693338
vn 0.201801807 -0.971699417 0.122785941
vn 0.200390995 -0.971347272 0.127780437
vn 0.0746113583 -0.872005045 0.483777255
vn 0.29195419 -0.92868197 -0.228719845
vn -0.935364127 -0.217904955 -0.278588444
vn 0.0671124384 -0.86231935 0.501897573
vn -0.933302224 -0.224701554 -0.280100733
vn -0.935269773 -0.228381157 -0.270393044
vn -0.938295603 -0.225616455 -0.262104332
vn 0.295395494 -0.92390877 -0.243175149
vn -0.935616374 -0.182621956 -0.302111238
vn -0.932765126 -0.214684859 -0.28958562
vn 0.352603495 -0.710905075 -0.608510315
vn 0.351512313 -0.721767604 -0.596230447
vn 0.353597194 -0.376697958 -0.856193781
vn -0.933516979 -0.199799761 -0.297701418
vn 0.353305787 -0.372120559 -0.858313084
vn -0.934672415 -0.208300859 -0.288094431
vn -0.935253322 -0.194296062 -0.295889139
vn 0.296401203 0.0580966175 -0.953294873
vn 0.294512987 0.0680830181 -0.953219295
vn -0.937113106 -0.178203851 -0.300104022
vn 0.319199204 -0.0825011954 -0.94408977
vn 0.320205212 -0.0755829439 -0.944328308
vn -0.935389578 0.135569066 -0.326599479
vn 0.327997297 -0.0271850452 -0.944287419
vn -0.933294296 0.144901261 -0.328581065
vn 0.36201781 0.326701552 -0.873045862
vn 0.0162222907 -0.879181087 0.476211756
vn 0.0131992102 -0.870607734 0.491800845
vn 0.00230127503 -0.879123449 0.476588756
vn -0.990181208 -0.073987335 -0.118605211
vn -0.992539287 -0.1214986 -0.0101993792
vn -0.0676999018 -0.872227967 0.48439154
vn -0.0106992098 -0.869472086 0.493866265
vn -0.998153508 0.059774451 -0.0108066611
vn -0.993246913 -0.116019599 -2.88924184e-06
vn -0.0950965807 0.84383446 -0.528109968
vn -0.0967963263 0.857379973 -0.505499661
vn -0.112298101 0.993674576 -0.000124664104
vn -0.1122673 0.993677974 -8.96600104e-05
vn -0.993661404 -0.112415098 -1.45115473e-06
vn -0.998185575 0.0592921302 0.0104971593
vn -0.997851789 0.0655129477 -8.79637628e-06
vn -0.0775982067 -0.99698478 -1.92771295e-05
vn -0.07758867 -0.996985495 9.59043682e-05
vn -0.0672057793 -0.862608373 0.501388252
vn -0.0671933815 -0.861374915 -0.503506243
vn -0.0107010603 -0.869582951 -0.49367094
vn -0.0650058314 -0.847319663 -0.527090132
vn -0.997395813 0.0712943599 0.010897941
vn -0.993673682 -0.0458980352 0.102499194
vn 0.500391483 -0.223985538 0.836324751
vn -0.750286102 -0.622585237 0.222392499
vn 0.200392202 -0.971356988 -0.127705365
vn 0.2924833 0.078302525 0.953059375
vn 0.290379703 0.0890940651 0.952754974
vn 0.361777991 0.317270637 -0.87661624
vn 0.355389297 0.624402523 -0.69557178
vn -0.43403101 -0.796363831 0.421214491
vn -0.445307702 -0.76461184 0.465907484
vn -0.445197701 -0.76420933 0.46667248
vn -0.149782106 -0.85844487 -0.490548462
vn 0.0673023984 -0.588108361 -0.805977106
vn -0.150191605 -0.858900845 -0.489624262
vn 0.302890092 -0.125619754 -0.944710076
vn 0.0678082108 -0.587184608 -0.806608021
vn -0.325706601 -0.942696273 -0.0723807588
vn -0.888322771 0.334710062 -0.314407349
vn -0.893862128 0.332107574 -0.30118975
vn -0.896659315 0.33660087 -0.287579954
vn -0.874756098 0.356780559 -0.327886432
vn -0.881331921 0.343821257 -0.324100435
vn 0.303498089 -0.124104343 -0.944715321
vn 0.278900594 -0.161884755 -0.946577013
vn -0.435402215 -0.788602173 0.434202492
vn -0.325416297 -0.942727029 -0.0732810274
vn -0.884283304 0.0732100159 -0.461176008
vn -0.885184407 0.0764952451 -0.458908886
vn -0.88622272 0.0798967555 -0.456317604
vn 0.133716106 0.985799611 -0.101583138
vn 0.230036303 0.937217772 -0.262119144
vn 0.305810899 0.868469656 -0.390179753
vn -0.820326626 0.473500669 -0.320719898
vn 0.278503507 -0.162577957 -0.946574986
vn -0.470302492 -0.87877202 -0.0810899884
vn -0.479912609 -0.874429703 -0.0711107999
vn -0.481075704 -0.874068022 -0.0676121935
vn -0.793738186 0.435418665 -0.424723834
vn -0.765275002 0.448668391 -0.461574346
vn -0.465616494 -0.881166697 -0.0821384341
vn -0.466487795 -0.880792677 -0.0812001452
vn -0.465623796 -0.881169677 -0.0820648223
vn -0.695512772 0.41338259 -0.587687731
vn -0.76600641 0.447721899 -0.461280346
vn -0.619825304 -0.704826176 0.345016986
vn -0.586385906 -0.746698856 0.313994467
vn -0.618784785 -0.707983732 0.340388685
vn 0.04760563 0.076788947 -0.995910287
vn 0.00570374681 0.192508668 -0.981278718
vn 0.00560599519 0.192720965 -0.98123765
vn 0.246216506 0.541698813 -0.803703964
vn 0.0776037499 0.124311961 -0.98920387
vn 0.437490791 0.779575467 -0.448178381
vn 0.371781707 0.812007666 -0.449913174
vn 0.532092273 0.846686423 -8.8792156e-05
vn 0.474311709 0.754684448 -0.453298777
vn -0.871096194 0.491112411 -0.00019875
vn -0.76439482 0.448190004 0.463493466
vn -0.770696282 0.60150075 0.210295409
vn -0.711163402 0.684462607 0.160491899
vn -0.764280677 0.634889305 0.113095701
vn -0.714976609 0.679573119 0.164283305
vn -0.711096406 0.684295774 0.161497101
vn -0.666089296 0.733773172 0.133798718
vn -0.667265415 0.741174877 0.0735987425
vn -0.712022007 0.69662112 0.0880003422
vn -0.770488799 0.600286722 0.214482903
vn -0.583325326 0.554605186 0.593418002
vn -0.625065327 0.465845406 0.62632376
vn -0.550412774 0.602634788 0.577821136
vn -0.325627297 0.309604853 0.893370986
vn -0.30709669 0.340900242 0.888526261
vn -0.549794793 0.601878464 0.579196036
vn -0.196000606 0.8003003 0.566659749
vn -0.236514196 0.964437306 0.117990859
vn -0.306896806 0.340683937 0.888678133
vn -0.111003503 0.452708364 0.884722233
vn 0.125190407 0.453972042 0.882177234
vn 0.220708296 0.800647497 0.557002246
vn 2.9168998e-06 -1.03255215e-05 1
vn 9.55910036e-06 -1.34845213e-05 1
vn 5.92321044e-07 7.15354918e-06 1
vn -2.12131999e-06 1.42464787e-05 1
vn 1.01066989e-05 -3.70940097e-06 1
vn -7.61449019e-06 -5.87779027e-07 1
vn -9.90926992e-07 -1.02160004e-06 1
vn 2.81631992e-06 6.31907869e-06 1
vn 0.332428813 0.348121554 0.87652874
vn 0.328308493 -0.090909034 0.940185726
vn 0.298662692 -0.0585780479 0.952559412
vn 0.444113702 -0.122980244 0.887490273
vn 0.583177209 -0.114793032 0.804193318
vn 0.281121492 -0.0286916271 0.959243178
vn 0.55070132 -0.0561946742 0.832808793
vn 0.542698085 -0.00779183395 0.839891672
vn 1.07139003e-05 -2.67889095e-06 1
vn -1.30012995e-05 2.31257782e-05 1
vn -1.09644998e-05 -2.04117205e-05 1
vn 1.59889005e-05 3.96935911e-06 1
vn 2.74181002e-06 -9.016072e-06 1
vn -0.3454023 0.257308364 0.902490735
vn -0.362222493 0.176211044 0.915283799
vn 1.32098994e-05 -1.23036207e-05 1
vn -0.370879799 0.0816991031 0.92508018
vn -0.256366193 0.134595856 0.957162678
vn 0.323129803 0.21180445 0.922348082
vn 0.363825589 0.238494053 0.900417447
vn -0.147294506 0.17679213 0.97316432
vn -0.0494971201 0.214992836 0.975360572
vn 0.369373292 0.242182449 0.897168338
vn -1.34109996e-07 6.13654902e-06 1
vn 0.36939621 0.242190644 0.897156835
vn 0.524179399 0.343698591 0.779170871
vn 0.555585802 0.364293188 0.747405469
vn 0.369363695 0.242193952 0.897169173
vn 0.649683177 0.425897121 0.629701078
vn -3.4943198e-06 -1.17411209e-05 1
vn -6.60865953e-06 -2.80788095e-06 1
vn 1.21999001e-05 -7.08172092e-06 1
vn -7.36094023e-07 1.1994578e-05 1
vn 0.54329139 0.0284779444 0.839061022
vn 0.912160099 0.0454844125 0.407302409
vn 0.911948919 -0.00131148787 0.410301596
vn 0.912176609 0.0477909334 0.407001108
vn 0.911502123 0.0850982517 0.402395815
vn 0.544162273 0.057230331 0.837025821
vn 0.911218524 0.0964057297 0.400483429
vn 0.910974085 0.117395036 0.395404637
vn 0.546523213 0.0786998048 0.83373791
vn 1.3721e-05 -1.19084216e-05 1
vn 0.919713974 0.118094839 0.37440604
vn 0.921352029 0.085804224 0.379141301
vn 0.995832324 0.0911965296 -0.00113384414
vn 0.922578275 0.0458991453 0.383070201
vn 0.986489415 0.0477968752 0.15669781
vn 0.922382712 -0.00170034496 0.386273593
vn 0.972434402 0.0395034142 0.229806393
vn 0.969624817 0.244597405 2.42878059e-07
vn 0.974147379 0.225913107 4.06075003e-07
vn 0.974076688 0.226217896 -5.30785428e-07
vn 0.969218612 0.246202305 1.54974157e-06
vn 0.936382413 0.350981712 0.000187869184
vn 0.972569525 -0.000797614863 0.232611403
vn 1.83352986e-05 9.2918126e-05 -1
vn 0.936371684 0.351010203 5.71869307e-08
vn 0.829102516 0.559096813 9.10886087e-08
vn 0.972020626 -0.0536032654 0.228697985
vn 0.973007321 -0.110500231 0.202599481
vn 0.923395276 -0.0596018434 0.379195005
vn -0.00020589499 0.000287778937 -1
vn 0.930867314 -0.130991966 0.34106797
vn 0.974729002 -0.167307124 0.148026273
vn 5.73862962e-05 8.69041178e-05 -1
vn 0.944404423 -0.202296749 0.259184062
vn 0.974661171 -0.175796524 0.138315275
vn 0.000113632996 0.000141941913 -1
vn 4.79272967e-05 -1.29797911e-06 -1
vn 1.46711991e-05 0.000126195911 -1
vn 0.568670511 0.822565377 1.34013177e-07
vn 0.613490283 0.789702296 -2.79148389e-05
vn 0.568671823 0.822564602 9.30958122e-05
vn 0.829101205 0.55909878 9.10889284e-08
vn 1.82367985e-05 9.24685737e-05 1
vn 9.92232017e-05 -7.94375228e-05 1
vn 5.73297948e-05 8.64012691e-05 1
vn 0.00011363699 0.000141613069 1
vn 0.974097788 -0.168302163 -0.151022837
vn 0.930689871 -0.131399736 -0.341394931
vn 0.944299281 -0.202792361 -0.259179741
vn 0.974097013 -0.176800966 -0.140984729
vn 0.972064197 -0.111195564 -0.206704915
vn 4.64396981e-05 -1.73977094e-06 1
vn 0.000110718 -2.02913216e-05 1
vn 5.55068027e-07 -0.000100853918 1
vn -0.0149050299 -0.0221048426 0.999644578
vn -2.07926987e-05 5.43549759e-05 1
vn 0.000166949991 -3.68186193e-05 1
vn 0.000166572994 -3.51149174e-05 1
vn 0.000101444995 0.000477169087 0.999999881
vn -2.03805985e-06 -0.000135679918 1
vn 0.613482118 0.789708793 -3.55965881e-07
vn 0.613523304 0.789676726 -8.99383376e-05
vn 0.613494873 0.78969872 -3.86612146e-06
vn -0.76427573 0.634590507 -0.114794195
vn -0.711932778 0.696529388 -0.0894340277
vn -0.710990012 0.684683979 -0.160315692
vn -0.667206705 0.741087794 -0.0749940202
vn -0.689687192 0.708988607 -0.147196487
vn -0.710977793 0.684467673 -0.16128999
vn -0.666105509 0.733921528 -0.132901475
vn -0.717912614 0.67590791 -0.166583598
vn -0.770570874 0.60176903 -0.209987089
vn -0.773988008 0.633200407 0.000399756158
vn -0.839987576 0.463499367 -0.282115608
vn -0.799282312 0.409005463 -0.440298229
vn -0.752703011 0.562502384 -0.342095524
vn -0.755512714 0.555812061 -0.346804798
vn -0.638980329 0.477592498 -0.603000641
vn -0.459408402 0.343301117 -0.81919986
vn -0.470927805 0.241026536 -0.848606527
vn -0.800845206 0.400572956 -0.445183426
vn -0.470139205 0.130223542 -0.872932374
vn -2.38542998e-05 9.81146059e-07 -1
vn -2.12342002e-05 9.89897126e-06 -1
vn -1.38916002e-05 1.04745213e-05 -1
vn 2.34282979e-05 -6.19242883e-06 -1
vn -2.26571992e-05 6.25004122e-06 -1
vn -3.72529001e-07 1.26501218e-05 -1
vn 1.01457999e-05 -7.38451899e-06 -1
vn -0.235301301 0.175798655 -0.955891311
vn -2.72691e-06 3.16923092e-06 -1
vn 0.472015589 -0.164905265 -0.866029799
vn 0.479902595 -0.139900371 -0.866095424
vn -4.67895961e-06 1.26128207e-05 -1
vn 8.30739964e-07 -1.28621912e-06 -1
vn 1.30682993e-05 -2.94955885e-06 -1
vn 0.486699402 -0.114400961 -0.866046309
vn -1.28894999e-06 9.00676059e-06 -1
vn 0.491890013 -0.0892974511 -0.866065979
vn 0.495675892 -0.0654980317 -0.866034329
vn 0.852078915 -0.154841021 -0.499985933
vn 0.842944205 -0.198197827 -0.50016278
vn 0.498093396 -0.042805288 -0.866066217
vn 0.858593225 -0.11347992 -0.499940127
vn -5.81145002e-07 -9.80967889e-06 -1
vn 0.499354601 -0.0215045586 -0.866130829
vn 0.862828016 -0.0742036998 -0.500021815
vn 4.78327001e-06 -1.02902786e-05 -1
vn 1.08667e-05 -1.26073783e-05 -1
vn -1.90287992e-05 7.93318122e-06 -1
vn -1.15483999e-06 1.69774103e-06 -1
vn -3.05473986e-06 -2.21526898e-06 -1
vn 7.0780502e-06 -9.3831386e-06 -1
vn -0.322079599 -0.0203820653 -0.946493208
vn -0.467098802 0.0386188254 -0.883361399
vn 1.99675997e-05 -1.08676786e-05 -1
vn 0.499697208 0.0156807508 -0.866058171
vn -2.34394993e-05 -5.56005898e-06 -1
vn 0.497886389 0.0448692031 -0.86608088
vn 0.498940498 0.0310900416 -0.866078615
vn 0.493616402 0.0570066124 -0.867809415
vn -6.09456993e-06 -6.55190888e-06 -1
vn 0.49796921 0.0574945398 -0.865286708
vn 0.86247009 0.0776928812 -0.500109375
vn 0.8642658 0.0538506135 -0.50014478
vn 0.998045623 0.0624902211 -1.74689194e-05
vn 0.999506712 0.0314093195 1.10916162e-05
vn 0.865449727 0.0272452421 -0.500254393
vn 0.999988079 0.00489622308 6.37104722e-06
vn 0.866014719 -0.00336120254 -0.500007272
vn 0.999993205 -0.00370019604 1.43342968e-05
vn 0.999075115 -0.0430010483 7.38397375e-06
vn 0.865114987 -0.0372939967 -0.500185072
vn 0.500020385 -0.00189826591 -0.86601162
vn 0.996320724 -0.0857034326 6.11041696e-06
vn 0.989620805 -0.143703595 1.18527878e-05
vn 0.997975826 -0.0635956526 -2.76707101e-06
vn 0.991396129 -0.130896896 -1.23017253e-05
vn 0.985408306 -0.170207605 -8.87156966e-06
vn 0.985410094 -0.170196801 -3.49969878e-06
vn 0.983904123 -0.178697407 8.08596633e-06
vn 0.973495126 -0.228707895 -2.20239599e-05
vn 0.972480774 -0.232983202 7.96396216e-06
vn 0.960062802 -0.279784799 -1.09830826e-05
vn 0.94404918 -0.329804689 -1.44855312e-05
vn 0.927710176 -0.373300999 -1.23096179e-05
vn 0.831382096 -0.242294326 -0.500097334
vn 0.929144323 -0.369717389 -1.0245134e-05
vn 0.945889473 -0.324488908 -1.92668608e-06
vn 0.804688573 -0.320091397 -0.500017881
vn 0.910090983 -0.414408505 1.48485851e-05
vn 0.927712977 -0.373294413 -2.20326183e-05
vn 0.788134277 -0.358917922 -0.500022531
vn 0.472916305 -0.162213072 -0.866046786
vn 0.819185972 -0.280978113 -0.499985665
vn 0.455010206 -0.207303762 -0.866020143
vn 6.2808399e-06 1.62920998e-07 -1
vn 0.434412003 -0.247605264 -0.866012752
vn 0.75237447 -0.428889424 -0.499986649
vn -1.01103997e-05 1.61444204e-05 -1
vn 0.413105398 -0.281500965 -0.86608386
vn 0.715569615 -0.4877069 -0.500102282
vn 0.826471925 -0.562978029 -2.5563395e-07
vn 0.785965323 -0.618270814 -1.77884303e-05
vn 0.680876076 -0.535283864 -0.499879181
vn 0.836357713 -0.548184276 -1.78068094e-05
vn 0.836335003 -0.548218787 1.56388833e-05
vn 0.858511508 -0.512794495 2.10612561e-05
vn 0.868716002 -0.495310694 1.06779034e-05
vn 0.881659329 -0.471886605 -1.84648779e-05
vn 0.743475914 -0.443970621 -0.500133634
vn 0.763599217 -0.408703506 -0.49987787
vn 0.429167598 -0.256275356 -0.866105139
vn 0.722919524 -0.476613104 -0.500227273
vn 0.417453289 -0.275064439 -0.866067231
vn 6.59376019e-06 -1.30692788e-05 -1
vn 1.54375994e-05 -9.36636843e-06 -1
vn 0.406024605 -0.291818738 -0.866017282
vn 7.53253971e-06 3.39647113e-06 -1
vn 5.27501015e-06 -1.85603767e-05 -1
vn 0.394968808 -0.306671053 -0.865998089
vn 0.684020281 -0.531104147 -0.500044882
vn 0.384572506 -0.319371849 -0.866086364
vn 0.703190207 -0.505487621 -0.50000608
vn 0.789874017 -0.61326921 2.39505844e-05
vn 0.811983109 -0.583680928 -8.26093401e-06
vn 0.666177511 -0.553254426 -0.500117302
vn 0.769291103 -0.638898611 4.94740016e-06
vn 0.649911821 -0.572374821 -0.500001907
vn 0.375230014 -0.330493361 -0.866011977
vn 1.76503981e-05 -1.04429782e-05 -1
vn 0.487095594 -0.112797156 -0.866033792
vn -2.03002e-05 0.000102611921 -1
vn -7.95442975e-06 7.9403917e-06 -1
vn 7.72252952e-06 -1.75843779e-05 -1
vn 0.196200699 0.430692554 -0.880913913
vn 2.43932009e-05 -4.33024888e-06 -1
vn 0.482288092 0.13199763 -0.866011024
vn 0.358007997 0.329021662 -0.873827815
vn 0.266481906 0.404475838 -0.874863923
vn -0.226419702 0.211802855 -0.950722754
vn 0.1980021 0.434584945 -0.878596246
vn -0.182285905 0.712393045 -0.677693188
vn -0.441800207 0.409702629 -0.798095524
vn -0.319683313 0.298072934 -0.899419367
vn -0.6104213 0.559546292 -0.560619175
vn -0.565299809 0.520290434 -0.640104949
vn -0.429499894 0.825974464 -0.365097463
vn -0.470899105 0.833332241 -0.289502352
vn -0.381392986 0.879146278 -0.285729259
vn -0.287799686 0.916325569 -0.278422564
vn -0.295995593 0.937942624 -0.18069385
vn -0.0282080695 0.970507264 -0.239416331
vn -0.204401001 0.962877929 -0.176313043
vn 0.135614604 0.981300712 -0.136592939
vn 0.200497001 0.971726298 -0.124695942
vn 0.0244756304 0.973262489 -0.228388429
vn 0.00589019014 0.962455571 -0.271375865
vn 0.349023491 0.759725988 -0.548633873
vn 0.415013492 0.903439105 -0.10752625
vn 0.483281493 0.718651533 -0.49997887
vn 0.474600703 0.706291556 -0.525267959
vn 0.34551549 0.752105594 -0.561209679
vn 0.208416194 0.961354196 -0.179890737
vn 0.525796711 0.849601984 -0.0414058939
vn 0.562634826 0.825622678 -0.0422988944
vn 0.560195386 0.827207029 -0.0437032953
vn 0.724304974 0.688125789 -0.0431876183
vn 0.724109113 0.689685524 0.000202038354
vn 0.942708373 0.333617985 -1.22540459e-05
vn 0.629612684 0.594211876 -0.500499904
vn 0.643915474 0.765096724 2.53305029e-06
vn 0.942712307 0.33360669 1.39545148e-06
vn 0.964626312 0.2636213 6.48024979e-06
vn 0.835328102 0.22849828 -0.500015557
vn 0.981817305 -0.189829096 8.92467233e-06
vn 0.843694806 -0.195400223 -0.499997735
vn 0.36831221 0.338994354 -0.865695655
vn 0.6187765 0.58349663 -0.525972664
vn 0.274681002 0.416861445 -0.866473913
vn 0.974193811 -0.225713402 -5.83705378e-06
vn 0.750446975 -0.660930574 -7.46139995e-06
vn 0.75038141 -0.66100508 -2.16405169e-06
vn 0.981823087 -0.189798295 2.12851755e-05
vn 0.850283802 -0.164396927 -0.499991119
vn 0.64988941 -0.572396517 -0.500006139
vn 0.375199586 -0.330520064 -0.866014838
vn 0.392999709 -0.309104055 -0.866028965
vn 0.000183879994 0.000214351923 -1
vn -2.58087985e-05 2.94944107e-06 -1
vn 4.09502991e-06 -1.39797896e-06 -1
vn 1.15688999e-05 -1.76830781e-05 -1
vn 1.80975003e-05 -1.08303775e-05 -1
vn 8.29435976e-06 7.19161062e-06 -1
vn 0.490898401 -0.0949011818 -0.86603272
vn 0.471338212 0.16681613 -0.866032898
vn -1.74939996e-05 -1.49666776e-05 -1
vn 0.322012693 0.38251245 -0.866020858
vn 0.816402674 0.288900495 -0.500023246
vn 0.32180509 0.382296056 -0.866193533
vn -1.01066989e-05 -1.79093786e-05 -1
vn 0.557597876 0.662627876 -0.500008881
vn 0.644016087 0.765012026 1.33997355e-05
vn 0.557516098 0.662467837 -0.50031209
vn 0.64397651 0.765045285 1.8084942e-05
vn 0.482599914 0.78013587 -0.398102194
vn 0.0213968102 0.918514073 -0.394809157
vn 0.448086292 0.724261463 -0.524084091
vn 0.364234805 0.588711321 -0.721631587
vn -0.0997082517 0.770509005 -0.629582703
vn -0.323696494 0.318471164 -0.890952766
vn -0.211300507 0.551766038 -0.806787789
vn -0.386804491 0.789321244 -0.476816893
vn 0.25679481 0.415305048 -0.872684419
vn 0.189216897 0.305812657 -0.933099926
vn -4.30084992e-06 -2.40402787e-05 -1
vn 5.33833963e-06 2.44071198e-05 -1
vn -0.299796313 0.295318455 -0.907143414
vn -0.318503201 0.327645451 -0.889496565
vn -0.312023103 0.344726861 -0.885327637
vn -0.566736221 0.582726896 -0.582442701
vn -0.309704095 0.342310458 -0.887077868
vn -0.196102798 0.800317407 -0.566600204
vn -0.110903002 0.452401757 -0.884891748
vn 8.2776005e-06 9.96788185e-06 -1
vn -3.98792008e-06 2.35093212e-05 -1
vn 0.125096694 0.454002351 -0.882175148
vn 0.332491398 0.348596156 -0.876316369
vn 0.220601499 0.800599515 -0.557113469
vn -2.38865996e-05 -4.34467893e-06 -1
vn -6.64964034e-07 -1.12960788e-05 -1
vn 1.91479994e-05 4.92198069e-06 -1
vn 2.08989004e-05 -4.86807903e-06 -1
vn -1.28149998e-06 -2.86983891e-06 -1
vn 0.298199385 -0.0589143224 -0.952683806
vn 0.2804932 -0.0288162436 -0.959423423
vn 0.550213277 -0.0564059466 -0.833117008
vn 0.542144001 -0.00775377126 -0.840250015
vn 2.31713002e-05 2.67470091e-06 -1
vn -1.25766001e-05 0.000307928916 -1
vn 0.913799703 -0.0612938814 -0.401513785
vn 0.542506814 0.0283796862 -0.839571893
vn 0.911532879 -0.00239532394 -0.411220014
vn 0.911676407 -0.0130918529 -0.4107005
vn 0.923161805 -0.0600004084 -0.379700303
vn 0.922025919 -0.00200038799 -0.387123406
vn 0.971176922 0.0388127267 -0.235179096
vn 0.922115326 0.0456057116 -0.384218097
vn 0.911676526 0.0452067256 -0.408414394
vn 0.970856071 -0.0539057441 -0.233522519
vn 0.971307576 -0.00100221322 -0.237824604
vn 0.91166842 0.0475964583 -0.408161104
vn 0.910939813 0.0849018693 -0.4037081
vn 0.920810819 0.0855963826 -0.380500615
vn 0.910618901 0.0962156057 -0.401890367
vn 0.54346621 0.0568283387 -0.837505221
vn 0.910298586 0.117208369 -0.397012264
vn 0.919173181 0.11788886 -0.375796556
vn 0.910817802 0.131814167 -0.391198456
vn 0.5454759 0.0789204314 -0.83440268
vn 0.911799729 0.140404955 -0.385885656
vn 0.918874979 0.140789062 -0.368574679
vn 0.989415407 0.145108804 -0.000800509355
vn 0.920586884 0.156802952 -0.357676864
vn 0.989412725 0.145127699 -0.000800330366
vn 0.992293596 0.123906702 -0.000794332766
vn 0.915170074 0.154703155 -0.372196883
vn 0.551891923 0.0933027938 -0.828679681
vn 0.915963113 0.156682462 -0.369408071
vn 0.922199011 0.168196455 -0.348222584
vn 0.562102616 0.103091531 -0.820617378
vn 0.923059404 0.169298053 -0.345397681
vn 0.924176276 0.167293653 -0.343381673
vn 0.782782078 0.143614709 -0.605497301
vn 0.987405121 0.158211201 -0.000700031174
vn 0.985973775 0.1668998 -0.000500408816
vn 0.926882207 0.174195558 -0.332483679
vn 0.79575181 0.153607786 -0.585819006
vn 0.929165602 0.176894367 -0.324591756
vn 0.984673619 0.174407095 -0.000310334581
vn 0.985957801 0.166993305 -0.000697720796
vn 0.931775689 0.179792047 -0.315386981
vn 0.934178114 0.18379584 -0.305827558
vn 0.983354509 0.181697607 -0.000192722393
vn 0.984658122 0.174495205 -0.000305431546
vn 0.983315885 0.181906193 -0.000138194358
vn 0.932329297 0.179580957 0.313867629
vn 0.934671581 0.183494151 0.304498017
vn 0.796593904 0.153501317 0.5847013
vn 0.929747105 0.176789045 0.322980225
vn 0.724911928 0.139698401 0.674527407
vn 0.783794701 0.143506601 0.604211628
vn 0.927135229 0.173603937 0.332087219
vn 0.750501513 0.168199003 0.639106095
vn 0.574767888 0.110681362 0.810796916
vn 0.563123226 0.103113666 0.819914579
vn 0.401212007 0.0773008689 0.9127177
vn 0.287988693 0.0527963229 0.956177413
vn 0.922896683 0.168095946 0.346418023
vn 0.916680276 0.156706437 0.367614627
vn 0.553040504 0.0934477895 0.82789731
vn 1.51247002e-06 6.75866886e-06 1
vn 8.40425037e-06 6.73817931e-06 1
vn 0.294414192 0.0567022748 0.953994393
vn 1.53332985e-05 3.11160898e-06 1
vn 1.48090003e-05 1.24806775e-05 1
vn -9.70811016e-06 1.08877907e-06 1
vn 0.369471997 0.242215455 0.897118866
vn 0.36945951 0.242229149 0.897120237
vn -1.07288008e-06 -2.11125098e-06 1
vn 0.66279757 0.434593409 0.609776974
vn 0.662755609 0.434587002 0.609827161
vn 0.369411409 0.242203653 0.89714694
vn 0.662790477 0.434559315 0.609808981
vn 0.369409293 0.242211744 0.897145689
vn 0.662645578 0.434607714 0.609931886
vn 0.3364757 0.220596746 0.915489674
vn 0.219610706 0.144014642 0.964899421
vn 0.369369507 0.242180347 0.897170484
vn 0.103183404 0.0677071884 0.992355227
vn 0.530373275 0.179723963 0.828494728
vn 0.590111971 0.228209287 0.774395585
vn 0.770674109 0.194293201 0.606886983
vn 0.786037326 0.218110204 0.578423381
vn 0.648699999 0.276070893 0.709206045
vn 0.369382709 0.242197946 0.897160351
vn 0.458300292 0.300500065 0.836457133
vn 0.596167326 0.390890688 0.701276779
vn 0.709013999 0.326986313 0.624803364
vn 0.662902772 0.434505016 0.609725535
vn 0.74023819 0.356490016 0.57005477
vn 0.676622689 0.443602711 0.587706149
vn 0.795954704 0.521836638 0.306826591
vn 0.745128572 0.48853144 0.454004884
vn 0.715379894 0.468969017 0.517976582
vn 0.752991974 0.371668696 0.543015242
vn 0.760690093 0.384194613 0.523206472
vn 0.764298797 0.281299025 0.580274343
vn 0.780286372 0.276907504 0.560781062
vn 0.756312191 0.166810393 0.632587016
vn 0.802203417 0.17242001 0.571612716
vn 0.687586427 0.288611382 0.666279554
vn 0.758944929 0.41202262 0.504222274
vn 0.81185472 0.532256365 0.239989996
vn 0.73718071 0.42731902 0.523414731
vn 0.812304974 0.532511115 0.237891689
vn 0.819833219 0.537506044 0.197385296
vn 0.819811225 0.537530661 0.197408989
vn 0.672001421 0.441984206 0.594191968
vn 0.815607905 0.534725964 0.221024692
vn 0.814795792 0.534173846 0.225314096
vn 0.600397289 0.439467281 0.668125451
vn 0.802483618 0.526088417 0.281515777
vn 0.526171088 0.423061281 0.737674177
vn 0.80000031 0.524495661 0.291382492
vn 0.778170109 0.510196865 0.366265804
vn 0.662782311 0.434591025 0.609795272
vn 0.369468689 0.242219955 0.897118986
vn 0.662799001 0.43459332 0.609775543
vn 0.772637129 0.506603718 0.382602304
vn 0.442211807 0.395757884 0.804875374
vn 0.737322807 0.483396113 0.471893191
vn 0.726382375 0.476275712 0.495509982
vn 0.3373878 0.359088659 0.870186687
vn 0.669194698 0.438800305 0.599693835
vn 0.662831008 0.434623122 0.609719574
vn 0.662773609 0.434607118 0.609793246
vn 0.202702895 0.311403543 0.928406954
vn -0.384063393 0.0912936628 0.918782175
vn -0.309999108 0.100613646 0.945398211
vn -0.233778402 0.113704145 0.965618372
vn 0.0410672389 0.250584543 0.967223287
vn -0.665945828 -0.142215922 0.732318878
vn -0.665444016 -0.141900718 0.732836008
vn -0.603581071 -0.13799493 0.785268903
vn -0.159880295 0.129439741 0.978613079
vn -0.0249195602 0.16432333 0.986091673
vn -0.541765273 -0.128393039 0.830665708
vn -0.518182814 -0.123577945 0.846294999
vn -0.480907589 -0.115096144 0.869184017
vn -0.419908196 -0.0989955887 0.902151406
vn 0.100907601 0.200390041 0.974505961
vn -0.52707231 -0.136592731 0.838771403
vn -0.722206414 -0.210404605 0.65889895
vn -0.73169142 -0.227898806 0.642409563
vn -0.53968358 -0.150093436 0.828380227
vn -0.35147661 -0.078692399 0.93288362
vn -0.310503095 -0.066012539 0.948277473
vn -0.283381194 -0.0575937368 0.957276404
vn -0.312413186 -0.0673027337 0.947559178
vn -0.553712726 -0.161897331 0.816818118
vn -0.323588997 -0.0753851235 0.943189919
vn -0.336093485 -0.0850982368 0.937976301
vn -0.186214 -0.0277184602 0.98211813
vn -0.0997926518 -0.00219128816 0.995005906
vn 0.00910055637 0.0277894288 0.999572515
vn 0.404999614 0.267976344 0.874164879
vn 0.237786204 0.236014247 0.942207575
vn 0.149022102 0.0630056337 0.986824572
vn 0.502695501 0.280698687 0.817621887
vn 0.0563930795 0.0401036255 0.99760288
vn 0.00892090704 0.0243085772 0.999664724
vn -0.34888041 -0.0952948555 0.932309806
vn 0.00941705704 0.0146845067 0.999847829
vn 0.219711795 0.0792025551 0.972344398
vn 0.37839511 0.11079555 0.91898942
vn 0.382408887 0.108599253 0.917589128
vn 0.394800514 0.113802053 0.911691725
vn 0.597871006 0.287709594 0.748180151
vn 0.457301497 0.124599658 0.880539715
vn 0.576999784 0.143199965 0.804092705
vn 0.398695707 0.0973030031 0.911906719
vn 0.0103199398 0.00218845904 0.999944508
vn 0.809848905 0.171811312 0.560915172
vn 0.80795449 0.173282117 0.563189924
vn 0.412360013 0.0814880431 0.907369316
vn 0.00956684258 -0.0128182527 0.999872088
vn -0.375811309 -0.117504448 0.919216394
vn -0.361719906 -0.106305547 0.926206172
vn -0.781209171 -0.251405984 0.571408153
vn -0.791293383 -0.24569419 0.559901059
vn -0.391316801 -0.12680535 0.911477685
vn -0.801397383 -0.235799387 0.549691617
vn -0.40779981 -0.133497655 0.903259516
vn 0.00677919295 -0.028095942 0.999582171
vn -0.928587973 -0.268297017 0.256399959
vn -0.93392688 -0.246000543 0.259353667
vn -0.810900271 -0.221796393 0.541522861
vn -0.939016819 -0.219094247 0.265037984
vn -0.974856377 -0.222832993 -0.000802137365
vn -0.967722595 -0.252016991 -0.000701135024
vn -0.967792213 -0.251749486 -0.000722456025
vn -0.933216214 -0.246496856 -0.261432439
vn -0.927998126 -0.268797874 -0.258006543
vn -0.938222826 -0.219475761 -0.26752314
vn -0.813980579 -0.222293109 -0.536676288
vn -0.803781629 -0.236297205 -0.545984447
vn -0.421213895 -0.136205345 -0.896675527
vn -0.822773695 -0.203994513 -0.530499637
vn -0.405307502 -0.132699251 -0.9044981
vn -0.436303586 -0.136495948 -0.889386415
vn 0.00367277791 -0.0424986556 -0.999089777
vn -0.00288146711 -0.0557011478 -0.998443305
vn -0.448978186 -0.133699149 -0.883483529
vn -0.829023182 -0.181205615 -0.529041827
vn -0.0115062501 -0.0671992972 -0.997673273
vn 0.427279711 0.00669744425 -0.904094815
vn -0.0218065903 -0.0771008879 -0.996784806
vn 0.430812001 0.0254026875 -0.902084112
vn 0.418401003 -0.0112984423 -0.908192098
vn -0.0333940908 -0.0857929662 -0.995753229
vn -0.457308799 -0.128299147 -0.880004585
vn -0.830934525 -0.154105306 -0.534602106
vn -0.826299191 -0.123099312 -0.549614787
vn -0.45878461 -0.120099358 -0.880393624
vn -0.812895775 -0.0882961899 -0.575677216
vn -0.943742216 -0.106405951 -0.313094825
vn -0.938359678 -0.0583966337 -0.340691686
vn -0.998964012 -0.0454912707 -0.00129193743
vn -0.998981416 -0.0451073013 -0.00129295036
vn -0.927178025 -0.00589954713 -0.374574691
vn -0.999913871 0.0130733196 -0.00121420389
vn -0.939706922 -0.0582010075 0.336992204
vn -0.944962502 -0.106107749 0.309494972
vn -0.820664585 -0.122797787 0.558059573
vn -0.945668519 -0.149091646 0.288934171
vn -0.825888872 -0.153701395 0.542478919
vn -0.995137274 -0.0984897614 -0.00130839704
vn -0.99509567 -0.0989071131 -0.0014201561
vn -0.989282429 -0.146010295 -0.00119420281
vn -0.944607079 -0.149500251 -0.292176634
vn -0.942350924 -0.187198356 -0.277365625
vn -0.989223897 -0.146403804 -0.00140281883
vn -0.982206523 -0.187802896 -0.000805243559
vn -0.982264996 -0.187495396 -0.000999261392
vn -0.943438172 -0.186188847 0.274332076
vn -0.824635804 -0.180705696 0.536023676
vn -0.8190611 -0.203490496 0.536405265
vn -0.440434903 -0.137309149 0.887222409
vn -0.424607307 -0.137100443 0.894936979
vn 0.00176602602 -0.0428975634 0.999077916
vn -0.00561040593 -0.0563133731 0.99839741
vn -0.0150580397 -0.0677924529 0.997585893
vn 0.429166406 0.025097223 0.902876675
vn 0.428186387 0.0443973839 0.902599216
vn 0.425186515 0.00639519142 0.905083179
vn 0.821617186 0.104904011 0.560303807
vn 0.824599802 0.124595612 0.551825225
vn 0.935119927 0.142301336 0.324501634
vn 0.938497007 0.158294857 0.306864917
vn 0.81450218 0.0850007161 0.573899806
vn 0.940286577 0.172092348 0.29367584
vn 0.982552171 0.185987204 -9.50151007e-05
vn 0.984533012 0.1751993 -0.000200275448
vn 0.984570622 0.174988493 -6.9923808e-06
vn 0.986822724 0.161806002 -9.9423436e-05
vn 0.936720729 0.143101349 -0.319493979
vn 0.939667106 0.159090638 -0.302846581
vn 0.986860871 0.161572307 -9.16429781e-05
vn 0.929929614 0.125304744 0.345730931
vn 0.989133179 0.147022203 -0.000194744047
vn 0.932026505 0.126203462 -0.339704871
vn 0.8030653 0.0654972345 0.592280507
vn 0.922917128 0.108101837 0.36951074
vn 0.989169419 0.146778598 -0.000193988089
vn 0.991338789 0.131328896 -0.000190094608
vn 0.92552352 0.10890016 -0.362694174
vn 0.991358519 0.131180301 -0.000194973618
vn 0.917212427 0.0913002416 -0.387796015
vn 0.797288418 0.0647968352 -0.600110471
vn 0.78039968 0.0453972593 -0.623631001
vn 0.75879401 0.0259980354 -0.650811672
vn 0.403384805 -0.0289998315 -0.914570808
vn 0.382020205 -0.0459009595 -0.923013508
vn -0.056714531 -0.0970114544 -0.993666112
vn -0.0453280807 -0.0926196054 -0.994669318
vn 0.354296386 -0.061299406 -0.933121979
vn 0.732332826 0.00690286467 -0.680912018
vn 0.321408808 -0.0729046613 -0.944129884
vn -0.0656046197 -0.0962033942 -0.993197322
vn -0.433173001 -0.0931021199 -0.896489382
vn -0.403225511 -0.0710979328 -0.912334502
vn -0.0697997212 -0.0879985169 -0.993672073
vn 0.285879403 -0.077900365 -0.95509398
vn -0.0667138621 -0.0687090233 -0.995403588
vn -0.361710906 -0.0401021466 -0.931427479
vn -0.701236308 0.0409015343 -0.71175468
vn -0.642712414 0.0949040055 -0.76020658
vn -0.310099393 0.000100349891 -0.950704217
vn -0.860190809 0.168599367 -0.481296271
vn -0.83430928 0.232000276 -0.50010407
vn -0.580482721 0.15340443 -0.799691796
vn -0.811635375 0.297404289 -0.502791047
vn -0.522069514 0.212904036 -0.82590276
vn -0.251010805 0.047402177 -0.966823101
vn -0.792109013 0.363682598 -0.490202248
vn -0.471319795 0.270920455 -0.839321136
vn -0.191218793 0.0960039869 -0.976841211
vn -0.239004299 0.244903654 -0.939627111
vn -0.429857194 0.323521137 -0.842945337
vn -0.135702297 0.140792459 -0.980695009
vn -0.625388324 0.390613228 -0.675507963
vn 0.0498953983 0.121791266 -0.991300881
vn -0.0875275731 0.177742958 -0.980176806
vn 0.194006607 0.00942025613 -0.980955005
vn 0.190419495 0.0462195612 -0.980614305
vn 0.190684095 0.0791043937 -0.97845912
vn 0.0720075294 0.147006959 -0.986511111
vn -0.0486012101 0.203689858 -0.977828443
vn 0.191634804 0.103997156 -0.975941002
vn 0.345988691 0.0417997539 -0.937307119
vn 0.339591593 0.0599990115 -0.938657522
vn 0.297580987 0.0761088431 -0.95165813
vn 0.191493899 0.10847266 -0.975481272
vn 0.187613398 0.109710753 -0.976096809
vn 0.0977028012 0.141595259 -0.985091507
vn -0.0163773205 -0.391878963 -0.919871032
vn -0.114107899 -0.352190137 -0.928946435
vn -0.325386107 -0.735796392 -0.593908846
vn 0.120994702 -0.44759804 -0.886011541
vn 0.338006914 0.0635846555 -0.938993275
vn 0.443211406 0.0296829548 -0.895925701
vn 0.303272605 -0.207698345 -0.929993033
vn 0.385409206 -0.239194557 -0.891204774
vn 0.197236106 -0.48056826 -0.854489386
vn -0.00311219599 -0.671085477 -0.74137342
vn 0.0629202127 -0.705205858 -0.706205249
vn 0.276710212 -0.517380059 -0.809783578
vn 0.129318193 -0.742235482 -0.657543421
vn 0.356720388 -0.557221889 -0.749836326
vn 0.4704023 -0.27411896 -0.838797152
vn 0.538213074 -0.00368122361 -0.842800796
vn 0.61011982 -0.0306022018 -0.791718125
vn 0.555512726 -0.311734289 -0.770861447
vn 0.687781572 -0.0617977306 -0.723282516
vn 0.724319279 -0.0772886872 -0.685118973
vn 0.630492687 -0.348009974 -0.693806887
vn 0.428110003 -0.595013976 -0.68020612
vn 0.756727576 -0.0919282585 -0.647234619
vn 0.464622915 -0.611110568 -0.640835047
vn 0.669215977 -0.365407079 -0.647014439
vn 0.795802474 -0.109893404 -0.595501304
vn 0.720378995 -0.0715087652 -0.689884603
vn 0.85599798 -0.130291626 -0.500291407
vn 0.8318156 -0.127502218 -0.540209413
vn 0.702792227 -0.374569118 -0.604798377
vn 0.859645307 -0.141907826 -0.490787417
vn 0.495298207 -0.610261083 -0.618272722
vn 0.864603519 -0.144604921 -0.481196642
vn 0.94564712 -0.172605261 -0.275606841
vn 0.524524093 -0.562820554 -0.638832927
vn 0.892160714 -0.160684019 -0.422172934
vn 0.573154688 -0.410592467 -0.709159732
vn 0.122490697 -0.557713091 -0.820946038
vn 0.303812802 -0.212905645 -0.928638339
vn 0.656734586 -0.210216582 -0.724229753
vn -0.322903603 -0.51480478 -0.794172168
vn -0.0817772672 -0.130391434 -0.988084316
vn -0.111595303 -0.177524343 -0.977768719
vn 0.375696898 -0.0819960535 -0.923108101
vn 0.694595218 -0.142701983 -0.705105424
vn 0.380296499 -0.082914792 -0.921140373
vn -0.00390756084 -0.00620765984 -0.999973178
vn 0.380263895 -0.0831789598 -0.921130121
vn -0.00401556399 -0.00628657686 -0.999972224
vn -0.00400251104 -0.00630702125 -0.999972224
vn -0.0817977116 -0.130390435 -0.988082826
vn -0.00401353789 -0.00631935894 -0.999971986
vn -0.00387775805 -0.00620605098 -0.999973178
vn -0.0818058178 -0.130410731 -0.988079429
vn -0.00401121285 -0.00631530583 -0.999972105
vn -0.00390332891 -0.00620652782 -0.999973178
vn -0.00399738504 -0.00629366981 -0.999972224
vn -0.0817657709 -0.130428836 -0.988080323
vn -0.00390219595 -0.00620354805 -0.999973178
vn -0.00391173316 -0.00621725712 -0.999973118
vn -0.00390589191 -0.00618882524 -0.999973178
vn -0.00392115116 -0.00619192515 -0.999973178
vn -0.00389695098 -0.00619603693 -0.999973297
vn -0.33755821 0.233501256 -0.911883652
vn -0.336898208 0.227808252 -0.913566113
vn -0.334393293 0.223773047 -0.915481746
vn -0.611719429 0.421405733 -0.669489861
vn -0.402283788 0.133195251 -0.905774117
vn -0.0605826899 -0.113869034 -0.991647005
vn -0.337483495 0.226911545 -0.913573265
vn -0.00399684906 -0.00639970601 -0.999971628
vn -0.613081515 0.455979019 -0.645146847
vn -0.613939881 0.408181906 -0.675622165
vn -0.783920407 0.530414581 -0.322690904
vn -0.784619689 0.522515059 -0.333691597
vn -0.804195523 0.558597982 -0.203072116
vn -0.834572196 0.50303638 -0.224597231
vn -0.780809999 0.542715669 -0.309508502
vn -0.774121702 0.4280141 -0.466411352
vn -0.754603982 0.489401251 -0.43710342
vn -0.750249326 0.50124377 -0.431138813
vn -0.862345874 0.506306887 0.00361498445
vn -0.894084811 0.447890699 0.00249583786
vn -0.894084513 0.447890311 0.00268836087
vn -0.861673474 0.443297923 -0.246993229
vn -0.756492615 0.503410935 -0.417488307
vn -0.777119577 0.512910247 -0.364703119
vn -0.643775821 0.357806116 -0.676407814
vn -0.73992002 0.191304699 -0.644919336
vn -0.566901505 -0.157884464 -0.808514178
vn -0.824195623 0.0728157982 -0.561604321
vn -0.720900774 -0.373000801 -0.58409977
vn -0.859617412 0.0232991744 -0.510406911
vn -0.728140295 0.494608492 -0.474525303
vn -0.695413172 0.485390782 -0.529902339
vn -0.853311419 -0.00050443504 -0.521401405
vn -0.780899525 -0.456004441 -0.426914364
vn -0.788585722 -0.489192545 -0.372590095
vn -0.832134783 -0.00608280161 -0.554540098
vn -0.788212419 -0.490595728 -0.371533692
vn -0.804583788 -0.0254962631 -0.5932917
vn -0.771488309 -0.501006544 -0.392171681
vn -0.781863511 -0.486678451 -0.389658391
vn -0.658708572 0.474625289 -0.583809853
vn -0.80348891 -0.0220064726 -0.594913125
vn -0.617913008 0.461585194 -0.636492431
vn -0.601787627 0.456293434 -0.655475318
vn -0.604821384 0.448115617 -0.658318758
vn -0.396009892 0.368654042 -0.840993822
vn -0.421705097 0.387204617 -0.819901049
vn -0.195902407 0.277004838 -0.940686226
vn -0.236390993 0.303525448 -0.923033953
vn -0.391522288 0.374397159 -0.840557635
vn -0.483821213 -0.168306261 -0.858830571
vn -0.641870201 -0.0922890157 -0.761239409
vn -0.591514826 -0.590590596 -0.548919916
vn -0.360125899 -0.233102858 -0.903312087
vn -0.190034598 0.280897647 -0.940735519
vn -0.681305826 -0.543624341 -0.490199089
vn -0.529617429 -0.84442687 -0.0803043321
vn -0.529688895 -0.844385028 -0.0802741721
vn -0.520579815 -0.630185068 -0.576076031
vn -0.267450988 -0.282253653 -0.92130506
vn -0.529625118 -0.844421983 -0.0803058818
vn -0.467291296 -0.6605919 -0.587586045
vn -0.529612303 -0.844419718 -0.0804132968
vn -0.529690027 -0.84438318 -0.0802847221
vn -0.529679 -0.844389617 -0.0802910477
vn -0.529616416 -0.844425976 -0.0803212076
vn -0.529612482 -0.844419479 -0.0804152042
vn -0.424380213 -0.684369802 -0.592907548
vn -0.529612482 -0.844428718 -0.0803178027
vn -0.529699922 -0.844376028 -0.0802955106
vn -0.380507201 -0.707420886 -0.595625699
vn -0.191793203 -0.319025338 -0.928137064
vn 0.075687699 0.150593758 -0.98569423
vn 0.01168501 0.179987758 -0.983599484
vn -0.0428122208 0.206922561 -0.977420211
vn -0.0948156714 0.233182162 -0.967799544
vn -0.529618025 -0.844428599 -0.0802815631
vn -0.529607713 -0.844430923 -0.0803260952
vn -0.412195295 -0.848304451 -0.332376957
vn -0.247521102 -0.777421355 -0.578229427
vn -0.529694319 -0.8443802 -0.0802882463
vn -0.529692173 -0.844381273 -0.0802902654
vn -0.528902471 -0.843199372 -0.096317187
vn -0.529625773 -0.844422281 -0.0802962855
vn -0.529626429 -0.844422877 -0.0802872255
vn -0.528901577 -0.843203306 -0.0962889344
vn -0.523391783 -0.834388018 -0.172793835
vn -0.529029727 -0.843315125 -0.0945910364
vn -0.529033899 -0.843131721 -0.0961889178
vn -0.490310103 -0.781712949 -0.385384321
vn -0.52328521 -0.834476411 -0.172690436
vn -0.523402572 -0.834401071 -0.17269823
vn -0.523751616 -0.83546102 -0.166400939
vn -0.299512893 -0.896328151 -0.326937348
vn -0.0223137699 -0.879862249 -0.474704742
vn -0.312093794 -0.908798456 -0.276916951
vn -0.0438045189 -0.892398953 -0.449116439
vn 0.0190931503 -0.802892268 -0.59581852
vn 0.220797405 -0.7896896 -0.57239753
vn 0.248102307 -0.781085908 -0.573018432
vn -0.497105986 -0.78782922 -0.363608032
vn -0.490230411 -0.781705916 -0.385500133
vn -0.322868198 -0.514821172 -0.794175863
vn -0.359568805 -0.573430777 -0.736130118
vn -0.322910011 -0.514816463 -0.794161856
vn -0.490307689 -0.781714022 -0.385384917
vn -0.490305096 -0.781702638 -0.385411531
vn -0.523400426 -0.834402084 -0.172700033
vn -0.322927713 -0.514822781 -0.794150651
vn -0.490303487 -0.781704962 -0.385408431
vn -0.52339977 -0.834403217 -0.172696039
vn -0.523293316 -0.834467173 -0.172710538
vn -0.528900504 -0.843201876 -0.0963062719
vn -0.528908491 -0.843194902 -0.0963246375
vn -0.529624701 -0.844420493 -0.0803223923
vn -0.527721703 -0.839213371 -0.131266832
vn -0.531782508 -0.842159629 -0.0893014744
vn -0.528877318 -0.843217373 -0.0962974578
vn -0.51540792 -0.82180053 -0.242896527
vn -0.490299404 -0.781710446 -0.385402828
vn -0.322807908 -0.514803588 -0.794211686
vn -0.322914094 -0.514822781 -0.794156075
vn -0.465252906 -0.742091358 -0.482535124
vn -0.0817058012 -0.128814638 -0.988297105
vn -0.0817914009 -0.130388737 -0.988083601
vn -0.2949045 -0.470729858 -0.831531584
vn 0.189596206 -0.776800573 -0.60052824
vn -0.0672984123 -0.883803546 -0.462992936
vn -0.324699312 -0.904895365 -0.275199443
vn -0.110123001 -0.857085764 -0.503266215
vn -0.345496893 -0.89078337 -0.29518944
vn -0.368181586 -0.87569344 -0.312415242
vn -0.156895906 -0.828405321 -0.537706435
vn -0.202987 -0.801697493 -0.562207639
vn -0.0662162825 -0.640210152 -0.765340805
vn -0.390606701 -0.861423552 -0.324616551
vn -0.921112776 0.38929081 0.0019929444
vn -0.921285212 0.388882697 0.00200158637
vn -0.790368915 0.36096552 0.494995862
vn -0.859672606 0.441784084 0.256495863
vn -0.771757901 0.424454302 0.47352767
vn -0.633781314 0.391198367 0.667296886
vn -0.48120001 0.275477946 0.832201183
vn -0.810762405 0.295388013 0.505381286
vn -0.527323723 0.215704873 0.821828067
vn -0.185593501 0.0964985043 0.977876902
vn -0.235011101 0.247111946 0.940056086
vn -0.127292901 0.140412629 0.981876194
vn -0.444109291 0.330150038 0.832927346
vn -0.615180671 0.449492395 0.647695482
vn -0.414104402 0.37760514 0.828210175
vn -0.440482289 0.395603687 0.805898845
vn -0.191400304 0.279100358 0.940993547
vn -0.235584304 0.306616843 0.922218084
vn -0.410392493 0.383614957 0.827295482
vn -0.483779788 -0.165785834 0.859344125
vn -0.185731202 0.282793045 0.941027164
vn -0.0794797465 0.229502931 0.970057487
vn -0.34795621 -0.236998454 0.907060266
vn -0.0289926492 0.203276142 0.978692234
vn -0.0350957513 0.200382635 0.979088962
vn -0.0766090676 0.176224843 0.98136431
vn 0.0578218102 0.119437739 0.991156578
vn 0.0815195963 0.143517241 0.986284673
vn 0.0259856507 0.175001636 0.984225214
vn -0.255202293 -0.286702037 0.923403323
vn 0.0853840113 0.146784529 0.985476494
vn 0.1085039 0.13690874 0.984623194
vn -0.182209998 -0.324178636 0.928282142
vn 0.197001606 0.104991645 0.974765122
vn -0.104526602 -0.357124656 0.928189754
vn 0.197592303 0.100401945 0.975129128
vn 0.195499107 0.0763203651 0.977729678
vn 0.332382798 0.0608945675 0.941176713
vn 0.34030959 0.0422003455 0.939365983
vn 0.298201412 0.0742053539 0.951614201
vn 0.197887301 0.104695544 0.97461772
vn -0.0164942108 -0.391595453 0.919989645
vn 0.330400407 0.0646008998 0.941627502
vn 0.429180205 0.034610305 0.902555585
vn 0.287982404 -0.202708453 0.935935557
vn 0.106880002 -0.442073137 0.890588641
vn 0.509314477 0.00830201153 0.86054039
vn 0.370312303 -0.232425645 0.899359345
vn 0.5164783 0.00600282243 0.856279314
vn 0.459497809 -0.267003238 0.847095668
vn 0.183311507 -0.473694146 0.861400664
vn 0.26669541 -0.510488212 0.81748116
vn 0.0545251295 -0.699216723 0.712827563
vn -0.0144724203 -0.664784133 0.746895373
vn -0.2111101 -0.796770632 0.566205978
vn -0.0774914622 -0.634911418 0.768688977
vn -0.162691802 -0.823967874 0.542778254
vn -0.255409896 -0.773090243 0.580601096
vn -0.370989114 -0.873581767 0.314995646
vn -0.394578815 -0.858863473 0.32659024
vn -0.529685974 -0.844382703 0.0803161636
vn -0.416009814 -0.845915437 0.333711058
vn -0.529622316 -0.844425201 0.0802892223
vn -0.529608727 -0.844418108 0.0804537982
vn -0.529615879 -0.844425917 0.0803244561
vn -0.529698372 -0.844378471 0.0802783743
vn -0.529615283 -0.844422102 0.0803679079
vn -0.529613078 -0.844427884 0.0803210586
vn -0.375018805 -0.710432649 0.595521986
vn -0.325400293 -0.735799193 0.593897581
vn -0.418603092 -0.687205017 0.593734801
vn -0.529605925 -0.844434321 0.0803020373
vn -0.529672801 -0.844392717 0.0802977458
vn -0.460511714 -0.663725793 0.589404106
vn -0.529681802 -0.84438771 0.0802912563
vn -0.513997018 -0.632999241 0.578894794
vn -0.529608011 -0.844433308 0.0802988261
vn -0.591886103 -0.58950913 0.549681664
vn -0.529622614 -0.84442389 0.0803020969
vn -0.690528274 -0.538549364 0.482841015
vn -0.52961117 -0.844416618 0.0804530159
vn -0.773599982 -0.505286574 0.382398605
vn -0.529682517 -0.844388902 0.0802735463
vn -0.528900623 -0.843201101 0.0963116661
vn -0.528791189 -0.843270719 0.0963043943
vn -0.527601779 -0.844697893 0.090122208
vn -0.784123302 -0.499725461 0.36800161
vn -0.791670918 -0.487781554 0.36786741
vn -0.83474052 -0.0121962093 0.55050832
vn -0.527616024 -0.8391065 0.132370561
vn -0.855804324 0.00019978371 0.517299712
vn -0.523405075 -0.834396303 0.172713771
vn -0.781321704 -0.448115855 0.434429139
vn -0.515247107 -0.821709156 0.24354586
vn -0.854450822 0.0243903063 0.518959582
vn -0.490332901 -0.781725764 0.385329574
vn -0.712083817 -0.374789476 0.593691468
vn -0.465141207 -0.74143213 0.483654886
vn -0.816803515 0.0687931329 0.572799921
vn -0.322997093 -0.514754593 0.794166625
vn -0.565526307 -0.157609835 0.809530318
vn -0.322909713 -0.514816344 0.794162214
vn -0.0817762017 -0.130489558 0.988071501
vn -0.296331704 -0.472541034 0.829995513
vn -0.0798093602 -0.126716465 0.988723218
vn -0.00401568413 -0.00632493105 0.999971986
vn -0.00399065018 -0.00638525002 0.999971807
vn -0.0818061233 -0.130505368 0.988066971
vn -0.322921306 -0.514834344 0.794145763
vn -0.322916001 -0.514826 0.794153452
vn -0.490304202 -0.781704366 0.385408789
vn -0.490265906 -0.781728387 0.385408968
vn -0.0818293616 -0.130473167 0.988069296
vn -0.490326703 -0.781739831 0.385308594
vn -0.322880387 -0.514843047 0.794156849
vn -0.00401276303 -0.00631706277 0.999972105
vn -0.00399476197 -0.00629155198 0.999972284
vn -0.0818006918 -0.130507261 0.98806721
vn -0.0817747116 -0.130493268 0.988071084
vn -0.322887093 -0.514778018 0.794196248
vn -0.00400745822 -0.00639544288 0.999971628
vn 0.384924412 -0.0809099302 0.919394791
vn -0.108593598 -0.173125058 0.978895009
vn 0.315483302 -0.212403953 0.924853921
vn 0.70774591 -0.141620621 0.692126691
vn 0.671686113 -0.212487623 0.709709048
vn 0.58598417 -0.41650793 0.695085466
vn 0.134493798 -0.561668396 0.816357791
vn 0.38971141 -0.0818789303 0.917289913
vn 0.388050199 -0.0850028098 0.917710125
vn -0.00401371717 -0.00630561914 0.999972105
vn -0.00399422599 -0.00610230677 0.999973416
vn 0.390900791 -0.0887046084 0.916148603
vn 0.714681208 -0.149424404 0.683303177
vn 0.92307961 -0.188799366 0.335080355
vn 0.922453701 -0.186615661 0.338014662
vn 0.711126924 -0.142109215 0.688551784
vn 0.71858412 -0.155797601 0.677764118
vn 0.948112309 -0.203504741 0.244272366
vn 0.925326526 -0.197105557 0.323913872
vn 0.927203298 -0.205898643 0.312889665
vn 0.722527802 -0.162916109 0.67187202
vn 0.396134287 -0.0975017771 0.91300112
vn 0.725420892 -0.171048298 0.666713595
vn 0.393242091 -0.0926855505 0.91475141
vn 0.39800781 -0.102103852 0.911682308
vn 0.728498995 -0.179599807 0.661084771
vn 0.928623021 -0.215098947 0.302310973
vn 0.943956673 -0.242791325 0.223602355
vn 0.929715574 -0.224703848 0.291782558
vn 0.9301579 -0.23139134 0.285069168
vn 0.930306911 -0.234994844 0.281614363
vn 0.731481493 -0.188860506 0.655184329
vn 0.399998695 -0.107298449 0.910213172
vn 0.733177423 -0.198791802 0.650332868
vn 0.401419014 -0.112706549 0.90893352
vn 0.930218995 -0.246701345 0.27171886
vn 0.740797222 -0.189407811 0.644471943
vn 0.737976491 -0.1884076 0.647991717
vn 0.721274495 -0.237416402 0.650689363
vn 0.928594828 -0.271195531 0.25330767
vn 0.929443896 -0.259781718 0.26200667
vn 0.931747675 -0.300102532 0.204413161
vn 0.96539408 -0.260793686 0.000882725464
vn 0.618471622 -0.57340306 0.537309885
vn 0.590705276 -0.739076734 0.323778987
vn 0.931049585 -0.29732132 0.211534157
vn 0.93543148 -0.309225619 0.171310961
vn 0.944036901 -0.322391212 0.0697012544
vn 0.940275788 -0.317378938 0.12309365
vn 0.928671479 -0.28389293 0.238692462
vn 0.709028006 -0.701707125 0.0699035004
vn 0.597291589 -0.78889823 0.144506961
vn 0.0340012312 -0.992804706 0.114815839
vn 0.0340955183 -0.998609722 0.0402031653
vn 0.0438967906 -0.927824855 0.370424539
vn 0.3319906 -0.941606104 0.056215968
vn 0.598420203 -0.798384786 0.0668974444
vn -0.109663397 -0.993968785 0.000298487052
vn 0.334204495 -0.94250071 0.000102131453
vn 0.344395101 -0.938567221 -0.021990383
vn 0.346402109 -0.937825978 -0.0220934432
vn 0.599007428 -0.79963541 -0.04211355
vn 0.710396826 -0.703801274 0.000500344322
vn 0.709821224 -0.70259732 -0.0501090139
vn 0.945889771 -0.324487805 0.000404201157
vn 0.93941468 -0.317130476 -0.130108848
vn 0.943942606 -0.322297513 -0.0713914558
vn 0.592107475 -0.791006625 -0.154004127
vn 0.0410012603 -0.928834856 -0.368218362
vn 0.587163627 -0.738385618 -0.331700921
vn 0.326504499 -0.933820784 -0.146197155
vn 0.933022022 -0.308131456 -0.18580915
vn 0.928072929 -0.298987865 -0.222006544
vn 0.965529323 -0.260294586 0.000292362587
vn 0.926591218 -0.295593977 -0.232492745
vn 0.922802329 -0.281812966 -0.262711465
vn 0.608888924 -0.566486895 -0.555289924
vn 0.921990097 -0.268794447 -0.278718442
vn 0.922586501 -0.257388651 -0.287376434
vn 0.940407515 -0.241503462 -0.239394948
vn 0.975275576 -0.220992193 7.93236977e-05
vn 0.97529912 -0.220888704 0.000192281004
vn 0.944737017 -0.202507257 -0.257803828
vn 0.981724083 -0.190309897 -0.000318559003
vn 0.981772423 -0.190060705 -1.99209644e-05
vn 0.948688388 -0.173297539 0.264496356
vn 0.866633475 -0.130708873 0.481520176
vn 0.948008001 -0.144993842 0.283297777
vn 0.870979011 -0.142514467 0.470197171
vn 0.987003088 -0.160701603 -3.01183172e-06
vn 0.878016174 -0.146613181 0.455622971
vn 0.903202176 -0.162687659 0.397188485
vn 0.916712284 -0.174310863 0.359519571
vn 0.987034202 -0.160511002 8.4302601e-06
vn 0.848031402 -0.0867920741 0.52279067
vn 0.526926577 -0.0113986889 0.849834323
vn 0.842224121 -0.0678989515 0.534834981
vn 0.995117128 -0.0987019464 -0.000301147084
vn 0.710558116 -0.0553826541 0.701455712
vn 0.856797516 -0.10760688 0.504300475
vn 0.991526604 -0.129903302 -0.000300905172
vn 0.991554618 -0.129689798 -0.000296730141
vn 0.841604412 -0.0878070816 -0.532909214
vn 0.945450485 -0.144605055 -0.291912436
vn 0.848023593 -0.108008817 -0.518835425
vn 0.838331103 -0.0694020018 -0.540725708
vn 0.995148182 -0.0983880684 -0.000206295023
vn 0.53847611 -0.015615263 -0.842496216
vn 0.710920215 -0.0598949753 -0.700717628
vn 0.997778714 -0.0666159317 -0.000226876859
vn 0.841023803 -0.0497012995 0.538710475
vn 0.99780041 -0.0662900805 -0.0003033838
vn 0.565324426 -0.0350037925 0.824125826
vn 0.845366418 -0.0308949575 0.533293009
vn 0.999416292 -0.0341599509 -0.00038705254
vn 0.541784525 -0.0241010264 0.840171874
vn 0.839673221 -0.0512015522 -0.540673077
vn 0.999425113 -0.0339052603 -0.000401329511
vn 0.846201897 -0.0321013033 -0.531894803
vn 0.999994874 -0.00320601393 -0.00040024551
vn 0.856808305 -0.0115974266 -0.515504777
vn 0.595088422 -0.0408007279 -0.802623928
vn 0.567388415 -0.036326807 -0.822648823
vn 0.854360878 -0.0107966252 0.519568205
vn 0.99999541 -0.00302946498 -0.000380891463
vn 0.999645591 0.0266197305 -0.00030308665
vn 0.86626339 0.0109006492 0.499468595
vn 0.86969173 0.0106012402 -0.493481606
vn 0.999640822 0.0268040802 -0.000297750637
vn 0.672831118 -0.0262020808 0.73933202
vn 0.87912482 0.0322974101 0.475496203
vn 0.998594284 0.0530028306 -0.000501460338
vn 0.634398818 -0.0369006954 0.772124708
vn 0.998583019 0.0532131717 -0.000596551341
vn 0.882977605 0.032402046 -0.468295693
vn 0.997098327 0.0761243105 -0.000406266598
vn 0.895658612 0.0531930402 -0.441549897
vn 0.700970471 -0.0113025839 -0.713100672
vn 0.665937304 -0.0268986784 -0.745522678
vn 0.891821086 0.0527970567 0.449297011
vn 0.997083306 0.0763209388 -0.000390274567
vn 0.99532181 0.0966160223 -0.00030436425
vn 0.9953143 0.096691899 -0.000306444243
vn 0.90362072 0.0723001808 0.422187805
vn 0.90718168 0.072896719 -0.41437611
vn 0.993389785 0.1147893 -0.000397899275
vn 0.914074481 0.0905984566 0.39529711
vn 0.993377328 0.114897601 -0.000399878278
vn 0.787097394 0.0461982004 0.615096271
vn 0.766221523 0.0268995259 0.642013371
vn 0.400407404 -0.0293969791 0.915865719
vn 0.378809988 -0.0464002192 0.924310625
vn -0.0502993986 -0.0929992646 0.994394898
vn -0.0615941808 -0.0971934646 0.993357778
vn 0.350903511 -0.0617986023 0.934370279
vn -0.456731409 -0.108899638 0.882914126
vn -0.438015908 -0.0925952494 0.894185781
vn -0.0700033903 -0.0962033644 0.992896974
vn -0.4070279 -0.0702942908 0.910706997
vn 0.318208486 -0.0733980834 0.945175171
vn -0.0731953904 -0.0877976865 0.993445575
vn -0.0687122867 -0.0684073344 0.995288491
vn 0.283005893 -0.0783968866 0.955908775
vn -0.363988996 -0.0389014743 0.93059051
vn -0.696215928 0.0409995355 0.716660678
vn -0.639973879 0.0954665467 0.762443304
vn -0.310109198 0.00140156713 0.950699925
vn -0.887634277 0.106608428 0.448040128
vn -0.860925376 0.16770193 0.480295539
vn -0.74450022 -0.00670038583 0.667588592
vn -0.910873115 0.0495999344 0.409695297
vn -0.781690896 -0.0494014397 0.621706486
vn -0.990487874 0.137597695 -0.000801277522
vn -0.997152209 0.0754047632 -0.00130824966
vn -0.928578079 -0.00579983043 0.371091604
vn -0.990542471 0.1372042 -0.000797455665
vn -0.806683123 -0.0881977379 0.584366024
vn -0.997191012 0.074887991 -0.00141458481
vn -0.999907911 0.0135059301 -0.00140815682
vn -0.909500301 0.0497048572 -0.412721395
vn -0.78821528 -0.0493024699 -0.6134215
vn -0.750717282 -0.00660206052 -0.660590708
vn -0.886477709 0.107101575 -0.450207263
vn -0.451432496 -0.109100156 -0.885610521
vn -0.979506195 0.201413602 -0.000298302184
vn -0.979410827 0.201877803 -0.000299871113
vn -0.964413524 0.264398605 0.000192371066
vn -0.964303076 0.264800906 0.000299708132
vn -0.834339976 0.23060523 0.500697434
vn -0.945060074 0.326895088 0.00109957915
vn -0.944916427 0.327309698 0.00109892432
vn -0.581403673 0.154677659 0.798776984
vn -0.248282596 0.0484969839 0.967472911
vn -0.0547003113 -0.0381960049 0.997772098
vn 0.204687998 -0.0269924197 0.978455007
vn 0.222379506 -0.0554932095 0.973379672
vn 0.597082317 -0.0400991514 0.801177084
vn 0.249685407 -0.0726979077 0.965594411
vn 0.195902795 0.00830950215 0.980588198
vn 0.1936865 0.0443946309 0.980058491
vn -0.464203507 -0.12030334 0.877520621
vn -0.462529808 -0.128703952 0.877212405
vn -0.0379999205 -0.0861974731 0.995553195
vn 0.415797204 -0.011696958 0.909382224
vn -0.0260506794 -0.077685453 0.996637523
vn -0.453817815 -0.134303346 0.880915523
vn 0.708747923 -0.0104049342 0.705385208
vn 0.740126073 0.00780136371 0.672422826
vn 0.629380703 -0.0374991149 -0.77619189
vn 0.251695007 -0.0723045617 -0.965101898
vn 0.223210707 -0.0554000884 -0.973194718
vn -0.0544924103 -0.0384059064 -0.997775376
vn 0.204303801 -0.0263265502 -0.978553474
vn 0.548504889 -0.0264961533 -0.835727513
vn 0.535814703 -0.00690690754 -0.844307423
vn 0.537410319 -0.00329826353 -0.843314528
vn 0.525926471 0.000804920564 -0.850529611
vn 0.719710886 -0.0662835091 0.691102624
vn 0.516909003 0.00539741898 0.85602349
vn 0.597695112 -0.0227121208 0.801401794
vn 0.686513603 -0.0566868708 0.724904001
vn 0.723491073 -0.0718018338 0.686589479
vn 0.766063511 -0.0904072374 0.636375189
vn 0.808791518 -0.110111296 0.577695429
vn 0.519618392 -0.000507503166 0.85439831
vn 0.64189291 -0.34870863 0.682917118
vn 0.682392716 -0.366748691 0.632325649
vn 0.441212803 -0.598814607 0.668395281
vn 0.476517886 -0.613199294 0.630013764
vn 0.553108513 -0.306486219 0.774685264
vn 0.513289809 -0.618486941 0.594985485
vn 0.26319921 -0.790594637 0.552889407
vn 0.230306193 -0.792289138 0.565010786
vn 0.295902401 -0.714215994 0.634300709
vn 0.0280796792 -0.805387735 0.592082977
vn -0.0120103303 -0.887934387 0.459813565
vn -0.523280084 -0.834475577 0.172709569
vn -0.295477509 -0.900410473 0.319302559
vn -0.0377926789 -0.895189285 0.444080859
vn -0.309789091 -0.910817862 0.272840142
vn -0.0574940406 -0.888123572 0.455994546
vn 0.202289805 -0.781756699 0.58986038
vn 0.128013104 -0.738678813 0.661790252
vn -0.110757098 -0.854980767 0.506695986
vn -0.321282297 -0.906588972 0.273631454
vn -0.529603601 -0.844434679 0.0803128257
vn -0.529206574 -0.843202472 0.0946053043
vn -0.345903486 -0.890047371 0.296928853
vn -0.529617608 -0.844427824 0.080293335
vn -0.528960824 -0.843163371 0.096312806
vn -0.528900802 -0.843201816 0.0963055864
vn -0.528900921 -0.843202472 0.0962980762
vn -0.523400009 -0.834397912 0.172721371
vn -0.523397803 -0.834398925 0.172723264
vn -0.523392916 -0.834385872 0.172800466
vn -0.523382008 -0.834394515 0.17279236
vn -0.490325898 -0.781744957 0.385299087
vn -0.528906226 -0.843208313 0.0962201133
vn -0.529612422 -0.844419122 0.0804197565
vn -0.516793907 -0.839380622 0.168417871
vn 0.354741186 -0.552581131 0.754196882
vn -0.496492893 -0.78696084 0.366315782
vn -0.490416199 -0.781627774 0.385422081
vn -0.358101994 -0.570673227 0.738982499
vn 0.539504111 -0.565083623 0.624192297
vn 0.720015109 -0.379780799 0.580814064
vn 0.845802009 -0.128819585 0.517711103
vn 0.920501828 -0.180802867 0.346391261
vn 0.9137308 -0.184507936 -0.362012416
vn 0.911711276 -0.179003045 -0.369784445
vn 0.914508998 -0.186900839 -0.358805716
vn 0.907485425 -0.172389343 -0.383082539
vn 0.91696471 -0.195099846 -0.348011136
vn 0.919058502 -0.203813538 -0.337330222
vn 0.920739591 -0.213011146 -0.326902241
vn 0.698390007 -0.143405274 -0.701203585
vn 0.703326404 -0.146119386 -0.695687473
vn 0.383255512 -0.0867266282 -0.919561684
vn 0.707289815 -0.153110385 -0.690143824
vn 0.385675699 -0.0905863941 -0.918176711
vn 0.710992277 -0.160298601 -0.684685588
vn 0.714557528 -0.168251798 -0.679042697
vn 0.3884556 -0.095383428 -0.916517377
vn 0.3905361 -0.100019753 -0.915138125
vn 0.717487216 -0.17638579 -0.67386961
vn 0.922043681 -0.222592458 -0.316682816
vn 0.922670722 -0.228785455 -0.31038034
vn 0.720211625 -0.185750499 -0.668425143
vn 0.392825007 -0.105358951 -0.913557887
vn 0.92289871 -0.232797951 -0.306697339
vn 0.721943676 -0.19551979 -0.663753986
vn 0.39412871 -0.110529952 -0.912384629
vn 0.923095524 -0.24440515 -0.296918839
vn 0.724619806 -0.20551309 -0.65779227
vn 0.72101599 -0.204606995 -0.662021041
vn 0.708488524 -0.2410063 -0.663294852
vn 0.397567004 -0.115710653 -0.910248101
vn 0.368789285 -0.170300752 -0.91377902
vn 0.675271273 -0.348799586 -0.649882734
vn 0.290403605 -0.342285037 -0.89359206
vn -0.161319703 -0.257208943 -0.952795744
vn -0.0406092405 -0.0646005943 -0.997084618
vn 0.127188593 -0.677890003 -0.724077523
vn -0.165828094 -0.264590651 -0.949996233
vn -0.0407030508 -0.0649061278 -0.997061014
vn -0.0389242694 -0.0619075373 -0.997322619
vn -0.00392013695 -0.00619442808 -0.999973118
vn 0.395197004 -0.115006752 -0.911368728
vn -0.00378137804 -0.00620962679 -0.999973595
vn -0.003895103 -0.00619413005 -0.999973178
vn -0.00391554786 -0.00619460689 -0.999973178
vn -0.00391250802 -0.00622005807 -0.999972999
vn -0.00391209079 -0.00620676624 -0.999973118
vn -0.00391465379 -0.00620563421 -0.999973118
vn -0.0406932794 -0.0648859292 -0.997062683
vn -0.0407181308 -0.0648788884 -0.997062087
vn -0.165914997 -0.264555246 -0.949990988
vn -0.383283913 -0.611075282 -0.6925897
vn -0.383300394 -0.611100495 -0.692558408
vn -0.165909201 -0.264510959 -0.95000428
vn -0.383308202 -0.611112893 -0.692543149
vn -0.165904701 -0.264609158 -0.949977636
vn -0.0407133587 -0.0649185255 -0.997059703
vn -0.00391024305 -0.00621534884 -0.999973118
vn -0.0406968482 -0.0648950487 -0.997062027
vn -0.165600806 -0.264800251 -0.949977577
vn -0.0409055911 -0.0653003529 -0.99702692
vn -0.00388288405 -0.00620748103 -0.999973178
vn -0.0398748517 -0.0638100579 -0.997165203
vn -0.00389933493 -0.00619025622 -0.999973297
vn -0.33777231 0.25706616 -0.905442953
vn -0.336392194 0.269288063 -0.902399242
vn -0.338299304 0.270006955 -0.901470959
vn -0.369599104 0.226706356 -0.901110947
vn -0.620906472 0.469114482 -0.628018141
vn -0.6028018 0.48809579 -0.631183565
vn -0.607797503 0.471589684 -0.638893962
vn -0.609634817 0.452876627 -0.650575459
vn -0.604589283 0.489659786 -0.628255546
vn -0.759184897 0.603083134 -0.244804099
vn -0.762024701 0.596711278 -0.251503915
vn -0.770087123 0.576581061 -0.272983909
vn -0.773974478 0.60567975 -0.184703901
vn -0.793829024 0.608121514 0.00490097096
vn -0.827318728 0.561716378 0.00430819578
vn -0.82758832 0.561319411 0.00428185007
vn -0.75528729 0.632100105 -0.173178092
vn -0.753985107 0.614491165 -0.232179299
vn -0.751335919 0.620742381 -0.223994195
vn -0.751466572 0.621371269 -0.22180149
vn -0.621787786 0.467587501 -0.628284931
vn -0.750788093 0.623505354 -0.218079194
vn -0.750799179 0.626387537 -0.209616691
vn -0.7538113 0.630923688 -0.183586091
vn -0.362889886 0.228898242 -0.903281033
vn -0.647193015 0.439490378 -0.622888029
vn -0.422593415 0.161506742 -0.89181298
vn -0.576698422 0.515335619 -0.633915067
vn -0.751493692 0.622787833 -0.2176985
vn -0.651204109 0.434484482 -0.622219026
vn -0.688376427 0.396676779 -0.607277215
vn -0.423319101 0.155508742 -0.892534673
vn -0.239719003 0.35091126 -0.905205011
vn -0.123502202 -0.174978241 -0.976795673
vn -0.431991696 0.144613951 -0.890207827
vn 0.148177907 0.137098461 -0.979411781
vn -0.0746655986 -0.11499624 -0.990556002
vn -0.0707526803 -0.110483639 -0.991356313
vn -0.0662833378 -0.105783939 -0.992177606
vn -0.109523199 -0.153793737 -0.982014418
vn -0.0604127012 -0.0962786749 -0.993519425
vn -0.165678501 -0.26578036 -0.949690282
vn -0.383279413 -0.611067355 -0.692598999
vn -0.383265704 -0.611062407 -0.692611098
vn -0.702128828 -0.221824393 -0.676615834
vn -0.175311893 -0.261402965 -0.949175537
vn -0.0873397514 -0.139934242 -0.986301303
vn -0.389679015 -0.621289492 -0.679815948
vn -0.508773983 -0.811193943 -0.288294405
vn -0.950771272 0.142301247 -0.275289774
vn -0.837295711 0.233896777 -0.494194776
vn -0.858881772 -0.397888929 -0.322500646
vn -0.477269202 0.0859053284 -0.874548197
vn -0.509099603 -0.815821648 -0.274322331
vn -0.530401826 -0.845228195 -0.0652946308
vn -0.896281481 -0.431791365 -0.101172671
vn -0.544482708 -0.836593211 -0.0604191571
vn -0.898356616 -0.434402496 -0.0651917458
vn -0.899935007 -0.431091011 -0.0654051974
vn -0.985134423 0.12339972 -0.119510181
vn -0.988957703 0.12770392 -0.0751961768
vn -0.989155114 0.125874415 -0.0756824985
vn -0.771325529 0.636418223 0.00538842287
vn -0.992414176 0.122837499 0.00500114681
vn -0.793514371 0.608531773 0.00490126899
vn -0.768992186 0.635716677 0.0671950355
vn -0.769510388 0.636278808 -0.0548010543
vn -0.990072727 0.124143794 0.0659135133
vn -0.990200102 0.12339779 0.0653980523
vn -0.765196919 0.635728598 -0.101602092
vn -0.759298325 0.634199917 -0.145796597
vn -0.983120382 0.122516379 0.135882422
vn -0.764188111 0.634369373 0.116585307
vn -0.75311321 0.629280031 0.191904098
vn -0.757604718 0.631931484 0.163394809
vn -0.947041571 0.139090955 0.289423525
vn -0.855340421 -0.400016755 0.32921043
vn -0.894281209 -0.432689726 0.114196733
vn -0.691822171 -0.224712923 0.686211467
vn -0.82894057 0.228325903 0.510612071
vn -0.751183987 0.627910852 0.203594297
vn -0.684492826 0.382375598 0.620691955
vn -0.479811788 0.0643698275 0.875006914
vn -0.363798708 0.218012154 0.905605435
vn -0.613401771 0.460804194 0.641403079
vn -0.747629523 0.622833014 0.230497509
vn -0.330900908 0.264684737 0.905785084
vn -0.747983515 0.616882145 0.244902402
vn -0.598288178 0.483200908 0.639193237
vn -0.595861673 0.481301874 0.642882168
vn -0.750425577 0.610618949 0.252993792
vn -0.77159071 0.603294551 0.201701611
vn -0.75543648 0.599331856 0.264796287
vn -0.758204818 0.59280163 0.271499187
vn -0.600952804 0.46566698 0.649623036
vn -0.762277186 0.582782149 0.281600177
vn -0.801725984 0.556516945 0.218000785
vn -0.766091883 0.572483718 0.292173982
vn -0.602244973 0.456360072 0.655008733
vn -0.603078723 0.44685477 0.660769939
vn -0.333135307 0.247260258 0.909880936
vn -0.332987189 0.252777338 0.90841794
vn -0.00401419401 -0.00639729109 0.999971509
vn -0.00401836587 -0.00638960209 0.999971509
vn -0.32997489 0.264208466 0.906261981
vn -0.0039892788 -0.00630484382 0.999972224
vn -0.0400071107 -0.0632853955 0.997193277
vn -0.0408917591 -0.0650905743 0.997041225
vn -0.0407934114 -0.0646918863 0.997071207
vn -0.166342497 -0.264990062 0.949794948
vn -0.165109202 -0.265490562 0.949870348
vn -0.160688505 -0.270587742 0.949189961
vn -0.383481294 -0.611475348 0.692127168
vn -0.38343361 -0.611735225 0.691924095
vn -0.391167998 -0.624195933 0.676289201
vn -0.508816004 -0.811193466 0.288221568
vn -0.508815587 -0.811229467 0.288120896
vn -0.383497685 -0.611496449 0.692099452
vn -0.508817315 -0.81123513 0.288101494
vn -0.53022331 -0.845332384 0.0653952733
vn -0.166209295 -0.265015841 0.949811161
vn -0.383580595 -0.611568749 0.691989601
vn -0.1662018 -0.264995247 0.949818015
vn -0.0408980809 -0.0652010813 0.997033715
vn -0.0408968292 -0.0650927871 0.997040927
vn -0.00399684906 -0.00629590312 0.999972224
vn -0.00399458408 -0.006291016 0.999972284
vn -0.00398540404 -0.00631193677 0.999972224
vn -0.00400125887 -0.00630311482 0.999972224
vn -0.00400996208 -0.00631634705 0.999972105
vn -0.0409056507 -0.0652106851 0.997032821
vn -0.00399273587 -0.0063007311 0.999972224
vn -0.00399941206 -0.00639281981 0.999971628
vn -0.00399356987 -0.00640974799 0.999971509
vn -0.00401240494 -0.006299539 0.999972224
vn -0.00399172306 -0.00640396588 0.999971628
vn -0.0409111902 -0.0652184263 0.997032106
vn -0.0391179882 -0.0622017756 0.99729681
vn 0.415394098 -0.072183162 0.90677321
vn 0.0149770901 0.0620005876 0.997963727
vn 0.380886704 -0.154277951 0.911659896
vn 0.418270111 -0.0731957778 0.905368805
vn 0.681844771 -0.355099976 0.639524519
vn -0.0408903882 -0.0651144758 0.997039676
vn 0.290588409 -0.350401342 0.890380442
vn 0.135110706 -0.687396944 0.713603973
vn -0.161716893 -0.257597655 0.952623367
vn -0.165901706 -0.265226454 0.949806154
vn -0.508886218 -0.811187267 0.288114876
vn -0.368015796 -0.619408429 0.693467796
vn -0.384206891 -0.609600306 0.693377554
vn -0.383507401 -0.611509144 0.692082882
vn -0.508817017 -0.811228275 0.288121581
vn -0.50882268 -0.811232567 0.288099378
vn -0.530220509 -0.845335126 0.0653828755
vn -0.530220628 -0.845334291 0.0653910488
vn -0.383484811 -0.611474097 0.692126393
vn -0.508817673 -0.81123364 0.288104981
vn -0.530219018 -0.845333695 0.0654133931
vn -0.530219913 -0.845334411 0.0653970689
vn -0.531363487 -0.847144008 0.000112468981
vn -0.52467972 -0.851299703 -0.000497420668
vn -0.529927373 -0.848043084 9.94385337e-05
vn -0.531409025 -0.847115517 0.000103790982
vn -0.531408608 -0.847115576 0.000111136993
vn -0.530161202 -0.8453722 0.0653830543
vn -0.531409502 -0.84711498 0.000100718986
vn -0.531281173 -0.847195625 0.000110957975
vn -0.531417727 -0.847110093 9.81919875e-05
vn -0.530300021 -0.845300615 -0.0651850849
vn -0.531293988 -0.847187579 0.00011192698
vn -0.530159891 -0.845386207 -0.0652131513
vn -0.508505821 -0.811402559 -0.288180232
vn -0.508844793 -0.811179757 -0.288208932
vn -0.383307606 -0.611108601 -0.692547321
vn -0.530226588 -0.845344126 -0.0652170256
vn -0.508808076 -0.811199546 -0.288217813
vn -0.529936671 -0.848037302 9.2239432e-05
vn -0.530182302 -0.845373273 -0.065199323
vn -0.531364679 -0.847143173 9.96289746e-05
vn -0.531293392 -0.847187996 0.000110036977
vn -0.531382978 -0.847131789 8.20576824e-05
vn -0.527526498 -0.849521518 -0.00540681509
vn -0.531409025 -0.847115397 0.000111069981
vn -0.530304313 -0.845289409 0.0652927533
vn -0.531419814 -0.847108722 0.000102339989
vn -0.531393111 -0.847125411 9.61644764e-05
vn -0.110482201 -0.993385077 0.0313021094
vn -0.539203107 -0.839484096 0.0672800988
vn -0.531390786 -0.847126901 0.000107452979
vn -0.5301705 -0.845372021 -0.0653125718
vn -0.529811025 -0.845794618 -0.0627043918
vn -0.108208701 -0.994099975 0.00749649201
vn 0.0318193398 -0.991621614 -0.125196561
vn 0.034903761 -0.999388874 -0.00190733187
vn -0.530181229 -0.845365405 -0.0653098375
vn -0.508701801 -0.811276853 -0.288188428
vn -0.510821819 -0.812402248 -0.281182706
vn -0.5087924 -0.811186969 -0.288281232
vn -0.508806407 -0.811209559 -0.288192928
vn -0.383204609 -0.61110276 -0.69260931
vn -0.385472804 -0.612193108 -0.690384328
vn -0.166988701 -0.264498264 -0.94981873
vn -0.506181002 -0.814715683 0.282876968
vn -0.902277291 -0.429709196 0.0352968983
vn -0.903107524 -0.429403394 0.00310026505
vn -0.90468961 -0.424608111 0.035280928
vn -0.529909909 -0.845848918 0.0611171536
vn -0.511168122 -0.815243363 0.272186577
vn -0.166201398 -0.265007854 0.949814618
vn -0.1660119 -0.26521945 0.949788868
vn -0.00401645806 -0.00632779207 0.999971926
vn -0.0039909482 -0.00640605204 0.999971628
vn -0.00399905397 -0.00640271511 0.999971509
vn -0.0040012002 -0.00629727403 0.999972224
vn -0.333303899 0.235948458 0.912818134
vn -0.333551109 0.241419747 0.911295831
vn -0.333301395 0.230363548 0.914244473
vn -0.332936198 0.223768845 0.916013777
vn -0.60528928 0.415990084 0.678658366
vn -0.604786813 0.42659089 0.67249763
vn -0.773038626 0.550626934 0.314994097
vn -0.773279905 0.550582945 0.314478576
vn -0.604192317 0.436994374 0.666324079
vn -0.776618004 0.538502157 0.326925397
vn -0.779727995 0.526128411 0.339430988
vn -0.832267582 0.501220942 0.236872181
vn -0.862226903 0.506509721 0.00358935446
vn -0.780230105 0.518132746 0.350399375
vn -0.772854328 0.508422017 0.379740983
vn -0.752712429 0.498598635 0.429910898
vn -0.747488201 0.496689349 0.441090882
vn -0.75178498 0.485299438 0.446434677
vn -0.733206987 0.189708099 0.653007269
vn -0.638496518 0.344105989 0.68841368
vn -0.395412803 0.117987849 0.910893917
vn -0.601145506 0.40921548 0.68641603
vn -0.601469278 0.411110878 0.684998274
vn -0.333505601 0.210595056 0.918925464
vn -0.332212508 0.209598452 0.919621289
vn -0.00402021408 -0.0062853531 0.999972224
vn -0.00402057078 -0.00630156603 0.999972105
vn -0.0922769904 -0.0626789108 0.993758678
vn -0.725893676 0.490074396 0.482602894
vn -0.695725679 0.481732309 0.53282243
vn -0.662698388 0.472401708 0.581091583
vn -0.62611568 0.461592317 0.628420055
vn -0.815576196 -0.0236987155 0.57816422
vn -0.815496802 -0.0256780647 0.578191698
vn -0.612494171 0.457396895 0.644700646
vn -0.773524821 -0.504036248 0.384196401
vn -0.658328712 -0.0842005014 0.748006523
vn -0.769842386 0.561621547 0.303189993
vn -0.33783859 0.246101856 -0.908459663
vn -0.610597074 0.44269973 -0.656649232
vn -0.773872375 0.565790176 -0.28461042
vn -0.337950587 0.240059555 -0.910033464
vn -0.610957801 0.432325214 -0.663193464
vn -0.775797904 0.556396484 -0.297591299
vn -0.775820076 0.556308568 -0.2976982
vn -0.00390517712 -0.00589604722 -0.999975026
vn 0.809676886 0.0844956934 -0.580761611
vn 0.817718029 0.104602091 -0.566034973
vn 0.821608305 0.124503486 -0.556289971
vn 0.941109002 0.17275615 -0.290635973
vn 0.821449995 0.142891288 -0.552088976
vn 0.429274291 0.044497095 -0.902077496
vn 0.423009008 0.0634981096 -0.903898001
vn 0.817290127 0.159301087 -0.553768873
vn 0.412594497 0.0814969167 -0.907261908
vn 0.00792533066 -0.0278025381 -0.999582112
vn 0.0100386096 -0.012609317 -0.999870121
vn -0.389587611 -0.126000851 -0.912329614
vn -0.374812901 -0.116805151 -0.91971302
vn -0.79308027 -0.246089816 -0.557192564
vn -0.782407284 -0.251600504 -0.56968087
vn -0.922712922 -0.287403882 -0.256904453
vn -0.961062729 -0.276330113 -0.000603450986
vn -0.954949081 -0.296769589 -0.000300969346
vn -0.918086886 -0.301197857 -0.257675171
vn -0.954909801 -0.296896189 -0.00029995339
vn -0.923198402 -0.286895931 0.255725443
vn -0.918456316 -0.300717026 0.256919146
vn -0.949944079 -0.312419891 -0.000204328884
vn -0.91448611 -0.310694724 0.259198844
vn -0.949913919 -0.312511712 -0.000200338924
vn -0.771748126 -0.253384203 0.583267868
vn -0.914208174 -0.311103076 -0.259688854
vn -0.94599092 -0.324193388 -9.99815165e-05
vn -0.945930719 -0.324369013 -0.000103471837
vn -0.910495102 -0.318699658 -0.263494462
vn -0.942540705 -0.334091604 -5.44305365e-08
vn -0.910659194 -0.318385035 0.26330775
vn -0.907413185 -0.321103543 0.271097749
vn -0.752185583 -0.248208702 0.610417366
vn -0.942364514 -0.33458811 -2.12407429e-07
vn -0.762414277 -0.252505392 0.59578985
vn -0.741729021 -0.240207702 0.626209438
vn -0.904812515 -0.319303364 0.281708628
vn -0.940746307 -0.339111298 9.98407559e-05
vn -0.94053781 -0.339689106 0.000168108658
vn -0.940643609 -0.339396209 0.000208494705
vn -0.903754771 -0.310487866 0.294660151
vn -0.943076491 -0.332575709 0.000338625803
vn -0.943045378 -0.332664013 0.000300001819
vn -0.904253721 -0.293319166 0.31030485
vn -0.90383321 -0.310513049 -0.294393063
vn -0.904804409 -0.319498032 -0.28151387
vn -0.730882883 -0.227493599 -0.643472552
vn -0.721253812 -0.209982097 -0.660076141
vn -0.904394925 -0.29329595 -0.309915066
vn -0.712592483 -0.18600069 -0.676472962
vn -0.519195795 -0.123993568 -0.845613003
vn -0.52743572 -0.136615962 -0.838539004
vn -0.5184986 -0.12379656 -0.846069515
vn -0.456205398 -0.108897656 -0.883186221
vn -0.00269621611 0.169691369 -0.98549372
vn -0.0689026117 0.151187569 -0.986100793
vn -0.421284914 -0.0992914736 -0.901476681
vn -0.390006691 -0.0902035534 -0.916383207
vn 0.0623731017 0.188744262 -0.980043411
vn -0.31659779 -0.0677876621 -0.946134627
vn -0.31158331 -0.0662793145 -0.947904527
vn 0.129128307 0.207424268 -0.969691157
vn -0.54010433 -0.150102273 -0.828104317
vn -0.285220087 -0.0581009537 -0.956699371
vn 0.199760303 0.226219356 -0.953373253
vn 0.546775222 0.429301828 -0.718844116
vn 0.506605804 0.417623311 -0.754282057
vn 0.779409409 0.510994375 -0.362499207
vn 0.463095903 0.40328002 -0.78924495
vn 0.801386178 0.525406659 -0.285881102
vn 0.793821573 0.52051574 -0.314500719
vn 0.775803924 0.508706987 -0.3732903
vn 0.663203001 0.434795886 -0.609191716
vn 0.369687706 0.242383346 -0.896984637
vn 0.663201571 0.434797078 -0.609192252
vn 0.369682312 0.242364347 -0.896991968
vn 0.663205206 0.434805602 -0.609182358
vn 0.760411501 0.498525947 -0.416228712
vn 0.735595405 0.482302785 -0.475692809
vn 0.414702207 0.386311948 -0.823884249
vn 0.359717011 0.36681506 -0.857933819
vn 0.732709289 0.480306804 -0.482122898
vn -0.138827607 0.133271068 -0.981308281
vn 0.296690106 0.344486058 -0.89067632
vn 0.703364015 0.461198002 -0.540902555
vn 0.663217306 0.434784383 -0.609184444
vn 0.369356185 0.242386252 -0.897120357
vn 0.660370111 0.433086485 -0.613471746
vn 0.686899602 0.383423001 -0.617378116
vn 0.225063801 0.319111258 -0.920605421
vn 0.369605392 0.242403448 -0.897013068
vn 0.452428997 0.296598345 -0.841033638
vn 0.607291579 0.398199111 -0.687484145
vn 0.607319593 0.398111016 -0.687510312
vn 0.145908803 0.289998651 -0.945839047
vn 1.53853998e-05 4.50661082e-06 -1
vn 1.08256991e-05 6.41023098e-06 -1
vn 0.410533488 0.269108653 -0.871230662
vn 0.403699487 0.26469785 -0.875763535
vn 0.369710296 0.242298543 -0.896998167
vn 0.353027195 0.231392443 -0.906548023
vn -1.90874998e-05 2.06654113e-06 -1
vn 1.58995008e-05 -2.672959e-06 -1
vn 0.244910806 0.160614148 -0.956149518
vn 0.1280092 0.0838990062 -0.988218009
vn 0.498033702 -0.0312977768 -0.866592824
vn 0.499021202 -0.0308856089 -0.866039276
vn 0.5713889 0.0678476766 -0.81787008
vn 0.88724637 0.0363041237 -0.459865212
vn 0.864483774 -0.053508319 -0.499804705
vn 0.633067727 0.147789121 -0.759857714
vn 0.49481979 -0.0718031302 -0.866024077
vn 0.857037127 -0.124356918 -0.500022888
vn 0.865318 -0.0567938983 -0.497995198
vn 0.842172921 -0.201902032 -0.49998033
vn 0.486302704 -0.116501458 -0.865989208
vn 0.000102161997 0.000302913919 -1
vn 1.80303996e-05 -7.76076831e-06 -1
vn 0.901369095 0.106986769 -0.419628084
vn 0.686625421 0.21359472 -0.69492656
vn 0.91108048 0.163101554 -0.378590077
vn 0.710523784 0.242602706 -0.660530031
vn 0.996242404 0.0866085216 -8.79993058e-06
vn 0.998978615 0.0451862216 -8.73656318e-05
vn 0.915083528 0.186992064 -0.35728997
vn 0.994545817 0.104301803 4.75556317e-06
vn 0.995978713 0.0895919204 1.75625955e-05
vn 0.993447423 0.114290997 -0.00010673338
vn 0.862831593 0.0994968638 -0.495602667
vn 0.992655277 0.1209777 1.53819798e-07
vn 0.913945317 0.193520665 -0.356726557
vn 0.899703503 0.197409362 -0.389311373
vn 0.918555021 0.208400756 -0.335895956
vn 0.838521421 0.24228248 -0.488038063
vn 0.901402771 0.202245653 -0.382843971
vn 0.752985418 0.301049203 -0.585134447
vn 0.662362576 0.220669121 -0.715947568
vn 0.330478489 0.216702744 -0.918598831
vn 0.317105502 0.207802653 -0.925344348
vn 0.330513 0.216704249 -0.918586135
vn 0.330603093 0.216685846 -0.918557942
vn 0.366529614 0.240323454 -0.898832917
vn 0.374376297 0.245494455 -0.894189656
vn -0.0685034916 0.148487866 -0.986538827
vn -0.370804995 0.0913722813 -0.924205005
vn -0.489595801 0.026183622 -0.871556401
vn -0.708716273 -0.139889881 -0.691485405
vn -0.292359799 0.102267653 -0.950824499
vn -0.765716612 -0.129403293 -0.630026221
vn -0.777604222 -0.124893002 -0.616225123
vn -0.910655022 -0.222696036 -0.348014235
vn -0.703764796 -0.140694574 -0.696362078
vn -0.705608785 -0.153499886 -0.691775918
vn -0.664810121 -0.141909078 -0.733409405
vn -0.646287203 -0.141294181 -0.749899209
vn -0.214285702 0.117392659 -0.969690979
vn -0.582326174 -0.135096863 -0.801651418
vn -0.541832983 -0.128318772 -0.830633104
vn -0.906620979 -0.265307248 -0.328101337
vn -0.948400617 -0.317074805 0.000300162326
vn -0.956963599 -0.290208101 0.000243472707
vn -0.957061291 -0.289885402 0.000399185752
vn -0.906442404 -0.265414357 0.328508079
vn -0.948356807 -0.317205399 0.000320961291
vn -0.91040051 -0.222996965 0.348487079
vn -0.706530929 -0.153911725 0.690742612
vn -0.713609219 -0.186408311 0.675288022
vn -0.704735696 -0.141020313 0.695313573
vn -0.724387705 -0.139088005 0.675216317
vn -0.7773965 -0.125799298 0.616303086
vn -0.916132927 -0.159004167 0.367992073
vn -0.778489113 -0.125389308 0.61500603
vn -0.969299972 -0.245880798 0.000399482931
vn -0.921880007 -0.062600188 0.382385403
vn -0.984305024 -0.176475793 0.000401156227
vn -0.984223485 -0.176929206 0.000400858204
vn -0.82270968 -0.0992985591 0.559721828
vn -0.454529703 0.087684311 0.886405408
vn -0.519595683 0.0905032456 0.84960562
vn -0.859279275 -0.0579914637 0.508208811
vn -0.859693527 -0.057406202 0.507574201
vn -0.8873294 0.00549118081 0.461103499
vn -0.579386175 0.103103064 0.808505595
vn -0.902198076 0.0796040744 0.423912615
vn -0.63581872 0.126305982 0.761433721
vn -0.920366406 0.0841060206 0.381905705
vn -0.903628826 0.0939030498 0.41789642
vn -0.901513577 0.19860144 0.384487629
vn -0.688621521 0.152010486 0.709008694
vn -0.690589011 0.149634287 0.707599103
vn -0.890800118 0.267088354 0.36761272
vn -0.679602504 0.236805782 0.694307983
vn -0.376128703 0.08257588 0.922880471
vn -0.896631479 0.271712333 0.349606127
vn -0.882577479 0.307595134 0.355587155
vn -0.994659603 0.103209697 0.000403587794
vn -0.840075672 0.463097543 0.282512784
vn -0.860172212 0.510003507 -0.000681626901
vn -0.853586972 0.41530323 0.314503163
vn -0.949462295 0.313881099 0.000298310129
vn -0.949266791 0.31447199 0.000407819229
vn -0.838854611 0.458470345 0.293475598
vn -0.665044785 0.323482871 0.673107982
vn -0.818890274 0.507484913 0.268100381
vn -0.646785676 0.400888175 0.648811936
vn -0.781277895 0.582099855 0.225310087
vn -0.896612525 0.272401571 -0.349118084
vn -0.920517504 0.0846995115 -0.381409913
vn -0.85993588 0.510402083 1.73982535e-05
vn -0.825301588 0.0679924712 -0.560583889
vn -0.820875525 0.226988792 -0.524060667
vn -0.8212924 0.220184088 -0.526305914
vn -0.825312495 0.0635071099 -0.561093688
vn -0.922069371 -0.0621004552 -0.382010013
vn -0.827380002 -0.0522906408 -0.559203207
vn -0.602908671 -0.0381013006 -0.796899915
vn -0.827400804 -0.0552933514 -0.558883607
vn -0.809988678 -0.101394005 -0.577613771
vn -0.916352928 -0.158694133 -0.36757794
vn -0.469155192 -0.0297507364 -0.882614493
vn -0.997699082 -0.0677981898 0.00030012292
vn -0.997733474 -0.0672884509 0.000499392045
vn -0.994725108 0.102575801 0.000299410691
vn -0.774128795 0.633027673 0.000894353143
vn -0.969238222 -0.246124804 0.000399235869
vn 0.732805908 0.268794 -0.625096321
vn 0.860382318 0.0991942436 -0.499902785
vn 0.999988079 0.00488811685 1.26739644e-06
vn 0.999994218 -0.00340431905 1.74381535e-06
vn -6.45220007e-06 -6.54632913e-06 -1
vn -9.61125011e-07 -6.95238941e-06 -1
vn 7.6910901e-06 1.11190211e-05 -1
vn -2.06195e-06 -5.85341877e-06 -1
vn -9.70391011e-06 2.97598103e-06 -1
vn 1.81664e-05 8.03446164e-06 -1
vn -7.04639024e-06 -8.06251865e-06 -1
vn 0.287091702 0.0527000166 -0.956452429
vn 4.02331034e-06 6.94295113e-06 -1
vn -1.14738996e-05 -1.04261781e-05 -1
vn 0.369693786 0.242360547 -0.896988213
vn 0.369682789 0.242390156 -0.896984756
vn 0.663195074 0.434797585 -0.609199047
vn 0.663190722 0.434798092 -0.609203458
vn 0.817189693 0.535696745 -0.212673515
vn 0.812206984 0.532483637 -0.238287508
vn 0.815202713 0.534487188 -0.223087609
vn 0.585019588 0.437830627 -0.682683349
vn 0.804521322 0.527500987 -0.272925496
vn 0.623072803 0.442693621 -0.644827664
vn 0.280636698 0.244406953 -0.928174615
vn 0.367728293 0.260884851 -0.892589033
vn -0.102304801 -0.00290556392 -0.99474889
vn -0.125090197 -0.00949879084 -0.9921
vn -0.324491113 -0.0754969344 -0.942870975
vn -0.231613696 -0.0413944907 -0.971926808
vn -0.313429594 -0.0675080642 -0.947208822
vn -0.553977191 -0.161771372 -0.816663623
vn -0.336704612 -0.0850135833 -0.937764823
vn 0.00190371205 0.0259091016 -0.999662578
vn 0.00788247492 0.0274889823 -0.999591112
vn 0.00781762507 0.0241151229 -0.999678671
vn 0.144985199 0.0618911684 -0.987496316
vn 0.158801407 0.0651997775 -0.985155523
vn 0.339194387 0.103415847 -0.935014725
vn 0.00869733002 0.0145772528 -0.999855995
vn -0.34919259 -0.0950999483 -0.93221271
vn -0.762498617 -0.252394319 -0.595729172
vn -0.361377805 -0.105891749 -0.926387012
vn -0.772370577 -0.253486514 -0.582398772
vn -0.751928627 -0.24800539 -0.610816538
vn -0.741176426 -0.239891589 -0.626984537
vn -0.907338977 -0.321316957 -0.27109316
vn -0.94071871 -0.339188188 0.000100073732
vn 0.0101358797 0.00227956288 -0.999946117
vn 0.382001609 0.108408451 -0.917781174
vn 0.398582101 0.0971017107 -0.911978006
vn 0.528087974 0.135695428 -0.838277876
vn 0.453397602 0.123607539 -0.882695794
vn 0.377978802 0.11049065 -0.919197381
vn 0.71472311 0.161513001 -0.68050307
vn 0.663788676 0.287902325 -0.690287411
vn 0.747601271 0.283299804 -0.600694358
vn 0.754783988 0.417590797 -0.505884469
vn 0.729351819 0.431592375 -0.530823946
vn 0.567486584 0.284999728 -0.772485733
vn 0.465502411 0.275281549 -0.841146767
vn 0.696143806 0.440061003 -0.567212641
vn 0.659754515 0.443575799 -0.606600761
vn 0.819835901 0.537529588 -0.197310418
vn 0.819610119 0.537326634 -0.198794916
vn 0.819295585 0.537202239 -0.200420514
vn 0.663202405 0.434784502 -0.609200358
vn 0.814854026 0.534257531 -0.224904016
vn 0.369694114 0.242387846 -0.896980643
vn 0.368869513 0.244293645 -0.89680326
vn 0.369621009 0.242405742 -0.897005916
vn 0.812080085 0.532393575 -0.23892051
vn 0.80200249 0.52591753 -0.283201098
vn 0.663205326 0.434787393 -0.609195113
vn 0.625914574 0.410320014 -0.66322583
vn 0.478429407 0.313603014 -0.820218742
vn 0.656799674 0.284096718 -0.698500633
vn 0.720398486 0.338412583 -0.605394721
vn 0.798910022 0.242996395 -0.550178051
vn 0.736494005 0.354009986 -0.576414347
vn 0.798662424 0.264402598 -0.540582716
vn 0.867285788 0.182182968 -0.463276267
vn 0.843207181 0.178488091 -0.50709331
vn 0.79317528 0.269980282 -0.545878768
vn 0.807923019 0.173699394 -0.563106477
vn 0.782326281 0.275520176 -0.558618128
vn 0.812468112 0.172296584 -0.556964695
vn 0.808986723 0.171982989 -0.562105298
vn 0.762271106 0.167591304 -0.625184774
vn 0.766326189 0.27999419 -0.578227818
vn 0.750593126 0.369791001 -0.547598958
vn 0.759585619 0.38329649 -0.525465369
vn 0.741496503 0.486078978 -0.462504417
vn 0.709107399 0.464928299 -0.530102313
vn 0.763414979 0.393505991 -0.512201548
vn 0.668012202 0.437998086 -0.601595819
vn 0.763473392 0.500485361 -0.408194721
vn 0.940109372 0.189707041 -0.283206075
vn 0.909526706 0.188796267 -0.370293379
vn 0.938179672 0.191100538 -0.288616568
vn 0.980866671 0.194680303 0.000404612743
vn 0.941110373 0.18334654 -0.28406927
vn 0.980901003 0.194507897 -0.000107684311
vn 0.980636179 0.195838302 0.000258272863
vn 0.938208699 0.190700561 0.28878653
vn 0.935988307 0.188203752 0.297498435
vn 0.982058525 0.188576594 -0.000196917274
vn 0.935805798 0.188501641 -0.297883481
vn 0.933102429 0.187410355 0.30691573
vn 0.931864321 0.188185751 0.310185641
vn 0.934414983 0.185907349 0.303821027
vn 0.926772475 0.189396545 0.324378729
vn 0.916401625 0.189092234 0.352778018
vn 0.91288811 0.188702747 0.361976236
vn 0.796959102 0.239683807 0.554443836
vn 0.879876614 0.183610231 0.43829754
vn 0.800154507 0.260396302 0.540320873
vn 0.837549627 0.177302018 0.516792715
vn 0.79168272 0.271498621 0.547290683
vn 0.939929724 0.18910265 0.284204632
vn 0.818804502 0.159097016 0.551586211
vn 0.940738022 0.182755649 0.285679221
vn 0.98061353 0.195952296 -0.000186432066
vn 0.981072724 0.1936398 6.6414982e-06
vn 0.981078029 0.193612903 0.000125588544
vn 0.982500315 0.186260894 -6.50881484e-05
vn 0.823671103 0.142794713 0.548794806
vn 0.422405809 0.0634047017 0.904186606
vn 0.934721828 0.184006348 0.304034442
vn 0.982185602 0.187913895 -0.000109121378
vn 0.934326828 0.184405446 -0.305005074
vn 0.934084177 0.186104745 -0.304715782
vn 0.752310872 0.169602901 -0.636602819
vn 0.772996008 0.196498111 -0.603212953
vn 0.533226013 0.183747038 -0.825776637
vn 0.467812091 0.131389648 -0.874007285
vn 0.725987017 0.140099898 -0.673286676
vn 0.398413986 0.0769121274 -0.913975298
vn 0.573837221 0.110839531 -0.811434329
vn 0.112373799 0.0739401355 -0.990911186
vn 0.09737771 0.0639018863 -0.993193924
vn 0.228401095 0.149714157 -0.961986899
vn 0.293379694 0.0566028059 -0.954318881
vn 0.333207697 0.218493745 -0.91718775
vn 0.349192888 0.228886753 -0.908666611
vn 0.595404029 0.233997226 -0.768595636
vn 0.788512528 0.22090289 -0.573977411
vn 0.931646824 0.188589439 -0.310593784
vn 0.916492403 0.189703465 -0.352213562
vn 0.925455272 0.189986259 -0.327777058
vn 0.932517409 0.188007951 -0.308325171
vn -0.96112591 -0.276109815 -0.00060010195
vn -0.97491461 -0.222578093 -0.000801656279
vn 0.912489176 0.140497237 0.384218633
vn 0.915910482 0.154615447 0.370408118
vn 0.919436514 0.14091064 0.367124826
vn 0.921172321 0.156798244 0.356168538
vn 0.911498129 0.131784946 0.389620423
vn 0.924588978 0.168091744 0.34187752
vn 0.987387121 0.158323705 -0.00069132616
vn 0.923737109 0.169210836 0.343624115
vn 0.992304802 0.123816296 -0.000799910806
vn 0.995840609 0.0910987779 -0.00161944318
vn 0.994742513 0.0532039553 -0.0875036642
vn 0.986252487 0.0476899967 -0.158214182
vn 0.97681272 0.214095801 2.99958714e-07
vn 0.978129625 0.207996398 2.61129969e-07
vn 0.976793289 0.214184403 -9.00188724e-08
vn 0.998429716 0.0560102984 -0.000999735901
vn 0.994901121 0.0531889535 0.0856906772
vn 1.54473e-07 -1.62920998e-07 1
vn 2.52936019e-07 -1.62920998e-07 1
vn 0.917364001 -0.0940005109 -0.38679114
vn 0.770729125 -0.0791183263 -0.632231712
vn 0.924689829 -0.134406641 -0.35620743
vn 0.582679689 -0.115089662 -0.804511487
vn 0.80532217 -0.159074917 -0.571096718
vn 0.441494912 -0.124506056 -0.888583422
vn 0.631933689 -0.178217977 -0.754253387
vn 0.468695194 0.124995239 -0.874471784
vn 0.819319129 0.218404889 -0.530108929
vn 0.325783789 -0.0918947011 -0.940967798
vn 0.58246237 0.610672653 -0.536485255
vn 0.688873708 0.722059011 -0.0639057681
vn 0.26691559 0.958340526 -0.10168384
vn 0.264437407 0.959110379 -0.100897141
vn -0.226563498 0.968330681 -0.104902744
vn 0.266790688 0.961914718 -0.0595234819
vn -0.242004901 0.967826426 -0.068888925
vn -0.665942073 0.734033585 -0.13310048
vn -0.550326705 0.606992006 -0.5733248
vn -0.268383712 0.961256981 -0.0628905445
vn -0.549233079 0.605911434 -0.575512409
vn -1.60463003e-07 -1.62920998e-07 1
vn 0.964893818 0.25729391 -0.0527242608
vn 0.69566232 0.717363775 -0.0379881859
vn 0.963671803 0.265188187 -0.0318108238
vn 0.692908704 0.718221426 -0.0635271594
vn 0.785930097 -0.221635312 -0.577227652
vn 0.965941906 0.253294706 -0.0528978892
vn 0.953276515 -0.269714177 -0.136081547
vn 0.852125704 -0.240298226 -0.464907229
vn 0.972264171 -0.212282389 -0.0981763974
vn 0.947532475 -0.222607851 -0.229408026
vn 0.725988805 0.00536156399 0.687685609
vn 0.968508124 -0.236603379 -0.0775292292
vn 0.970177114 -0.230502293 -0.0750003159
vn 0.970137119 -0.230605587 -0.0752007663
vn 0.970368028 -0.228592083 -0.0783044398
vn 0.971261322 -0.221593291 -0.0868801177
vn -0.0236792509 0.010974477 0.999659419
vn -0.01811116 0.00182040117 0.999834418
vn 0.0279982593 -0.0177075025 0.99945122
vn 0.969491303 -0.231085986 -0.0817690194
vn 0.965243697 -0.243917182 -0.0938564837
vn -0.00620871689 0.00674022781 0.999957979
vn 0.973017573 -0.203201085 -0.10929893
vn 0.973568618 -0.194194391 -0.120219029
vn 0.973918378 -0.185403392 -0.130799323
vn 0.943118811 -0.203998953 -0.262509733
vn 0.9379915 -0.185284451 -0.292987525
vn -0.580829501 0.560628295 -0.590197563
vn -0.508791327 0.494511932 -0.704691052
vn -0.64540118 0.617509663 -0.449598819
vn -0.578225017 0.749641538 -0.322014779
vn -0.489278615 0.8530128 -0.18159236
vn -0.711311519 0.644036949 -0.281517774
vn 0.835105419 -0.550090015 -1.27705216e-05
vn 0.440845311 -0.235928059 -0.866021633
vn 0.782991409 -0.369774908 -0.500191033
vn 0.452075094 -0.213488162 -0.866054773
vn 0.904161692 -0.427190393 -1.58321982e-05
vn 0.925427079 -0.3789258 -1.69149353e-05
vn 0.801412702 -0.328254998 -0.49998647
vn 0.462701797 -0.18950057 -0.86602354
vn 0.817491114 -0.285572708 -0.50015676
vn -0.764279127 0.644885719 0.000200420065
vn 0.613473713 0.789715171 7.77096575e-05
vn 0.974452972 -0.184393808 0.128219664
vn 0.000121698999 0.000494061911 -0.999999881
vn 0.000166182988 -3.28874776e-05 -1
vn 0.94766432 -0.222280651 0.229180872
vn 0.974051416 -0.193192318 0.117901273
vn 0.943225384 -0.203509837 0.262506485
vn 0.85358268 -0.236594781 0.464132875
vn 0.805719972 -0.158549696 0.570681512
vn 0.953425407 -0.269223034 0.136011362
vn 0.972684205 -0.211206108 0.0963199958
vn 0.973483622 -0.202094421 0.107180469
vn 0.971660316 -0.220489413 0.0852096826
vn 0.000166832993 -3.63513791e-05 -1
vn 0.000166475991 -3.4528879e-05 -1
vn 1.37378001e-05 -0.000132778063 -1
vn 0.970733523 -0.227506921 0.0769227296
vn 2.64495998e-06 9.44108251e-05 -1
vn 0.970362723 -0.229979709 0.0742004737
vn 0.142005995 0.970789433 -0.193396032
vn -0.00341194798 -0.000703552039 -0.99999392
vn 0.971008897 -0.23051551 0.0632814318
vn 0.970562577 -0.223608613 0.089483574
vn 0.963597298 0.2654939 0.0315173045
vn -0.008491694 0.00822035782 -0.999930203
vn -0.00549244788 0.0147231026 -0.999876618
vn -0.076100342 0.0503209643 -0.995829701
vn 0.073246181 -0.0252814982 -0.996993423
vn 0.684639692 -1.18750137e-07 0.728881717
vn 0.970545828 -0.229498312 0.0732900128
vn 0.975393474 -0.212265909 0.0595872067
vn 0.695881009 0.717176676 0.0375119969
vn 0.964932203 0.257131994 0.0528118424
vn 0.693164408 0.717976093 0.0635098815
vn 0.689064026 0.721876621 0.0639148876
vn 0.266919404 0.961942315 0.0584910847
vn 0.266814709 0.958450079 0.100912958
vn 0.583078504 0.610589266 0.535910726
vn 0.819739521 0.218414217 0.529455066
vn 0.468106002 0.12470156 0.874829412
vn 0.786946893 -0.218212396 0.577146351
vn 0.965963721 0.253154904 0.0531668998
vn 0.633827806 -0.175622925 0.753272176
vn 0.264314413 0.959155381 0.100790456
vn -0.242098197 0.967894197 0.0675970092
vn -0.665902913 0.733906329 0.13399592
vn 0.938157201 -0.184900939 0.29269886
vn 0.924853981 -0.133810565 0.35600546
vn 0.771067321 -0.0787806362 0.631861329
vn 0.917578697 -0.0936009809 0.386378556
vn 0.914057016 -0.0608872175 0.40098989
vn 0.912003577 -0.0128893275 0.409979612
vn -0.179068595 0.983836591 1.60287641e-07
vn -0.179068595 0.98383671 1.60287655e-07
vn -0.000335763005 1.62920998e-07 -1
vn 0.803919077 0.594738781 9.68954339e-08
vn 0.973193288 0.229988903 3.747002e-08
vn 0.803941309 0.5947088 9.03132559e-07
vn 0.973192573 0.229990497 -0.000810533471
vn 0.00385892298 0.00599865476 -0.999974608
vn 0.00397854997 0.00599943008 -0.999974072
vn 0.00400620606 0.00640670815 -0.999971509
vn 0.636712015 0.771101773 4.51445686e-07
vn 0.00389420893 0.00607953779 -0.999974012
vn 0.0818039104 0.130407661 -0.988080025
vn 0.0818129703 0.130413562 -0.988078475
vn 0.0819094107 0.130487859 -0.988060594
vn 0.00387561298 0.00589076988 -0.999975204
vn 0.00399809983 0.00639693299 -0.999971628
vn 0.00395870209 0.00641463604 -0.999971628
vn 0.00375258899 0.00598339597 -0.999975085
vn 0.00399762299 0.0063007311 -0.999972224
vn 0.00399655104 0.00630275812 -0.999972224
vn 0.0817958117 0.130494669 -0.988069177
vn 0.32290411 0.514789104 -0.794182122
vn 0.322887808 0.51488179 -0.794128656
vn 0.490326792 0.781734467 -0.385319293
vn 0.490327001 0.781738281 -0.385311276
vn 0.322895408 0.51479274 -0.794183254
vn 0.490323097 0.781742275 -0.385308087
vn 0.52340281 0.834405422 -0.172677159
vn 0.523404002 0.834403217 -0.172683567
vn 0.528904915 0.843211293 -0.0962006822
vn 0.528893173 0.843216121 -0.0962217227
vn 0.523326516 0.83444649 -0.172709569
vn 0.490301907 0.781747162 -0.385325372
vn 0.527991772 0.840457678 -0.121882863
vn 0.77540642 0.613898873 0.1478962
vn 0.798910618 0.60039562 0.0355985463
vn 0.517680228 0.828194082 -0.214713261
vn 0.322925597 0.514850497 -0.794133425
vn 0.322793514 0.514793098 -0.794224322
vn 0.813692689 0.564409673 -0.139089704
vn 0.477928191 0.761251986 -0.438269377
vn 0.286009312 0.456040144 -0.842749119
vn 0.531598389 0.445603818 -0.720305741
vn 0.756694496 0.366790175 -0.541182458
vn 0.640665412 -0.0160910357 -0.767651677
vn 0.914378703 0.255596846 -0.313977778
vn 0.85570389 -0.0670905486 -0.51309818
vn 0.954609811 0.233205274 0.185298651
vn 0.990928411 0.121520907 -0.0573913231
vn 0.973501801 -0.110696971 -0.20010142
vn 0.980512679 -0.143391922 0.134289175
vn 0.977776706 -0.0245914739 0.208201706
vn 0.884769678 -0.154179975 0.43978557
vn 0.873462379 -0.147590578 0.463983357
vn 0.854109704 -0.135999069 0.501996994
vn 0.775216401 -0.0980653539 0.624037683
vn 0.590016425 -0.0204130523 0.807133317
vn 0.886140823 -0.15530467 0.43661797
vn 0.892387688 -0.161495775 0.421382874
vn 0.59423703 -0.0295044798 0.803748786
vn 0.888944507 -0.175492868 0.423060268
vn 0.895320117 -0.165599868 0.41349557
vn 0.689173222 -0.0565105602 0.722389698
vn 0.64937979 0.385394871 0.655573487
vn 0.510783017 0.00679872278 0.859682918
vn 0.598756909 -0.0234045405 0.800588906
vn 0.713077307 0.356677711 0.603574157
vn 0.77821821 0.325390816 0.537119389
vn 0.688750327 0.663707316 0.29174602
vn 0.72238493 0.642997563 0.254390329
vn 0.840686619 0.291186243 0.456570566
vn 0.529680014 0.844387829 -0.0803026929
vn 0.529688179 0.844381392 -0.0803156868
vn 0.746247113 0.63167572 0.210002303
vn 0.748191178 0.629109621 0.210786611
vn 0.529581904 0.844450295 -0.0802910179
vn 0.861651301 0.280252248 0.423102766
vn 0.766208172 0.615879536 0.183350906
vn 0.884966373 0.270694345 0.378892034
vn 0.829387724 -0.12367399 0.544812679
vn 0.800398588 -0.107603095 0.589731872
vn 0.917653322 0.260385543 0.300186336
vn 0.529614687 0.844423711 -0.0803567544
vn 0.531789899 0.842404723 -0.0869133249
vn 0.529588699 0.844447315 -0.0802787393
vn 0.529616773 0.844426095 -0.0803164095
vn 0.529617012 0.844425797 -0.0803181976
vn 0.529692173 0.844382286 -0.0802793279
vn 0.529609084 0.844432473 -0.0803005472
vn 0.625211 0.700395942 0.344320625
vn 0.655799508 0.683103859 0.321397305
vn 0.59717989 0.715988457 0.361575425
vn 0.59001112 0.411423683 0.694706738
vn 0.536105692 0.43416217 0.723943353
vn 0.430737704 0.0337214731 0.901846886
vn 0.358717799 0.0566967987 0.931722581
vn 0.280728102 0.0869853646 0.955837488
vn 0.285298198 0.0797839314 0.955112278
vn 0.241589293 0.0945069343 0.965765476
vn 0.295086801 0.0765891224 0.952395916
vn 0.113097899 0.152697042 0.98178041
vn 0.120314702 0.14988704 0.981355309
vn 0.196911007 0.108715944 0.974375129
vn 0.269902498 0.085299626 0.959101975
vn 0.0613032505 0.187291637 0.980389774
vn 0.0712671801 0.169405937 0.982966185
vn 0.120014504 0.13385193 0.983707428
vn 0.170606896 0.106803544 0.979533672
vn 0.123495601 0.0940771177 0.9878757
vn 0.141902506 0.0834059864 0.98636061
vn 0.0721979067 0.136910737 0.987948895
vn 0.1103056 0.102788635 0.988568187
vn -0.161429793 -0.386828035 0.907912135
vn -0.176592797 -0.376872957 0.909275413
vn -0.411665708 -0.733966768 0.540207565
vn -0.421370804 -0.727904141 0.540927291
vn -0.430121809 -0.722237468 0.541634798
vn -0.192045704 -0.367071152 0.910152316
vn 0.109278299 0.104015835 0.988554001
vn -0.205197394 -0.356773555 0.911376357
vn -0.438399106 -0.716571152 0.542523861
vn -0.531299412 -0.847184122 0.000191252955
vn -0.531486094 -0.847067118 7.57684975e-05
vn -0.449702501 -0.708682358 0.543633163
vn -0.531484127 -0.84706831 -6.63491528e-06
vn -0.465104699 -0.697979569 0.544520199
vn -0.223095506 -0.342389643 0.912687063
vn -0.531473577 -0.847074926 9.69877947e-05
vn -0.531416893 -0.84711051 9.18170845e-05
vn -0.487586111 -0.68251127 0.544461489
vn -0.531539977 -0.847033322 0.000105987994
vn -0.531481326 -0.847069979 0.000113415997
vn -0.531592429 -0.84700042 2.67139058e-05
vn -0.531486511 -0.84706682 0.000115747993
vn -0.519099712 -0.661290467 0.541507661
vn -0.248033404 -0.322690845 0.913427651
vn -0.284882694 -0.295550644 0.911861718
vn 0.0492049418 0.156604439 0.986434996
vn 0.0101817204 0.186675832 0.982368886
vn -0.0114046903 0.20307523 0.97909677
vn -0.0171946194 0.23510094 0.971818864
vn -0.0438918397 0.228396341 0.972578347
vn -0.182984903 0.348486245 0.919279039
vn -0.0336024091 0.250814855 0.967451751
vn -0.404693395 0.475200385 0.781286061
vn -0.302402109 0.413322955 0.85890466
vn -0.408688307 0.477514982 0.777787685
vn -0.408387899 0.487086266 0.771988571
vn -0.113807999 0.282382548 0.952527165
vn -0.201514706 0.34630084 0.916224658
vn -0.176414296 0.32847634 0.927890837
vn -0.198504299 0.353901654 0.913974762
vn -0.435981393 0.45018059 0.77926743
vn -0.418311089 0.476592481 0.773224175
vn -0.0586226508 0.252701044 0.965766966
vn -0.147614002 0.269495249 0.951620936
vn -0.233708501 0.312492549 0.920721948
vn -0.0914001986 0.241382942 0.96611613
vn -0.0164985005 0.202998936 0.979040086
vn -0.0747790933 0.233107537 0.969571531
vn 0.0278897807 0.178983629 0.983456612
vn 0.0695002005 0.156993732 0.985151112
vn 0.275487006 0.552289665 0.786818445
vn 0.238629505 0.573086381 0.783982217
vn 0.43667689 0.805816412 0.399966419
vn 0.409882903 0.821755946 0.395870417
vn 0.190711707 0.599906385 0.777007997
vn 0.37599501 0.841387451 0.388194442
vn 0.129936904 0.632594407 0.763505638
vn 0.529626608 0.844421208 -0.0803041831
vn 0.529699028 0.844375908 -0.0803019181
vn 0.335212111 0.864211261 0.375195652
vn 0.529603481 0.84443742 -0.0802857652
vn 0.28800559 0.889913321 0.353705049
vn 0.0574628115 0.670793593 0.739414632
vn -0.0263948999 0.71298486 0.700682521
vn -0.33320719 0.35901475 0.87182647
vn -0.118378498 0.756350994 0.643366098
vn 0.236410797 0.916922748 0.321500838
vn 0.188786596 0.940620542 0.282121956
vn -0.2032011 0.793391407 0.573793948
vn -0.457978606 0.411308885 0.788086772
vn -0.441589385 0.404800475 0.800709367
vn 0.529614329 0.844427884 -0.0803135484
vn 0.52951169 0.844492018 -0.0803159848
vn 0.140882999 0.961089969 0.237609059
vn 0.138514593 0.96096915 0.239482969
vn 0.529610693 0.844416916 -0.0804523081
vn 0.529614627 0.844430208 -0.0802873746
vn 0.529622495 0.844424427 -0.0802969187
vn 0.529612124 0.844419301 -0.0804196969
vn 0.528901815 0.843201995 -0.0962977782
vn 0.52890259 0.843202472 -0.0962899774
vn 0.528801024 0.843275905 -0.0962049142
vn 0.523435473 0.834376514 -0.172716767
vn 0.523401678 0.834401309 -0.172700062
vn 0.523389518 0.834386408 -0.172808364
vn 0.490376204 0.781676054 -0.385374874
vn 0.528907895 0.843211114 -0.0961852446
vn 0.490403801 0.781691551 -0.385308176
vn 0.527929187 0.84040612 -0.122509569
vn 0.0843045115 0.994588375 0.0607182719
vn 0.114895798 0.978619218 0.170597568
vn 0.518881798 0.827165544 -0.21577546
vn 0.322992086 0.514899492 -0.794074714
vn 0.476525307 0.759806871 -0.442286491
vn 0.296791196 0.906495571 -0.300301462
vn 0.053098321 0.98871237 -0.140101343
vn -0.166785493 0.799012125 -0.577721655
vn 0.0779291913 0.661010027 -0.746319473
vn 0.293389291 0.467200339 -0.83405447
vn -0.201081306 0.255418241 -0.945689142
vn -0.4521873 0.426796526 -0.783180416
vn -0.55008781 0.270786613 -0.789986134
vn -0.645305276 0.547724843 -0.532521129
vn -0.726584017 0.420209676 -0.543598711
vn -0.667214215 0.49406898 -0.557423711
vn -0.685508311 0.483310491 -0.544508219
vn -0.496110708 0.353410512 -0.793079615
vn -0.386287212 0.277602553 -0.879613042
vn -0.375121802 0.282975763 -0.882727861
vn -0.443504304 0.190983951 -0.875687718
vn -0.820386887 0.521784842 -0.233893305
vn -0.649888575 0.503791392 -0.56906873
vn -0.802045524 0.588740826 -0.100535102
vn -0.786985517 0.604708195 -0.122400604
vn -0.772343814 0.619087219 -0.142184094
vn -0.633738101 0.512535632 -0.579381943
vn -0.364605486 0.287924051 -0.885529637
vn 0.00401550485 0.006296142 -0.999972224
vn -0.354824007 0.29228285 -0.888071358
vn 0.00400924589 0.00628559198 -0.999972284
vn 0.0042361021 0.00598792592 -0.999973118
vn 0.00401413394 0.00646643201 -0.999970973
vn -0.245108396 0.179804549 -0.952676475
vn 0.0716025233 0.115392461 -0.990736008
vn -0.0485995412 -0.0689023882 -0.99643892
vn -0.303394109 0.0933993161 -0.948276699
vn 0.00400185492 0.00638781302 -0.999971688
vn 0.00399458408 0.00630853884 -0.999972224
vn 0.0039994712 0.006299539 -0.999972224
vn -0.857613802 0.514294326 4.06667896e-05
vn -0.873804927 0.486276805 -7.42341285e-07
vn -0.873804927 0.486276805 7.9224705e-08
vn -0.852089584 0.523396015 0.000146638267
vn -0.85768342 0.514178276 0.000111558766
vn -0.848952174 0.528469801 7.05657885e-06
vn 0.0406992398 0.0647972673 -0.997068226
vn -0.841134071 0.540826619 -9.42168015e-07
vn -0.841675818 0.539983273 5.96942641e-07
vn -0.845844924 0.533428788 -1.16991316e-06
vn 0.0405875407 0.0648104921 -0.997071922
vn 0.165853903 0.264218837 -0.950095236
vn -0.219703093 0.191899255 -0.956506729
vn -0.173310205 0.256479055 -0.950884938
vn 0.0448980294 0.0716197342 -0.996420979
vn 0.165821105 0.264418751 -0.950045466
vn 0.178298995 0.284373343 -0.941987932
vn -0.0292956792 0.470984846 -0.881654859
vn 0.383183599 0.610983014 -0.692726552
vn 0.383447498 0.611060441 -0.692512155
vn 0.508795679 0.811098635 -0.288524181
vn -0.843192816 0.537611425 -6.61304239e-06
vn 0.508687377 0.81121248 -0.288395077
vn 0.389394492 0.620374799 -0.680813491
vn 0.508783877 0.808397889 -0.296026886
vn -0.0348062515 0.877119362 -0.479009658
vn -0.249888897 0.627093196 -0.737773359
vn -0.39789921 0.438207209 -0.806009114
vn -0.576910913 0.570840895 -0.584221303
vn -0.441298008 0.723395169 -0.530995071
vn -0.455104202 0.878783882 -0.143593848
vn -0.593799412 0.755694985 -0.276274472
vn -0.698615015 0.646993339 -0.305510879
vn -0.769105911 0.638900101 0.0168174338
vn -0.751609683 0.659529328 0.0102025075
vn -0.758587778 0.631691098 -0.1597213
vn -0.731095314 0.610401988 -0.304810107
vn -0.733029604 0.609120131 0.30272159
vn -0.732698381 0.613094449 0.295412183
vn -0.696118176 0.717821777 0.0122990571
vn -0.732743204 0.62224406 0.275499284
vn -0.705792785 0.601093411 0.374890983
vn -0.742811799 0.627907038 0.232300207
vn -0.692296803 0.626100063 0.358781278
vn -0.707414508 0.629700541 0.321001589
vn -0.698048413 0.626343966 0.347018391
vn -0.74457711 0.643262923 0.178376004
vn -0.675612211 0.617611349 0.402621984
vn -0.598789811 0.56180346 0.570813239
vn -0.589990616 0.582893789 0.558700204
vn -0.632918477 0.599090219 0.490413189
vn -0.885343373 0.0867297426 0.456776798
vn -0.921644092 0.10420014 0.373784035
vn -0.598179698 0.582663596 0.55016762
vn -0.836105406 0.0605968498 0.545211673
vn -0.576784492 0.571803868 0.583403945
vn -0.768493176 0.0215995964 0.639493406
vn -0.501924813 0.530992389 0.682728887
vn -0.779285729 -0.49609226 0.382892013
vn -0.6793558 -0.0309886299 0.733154476
vn -0.726781905 -0.528267264 0.439000905
vn -0.583894908 -0.0892695263 0.806906283
vn -0.669801712 -0.563890159 0.483108312
vn -0.488101602 -0.152203441 0.859413326
vn -0.6119259 -0.60101527 0.51412791
vn -0.403593689 -0.209919751 0.890531242
vn -0.560520828 -0.63422358 0.53251946
vn -0.33629781 -0.258100539 0.905697525
vn -0.531395912 -0.847123682 8.90752781e-05
vn -0.531518877 -0.847046494 0.000100295998
vn -0.531427085 -0.847104073 0.000113758986
vn -0.531471789 -0.847075999 8.37629996e-05
vn -0.819024801 -0.471990466 0.326226324
vn -0.847319484 -0.455469131 0.27312544
vn -0.867770195 -0.444075823 0.223095328
vn -0.531588614 -0.847002804 9.80606055e-05
vn -0.882122219 -0.436416924 0.177202418
vn -0.947827518 0.115597658 0.297086239
vn -0.730700672 0.63760674 0.243996307
vn -0.966468811 0.123162866 0.225319609
vn -0.892190695 -0.431259245 0.134206921
vn -0.979447424 0.127851665 0.156002209
vn -0.746998012 0.642723978 0.170000404
vn -0.757498324 0.645590186 0.0970043316
vn -0.751420975 0.638495505 0.166403398
vn -0.76238811 0.647085309 0.00671152817
vn -0.762691081 0.646160007 0.0279207062
vn -0.987401307 0.130626187 0.0893068537
vn -0.99094069 0.131808594 0.0257492214
vn -0.990589678 0.131777406 -0.0369711295
vn -0.904901505 -0.425052196 -0.0220015682
vn -0.905018985 -0.425096005 0.015300381
vn -0.90321207 -0.425884187 0.0532027893
vn -0.89901787 -0.427964032 0.0928102657
vn -0.531850994 -0.846838117 9.27296351e-05
vn -0.531409919 -0.847114921 4.6573673e-06
vn -0.531957924 -0.846770823 0.000113810034
vn -0.531489074 -0.847065091 0.00010307099
vn -0.902900577 -0.425808698 -0.0587996915
vn -0.531412005 -0.847113609 7.51000744e-06
vn -0.5314942 -0.847061992 0.00010343999
vn -0.531486809 -0.8470667 0.000106680993
vn -0.531489313 -0.84706521 9.91279467e-06
vn -0.531490684 -0.847064078 1.30420949e-05
vn -0.531530678 -0.847038984 0.000100414996
vn -0.53140372 -0.847118676 -0.000100423014
vn -0.451619297 -0.708302915 -0.54253751
vn -0.531475723 -0.847073495 8.26624455e-06
vn -0.531471014 -0.847076595 -2.30599071e-05
vn -0.441776007 -0.714641452 -0.542329729
vn -0.531516314 -0.847048223 0.000283996982
vn -0.531474888 -0.847073972 -6.44645183e-07
vn -0.466102004 -0.698482811 -0.543019891
vn -0.485073894 -0.685552716 -0.542882025
vn -0.250829101 -0.325392842 -0.911704063
vn -0.227312505 -0.342744648 -0.911512673
vn -0.509190798 -0.669289827 -0.541087747
vn -0.281711787 -0.302304953 -0.910631835
vn -0.321145207 -0.273275763 -0.906744838
vn -0.5314821 -0.847069502 -2.50172052e-05
vn -0.540615916 -0.648314357 -0.536118507
vn -0.531473696 -0.847074926 8.12818907e-05
vn -0.531475723 -0.847073615 8.51561927e-05
vn -0.531403899 -0.847118616 7.90020858e-05
vn -0.579687774 -0.62258774 -0.52568692
vn -0.626968324 -0.591697752 -0.506758928
vn -0.436186492 -0.191724852 -0.879194438
vn -0.372322589 -0.236371055 -0.897499144
vn -0.514117479 -0.138471767 -0.846468508
vn -0.172128394 0.317793161 -0.932405114
vn -0.0825053379 0.251911253 -0.964226961
vn -0.149296895 0.301401258 -0.941736519
vn -0.0355188809 0.24170886 -0.969698668
vn -0.177933902 0.340835959 -0.92313087
vn -0.0505235717 0.256212145 -0.965299368
vn 0.0436057411 0.195000261 -0.979833364
vn 0.052019529 0.178606063 -0.98254472
vn -0.0302969795 0.211893961 -0.976822913
vn 0.0698063299 0.132021263 -0.988785923
vn 0.0515975915 0.146810561 -0.987818003
vn 0.0861961171 0.118707962 -0.989180923
vn 0.105644099 0.141828969 -0.98423779
vn 0.107326798 0.156499758 -0.981829405
vn 0.281682104 0.0887157097 -0.955397725
vn 0.101309203 0.158073559 -0.982216477
vn 0.271276414 0.0869975388 -0.958561718
vn 0.158992499 0.114502154 -0.980617523
vn 0.614131629 -0.0412206538 -0.788126528
vn 0.443282098 0.0301951356 -0.895873606
vn 0.186898097 0.112482958 -0.975918472
vn 0.287783504 0.0808826983 -0.954273999
vn 0.296297908 0.0783124864 -0.951879621
vn 0.237582907 0.096481353 -0.96656388
vn 0.364712805 0.0565241836 -0.929402828
vn 0.443603098 0.47390312 -0.760678828
vn 0.401595414 0.491580814 -0.772702754
vn 0.526189625 0.754784465 -0.391695172
vn 0.548431516 0.742618978 -0.384369791
vn 0.490347505 0.453516513 -0.744232655
vn 0.529679418 0.844388127 0.0803032666
vn 0.529611826 0.844432175 0.0802853256
vn 0.573124826 0.72903806 -0.374207884
vn 0.529696524 0.844379783 0.0802775174
vn 0.599910915 0.714180231 -0.36062929
vn 0.541214228 0.431472123 -0.72174722
vn 0.597888529 0.407461911 -0.690292716
vn 0.527291596 0.000216816421 -0.849684417
vn 0.66061008 0.379894018 -0.647514462
vn 0.629408181 0.697821379 -0.341892868
vn 0.661863208 0.679171562 -0.31727457
vn 0.529605389 0.844434202 0.0803076178
vn 0.529623687 0.844422698 0.0803076774
vn 0.529611409 0.844418228 0.0804359466
vn 0.529616416 0.844429076 0.0802867562
vn 0.52968502 0.844384015 0.0803091675
vn 0.528903425 0.8432042 0.0962709859
vn 0.529612899 0.844430327 0.080297187
vn 0.529610217 0.844415009 0.0804764107
vn 0.529630125 0.844420195 0.0802912265
vn 0.528901219 0.843200684 0.0963130146
vn 0.529685676 0.844384074 0.0803046376
vn 0.529618919 0.844428301 0.0802795365
vn 0.529614389 0.844423473 0.080359824
vn 0.523516178 0.83432889 0.17270273
vn 0.523404002 0.834403396 0.172682837
vn 0.52890712 0.843210816 0.0961924344
vn 0.523400128 0.834402919 0.172697037
vn 0.490336895 0.781681716 0.385413319
vn 0.490061611 0.781863034 0.385395825
vn 0.322896004 0.51479429 0.794182062
vn 0.322907597 0.514811695 0.794165969
vn 0.490300089 0.781709015 0.385404408
vn 0.322901994 0.514802694 0.794174135
vn 0.49030599 0.781713247 0.38538903
vn 0.523398578 0.834400177 0.172714636
vn 0.528901696 0.843202293 0.0962971523
vn 0.528912723 0.843205571 0.0962065533
vn 0.523475409 0.834354579 0.172701627
vn 0.52967751 0.84439081 0.0802883655
vn 0.528501213 0.840193927 0.121494032
vn 0.529416621 0.84383738 0.0875021964
vn 0.112219498 0.980137527 -0.163515642
vn 0.130944595 0.968060434 -0.213805139
vn -0.3312051 0.853115559 -0.403109252
vn -0.299912512 0.83721143 -0.457306951
vn 0.135977 0.960677385 -0.242093831
vn 0.134798497 0.960514486 -0.243395343
vn -0.26189211 0.824573576 -0.501488864
vn 0.197768897 0.936488569 -0.289614856
vn 0.529628277 0.844418526 0.0803208426
vn 0.247618407 0.910848558 -0.330212146
vn -0.0988359377 0.745786607 -0.658812463
vn -0.188716397 0.786525726 -0.588016689
vn 0.529610693 0.844431221 0.0803034455
vn 0.529612422 0.844419718 0.0804131776
vn 0.529615104 0.844430089 0.0802868754
vn 0.529690683 0.84438318 0.080279775
vn 0.529690683 0.844379306 0.0803216845
vn 0.529620409 0.844423771 0.0803167969
vn 0.293598801 0.886082947 -0.358687639
vn 0.334423602 0.863641143 -0.377206951
vn 0.370282799 0.843680739 -0.388707459
vn 0.119682901 0.635701537 -0.762600482
vn 0.0564327799 0.669090331 -0.741035461
vn 0.401621014 0.826041639 -0.395418555
vn -0.105009697 0.244380563 -0.963976741
vn 0.175142601 0.605896235 -0.776025176
vn -0.156602204 0.270806849 -0.949810266
vn -0.0739049911 0.256691337 -0.963663638
vn -0.234001294 0.30933246 -0.921714127
vn -0.412735194 0.438922733 -0.798120737
vn -0.322587103 0.35139975 -0.878894746
vn -0.0159865599 0.706017733 -0.708013773
vn -0.194214106 0.347322136 -0.917413831
vn -0.618814409 0.471498489 -0.628297627
vn -0.732288003 0.563495874 -0.382396221
vn -0.589766383 0.561601996 -0.580326498
vn -0.437690794 0.402318925 -0.80409354
vn -0.421427906 0.395411223 -0.816118062
vn -0.523781478 0.437212914 -0.731093645
vn -0.392320603 0.46281302 -0.794914246
vn -0.264675111 0.822894573 -0.502784193
vn -0.654778421 0.483180285 -0.581207514
vn -0.71428591 0.500786662 -0.488885015
vn -0.686788201 0.492786288 -0.534306765
vn -0.753205478 0.516514182 -0.407301515
vn -0.73620218 0.507515967 -0.447698623
vn -0.607520401 0.721128583 -0.333005577
vn -0.364718288 0.873516679 -0.322411865
vn -0.752733588 0.549924374 -0.361905396
vn -0.755112827 0.525203288 -0.392385304
vn -0.754531324 0.51871407 -0.4020181
vn -0.749199212 0.513220072 -0.418695301
vn -0.703203917 0.687828004 -0.179991484
vn -0.795509875 0.595685005 -0.111012004
vn -0.579621077 0.808426321 0.102403536
vn -0.413796693 0.892092109 -0.181505054
vn -0.190413103 0.981504917 -0.0197746307
vn 0.0492992885 0.988377512 0.143804163
vn 0.0889931917 0.99407661 -0.0623858683
vn -0.398813695 0.840784311 0.366100162
vn 0.292418301 0.907813847 0.300609052
vn 0.490306705 0.781705558 0.385403425
vn -0.178284407 0.786885858 0.590783536
vn 0.0652109906 0.649364293 0.757676542
vn -0.434519202 0.444132477 0.783542871
vn -0.63137728 0.561099112 0.535285532
vn 0.0818012282 0.13051714 0.98806572
vn 0.294340909 0.468522638 0.83297658
vn -0.182012394 0.27370584 0.944434583
vn 0.322903007 0.514787197 0.794183731
vn -0.243280903 0.178800553 0.953333378
vn 0.0722844005 0.115118235 0.990718305
vn -0.383077204 0.275891244 0.881553233
vn -0.492380589 0.351681769 0.796166539
vn -0.371629804 0.28107664 0.884809136
vn 0.00480991602 0.00749392807 0.999960423
vn -0.36093241 0.285548955 0.887800455
vn -0.644948304 0.501056492 0.577047884
vn -0.662526429 0.492191523 0.564629436
vn 0.00404328108 0.006247357 0.999972403
vn 0.00377184106 0.00603331719 0.999974728
vn 0.00393897202 0.00612355815 0.999973595
vn 0.00390320993 0.00619937479 0.999973178
vn 0.00389748788 0.00619842205 0.999973178
vn -0.873781621 0.486318499 7.92314978e-08
vn -0.873781383 0.486318886 0.000117137235
vn -0.857614279 0.514293492 8.37892102e-08
vn -0.857620776 0.514282525 -2.83199097e-05
vn -0.852089584 0.523396015 -0.000145969723
vn 0.00387948705 0.006214038 0.999973178
vn 0.00391083909 0.00619454682 0.999973178
vn 0.00389838195 0.00619818317 0.999973178
vn 0.0407047793 0.0649086386 0.997060716
vn 0.0407087207 0.0648782328 0.997062624
vn -0.218682796 0.18829155 0.957457185
vn -0.171505496 0.255704641 0.951420546
vn -0.343387395 0.29151085 0.892808378
vn -0.351077288 0.289634436 0.890424967
vn -0.441004813 0.372208685 0.816685677
vn -0.62855202 0.509295583 0.587826967
vn -0.614469886 0.515096605 0.597580433
vn -0.39219299 0.43476668 0.810655534
vn -0.569727898 0.56730336 0.594623446
vn -0.727676809 0.606974244 0.319482177
vn -0.248398304 0.618714809 0.745312214
vn -0.441074103 0.71466434 0.54287082
vn -0.692701876 0.645502746 0.321699321
vn -0.45609799 0.874705613 0.163905352
vn -0.595078111 0.748477459 0.292683423
vn -0.744601607 0.63281703 -0.21239379
vn -0.737779915 0.625799477 -0.253092706
vn -0.696086526 0.632191241 -0.340290904
vn -0.749800205 0.661586225 0.0101740183
vn -0.736444473 0.61843884 -0.274194896
vn -0.709529698 0.606727362 -0.358398706
vn -0.580107927 0.58231914 -0.569543183
vn -0.702296317 0.633069575 -0.325580716
vn -0.7253896 0.640399158 -0.252386391
vn -0.746716619 0.646003902 -0.158409297
vn -0.743916214 0.644491076 -0.1766918
vn -0.964209378 0.12556085 -0.233526692
vn -0.891814709 -0.430482656 -0.139109075
vn -0.978119612 0.129402623 -0.162902683
vn -0.880223811 -0.43641758 -0.186402678
vn -0.942695498 0.117085353 -0.312435776
vn -0.531614304 -0.846986592 0.000103716011
vn -0.898843527 -0.427422673 -0.0969040394
vn -0.986432016 0.131082609 -0.0988392606
vn -0.761425376 0.646997809 -0.040314205
vn -0.755476594 0.646298289 -0.107487895
vn -0.749360204 0.64546138 -0.147779703
vn -0.761987805 0.647568882 0.00540374266
vn -0.762984276 0.646398604 0.00489102304
vn -0.759721518 0.639450908 0.118007705
vn -0.750446022 0.634420455 0.185314804
vn -0.751069903 0.635103405 0.180383012
vn -0.388809413 0.921308279 0.00430050492
vn 0.0645065308 0.983367503 -0.16978623
vn -0.379802614 0.922541916 0.0683129057
vn 0.0772958919 0.997005403 0.00238834159
vn -0.387218207 0.9205091 0.0522007607
vn 0.0835007429 0.996133626 0.0273049213
vn 0.0508129001 0.9984079 -0.0244911984
vn -0.388306588 0.920034409 0.0524859689
vn -0.366413713 0.929387212 -0.0445023365
vn -0.363371998 0.930590987 -0.0442850776
vn 0.0805076882 0.996725202 0.00759248249
vn -0.379686713 0.923550129 -0.0537913106
vn -0.761459827 0.639700294 -0.104702294
vn -0.766195178 0.6404019 -0.0532013848
vn -0.389511287 0.920979679 0.00880166888
vn -0.753983617 0.637459695 -0.15859969
vn -0.767926872 0.640512109 0.00569765223
vn -0.765587509 0.639600396 0.069190003
vn 0.0646960735 0.982848227 0.172696069
vn -0.753210306 0.637083828 -0.163702801
vn -0.0389903113 0.868299246 0.494505852
vn 0.507908821 0.808591366 0.296999812
vn 0.508984923 0.811098456 0.288190812
vn 0.530285716 0.845309079 0.0651903227
vn 0.508925498 0.811124146 0.28822273
vn 0.383077711 0.611202657 0.692591429
vn 0.530211806 0.844996691 0.0696867853
vn 0.532516301 0.843912184 0.065107055
vn 0.531427085 0.847102523 0.00159491901
vn 0.531276524 0.847197115 0.00159092608
vn 0.0493783318 0.998464584 -0.0251031686
vn 0.5314098 0.847114921 -0.000110779984
vn 0.085796468 0.995944202 0.0270969626
vn 0.531693816 0.84441638 -0.0652881041
vn 0.530218422 0.845328271 -0.0654869452
vn 0.5312922 0.847186923 -0.00179860997
vn 0.530080914 0.845085204 -0.0696081966
vn 0.531301379 0.84718281 -0.000214338957
vn 0.531340003 0.847156107 -0.00212130998
vn -0.841095507 0.540886819 1.40131181e-06
vn 0.531293213 0.847187877 -0.000252383965
vn 0.531291604 0.847187221 -0.00172046898
vn 0.531284928 0.847193301 -6.83574763e-05
vn 0.531410873 0.847114205 -0.000242772992
vn 0.530782282 0.847506881 -0.00151149498
vn 0.531423211 0.847105026 -0.00164459192
vn 0.526933372 0.849842787 -0.0104120709
vn 0.53129518 0.847186804 -1.77217544e-06
vn 0.531360209 0.847146094 -3.90098794e-05
vn 0.531425714 0.847104609 -0.00070374395
vn 0.531292617 0.847188413 -9.92913701e-05
vn 0.531410217 0.847112894 0.00173505011
vn 0.531387687 0.847128808 -0.000119986973
vn 0.531407773 0.847114325 -0.00177244388
vn 0.531294227 0.847185373 -0.00186393689
vn 0.53129667 0.84718591 -9.14593766e-05
vn 0.531283915 0.847194016 -9.6841075e-05
vn 0.531348526 0.847151518 -0.00181255792
vn 0.530286908 0.845283628 -0.0655086488
vn 0.839603782 0.542477787 0.0279884581
vn 0.847677529 0.530512094 9.59815297e-05
vn 0.851228118 0.524418116 -0.0199118536
vn 0.841667771 0.539264679 0.0280887671
vn 0.9922086 0.113310091 0.051797878
vn 0.991226017 0.115378395 0.0644892603
vn 0.992541611 0.11030969 0.0518964082
vn 0.994226813 0.107299298 0.000299723499
vn 0.992089987 0.112396404 -0.0558975115
vn 0.992482603 0.108779304 -0.0560842529
vn 0.939655006 -0.335011095 -0.0693998188
vn 0.939683378 -0.335012704 0.0690036491
vn 0.941479921 -0.337068796 0.000491470098
vn 0.932829797 -0.360315114 0.0013021233
vn 0.932944596 -0.359995306 0.00421148539
vn 0.866183698 -0.474719167 -0.156101674
vn 0.864623606 -0.470699072 -0.17569457
vn 0.918202877 -0.342026472 -0.199803263
vn 0.93332231 -0.32679677 -0.148705363
vn 0.921289802 -0.343396038 0.182495043
vn 0.86816889 -0.476898432 0.137297526
vn 0.870831907 -0.486599207 0.0698090494
vn 0.871661425 -0.490106791 0.00129286316
vn 0.870674729 -0.486092508 -0.0750985891
vn 0.49448359 -0.869186223 0.00120273943
vn 0.494051605 -0.866900325 -0.0663098916
vn 0.494306207 -0.86709547 0.0617000796
vn -0.0192754809 -0.999061108 -0.0388027839
vn -0.0211659595 -0.99648881 -0.0810084119
vn 0.491206586 -0.860017896 -0.13814953
vn -0.0252600908 -0.991669178 -0.126310259
vn 0.48458901 -0.847884417 -0.215093836
vn -0.0329837203 -0.984137595 -0.174314365
vn 0.471922815 -0.830431044 -0.296096653
vn 0.856724024 -0.455630273 -0.241713077
vn 0.840013027 -0.429896146 -0.331009746
vn 0.829737306 -0.415120155 -0.373110354
vn 0.867616177 -0.29139784 -0.402901173
vn 0.452504307 -0.806610525 -0.38028872
vn 0.81558758 -0.395683646 -0.422198266
vn -0.0450812504 -0.973426938 -0.224516466
vn -0.0631193519 -0.958912849 -0.276590049
vn 0.423420191 -0.77595216 -0.467561513
vn -0.531705379 -0.846929371 4.43162435e-07
vn -0.531485021 -0.847067773 9.16605932e-05
vn -0.531492293 -0.847063124 0.000115867995
vn -0.531418204 -0.847109675 0.000118102987
vn -0.531533122 -0.847037613 0.000102053993
vn -0.531474173 -0.847074628 8.85484405e-06
vn -0.531276703 -0.847198427 8.74528778e-05
vn -0.531475008 -0.847074091 0.000101025988
vn -0.531408906 -0.847115576 6.73142677e-06
vn -0.3614811 -0.763188124 -0.535607398
vn -0.531496704 -0.847060502 1.75794958e-05
vn -0.531411827 -0.847113729 -2.01056118e-05
vn -0.322971791 -0.786772132 -0.526002645
vn -0.273703188 -0.817016542 -0.507514119
vn -0.0746025369 -0.432315558 -0.898631036
vn -0.00927567389 -0.470992744 -0.882088363
vn -0.221284598 -0.849903345 -0.478223354
vn 0.161771297 -0.575717509 -0.801485896
vn 0.0735922977 -0.520992458 -0.850382864
vn 0.307105809 -0.00248929183 -0.951672077
vn 0.397391289 -0.0565908812 -0.915902615
vn 0.396718502 -0.0561943911 -0.916218579
vn 0.416217595 -0.00449988293 -0.909253895
vn 0.491412103 -0.11498446 -0.863303423
vn 0.580717325 -0.178400367 -0.794317901
vn 0.613618672 -0.11131347 -0.781717002
vn 0.594205916 -0.18889977 -0.781816065
vn 0.244498596 -0.632313192 -0.735119343
vn -0.171494395 -0.882446945 -0.438037962
vn -0.125302404 -0.913731217 -0.386515945
vn 0.320464998 -0.689203858 -0.649846315
vn 0.380553395 -0.737446368 -0.55798924
vn -0.0890825316 -0.939409256 -0.331020862
vn -0.531605124 -0.846992373 0.000114650997
vn 0.731704414 -0.303710222 -0.610220373
vn 0.750602901 -0.32159102 -0.57721287
vn 0.772175491 -0.214289099 -0.598185062
vn 0.780905426 -0.353326321 -0.515118957
vn 0.878162503 -0.216886029 -0.426369816
vn 0.617320776 -0.065190427 -0.784006
vn 0.876675129 -0.173490524 -0.448711425
vn 0.898286104 -0.198405042 -0.392068535
vn 0.873287082 -0.153213918 -0.462487936
vn 0.891590118 -0.179797322 -0.415620118
vn 0.892954528 -0.183114335 -0.411219418
vn 0.883109212 -0.163102731 -0.439904332
vn 0.879994512 -0.158899724 -0.447616816
vn 0.973260105 -0.178096369 -0.145074934
vn 0.982739925 -0.178518608 0.04851266
vn 0.97862792 -0.193502814 0.0695999488
vn 0.977404475 -0.137792766 -0.160292223
vn 0.979029 -0.0988965333 0.17810598
vn 0.963781416 -0.17399253 0.20211947
vn 0.826673925 -0.160241395 0.539381981
vn 0.865885615 -0.0484191924 0.497893214
vn 0.836096525 -0.148505688 0.528099298
vn 0.472290993 -0.0875259191 0.877086401
vn 0.816771507 -0.174038887 0.5500862
vn 0.606001019 -0.104803026 0.788529813
vn 0.973262072 -0.211403817 0.0898295194
vn 0.966773808 -0.231187508 0.109090164
vn 0.806136191 -0.189460889 0.560579121
vn 0.465746492 -0.095109418 0.879792213
vn 0.00392234279 0.00619716989 0.999973118
vn 0.00391548779 0.00607986795 0.999973893
vn 0.458893508 -0.103758439 0.882412016
vn 0.00395280123 0.00619710982 0.999972999
vn 0.00391662121 0.0062067071 0.999973118
vn 0.938846111 -0.344337404 1.77073204e-07
vn 0.967144012 -0.254229397 -2.17047932e-06
vn 0.93886441 -0.344287187 2.41504076e-05
vn 0.924734116 -0.380614102 1.27815997e-06
vn 0.967143893 -0.254229695 8.94556536e-08
vn 0.00391393807 0.00638838205 0.999971986
vn 0.003889977 0.00619788514 0.999973297
vn 0.00390028907 0.00620098505 0.999973178
vn 0.0407038294 0.0649048761 0.997061014
vn 0.915163517 -0.403082907 4.97277915e-06
vn 0.88614589 -0.463406414 2.22524363e-07
vn 0.904582024 -0.426299602 -1.27317535e-05
vn 0.0407091305 0.0648878962 0.997061908
vn 0.165901303 0.264602959 0.94998008
vn 0.288405091 -0.0714975968 0.954835415
vn 0.0615956709 0.0981989577 0.993258774
vn 0.337796003 0.0252826978 0.940879703
vn 0.451185703 -0.11589174 0.884873211
vn 0.61157012 -0.0593918599 0.788958013
vn 0.574167073 -0.149403632 0.804991186
vn 0.500919521 0.327319771 0.80121243
vn 0.729819477 0.218019202 0.647943735
vn 0.817820311 -0.136280596 0.559104383
vn 0.793802381 -0.209620684 0.570908844
vn 0.890879214 0.0931985751 0.444576532
vn 0.941210687 -0.199394152 0.272698373
vn 0.928930998 -0.247002244 0.275820583
vn 0.958416522 -0.255505532 0.127101749
vn 0.964615226 -0.25790441 -0.0547992326
vn 0.905094385 -0.236189947 -0.353579432
vn 0.903190613 -0.218792334 -0.369292229
vn 0.905349374 -0.243990839 -0.347578734
vn 0.906176925 -0.260294139 -0.333302528
vn 0.968884289 -0.242872089 -0.0477128401
vn 0.911241174 -0.283019751 -0.29923147
vn 0.982961118 -0.173604786 -0.0604064092
vn 0.978062809 -0.0398004949 0.204473406
vn 0.99463588 0.100295089 0.025302656
vn 0.990433276 0.117902115 -0.0717015564
vn 0.832039714 0.482421875 0.2738235
vn 0.922491014 -0.309113562 -0.231212541
vn 0.471773803 0.75198096 0.460384727
vn 0.508788705 0.811214268 0.288211018
vn 0.847730815 0.530121684 0.0179889463
vn 0.38329041 0.611191154 0.692483902
vn 0.530162871 0.845385492 0.0651974753
vn 0.849151313 0.527215004 -0.0314092934
vn 0.85051322 0.525010228 -0.0314925648
vn 0.528196216 0.842402577 0.106615834
vn 0.531313777 0.847175181 -0.000104858977
vn 0.531409204 0.847113907 0.00158597901
vn 0.530224323 0.845346689 0.0652017742
vn 0.53129822 0.847183704 0.00152196304
vn 0.885893822 -0.463888198 -1.5453171e-06
vn 0.508793771 0.811185658 0.288282633
vn 0.383319795 0.611133456 0.692518532
vn 0.253092796 0.403616458 0.879225731
vn 0.8883183 -0.459228396 -4.91769788e-06
vn 0.89448452 -0.44709909 -3.72176191e-06
vn 0.165894896 0.264597654 0.949982643
vn 0.00380909396 0.00609047804 0.99997431
vn 0.90116781 0.433470398 -2.71727868e-06
vn 0.901251197 0.433297008 7.05931811e-08
vn 0.901250303 0.433299094 7.05935221e-08
vn 0.901250005 0.433299601 7.05936003e-08
vn 0.2113965 0.977400422 1.5923905e-07
vn -0.267199814 0.963641226 1.56997388e-07
vn 0.21142 0.977395296 -3.88790795e-07
vn -0.26710549 0.963666797 0.000994775095
vn 0.00379359699 0.00601269305 0.999974728
vn 0.00390481902 0.00622744905 0.999973118
vn 0.446871996 0.894598007 3.2813881e-07
vn 0.00389325595 0.00619019615 0.999973297
vn 0.00399088813 0.00626982795 0.999972522
vn 0.447009206 0.894529402 1.45737616e-07
vn 0.531379402 0.847134113 5.99456598e-06
vn 0.531415105 0.847111523 1.38012254e-07
vn 0.531491518 0.847061694 0.00181903294
vn 0.531407177 0.84711498 0.00164284208
vn -1.52631998e-07 -1.62920998e-07 1
vn -1.33784994e-07 -1.62920998e-07 1
vn 2.22628003e-07 -1.62920998e-07 1
vn 0.531292677 0.847186685 0.00174262002
vn 0.531371772 0.847138822 -3.31278825e-05
vn 0.803928971 0.594725311 -0.000163875113
vn 0.80394578 0.594702482 9.68895222e-08
vn 0.636603296 0.771191418 1.25643268e-07
vn 0.636711717 0.771102071 7.62002237e-05
vn 0.00389867998 0.00619657384 0.999973297
vn 0.00390577293 0.00617839396 0.999973297
vn 0.00390231609 0.00623013079 0.999973118
vn 0.531597614 0.846997082 -2.10728402e-07
vn 0.531581104 0.847007513 0.000137515992
vn 0.00392150786 0.00607188093 0.999974012
vn 0.00375467492 0.00598313008 0.999975085
vn 0.00375085999 0.00598217594 0.999975085
vn 0.00391060114 0.00622047484 0.999973118
vn 0.0818044469 0.130398542 0.988081098
vn 0.00375199295 0.00598235521 0.999975085
vn 0.0818590522 0.130372837 0.988080025
vn 0.0817882419 0.130378932 0.988084972
vn 0.322919309 0.514733553 0.794211864
vn 0.00389623595 0.00619180501 0.999973178
vn 0.0817933604 0.130398929 0.988081872
vn 0.00394171383 0.00626142416 0.999972701
vn 0.0039417739 0.00626148283 0.999972701
vn 0.00375240995 0.00598259317 0.999975085
vn 0.00375366211 0.00598330796 0.999975026
vn 0.53138411 0.847131014 1.38015423e-07
vn 0.531382024 0.847132325 1.3801565e-07
vn 0.531383991 0.847131073 1.38015437e-07
vn 0.531381905 0.847132504 1.38015679e-07
vn 0.531383991 0.847131014 1.38015423e-07
vn 0.0294946395 0.705804408 0.707792521
vn 0.0339056812 0.45270285 0.891016662
vn 0.531691611 0.846938074 1.37984003e-07
vn 0.531285524 0.847192883 1.38025513e-07
vn -0.0829830691 -0.331496239 0.939800143
vn 0.207409993 0.436243653 0.875598371
vn 0.00375151611 0.005981341 0.999975085
vn 0.00375217106 0.00598217594 0.999975204
vn 0.531358302 0.847147286 1.38018081e-07
vn 0.531358421 0.847147226 1.38018066e-07
vn 0.531121075 0.847296 1.3804231e-07
vn 0.00375318504 0.00598104298 0.999975085
vn 0.531527519 0.84704107 1.38000772e-07
vn 0.531585991 0.847004473 1.37994817e-07
vn 0.531502903 0.847056508 1.38003287e-07
vn -0.0384161398 -0.492478341 0.869476557
vn -0.290286809 0.761685371 0.579283237
vn 0.531582475 0.8470065 1.37995144e-07
vn 0.531704426 0.846930206 3.21707716e-07
vn 0.531425714 0.847105026 6.12503063e-05
vn 0.531150222 0.84727782 1.38039354e-07
vn 0.531381905 0.847132385 1.3801565e-07
vn 0.531381726 0.847132623 1.38015693e-07
vn 0.322820187 0.514740705 0.794247687
vn 0.0697096512 0.110986933 0.991374075
vn 0.0818083212 0.130313039 0.988092005
vn 0.00390064693 0.00620247517 0.999973178
vn 0.30398941 -0.048687607 0.9514305
vn 0.360505104 0.0635187924 0.93059212
vn 0.478593796 -0.0811016709 0.874282897
vn 0.539026916 0.45361039 0.709709585
vn 0.650693297 0.00799726881 0.759298623
vn 0.765404999 0.375518203 0.522629082
vn 0.92041409 0.263604432 0.288704932
vn 0.821284294 0.552106023 0.143774882
vn 0.490316093 0.781699538 0.385403723
vn 0.478888512 0.763779044 0.432790428
vn 0.78719151 0.613101423 -0.0666074306
vn 0.952310383 0.229994133 -0.200518548
vn 0.971095622 -0.0204128213 -0.237816602
vn 0.991426408 0.127636597 0.0279780198
vn 0.906088829 0.266394973 -0.328689873
vn 0.859915674 -0.14538312 -0.489294142
vn 0.776627004 0.611678898 -0.150663793
vn 0.878047824 0.270908952 -0.394512862
vn 0.839479923 -0.134499207 -0.526482224
vn 0.815321028 -0.122708313 -0.565857172
vn 0.853500307 0.281208754 -0.438701451
vn 0.761629283 0.61819458 -0.194310501
vn 0.787659287 -0.107310705 -0.606693685
vn 0.760667086 -0.095796898 -0.642034709
vn 0.831664324 0.29238379 -0.472066134
vn 0.781768322 0.319654793 -0.535405755
vn 0.777966022 0.589644969 -0.216997415
vn 0.724681973 0.640880287 -0.253196478
vn 0.695380926 0.658975959 -0.286698788
vn 0.691475213 -0.0648992583 -0.719479084
vn 0.725108206 0.348732501 -0.593804419
vn 0.614082873 -0.0331764743 -0.78854388
vn 0.609084308 -0.0310137719 -0.792499006
vn 0.513553679 0.560373604 0.649803102
vn 0.530072927 0.843363106 0.0880997851
vn 0.528911412 0.843197703 0.0962834433
vn 0.523416698 0.83439368 0.172691241
vn 0.527926326 0.840508223 0.121819034
vn 0.518793702 0.827781141 0.213615835
vn 0.873802006 -0.152991921 -0.461588234
vn 0.290592015 0.463225752 0.83724457
vn 0.973193288 0.229989007 9.60026046e-06
vn 0.664281309 -0.245081678 -0.706162453
vn -0.531613111 -0.846987426 7.55845849e-06
vn 0.227215603 0.0426158085 -0.972911716
vn 0.254806906 0.0720967948 -0.964300513
vn 0.148298502 0.0823808163 -0.985505521
vn 0.185911596 0.0636090934 -0.980505526
vn -0.120322101 -0.406811059 -0.905553639
vn -0.38836661 -0.747101247 -0.539454639
vn -0.154717505 -0.388601154 -0.908323586
vn -0.408516705 -0.735425353 -0.540614307
vn -0.178402394 -0.375341237 -0.909555733
vn 0.138192803 0.0874864236 -0.98653388
vn 0.121995904 0.096094884 -0.987867773
vn 0.103296399 0.106876463 -0.988892019
vn -0.195733204 -0.365418553 -0.910031736
vn 0.094309032 0.112902068 -0.989120424
vn -0.422498107 -0.727287948 -0.540876925
vn -0.432603508 -0.721005321 -0.541299939
vn -0.2120208 -0.354388863 -0.910744667
vn -0.53141892 -0.847109318 -3.62488208e-06
vn 0.236142203 0.0380158164 -0.970974624
vn -0.531418204 -0.847109675 0.000104021987
vn -0.531544805 -0.847030222 9.87227977e-05
vn -0.531539321 -0.847033679 0.000104991996
vn -0.531486809 -0.8470667 0.000108051994
vn -0.0187815409 -0.999823391 0.000695965078
vn -0.0188706499 -0.999166489 0.0361995772
vn -0.531161904 -0.847270429 9.25946515e-05
vn -0.0201190095 -0.997252584 0.0712914541
vn -0.531465709 -0.847079873 9.49015812e-05
vn -0.0218289401 -0.993853629 0.108529337
vn 0.492806405 -0.861603796 0.121576361
vn 0.490209699 -0.851779282 0.184841961
vn 0.867141187 -0.472999215 0.156006232
vn 0.863051474 -0.460428834 0.207719728
vn 0.853137612 -0.43661955 0.285516441
vn 0.483893186 -0.836976588 0.255573362
vn 0.844384074 -0.42046687 0.331998736
vn 0.881463528 -0.295707166 0.368210942
vn 0.780083299 -0.211710691 0.588768721
vn 0.891417325 -0.219811663 0.396305382
vn 0.834243596 -0.40551737 0.373621941
vn 0.916129708 -0.264207363 0.301497966
vn 0.91919148 -0.285815716 0.270917654
vn 0.915385485 -0.24982895 0.315681458
vn 0.969075501 -0.246001095 0.0193961393
vn 0.551618874 -0.123975031 0.824831426
vn 0.966477871 -0.255405009 0.0262447689
vn 0.915857792 -0.239194766 0.322475582
vn 0.953620017 -0.259514481 -0.15251635
vn 0.949791312 -0.268874466 -0.160009339
vn 0.952428997 -0.261398673 -0.156683847
vn 0.793871522 -0.217167214 -0.567984581
vn 0.924246013 -0.240124762 -0.29683283
vn 0.797134578 -0.187946916 -0.573805273
vn 0.963885427 -0.230499983 -0.133396551
vn 0.808130324 -0.172266304 -0.563249409
vn 0.970818877 -0.211227387 -0.11355114
vn 0.914160311 -0.222382158 0.338905871
vn 0.465708405 -0.0861507356 -0.880734801
vn 0.818492591 -0.158551514 -0.55220598
vn 0.459278703 -0.0939640105 -0.88330847
vn 0.0039892192 0.00629405491 -0.999972224
vn 0.00388091803 0.00630406896 -0.999972701
vn 0.452289701 -0.102496959 -0.88596189
vn 0.0034412141 0.00643311301 -0.999973416
vn 0.00398886204 0.00630090991 -0.999972224
vn 0.00161802699 0.00266532507 -0.999995172
vn 0.446734309 -0.109387256 -0.887954414
vn 0.00400733901 0.00631461898 -0.999972105
vn 0.0406039916 0.0648093671 -0.997071326
vn 0.00214666105 0.00312922802 -0.999992788
vn 0.283886492 -0.0685953647 -0.956401229
vn 0.450677395 -0.107714057 -0.886164606
vn 0.0407094918 0.0647954121 -0.997067928
vn 0.333298206 0.0246172231 -0.942499995
vn 0.567249715 -0.143057272 -0.8110255
vn 0.604002774 -0.0603859313 -0.794691205
vn 0.448997796 -0.0983162895 -0.888107479
vn 0.79440552 -0.213309318 -0.568699539
vn 0.808961272 -0.137875512 -0.571464777
vn 0.504283607 0.315886617 -0.803687513
vn 0.725106001 0.206610009 -0.656912267
vn 0.883014977 0.0839093477 -0.46178329
vn 0.934592307 -0.201584354 -0.293088943
vn 0.825410008 0.486004263 -0.287225008
vn 0.972316921 -0.0460115224 -0.229091212
vn 0.926840901 -0.311223239 0.210014358
vn 0.994243503 0.0980036855 -0.0433038846
vn 0.929221928 -0.316622943 0.190517351
vn 0.935278714 -0.326074928 0.137582839
vn 0.508598804 0.811227381 -0.288509279
vn 0.471698493 0.752081752 -0.460297376
vn 0.383202612 0.611002326 -0.692699075
vn 0.508798778 0.81109786 -0.288520992
vn 0.530217111 0.845329285 -0.0654858723
vn 0.528325319 0.842353702 -0.106361263
vn 0.938864529 -0.344287008 -2.40380923e-05
vn 0.915163517 -0.403082997 -5.10040036e-06
vn 0.886140704 -0.463416308 -5.19974208e-07
vn 0.904580593 -0.426302701 1.4455446e-05
vn 0.888337791 -0.459190607 -5.22083155e-06
vn 0.885893703 -0.463888407 -4.14894703e-06
vn 0.967144072 -0.254229099 2.09773066e-06
vn 0.938862979 -0.344290912 -0.000112122085
vn -2.04914002e-07 1.62920998e-07 -1
vn 0.924747825 -0.380580693 -8.07603556e-06
vn 0.211419001 0.977395475 0.000143911238
vn 0.211396396 0.977400482 1.81464402e-05
vn 0.447009712 0.894529104 6.47425713e-06
vn 0.4468714 0.894598305 2.67472478e-05
vn -2.46656981e-07 1.62920998e-07 -1
vn -0.267199904 0.963641226 -1.55683028e-05
vn 0.00373578002 0.00613234797 -0.99997431
vn 0.00390440202 0.00622527208 -0.999973118
vn 0.00379288103 0.00601260178 -0.999974728
vn 0.901313424 0.433167785 7.05721277e-08
vn 0.901208699 0.433385491 7.0607598e-08
vn 0.901208878 0.433385104 7.0607534e-08
vn 0.00400167704 0.0062998971 -0.999972224
vn 0.00345462491 0.00627945177 -0.99997443
vn 0.00402372982 0.00629918091 -0.999972105
vn 0.0687836409 0.109715067 -0.991580427
vn 0.00361484196 0.00598053494 -0.999975681
vn 0.00375247002 0.00598232308 -0.999975085
vn 0.00400417997 0.00640998594 -0.999971509
vn 0.0811028406 0.13092716 -0.988069117
vn 0.53141588 0.847111106 1.38012183e-07
vn 0.531381607 0.847132623 1.38015693e-07
vn 0.531379104 0.847134173 1.38015949e-07
vn 0.531382084 0.847132325 1.3801565e-07
vn 0.531381786 0.847132504 1.38015679e-07
vn 1.36668007e-07 1.62920998e-07 -1
vn 0.00375187304 0.0059821438 -0.999975085
vn 0.00375235011 0.00598208513 -0.999975204
vn 0.00375235011 0.00598268118 -0.999975085
vn 0.53138423 0.847131014 1.38015423e-07
vn 0.0037526479 0.00598357478 -0.999975085
vn 0.53169179 0.846937895 1.3798396e-07
vn 2.48863017e-07 1.62920998e-07 -1
vn 0.134906605 -0.544531465 -0.827819943
vn -0.00939631369 -0.180583641 -0.983514726
vn 0.0377016589 -0.0170009285 -0.999144495
vn -0.0176902395 -0.0281807873 -0.999446392
vn 0.531569481 0.847014725 2.98866496e-07
vn 0.531358421 0.847147107 1.38018052e-07
vn -0.0896099806 -0.623344898 -0.776795506
vn 0.531161129 0.84712559 0.0156910587
vn -0.148579195 -0.388987541 -0.909182489
vn 0.531121314 0.84729588 -1.83653711e-07
vn 0.00395852281 0.00624708692 -0.999972701
vn 0.00375390006 0.00598238315 -0.999975085
vn 0.531301916 0.847182572 1.38023836e-07
vn 0.531585813 0.847004473 1.37994817e-07
vn 0.531704307 0.846930206 3.21707716e-07
vn 0.531582594 0.847006619 1.37995158e-07
vn 0.531425714 0.847105026 -6.09742856e-05
vn 0.531556308 0.84702301 1.3799783e-07
vn 0.531597316 0.846997321 -0.000110633002
vn 0.531581521 0.847007275 -4.18629696e-07
vn 3.13919003e-07 1.62920998e-07 -1
vn 0.636603296 0.771191478 1.25643282e-07
vn -7.92053015e-07 1.62920998e-07 -1
vn 0.0818023607 0.130390257 -0.988082528
vn 0.355401486 0.0367182828 -0.933992326
vn 0.593189001 -0.125877663 -0.795161426
vn 0.295094907 -0.0727982149 -0.952690721
vn 0.467720807 -0.104027957 -0.877733171
vn 0.821913719 -0.165287405 -0.54510361
vn 0.822814107 -0.165396616 -0.543710411
vn 0.957393825 -0.182406873 -0.223885834
vn 0.980326772 -0.18440038 -0.0703975186
vn 0.976749718 -0.193375185 -0.0925533995
vn 0.976172686 -0.181600913 0.11877767
vn 0.90499568 -0.185605556 0.382796764
vn 0.903644681 -0.182184964 0.387601763
vn 0.909955502 -0.201083854 0.362693071
vn 0.967144012 -0.254229188 -1.83940273e-07
vn 0.165782899 0.264371455 -0.950065017
vn 0.0616975985 0.098397471 -0.993232787
vn 0.165803105 0.264377534 -0.95005995
vn 0.383218497 0.610930145 -0.692753971
vn 0.894532084 -0.44700399 -8.37742573e-06
vn 0.25107801 0.400250435 -0.881339669
vn 0.79942143 -0.362202704 0.479306549
vn 0.440592706 -0.784939289 0.435601592
vn 0.469297588 -0.816200078 0.337012291
vn 0.757791579 -0.318818986 0.569303215
vn 0.744394779 -0.306004196 0.593496263
vn 0.393093109 -0.741301835 0.544012308
vn -0.124103099 -0.913449287 0.387567759
vn -0.081899941 -0.942812979 0.323104143
vn 0.323201299 -0.687016308 0.650806785
vn -0.1782673 -0.877558231 0.445098042
vn 0.2331907 -0.623304307 0.746400595
vn 0.666698277 -0.240693122 0.705393612
vn 0.569182575 -0.165407836 0.805401504
vn 0.568601429 -0.165896237 0.805711508
vn 0.1434322 -0.564183891 0.813095093
vn 0.471684188 -0.102507241 0.875789106
vn 0.588086724 -0.0935015157 0.803375006
vn 0.381597787 -0.0472177491 0.923121691
vn 0.0599245392 -0.51271069 0.856467664
vn 0.365599006 -0.0376085341 0.930012405
vn 0.39010489 0.00780197792 0.920737326
vn -0.281706393 -0.812030137 0.511124551
vn -0.00943630934 -0.471097052 0.882030964
vn -0.232085407 -0.842983067 0.485299855
vn -0.531482875 -0.847069085 8.93067918e-05
vn -0.531601071 -0.846994817 0.000117953001
vn -0.531468928 -0.847077787 2.61870332e-06
vn -0.323105514 -0.786713064 0.526009202
vn -0.531522512 -0.847044289 0.000110726993
vn -0.355172813 -0.76730597 0.533941984
vn -0.0642896816 -0.440009534 0.895688832
vn -0.379943103 -0.752582371 0.537831903
vn -0.106485598 -0.416457862 0.902897358
vn 0.227196902 0.0392954499 0.97305572
vn 0.247089803 0.028801512 0.96856463
vn 0.197224006 0.0549159199 0.978819072
vn 0.252992988 0.0704047829 0.964902997
vn 0.169995606 0.0682009012 0.983082116
vn 0.150404707 0.0788109973 0.985478222
vn -0.137465596 -0.399834335 0.906220555
vn -0.398088515 -0.741995156 0.5394153
vn -0.531484723 -0.847068012 9.61830883e-05
vn -0.531485617 -0.847067416 -0.000103045
vn -0.531396806 -0.847123027 2.0544785e-05
vn 0.306381494 -0.00331161008 0.951903105
vn -0.531404614 -0.847118199 0.000105242987
vn -0.531479776 -0.847071111 9.02971005e-05
vn -0.531472683 -0.847075403 9.53485942e-05
vn -0.531544209 -0.84703058 8.6497399e-05
vn -0.0262488704 -0.988266528 0.150466532
vn -0.0351901613 -0.979367673 0.198999435
vn -0.531710207 -0.84692651 0.00010178201
vn -0.0528823696 -0.964717984 0.257920265
vn 0.594503582 -0.0509005822 0.802480221
vn -0.841133893 0.540826917 1.55669204e-06
vn -0.841095626 0.540886521 2.50870784e-07
vn 0.383295596 0.611191571 0.692480624
vn 0.177475795 0.283007056 0.942554772
vn 0.384299308 0.618924499 0.685015798
vn 0.165895104 0.264498949 0.95001018
vn 0.0442930385 0.070622094 0.996519327
vn 0.1658957 0.264604449 0.949980676
vn -0.848951876 0.528470278 1.44955902e-06
vn -0.845845401 0.533428192 -1.20157335e-06
vn -0.841666222 0.539998114 3.91151707e-06
vn -0.843206882 0.537589073 -7.94041534e-06
vn -0.8610062 -0.446892768 -0.242807075
vn -0.908110678 0.10112907 -0.406334758
vn -0.698372602 0.631701946 -0.336494505
vn -0.53159982 -0.846995711 -1.70805943e-05
vn -0.831566691 -0.463664144 -0.305797994
vn -0.856315672 0.0748971924 -0.510993123
vn -0.790317774 -0.488506049 -0.369810492
vn -0.531465173 -0.847080112 0.000108192988
vn -0.531478524 -0.847071826 8.57076011e-05
vn -0.680918574 -0.556821227 -0.475710094
vn -0.736638308 -0.521705627 -0.430334091
vn -0.602805078 -0.0792140216 -0.793946505
vn -0.69553709 -0.0201933328 -0.718206406
vn -0.230890706 0.359224349 -0.904238641
vn -0.379667789 0.459404409 -0.802994311
vn -0.324131399 0.42309615 -0.846125543
vn -0.380020887 0.470626116 -0.796301067
vn -0.42222631 0.486122429 -0.765120924
vn -0.519709706 0.544408023 -0.658423841
vn -0.586428702 0.581148624 -0.564241052
vn -0.785877109 0.0347025208 -0.617408276
vn -0.597511292 0.58688575 -0.546393096
vn -0.657081902 0.614804566 -0.436186701
vn -0.743737519 0.593121231 -0.30832082
vn -0.737281024 0.61418426 -0.281415313
vn -0.738235712 0.611234784 -0.285307109
vn -0.748845816 0.572535455 -0.333816111
vn -0.769342601 0.638831794 0.00248365011
vn -0.769900024 0.618375123 0.1576906
vn -0.784766972 0.604507625 0.136789605
vn -0.7498281 0.56752044 -0.340115219
vn -0.800128579 0.588950813 0.1137155
vn -0.815670371 0.571785629 0.0879951492
vn -0.815756023 0.570286214 -0.0965180025
vn -0.793372273 0.557480454 0.244491294
vn -0.755792201 0.614061713 0.227390409
vn -0.681298316 0.481794 0.551096261
vn -0.756573498 0.629775226 0.176011309
vn 0.477287501 0.761268318 0.438938826
vn 0.5190745 0.827404916 0.214389235
vn 0.0146923596 0.183073461 -0.98298943
vn -0.0910044312 0.237088159 -0.967216253
vn -0.0344952904 0.20789817 -0.977542043
vn 0.267416 0.555228531 -0.787534177
vn 0.224594295 0.57891649 -0.783845007
vn 0.429312795 0.809932888 -0.39962399
vn 0.529624879 0.844421804 0.080308862
vn 0.453095913 0.795785367 -0.401783288
vn 0.529616594 0.844426215 0.0803179815
vn 0.47328341 0.783680737 -0.402302474
vn 0.303560495 0.535379112 -0.788175464
vn 0.0581902191 0.162287071 -0.9850263
vn 0.0895903707 0.148403063 -0.98486048
vn 0.333878905 0.520199299 -0.786077321
vn 0.506500304 0.765191257 -0.397416681
vn 0.364437491 0.506924629 -0.781161249
vn 0.141016901 0.12842156 -0.981642723
vn 0.0990158319 0.144524962 -0.984534681
vn 0.489875406 0.774184287 -0.400825173
vn 0.529622018 0.844424486 0.0803000405
vn 0.0447404906 0.152566165 -0.987280071
vn 0.01238125 0.178341657 -0.983890772
vn -0.0259442907 0.20943296 -0.977478862
vn -0.53130132 -0.84718293 0.000180821968
vn -0.531734705 -0.846911013 2.34840428e-07
vn -0.531415284 -0.847111523 0.000101863989
vn -0.728517294 0.55840975 0.396788478
vn -0.739323318 0.588105321 0.327922285
vn -0.629155278 0.472496718 0.617179573
vn -0.749299526 0.512085319 0.419903398
vn -0.748297274 0.54499197 0.378199577
vn -0.712790608 0.495991021 0.495905876
vn -0.745273471 0.562578142 0.35787338
vn -0.7442922 0.567501247 0.352095991
vn -0.292432308 0.820498765 0.491187632
vn -0.540767789 0.44188869 0.715754688
vn -0.658636391 0.480805814 0.57881254
vn -0.304984689 0.837127745 0.45409435
vn -0.687617421 0.489129007 0.536595941
vn -0.290803701 0.821667969 0.490198821
vn 0.126499802 0.969464362 0.21008727
vn -0.330433398 0.850946367 0.408294141
vn 0.527724802 0.844812214 -0.0883114189
vn -0.366571903 0.871595621 0.325493753
vn -0.187392995 0.981913507 0.0270178709
vn -0.411118001 0.891237617 0.191513255
vn -0.604397893 0.718393564 0.344403714
vn -0.389971703 0.85085696 -0.352086157
vn -0.573684514 0.81430161 -0.0883133784
vn -0.699679315 0.687787056 0.193385422
vn -0.764397979 0.605796874 -0.220694199
vn -0.7974419 0.590909123 0.122118399
vn -0.745610297 0.508319557 0.430902094
vn -0.732976973 0.503071547 0.4578906
vn -0.823790371 0.556116104 0.110019587
vn -0.833482504 0.547211826 -0.0765921697
vn -0.750479221 0.513888955 0.415570885
vn -0.751395524 0.519708633 0.406580478
vn -0.733590305 0.606596351 0.306408584
vn -0.619012117 0.520089626 -0.588498831
vn -0.44481951 0.377428323 -0.81220907
vn -0.345999002 0.296095937 -0.890287519
vn 0.529698014 0.844375074 -0.0803174749
vn 0.529610097 0.844433486 -0.0802826062
vn 0.529606223 0.844436109 -0.0802809373
vn 0.530481994 0.843895078 -0.0801865831
vn 0.477019101 0.782330751 0.400513917
vn 0.495595306 0.771592259 0.398786724
vn 0.513586521 0.76127255 0.395844728
vn 0.344330311 0.516072154 0.784287155
vn 0.377750307 0.500339866 0.779079437
vn 0.41158849 0.485770494 0.771117389
vn 0.153593704 0.122601047 0.98049891
vn 0.111096002 0.137986243 0.984183729
vn 0.100495301 0.14250043 0.984679878
vn 0.31020999 0.533601582 0.786790431
vn 0.457496285 0.793599427 0.401119828
vn 0.531687617 0.751275837 0.391015232
vn 0.550202727 0.741463661 0.384068727
vn 0.446362495 0.471620977 0.760482967
vn 0.529610217 0.844429612 -0.0803228468
vn 0.529625118 0.844421983 -0.0803049579
vn 0.529617012 0.844429672 -0.0802776664
vn 0.488013208 0.454411983 0.745220065
vn 0.572097123 0.729808748 0.374278307
vn 0.0741103217 0.135007232 0.988069177
vn 0.0934005901 0.116783239 0.988755822

# Mesh 'calf_006-mesh' with 2090 faces
g calf_006-mesh
usemtl 黑色足端.006
f  1/1/1 2/2/2 3/3/3
f  4/4/4 2/2/2 1/1/1
f  5/5/5 6/6/6 1/1/1
f  6/6/6 4/4/4 1/1/1
f  1/1/1 7/7/7 5/5/5
f  8/8/8 7/7/7 1/1/1
f  8/8/8 1/1/1 9/9/9
f  10/10/10 9/9/9 1/1/1
f  3/3/3 10/10/10 1/1/1
f  11/11/11 10/12/10 3/13/3
f  10/12/10 11/11/11 12/14/12
f  12/14/12 9/15/9 10/12/10
f  13/16/13 12/14/12 11/11/11
f  14/17/14 11/11/11 3/13/3
f  13/16/13 11/11/11 15/18/15
f  14/17/14 15/18/15 11/11/11
f  16/19/16 17/20/17 14/17/14
f  14/17/14 17/20/17 18/21/18
f  14/17/14 19/22/19 15/18/15
f  19/22/19 14/17/14 20/23/20
f  14/17/14 18/21/18 20/23/20
f  14/17/14 3/13/3 16/19/16
f  16/19/16 21/24/21 17/20/17
f  2/2/2 16/25/16 3/3/3
f  21/26/21 16/25/16 2/2/2
f  17/20/17 21/24/21 22/27/22
f  2/2/2 23/28/23 21/26/21
f  23/28/23 22/29/22 21/26/21
f  24/30/24 23/28/23 2/2/2
f  25/31/25 26/32/26 23/28/23
f  23/28/23 27/33/27 25/31/25
f  23/28/23 24/30/24 27/33/27
f  23/28/23 26/32/26 22/29/22
f  24/30/24 28/34/28 27/33/27
f  28/34/28 29/35/29 27/33/27
f  30/36/30 27/37/27 29/38/29
f  27/33/27 30/39/30 25/31/25
f  31/40/31 30/36/30 29/38/29
f  32/41/32 25/42/25 30/36/30
f  31/40/31 32/41/32 30/36/30
f  31/40/31 33/43/33 32/41/32
f  29/38/29 34/44/34 31/40/31
f  31/40/31 35/45/35 33/43/33
f  35/45/35 31/40/31 34/44/34
f  36/46/36 34/47/34 29/48/29
f  35/45/35 34/44/34 36/49/36
f  36/46/36 29/48/29 37/50/37
f  35/45/35 36/49/36 38/51/38
f  39/52/39 38/53/38 36/46/36
f  39/52/39 36/46/36 40/54/40
f  36/46/36 37/50/37 40/54/40
f  4/4/4 6/6/6 37/55/37
f  6/6/6 40/56/40 37/55/37
f  4/4/4 37/55/37 28/34/28
f  29/48/29 28/57/28 37/50/37
f  6/6/6 41/58/41 40/56/40
f  42/59/42 43/60/43 40/54/40
f  40/54/40 41/61/41 42/59/42
f  44/62/44 39/52/39 40/54/40
f  43/60/43 44/62/44 40/54/40
f  45/63/45 46/64/46 43/65/43
f  43/60/43 46/66/46 44/62/44
f  47/67/47 48/68/48 43/60/43
f  45/63/45 43/65/43 48/69/48
f  42/59/42 47/67/47 43/60/43
f  45/63/45 49/70/49 46/64/46
f  45/63/45 50/71/50 51/72/51
f  52/73/52 45/63/45 51/72/51
f  52/73/52 49/70/49 45/63/45
f  50/71/50 45/63/45 48/69/48
f  46/74/46 49/75/49 52/76/52
f  50/71/50 53/77/53 51/72/51
f  50/71/50 54/78/54 53/77/53
f  54/78/54 50/71/50 55/79/55
f  50/71/50 48/69/48 55/79/55
f  54/78/54 55/79/55 56/80/56
f  56/81/56 55/82/55 48/68/48
f  47/67/47 57/83/57 56/81/56
f  58/84/58 56/85/56 57/86/57
f  47/67/47 56/81/56 48/68/48
f  54/78/54 56/80/56 58/87/58
f  59/88/59 58/84/58 57/86/57
f  54/78/54 58/87/58 60/89/60
f  59/88/59 60/90/60 58/84/58
f  61/91/61 62/92/62 60/90/60
f  63/93/63 60/89/60 62/94/62
f  59/88/59 61/91/61 60/90/60
f  63/93/63 54/78/54 60/89/60
f  62/94/62 64/95/64 63/93/63
f  53/77/53 63/93/63 65/96/65
f  54/78/54 63/93/63 53/77/53
f  63/93/63 66/97/66 65/96/65
f  63/93/63 64/95/64 66/97/66
f  64/98/64 62/92/62 61/91/61
f  67/99/67 68/100/68 64/98/64
f  64/95/64 68/101/68 66/97/66
f  64/98/64 61/91/61 67/99/67
f  69/102/69 68/103/68 67/104/67
f  67/104/67 70/105/70 71/106/71
f  61/91/61 70/107/70 67/99/67
f  69/102/69 67/104/67 71/106/71
f  66/108/66 68/109/68 69/110/69
f  71/106/71 72/111/72 69/102/69
f  66/108/66 69/110/69 73/20/73
f  69/110/69 72/112/72 74/113/74
f  73/20/73 69/110/69 74/113/74
f  75/114/75 76/115/76 74/116/77
f  75/117/78 74/118/79 77/119/80
f  73/20/73 74/113/74 76/120/81
f  72/112/72 77/121/82 74/113/74
f  78/122/83 77/119/80 79/123/84
f  79/124/85 77/125/82 72/111/72
f  78/122/83 80/126/86 77/119/80
f  80/126/86 75/117/78 77/119/80
f  81/127/87 82/128/88 78/129/89
f  80/130/90 78/131/91 82/132/92
f  83/133/93 83/134/94 78/122/95
f  78/129/96 83/135/97 84/136/98
f  78/129/99 83/137/93 83/135/100
f  84/138/101 83/133/102 78/122/103
f  79/139/104 81/127/87 78/129/89
f  78/129/105 85/140/106 79/139/107
f  79/123/108 85/141/109 78/122/110
f  83/142/111 86/143/112 78/122/113
f  78/129/114 86/144/115 83/145/116
f  83/134/93 83/142/117 78/122/118
f  78/129/119 83/145/93 83/137/120
f  78/129/121 84/136/122 87/146/123
f  87/147/124 84/138/125 78/122/126
f  78/129/127 87/146/128 88/148/129
f  88/149/130 87/147/131 78/122/132
f  78/129/133 88/148/134 89/150/135
f  89/151/136 88/149/137 78/122/138
f  78/129/139 89/150/140 90/152/141
f  90/153/142 89/151/143 78/122/144
f  78/129/145 90/152/146 91/154/147
f  91/155/148 90/153/149 78/122/150
f  78/129/151 91/154/152 92/156/153
f  92/157/154 91/155/155 78/122/156
f  78/129/157 92/156/158 93/158/159
f  93/159/160 92/157/161 78/122/162
f  78/129/163 93/158/164 94/160/165
f  94/161/166 93/159/167 78/122/168
f  78/129/169 94/160/170 95/162/171
f  95/163/172 94/161/173 78/122/174
f  78/129/175 95/162/176 96/164/177
f  96/165/178 95/163/179 78/122/180
f  78/129/181 96/164/182 85/140/183
f  85/141/184 96/165/185 78/122/186
f  83/142/187 97/166/188 86/143/189
f  86/144/190 97/167/191 83/145/192
f  86/144/193 98/168/194 97/167/195
f  97/166/196 98/169/197 86/143/198
f  98/169/199 98/170/199 86/143/199
f  86/144/200 98/171/201 98/168/199
f  98/169/199 98/172/93 98/170/199
f  86/144/200 98/173/199 98/171/201
f  99/174/202 100/175/203 81/176/204
f  99/174/202 81/176/204 79/124/85
f  100/175/203 101/177/205 81/176/204
f  82/178/88 81/179/87 102/180/206
f  101/177/205 102/181/207 81/176/204
f  100/175/203 103/182/208 101/177/205
f  102/180/206 101/183/209 104/184/210
f  101/183/209 103/185/211 104/184/210
f  105/186/212 106/187/213 104/188/214
f  105/186/212 104/188/214 107/189/215
f  104/184/210 106/190/216 102/180/206
f  103/185/211 107/191/217 104/184/210
f  105/186/212 107/189/215 108/192/218
f  108/193/219 107/191/217 103/185/211
f  108/192/218 109/194/220 105/186/212
f  108/192/218 110/195/221 109/194/220
f  99/196/222 110/197/223 108/198/219
f  108/198/219 100/199/224 99/196/222
f  103/185/211 100/200/224 108/193/219
f  110/197/223 99/196/222 111/201/225
f  112/202/226 110/197/223 111/201/225
f  110/195/221 112/203/227 113/204/228
f  110/195/221 113/204/228 114/205/229
f  110/195/221 114/205/229 109/194/220
f  115/206/230 113/204/228 112/203/227
f  115/206/230 112/203/227 116/207/231
f  117/208/232 116/209/233 112/202/226
f  111/201/225 117/208/232 112/202/226
f  117/210/234 111/211/235 71/106/71
f  118/212/236 117/210/234 71/106/71
f  119/213/237 117/214/232 118/215/238
f  119/213/237 116/216/233 117/214/232
f  118/215/238 120/217/239 119/213/237
f  71/106/71 120/218/240 118/212/236
f  121/219/241 122/220/242 120/221/239
f  121/219/241 120/221/239 123/222/243
f  120/217/239 122/223/242 119/213/237
f  124/224/244 123/225/245 120/218/240
f  71/106/71 124/224/244 120/218/240
f  124/224/244 71/106/71 70/105/70
f  124/224/244 125/226/246 126/227/247
f  124/224/244 127/228/248 125/226/246
f  124/224/244 128/229/249 127/228/248
f  129/230/250 124/224/244 70/105/70
f  130/231/251 123/225/245 124/224/244
f  126/227/247 130/231/251 124/224/244
f  124/224/244 129/230/250 128/229/249
f  129/232/250 131/233/252 132/234/253
f  132/234/253 128/235/249 129/232/250
f  129/232/250 133/236/254 131/233/252
f  70/105/70 134/237/255 129/230/250
f  134/237/255 133/238/254 129/230/250
f  135/239/256 131/233/252 133/236/254
f  135/239/256 133/236/254 134/240/255
f  136/241/257 135/239/256 137/242/258
f  137/242/258 135/239/256 138/243/259
f  136/241/257 131/233/252 135/239/256
f  135/239/256 134/240/255 138/243/259
f  137/242/258 138/243/259 70/107/70
f  70/105/70 138/244/259 134/237/255
f  139/245/260 136/241/257 137/242/258
f  136/241/257 140/246/261 131/233/252
f  136/241/257 139/245/260 141/247/262
f  140/246/261 136/241/257 141/247/262
f  139/245/260 47/248/47 141/247/262
f  142/249/263 141/250/262 47/67/47
f  140/246/261 141/247/262 142/251/263
f  143/252/264 144/253/265 142/249/263
f  145/254/266 143/252/264 142/249/263
f  42/59/42 145/254/266 142/249/263
f  42/59/42 142/249/263 47/67/47
f  140/246/261 142/251/263 144/255/265
f  146/256/267 144/255/265 143/257/264
f  146/256/267 140/246/261 144/255/265
f  146/256/267 143/257/264 147/258/268
f  132/234/253 146/256/267 147/258/268
f  146/256/267 132/234/253 131/233/252
f  140/246/261 146/256/267 131/233/252
f  132/234/253 147/258/268 148/259/269
f  143/257/264 149/260/270 147/258/268
f  148/261/269 147/262/268 149/263/270
f  148/259/269 150/264/271 151/265/272
f  152/266/273 150/267/271 148/261/269
f  148/259/269 151/265/272 128/235/249
f  152/266/273 148/261/269 149/263/270
f  128/235/249 132/234/253 148/259/269
f  152/266/273 153/268/274 154/269/275
f  155/270/276 153/268/274 152/266/273
f  149/263/270 155/270/276 152/266/273
f  152/266/273 156/271/277 150/267/271
f  154/269/275 156/271/277 152/266/273
f  157/272/278 156/273/277 154/274/275
f  157/272/278 154/274/275 158/275/279
f  153/268/274 158/276/279 154/269/275
f  159/277/280 158/275/279 160/278/281
f  160/279/281 158/276/279 153/268/274
f  159/277/280 157/272/278 158/275/279
f  161/280/282 162/281/283 159/277/280
f  161/280/282 159/277/280 163/282/284
f  164/283/285 159/277/280 160/278/281
f  165/284/286 159/277/280 164/283/285
f  162/281/283 157/272/278 159/277/280
f  165/284/286 163/282/284 159/277/280
f  162/285/287 161/286/288 166/287/289
f  162/285/287 166/287/289 167/288/290
f  168/289/291 162/285/287 167/288/290
f  157/272/278 162/281/283 168/290/292
f  169/291/293 167/292/294 166/293/295
f  168/289/291 167/288/290 169/294/296
f  170/295/297 169/291/293 166/293/295
f  171/296/298 168/289/291 169/294/296
f  169/294/296 172/297/299 171/296/298
f  170/295/297 173/298/300 169/291/293
f  174/299/301 172/300/302 169/291/293
f  173/298/300 174/299/301 169/291/293
f  174/299/301 175/301/303 176/302/304
f  174/299/301 176/302/304 172/300/302
f  177/303/305 175/304/306 174/305/307
f  177/303/305 174/305/307 173/306/308
f  177/307/309 178/308/310 179/309/311
f  180/310/312 178/311/313 177/303/305
f  180/310/312 177/303/305 173/306/308
f  175/301/303 177/312/309 181/313/314
f  179/309/311 181/314/314 177/307/309
f  181/315/315 179/316/316 182/317/317
f  175/301/303 181/313/314 183/318/318
f  183/319/319 181/315/315 171/296/298
f  181/315/315 182/317/317 171/296/298
f  184/320/320 182/317/317 185/321/321
f  186/322/322 182/317/317 184/320/320
f  182/317/317 187/323/323 188/324/324
f  182/317/317 188/324/324 189/325/325
f  190/326/326 187/323/323 182/317/317
f  191/327/327 171/296/298 182/317/317
f  192/328/328 191/327/327 182/317/317
f  182/317/317 193/329/329 194/330/330
f  194/330/330 195/331/331 182/317/317
f  182/317/317 189/325/325 196/332/332
f  182/317/317 196/332/332 197/333/333
f  182/317/317 197/333/333 198/334/334
f  195/331/331 199/335/335 182/317/317
f  182/317/317 200/336/336 185/321/321
f  201/337/337 190/326/326 182/317/317
f  202/338/338 203/339/339 182/317/317
f  203/339/339 193/329/329 182/317/317
f  182/317/317 198/334/334 200/336/336
f  204/340/340 201/337/337 182/317/317
f  186/322/322 202/338/338 182/317/317
f  199/335/335 192/328/328 182/317/317
f  179/316/316 204/340/340 182/317/317
f  193/341/341 203/342/342 205/343/343
f  193/329/329 206/344/344 194/330/330
f  193/329/329 207/345/345 206/344/344
f  208/346/346 207/347/347 193/341/341
f  193/341/341 205/343/343 208/346/346
f  209/348/348 208/349/349 205/350/350
f  205/350/350 210/351/351 211/352/352
f  205/350/350 212/353/353 210/351/351
f  212/354/354 205/355/343 203/356/342
f  209/348/348 205/350/350 211/352/352
f  213/357/355 214/358/356 209/348/348
f  213/357/355 209/348/348 211/352/352
f  209/348/348 214/358/356 215/359/357
f  209/348/348 215/359/357 216/360/358
f  217/361/359 218/362/360 209/348/348
f  217/361/359 209/348/348 219/363/361
f  216/360/358 219/363/361 209/348/348
f  209/348/348 218/362/360 208/349/349
f  218/364/362 220/365/363 221/366/364
f  218/364/362 217/367/365 220/365/363
f  221/366/364 208/346/346 218/364/362
f  221/368/366 121/369/367 206/344/344
f  121/369/367 221/368/366 220/370/368
f  221/366/364 207/347/347 208/346/346
f  207/345/345 221/368/366 206/344/344
f  122/371/369 121/369/367 220/370/368
f  222/372/370 220/373/363 217/374/365
f  116/207/231 122/371/369 220/370/368
f  116/207/231 220/370/368 222/375/371
f  115/376/372 222/372/370 223/377/373
f  222/375/371 115/206/230 116/207/231
f  222/372/370 217/374/365 223/377/373
f  223/377/373 224/378/374 115/376/372
f  224/379/375 223/380/376 217/361/359
f  115/381/372 224/382/374 225/383/377
f  219/363/361 225/384/378 224/379/375
f  219/363/361 224/379/375 217/361/359
f  113/385/379 115/381/372 225/383/377
f  225/383/377 226/386/380 113/385/379
f  226/387/381 225/384/378 219/363/361
f  226/386/380 114/388/382 113/385/379
f  227/389/383 226/387/381 219/363/361
f  109/390/384 114/388/382 226/386/380
f  226/386/380 227/391/385 109/390/384
f  228/392/386 227/393/385 229/394/387
f  227/391/385 228/395/386 109/390/384
f  230/396/388 229/397/389 227/389/383
f  231/398/390 230/396/388 227/389/383
f  219/363/361 231/398/390 227/389/383
f  232/399/391 233/400/392 231/401/393
f  231/401/393 234/355/394 232/399/391
f  235/402/395 234/403/396 231/398/390
f  233/400/392 230/404/397 231/401/393
f  231/398/390 219/363/361 235/402/395
f  236/405/398 105/186/212 233/406/399
f  236/405/398 233/406/399 232/407/400
f  105/186/212 237/408/401 233/406/399
f  230/404/397 233/400/392 237/409/402
f  105/186/212 228/410/403 237/408/401
f  229/394/387 237/409/402 228/392/386
f  229/394/387 230/404/397 237/409/402
f  105/186/212 236/405/398 238/411/404
f  236/405/398 239/412/405 240/413/406
f  241/414/407 239/412/405 236/405/398
f  242/415/408 243/416/409 236/405/398
f  232/407/400 242/415/408 236/405/398
f  244/417/410 245/418/411 236/405/398
f  246/419/412 244/417/410 236/405/398
f  236/405/398 245/418/411 238/411/404
f  240/413/406 247/420/413 236/405/398
f  236/405/398 247/420/413 248/421/414
f  243/416/409 249/422/415 236/405/398
f  250/423/416 241/414/407 236/405/398
f  249/422/415 250/423/416 236/405/398
f  246/419/412 236/405/398 248/421/414
f  251/424/417 249/425/418 243/426/419
f  252/427/420 250/428/421 249/425/418
f  251/424/417 252/427/420 249/425/418
f  252/427/420 253/429/422 250/428/421
f  252/430/423 251/431/424 254/432/425
f  253/433/426 252/430/423 254/432/425
f  255/434/427 256/435/428 253/433/426
f  253/429/422 256/436/429 250/428/421
f  255/434/427 253/433/426 254/432/425
f  257/437/430 258/438/431 255/439/432
f  256/436/429 255/440/432 258/441/431
f  235/402/395 255/434/427 254/432/425
f  257/437/430 255/439/432 235/442/433
f  258/443/434 257/444/435 239/412/405
f  259/445/436 257/437/430 235/442/433
f  257/444/435 259/446/437 260/447/438
f  257/444/435 260/447/438 239/412/405
f  261/448/439 260/447/438 259/446/437
f  260/449/440 261/450/441 262/451/442
f  263/452/443 239/453/444 260/449/440
f  260/449/440 262/451/442 263/452/443
f  264/454/445 263/455/446 262/456/447
f  265/457/448 263/455/446 264/454/445
f  263/452/443 265/458/449 239/453/444
f  247/459/450 240/460/451 265/458/449
f  265/458/449 240/460/451 239/453/444
f  266/461/452 265/457/448 264/454/445
f  265/458/449 266/462/453 247/459/450
f  264/454/445 267/463/454 266/461/452
f  268/464/455 266/465/452 267/466/454
f  266/462/453 268/467/456 247/459/450
f  248/468/457 268/467/456 269/469/458
f  268/467/456 248/468/457 247/459/450
f  269/470/459 268/464/455 267/466/454
f  269/469/458 270/471/460 248/468/457
f  267/466/454 271/472/461 269/470/459
f  270/473/462 269/470/459 271/472/461
f  248/421/414 270/474/463 272/475/464
f  273/476/465 272/477/466 270/473/462
f  274/478/467 273/476/465 270/473/462
f  270/473/462 271/472/461 275/479/468
f  275/479/468 274/478/467 270/473/462
f  275/480/469 276/481/470 277/482/471
f  276/483/472 275/479/468 271/472/461
f  278/484/473 279/485/474 275/480/469
f  277/482/471 278/484/473 275/480/469
f  275/479/468 279/486/475 274/478/467
f  280/487/476 277/488/477 281/489/478
f  280/487/476 282/490/479 277/488/477
f  282/490/479 278/491/480 277/488/477
f  283/492/481 281/493/482 277/482/471
f  277/482/471 276/481/470 283/492/481
f  283/492/481 284/494/483 281/493/482
f  284/495/484 283/496/485 285/497/486
f  283/498/485 276/483/472 271/472/461
f  271/472/461 285/499/486 283/498/485
f  286/500/487 285/499/486 271/472/461
f  285/497/486 286/501/487 264/454/445
f  264/454/445 284/495/484 285/497/486
f  264/454/445 286/501/487 267/463/454
f  271/472/461 267/466/454 286/500/487
f  264/454/445 287/502/488 284/495/484
f  287/502/488 288/503/489 284/495/484
f  288/503/489 289/504/490 284/495/484
f  289/504/490 290/505/491 284/495/484
f  284/494/483 291/506/492 281/493/482
f  291/507/493 284/508/494 290/509/495
f  290/509/495 292/510/496 291/507/493
f  292/511/496 290/512/495 293/513/497
f  289/504/490 294/514/498 290/505/491
f  294/514/498 293/515/499 290/505/491
f  295/516/500 296/517/501 294/518/502
f  294/518/502 289/519/503 295/516/500
f  294/514/498 297/520/504 293/515/499
f  297/521/505 294/518/502 298/522/506
f  294/518/502 296/517/501 298/522/506
f  299/523/507 296/524/508 295/525/509
f  299/523/507 298/526/510 296/524/508
f  300/527/511 301/528/512 299/523/507
f  299/523/507 301/528/512 302/529/513
f  302/529/513 303/530/514 299/523/507
f  299/523/507 303/530/514 304/531/515
f  281/489/478 299/523/507 304/531/515
f  299/523/507 292/532/516 305/533/517
f  299/523/507 305/533/517 298/526/510
f  306/534/518 300/527/511 299/523/507
f  299/523/507 307/535/519 308/536/520
f  299/523/507 308/536/520 306/534/518
f  295/525/509 307/535/519 299/523/507
f  299/523/507 281/489/478 292/532/516
f  309/537/521 310/538/522 306/539/523
f  306/539/523 308/540/524 309/537/521
f  310/538/522 300/541/525 306/539/523
f  300/542/525 310/543/522 311/544/526
f  312/545/527 311/546/528 310/547/529
f  312/545/527 310/547/529 313/548/530
f  310/547/529 309/549/531 313/548/530
f  313/550/532 308/551/524 307/552/533
f  314/553/534 313/550/532 307/552/533
f  308/540/524 313/512/532 309/537/521
f  313/548/530 314/554/535 312/545/527
f  307/552/533 315/555/536 314/553/534
f  314/553/534 315/555/536 316/556/537
f  317/557/538 314/553/534 316/556/537
f  314/554/535 317/558/539 312/545/527
f  316/556/537 318/559/540 317/557/538
f  318/559/540 319/560/541 317/557/538
f  312/545/527 317/558/539 319/561/542
f  319/562/541 318/563/540 320/564/543
f  312/545/527 319/561/542 321/565/544
f  319/561/542 322/566/545 321/565/544
f  322/567/546 319/562/541 320/564/543
f  323/568/547 320/569/548 318/570/549
f  320/564/543 324/571/550 321/572/551
f  323/568/547 324/573/552 320/569/548
f  320/564/543 321/572/551 322/567/546
f  318/570/549 325/574/553 323/568/547
f  326/575/554 323/576/555 327/577/556
f  323/568/547 326/578/557 324/573/552
f  323/579/555 328/580/558 329/581/559
f  329/581/559 327/582/556 323/579/555
f  325/574/553 328/583/560 323/568/547
f  318/570/549 330/584/561 325/574/553
f  329/581/559 328/580/558 325/585/562
f  325/585/562 331/586/563 329/581/559
f  331/587/563 325/588/562 330/589/564
f  331/590/565 287/502/488 264/454/445
f  329/591/566 331/590/565 264/454/445
f  287/592/567 331/587/563 330/589/564
f  318/570/549 316/593/568 330/584/561
f  332/594/569 330/584/561 316/593/568
f  330/589/564 332/595/570 287/592/567
f  332/595/570 295/596/500 289/597/503
f  295/525/509 332/594/569 315/598/571
f  332/594/569 316/593/568 315/598/571
f  332/595/570 288/599/572 287/592/567
f  332/595/570 289/597/503 288/599/572
f  326/575/554 327/577/556 333/600/573
f  264/454/445 334/601/574 327/602/575
f  264/454/445 327/602/575 329/591/566
f  334/601/574 333/603/576 327/602/575
f  334/601/574 335/604/577 336/605/578
f  337/606/579 335/604/577 334/601/574
f  337/606/579 334/601/574 264/454/445
f  338/607/580 333/603/576 334/601/574
f  334/601/574 339/608/581 338/607/580
f  334/601/574 340/609/582 339/608/581
f  341/610/583 340/609/582 334/601/574
f  334/601/574 342/611/584 341/610/583
f  334/601/574 336/605/578 342/611/584
f  343/612/585 344/613/586 342/614/587
f  342/614/587 336/615/588 343/612/585
f  341/616/583 342/617/584 344/618/589
f  343/612/585 345/619/590 344/613/586
f  346/620/591 344/613/586 345/619/590
f  341/616/583 344/618/589 346/621/592
f  346/621/592 347/622/593 341/616/583
f  347/622/593 346/621/592 348/623/594
f  345/619/590 348/624/595 346/620/591
f  349/625/596 348/626/597 345/627/598
f  348/623/594 349/628/599 350/629/600
f  348/623/594 350/629/600 351/630/601
f  348/623/594 351/630/601 352/631/602
f  352/631/602 347/622/593 348/623/594
f  351/630/601 350/629/600 165/284/286
f  350/629/600 353/632/603 354/633/604
f  355/634/605 353/632/603 350/629/600
f  350/629/600 354/633/604 356/635/606
f  163/282/284 350/629/600 356/635/606
f  350/629/600 349/628/599 355/634/605
f  350/629/600 163/282/284 165/284/286
f  345/627/598 357/636/607 355/637/608
f  355/637/608 349/625/596 345/627/598
f  358/638/609 355/639/610 357/640/611
f  355/634/605 358/641/612 353/632/603
f  357/640/611 359/642/613 358/638/609
f  353/632/603 358/641/612 359/643/614
f  359/644/614 360/645/615 361/646/616
f  362/647/617 359/644/614 361/646/616
f  359/643/614 362/648/617 353/632/603
f  357/640/611 360/649/618 359/642/613
f  360/645/615 363/650/619 361/646/616
f  363/651/620 360/652/618 364/653/621
f  360/652/618 357/654/611 364/653/621
f  365/655/622 364/653/621 366/656/623
f  345/627/598 366/657/624 364/658/625
f  365/655/622 363/651/620 364/653/621
f  345/627/598 364/658/625 357/636/607
f  366/656/623 361/659/626 365/655/622
f  363/650/619 365/660/627 361/646/616
f  345/627/598 184/320/320 366/657/624
f  366/656/623 367/381/628 361/659/626
f  184/320/320 367/661/629 366/657/624
f  361/662/626 367/663/628 368/664/630
f  184/320/320 368/665/631 367/661/629
f  185/321/321 368/665/631 184/320/320
f  368/664/630 185/666/632 369/667/633
f  369/667/633 361/662/626 368/664/630
f  369/668/633 185/669/632 200/670/634
f  198/671/635 370/672/636 369/668/633
f  369/668/633 200/670/634 198/671/635
f  362/647/617 361/646/616 369/673/637
f  362/647/617 369/673/637 371/674/638
f  369/673/637 372/675/639 371/674/638
f  369/673/637 370/676/640 372/675/639
f  372/677/641 370/672/636 197/678/642
f  370/672/636 198/671/635 197/678/642
f  373/679/643 372/677/641 196/680/644
f  372/677/641 197/678/642 196/680/644
f  372/675/639 373/681/645 371/674/638
f  373/679/643 196/680/644 189/682/646
f  371/683/647 373/679/643 189/682/646
f  374/684/648 371/683/647 189/682/646
f  374/684/648 375/685/649 371/683/647
f  371/674/638 375/686/650 362/647/617
f  362/648/617 375/687/650 374/688/651
f  188/689/652 374/684/648 189/682/646
f  376/690/653 374/116/648 188/691/652
f  374/688/651 376/692/654 362/648/617
f  354/693/655 376/690/653 188/691/652
f  353/632/603 376/692/654 354/633/604
f  376/692/654 353/632/603 362/648/617
f  356/694/656 354/695/657 188/324/324
f  187/323/323 356/694/656 188/324/324
f  377/696/658 356/563/659 187/697/660
f  356/635/606 378/698/661 163/282/284
f  356/635/606 377/699/662 378/698/661
f  378/698/661 377/699/662 379/700/663
f  187/697/660 379/701/664 377/696/658
f  187/697/660 380/702/665 379/701/664
f  180/310/312 379/703/663 178/311/313
f  378/698/661 379/700/663 180/704/312
f  379/703/663 380/705/666 178/311/313
f  201/706/667 381/707/668 380/708/665
f  380/705/666 381/709/669 382/710/670
f  380/705/666 382/710/670 178/311/313
f  380/708/665 190/563/671 201/706/667
f  187/697/660 190/711/671 380/702/665
f  204/712/672 179/713/311 382/714/673
f  382/714/673 381/707/668 204/712/672
f  179/713/311 178/715/310 382/714/673
f  381/707/668 201/706/667 204/712/672
f  163/282/284 378/698/661 383/716/674
f  383/716/674 378/698/661 180/704/312
f  383/717/675 384/116/676 166/718/295
f  161/719/677 383/717/675 166/718/295
f  384/720/678 383/716/674 180/704/312
f  163/282/284 383/716/674 161/280/282
f  166/293/295 384/721/676 170/295/297
f  180/704/312 170/722/679 384/720/678
f  385/723/680 386/724/681 352/725/682
f  347/622/593 352/631/602 386/726/683
f  352/725/682 387/727/684 385/723/680
f  351/630/601 388/728/685 352/631/602
f  352/725/682 388/729/686 387/727/684
f  385/730/687 387/731/688 389/732/689
f  387/731/688 390/733/690 389/732/689
f  391/734/691 392/735/692 387/736/693
f  392/735/692 390/737/694 387/736/693
f  393/738/695 387/736/693 388/728/685
f  393/738/695 391/734/691 387/736/693
f  15/18/15 394/739/696 391/740/691
f  15/18/15 391/740/691 393/741/695
f  395/742/697 391/740/691 394/739/696
f  391/734/691 395/743/697 392/735/692
f  396/744/698 395/742/697 394/739/696
f  395/743/697 396/745/698 392/735/692
f  397/746/699 396/744/698 394/739/696
f  397/746/699 398/747/700 396/744/698
f  396/745/698 399/748/701 392/735/692
f  400/749/702 399/748/701 396/745/698
f  396/745/698 398/750/700 400/749/702
f  400/751/703 401/116/704 402/752/705
f  400/751/703 402/752/705 389/753/706
f  401/754/707 400/749/702 403/755/708
f  389/753/706 399/756/709 400/751/703
f  398/750/700 404/757/710 400/749/702
f  404/757/710 403/755/708 400/749/702
f  403/758/708 405/759/711 406/760/712
f  403/758/708 406/760/712 407/761/713
f  407/761/713 408/762/714 403/758/708
f  403/755/708 408/763/714 401/754/707
f  403/758/708 404/764/710 405/759/711
f  405/765/715 409/766/716 410/767/717
f  411/768/718 409/766/716 405/765/715
f  405/765/715 412/769/719 411/768/718
f  412/770/720 405/759/711 413/771/721
f  410/767/717 406/772/722 405/765/715
f  405/759/711 414/773/723 413/771/721
f  404/764/710 414/773/723 405/759/711
f  413/774/721 415/775/724 416/776/725
f  415/775/724 413/774/721 414/777/723
f  417/778/726 412/770/720 413/771/721
f  413/771/721 418/779/727 417/778/726
f  416/776/725 418/780/727 413/774/721
f  417/781/728 418/782/729 419/783/730
f  418/782/729 416/784/731 419/783/730
f  416/784/731 420/785/732 419/783/730
f  419/786/733 420/787/734 421/788/735
f  422/789/736 419/783/730 423/790/737
f  423/791/738 419/786/733 421/788/735
f  422/789/736 417/781/728 419/783/730
f  420/787/734 424/792/739 421/788/735
f  425/793/740 426/794/741 421/788/735
f  421/788/735 427/795/742 425/793/740
f  428/796/743 429/797/744 421/798/745
f  428/796/743 421/798/745 424/799/746
f  429/797/744 430/800/747 421/798/745
f  421/788/735 430/801/748 431/802/749
f  427/795/742 421/788/735 431/802/749
f  432/803/750 423/791/738 421/788/735
f  426/794/741 432/803/750 421/788/735
f  432/804/751 426/805/752 412/806/719
f  426/805/752 425/807/753 412/806/719
f  427/795/742 431/802/749 433/808/754
f  427/795/742 433/808/754 434/809/755
f  427/795/742 434/809/755 435/810/756
f  427/795/742 435/810/756 436/811/757
f  427/795/742 437/812/758 409/813/759
f  437/812/758 427/795/742 438/814/760
f  427/795/742 411/815/761 425/793/740
f  409/813/759 411/815/761 427/795/742
f  436/811/757 439/816/762 427/795/742
f  427/795/742 439/816/762 440/817/763
f  427/795/742 441/818/764 438/814/760
f  427/795/742 440/817/763 442/819/765
f  427/795/742 442/819/765 441/818/764
f  441/820/766 443/821/767 438/822/768
f  441/820/766 444/543/769 443/821/767
f  444/823/769 441/824/766 442/825/770
f  443/821/767 445/826/771 438/822/768
f  445/827/772 443/828/773 446/829/774
f  446/829/774 443/828/773 444/830/775
f  447/831/776 448/832/777 446/829/774
f  449/833/778 447/831/776 446/829/774
f  446/829/774 450/834/779 451/835/780
f  446/829/774 451/835/780 445/827/772
f  446/829/774 448/832/777 452/836/781
f  312/545/527 446/829/774 452/836/781
f  446/829/774 453/837/782 450/834/779
f  321/565/544 453/837/782 446/829/774
f  446/829/774 444/830/775 449/833/778
f  321/565/544 446/829/774 312/545/527
f  449/838/783 440/839/784 439/840/785
f  447/841/786 449/838/783 439/840/785
f  444/830/775 454/842/787 449/833/778
f  440/843/784 449/512/783 454/844/788
f  454/844/788 444/823/769 442/825/770
f  454/844/788 442/825/770 440/843/784
f  450/845/789 455/846/790 456/847/791
f  457/848/792 455/846/790 450/845/789
f  456/847/791 451/849/793 450/845/789
f  457/848/792 450/845/789 453/850/794
f  457/851/795 326/578/557 458/852/796
f  326/578/557 457/851/795 324/573/552
f  453/850/794 324/853/550 457/848/792
f  455/854/797 457/851/795 458/852/796
f  459/855/798 460/856/799 458/857/800
f  455/854/797 458/852/796 460/858/801
f  333/600/573 458/857/800 326/575/554
f  461/859/802 459/855/798 458/857/800
f  333/600/573 461/859/802 458/857/800
f  338/607/580 459/860/803 461/861/804
f  338/607/580 461/861/804 333/603/576
f  460/862/799 459/393/798 462/863/805
f  463/864/806 462/865/807 459/860/803
f  464/866/808 463/864/806 459/860/803
f  338/607/580 464/866/808 459/860/803
f  465/867/809 464/355/810 466/868/811
f  467/869/812 466/870/811 464/871/810
f  464/871/810 338/872/813 467/869/812
f  464/866/808 465/873/814 463/864/806
f  466/868/811 468/874/815 465/867/809
f  463/875/816 465/867/809 469/876/817
f  465/867/809 468/874/815 469/876/817
f  468/877/818 466/878/819 437/812/758
f  469/879/820 468/877/818 437/812/758
f  470/880/821 469/879/820 437/812/758
f  462/863/805 469/876/817 470/881/822
f  462/863/805 463/875/816 469/876/817
f  460/858/801 470/880/821 437/812/758
f  462/863/805 470/881/822 460/862/799
f  471/882/823 467/883/824 338/884/825
f  466/878/819 467/885/826 471/886/827
f  471/882/823 338/884/825 472/887/828
f  385/723/680 471/882/823 472/887/828
f  473/888/829 437/812/758 471/886/827
f  466/878/819 471/886/827 437/812/758
f  471/886/827 474/889/830 473/888/829
f  471/886/827 385/730/687 402/890/831
f  471/886/827 402/890/831 475/891/832
f  471/886/827 475/891/832 476/892/833
f  471/886/827 476/892/833 474/889/830
f  406/893/722 473/894/834 474/895/835
f  474/895/835 476/896/836 477/897/837
f  478/898/838 406/893/722 474/895/835
f  477/897/837 478/898/838 474/895/835
f  406/760/712 478/899/839 477/900/840
f  406/760/712 477/900/840 407/761/713
f  477/897/837 476/896/836 475/901/841
f  407/902/842 477/897/837 475/901/841
f  407/902/842 475/901/841 401/903/704
f  475/901/841 402/904/705 401/903/704
f  473/888/829 410/905/843 437/812/758
f  410/767/717 473/906/834 406/772/722
f  472/887/828 386/724/681 385/723/680
f  347/622/593 386/726/683 472/907/844
f  347/622/593 472/907/844 339/908/581
f  339/608/581 472/909/844 338/607/580
f  437/812/758 456/910/845 460/858/801
f  456/910/845 455/854/797 460/858/801
f  479/911/846 456/910/845 437/812/758
f  456/847/791 479/912/847 451/849/793
f  437/812/758 480/913/848 479/911/846
f  481/914/849 451/519/793 479/915/847
f  479/915/847 480/916/850 481/914/849
f  437/812/758 438/814/760 480/913/848
f  480/916/850 445/917/771 481/914/849
f  480/916/850 438/918/768 445/917/771
f  451/835/780 481/919/851 445/827/772
f  448/920/852 447/841/786 482/921/853
f  483/922/854 452/923/855 448/920/852
f  482/921/853 483/922/854 448/920/852
f  447/841/786 484/924/856 482/921/853
f  483/925/857 482/926/858 485/927/859
f  486/928/860 485/927/859 482/926/858
f  486/928/860 482/926/858 484/929/861
f  436/811/757 486/928/860 484/929/861
f  439/840/785 484/924/856 447/841/786
f  436/811/757 484/929/861 439/816/762
f  486/930/862 436/381/863 487/931/864
f  486/930/862 487/931/864 488/932/865
f  486/930/862 488/932/865 489/933/866
f  485/934/867 486/930/862 489/933/866
f  488/935/868 487/936/869 429/937/870
f  489/938/871 488/935/868 429/937/870
f  489/933/866 490/939/872 485/934/867
f  490/940/873 489/938/871 491/941/874
f  491/941/874 489/938/871 429/937/870
f  491/941/874 429/937/870 492/942/875
f  490/940/873 491/941/874 493/943/876
f  493/943/876 491/941/874 494/944/877
f  495/945/878 496/946/879 491/941/874
f  491/941/874 496/946/879 494/944/877
f  491/941/874 497/947/880 498/948/881
f  498/948/881 495/945/878 491/941/874
f  492/942/875 497/947/880 491/941/874
f  499/949/882 494/950/883 500/951/884
f  494/944/877 499/949/885 501/952/886
f  493/943/876 494/944/877 501/952/886
f  502/953/887 500/954/884 494/955/883
f  502/953/887 494/955/883 496/956/888
f  500/957/889 503/958/890 504/959/891
f  505/960/892 500/957/889 504/959/891
f  500/957/889 502/961/893 506/962/894
f  500/957/889 506/962/894 503/958/890
f  500/951/884 505/963/895 499/949/882
f  506/964/896 507/965/897 508/966/898
f  506/964/896 509/967/899 507/965/897
f  508/966/898 503/968/900 506/964/896
f  509/969/901 506/962/894 502/961/893
f  509/969/901 502/961/893 510/970/902
f  511/971/903 509/969/901 510/970/902
f  509/967/899 512/972/904 507/965/897
f  509/967/899 511/973/905 512/972/904
f  513/974/906 512/975/904 511/976/905
f  511/976/905 514/977/907 513/974/906
f  514/978/908 511/971/903 510/970/902
f  514/978/908 510/970/902 515/979/909
f  516/980/910 514/978/908 515/979/909
f  513/974/906 514/977/907 516/981/911
f  517/982/912 516/980/910 515/979/909
f  518/983/913 516/981/911 517/984/914
f  518/983/913 519/985/915 516/981/911
f  519/985/915 513/974/906 516/981/911
f  512/986/916 513/987/917 519/988/918
f  512/986/916 519/988/918 520/989/919
f  519/988/918 521/990/920 520/989/919
f  519/988/918 518/991/921 521/990/920
f  522/992/922 520/993/923 523/994/924
f  524/995/925 523/381/924 520/996/923
f  507/997/926 512/986/916 520/989/919
f  524/995/925 520/996/923 521/998/927
f  507/997/926 520/989/919 522/999/928
f  523/994/924 525/1000/929 522/992/922
f  526/1001/930 522/1002/922 525/563/929
f  507/997/926 522/999/928 526/1003/931
f  526/1003/931 527/1004/932 528/1005/933
f  529/1006/934 526/1003/931 528/1005/933
f  527/1007/935 526/1001/930 525/563/929
f  526/1003/931 529/1006/934 507/997/926
f  528/1005/933 530/1008/936 529/1006/934
f  529/1006/934 508/1009/937 507/997/926
f  531/1010/938 508/1009/937 529/1006/934
f  530/1008/936 532/1011/939 529/1006/934
f  533/1012/940 529/1006/934 534/1013/941
f  529/1006/934 533/1012/940 535/1014/942
f  529/1006/934 532/1011/939 534/1013/941
f  529/1006/934 535/1014/942 531/1010/938
f  536/1015/943 503/1016/900 531/626/944
f  536/1015/943 531/626/944 535/1017/945
f  508/966/898 531/1018/944 503/968/900
f  504/1019/946 536/1015/943 535/1017/945
f  503/958/890 536/1020/947 504/959/891
f  537/1021/948 538/1022/949 532/1023/950
f  532/1023/950 530/1024/951 537/1021/948
f  538/1022/949 534/1025/952 532/1023/950
f  538/1026/953 537/1027/954 539/1028/955
f  538/1026/953 539/1028/955 540/1029/956
f  534/1030/952 538/1031/949 541/1032/957
f  542/1033/958 541/1034/959 538/1026/953
f  538/1026/953 540/1029/956 542/1033/958
f  540/1029/956 543/1035/960 542/1033/958
f  543/1036/961 540/1037/962 544/1038/963
f  544/1039/963 540/1040/962 539/1041/964
f  543/1036/961 544/1038/963 545/1017/965
f  542/1042/966 543/1036/961 545/1017/965
f  546/1043/967 545/1044/968 544/1045/969
f  546/1043/967 547/1046/970 545/1044/968
f  545/1017/965 547/1047/971 542/1042/966
f  548/1048/972 547/1049/971 549/1050/973
f  548/1048/972 542/381/966 547/1049/971
f  546/1043/967 549/1051/974 547/1046/970
f  550/1052/975 549/1051/974 546/1043/967
f  549/1050/973 551/1053/976 548/1048/972
f  549/1050/973 550/1054/977 551/1053/976
f  552/1055/978 553/1056/979 550/1052/975
f  554/1057/980 552/1055/978 550/1052/975
f  550/1054/977 553/1058/981 555/1059/982
f  554/1057/980 550/1052/975 546/1043/967
f  550/1054/977 555/1059/982 551/1053/976
f  556/1060/983 557/1061/984 555/1062/985
f  557/1061/984 551/1063/986 555/1062/985
f  555/1062/985 558/1064/987 556/1060/983
f  558/1065/988 555/1066/982 553/1067/981
f  558/1064/987 559/1068/989 556/1060/983
f  558/1065/988 553/1067/981 560/1069/990
f  560/1069/990 559/1070/991 558/1065/988
f  559/1068/989 561/1071/992 556/1060/983
f  560/1069/990 562/1072/993 559/1070/991
f  562/1072/993 563/1073/994 559/1070/991
f  563/1073/994 561/1074/995 559/1070/991
f  561/1071/992 564/1075/996 556/1060/983
f  564/1076/997 561/1074/995 563/1073/994
f  564/1075/996 565/1077/998 556/1060/983
f  564/1075/996 566/1078/999 565/1077/998
f  566/1079/1000 564/1080/997 552/1081/1001
f  563/1073/994 552/1082/1001 564/1076/997
f  567/1083/1002 565/1084/1003 566/1085/1004
f  568/1086/1005 569/1087/1006 566/1079/1007
f  566/1085/1008 568/1088/1009 570/1089/1010
f  566/1085/1011 569/1090/1012 568/1088/1013
f  570/1091/1014 568/1086/1015 566/1079/1016
f  554/1092/1017 567/1083/1002 566/1085/1004
f  571/1093/93 571/1094/1018 566/1079/1019
f  566/1085/1020 571/1095/93 571/1096/1021
f  572/1097/1022 571/1093/1023 566/1079/1024
f  566/1085/1025 572/1098/1026 569/1099/1027
f  566/1085/1028 571/1096/1029 572/1098/1030
f  569/1100/1031 572/1097/1032 566/1079/1033
f  569/1087/93 569/1100/1034 566/1079/1035
f  566/1085/1036 569/1099/93 569/1090/1037
f  566/1085/1038 570/1089/1039 573/1101/1040
f  573/1102/1041 570/1091/1042 566/1079/1043
f  574/1103/1044 573/1102/1045 566/1079/1046
f  566/1085/1047 574/1104/1048 575/1105/1049
f  566/1085/1050 573/1101/1051 574/1104/1052
f  575/1106/1053 574/1103/1054 566/1079/1055
f  566/1085/1056 575/1105/1057 576/1107/1058
f  576/1108/1059 575/1106/1060 566/1079/1061
f  566/1085/1062 576/1107/1063 577/1109/1064
f  577/1110/1065 576/1108/1066 566/1079/1067
f  566/1085/1068 577/1109/1069 578/1111/1070
f  578/1112/1071 577/1110/1072 566/1079/1073
f  579/1113/1074 578/1112/1075 566/1079/1076
f  566/1085/1077 579/1114/1078 580/1115/1079
f  566/1085/1080 578/1111/1081 579/1114/1082
f  580/1116/1083 579/1113/1084 566/1079/1085
f  566/1079/1000 552/1081/1001 554/1117/1086
f  566/1085/1087 581/1118/1088 554/1092/1089
f  554/1117/1090 581/1119/1091 566/1079/1092
f  566/1085/1093 580/1115/1094 581/1118/1095
f  581/1119/1096 580/1116/1097 566/1079/1098
f  571/1093/93 571/1120/93 571/1094/93
f  571/1095/201 571/1121/201 571/1096/201
f  571/1120/93 571/1122/93 571/1094/93
f  571/1095/93 571/1123/93 571/1121/93
f  571/1095/93 571/1124/201 571/1123/201
f  571/1122/93 571/1125/93 571/1094/93
f  571/1124/201 571/1126/93 571/1123/201
f  571/1125/93 571/1127/93 571/1094/93
f  567/1083/1002 582/1128/1099 583/1129/1100
f  582/1130/1101 567/1131/1102 584/1132/1103
f  567/1083/1002 583/1129/1100 565/1084/1003
f  584/1133/1103 567/1134/1102 554/1057/980
f  546/1043/967 585/1135/1104 584/1133/1103
f  546/1043/967 584/1133/1103 554/1057/980
f  582/1130/1101 584/1132/1103 585/1136/1104
f  546/1043/967 586/1137/1105 585/1135/1104
f  582/1130/1101 585/1136/1104 587/272/1106
f  587/272/1106 585/1136/1104 588/1138/1107
f  585/1136/1104 589/1139/1108 588/1138/1107
f  586/1137/1105 589/1140/1108 585/1135/1104
f  590/1141/1109 591/1142/1110 588/1143/1107
f  592/1144/1111 588/1143/1107 591/1142/1110
f  588/1143/1107 589/1145/1108 590/1141/1109
f  587/272/1106 588/1138/1107 592/274/1111
f  587/272/1106 592/274/1111 593/1146/1112
f  594/1147/1113 593/1148/1112 592/1144/1111
f  591/1142/1110 594/1147/1113 592/1144/1111
f  595/1149/1114 594/1147/1113 591/1142/1110
f  594/1147/1113 596/1150/1115 597/1151/1116
f  598/1152/1117 596/1150/1115 594/1147/1113
f  597/1151/1116 593/1148/1112 594/1147/1113
f  595/1149/1114 598/1152/1117 594/1147/1113
f  598/1152/1117 599/1153/1118 596/1150/1115
f  598/1152/1117 595/1149/1114 600/1154/1119
f  599/1153/1118 598/1152/1117 601/1155/1120
f  598/1152/1117 600/1154/1119 601/1155/1120
f  601/1156/1120 602/1157/1121 39/52/39
f  44/62/44 601/1156/1120 39/52/39
f  599/1153/1118 601/1155/1120 44/1158/44
f  601/1156/1120 600/1159/1119 602/1157/1121
f  603/1160/1122 604/1161/1123 602/1162/1121
f  603/1160/1122 602/1162/1121 605/1163/1124
f  602/1157/1121 604/1164/1123 39/52/39
f  602/1165/1121 600/1154/1119 595/1149/1114
f  595/1149/1114 605/1166/1124 602/1165/1121
f  605/1163/1124 606/1167/1125 603/1160/1122
f  590/1141/1109 607/1168/1126 605/1166/1124
f  591/1142/1110 590/1141/1109 605/1166/1124
f  605/1166/1124 595/1149/1114 591/1142/1110
f  607/1168/1126 606/1169/1125 605/1166/1124
f  608/1170/1127 603/1160/1122 606/1167/1125
f  608/1170/1127 606/1167/1125 607/1171/1126
f  603/1160/1122 608/1170/1127 609/1172/1128
f  610/1173/1129 609/1172/1128 608/1170/1127
f  608/1170/1127 586/1174/1105 610/1173/1129
f  586/1174/1105 608/1170/1127 607/1171/1126
f  610/1175/1129 611/1176/1130 612/1177/1131
f  610/1175/1129 546/1043/967 611/1176/1130
f  612/1177/1131 613/1178/1132 610/1175/1129
f  546/1043/967 610/1175/1129 586/1137/1105
f  613/1178/1132 614/1179/1133 610/1175/1129
f  610/1173/1129 614/1180/1133 609/1172/1128
f  615/1181/1134 609/1172/1128 614/1180/1133
f  615/1181/1134 614/1180/1133 613/1182/1132
f  616/1183/1135 615/1181/1134 33/43/33
f  33/43/33 615/1181/1134 617/1184/1136
f  616/1183/1135 609/1172/1128 615/1181/1134
f  615/1181/1134 613/1182/1132 617/1184/1136
f  33/43/33 617/1184/1136 612/1185/1131
f  612/1177/1131 617/1186/1136 613/1178/1132
f  35/45/35 616/1183/1135 33/43/33
f  616/1183/1135 618/1187/1137 609/1172/1128
f  616/1183/1135 35/45/35 38/51/38
f  618/1187/1137 616/1183/1135 38/51/38
f  618/1187/1137 39/1188/39 604/1161/1123
f  603/1160/1122 618/1187/1137 604/1161/1123
f  618/1187/1137 603/1160/1122 609/1172/1128
f  618/1187/1137 38/51/38 39/1188/39
f  32/41/32 33/43/33 612/1185/1131
f  32/41/32 612/1185/1131 619/1189/1138
f  619/1190/1138 612/1177/1131 611/1176/1130
f  25/42/25 32/41/32 619/1189/1138
f  619/1189/1138 620/1191/1139 25/42/25
f  621/1192/1140 620/1193/1139 619/1190/1138
f  621/1192/1140 619/1190/1138 611/1176/1130
f  22/27/22 620/109/1139 621/1194/1140
f  611/1176/1130 622/1195/1141 621/1192/1140
f  621/1194/1140 622/1196/1141 623/1197/1142
f  22/27/22 621/1194/1140 17/20/17
f  17/20/17 621/1194/1140 623/1197/1142
f  624/1198/1143 623/1199/1144 625/1200/1145
f  622/1196/1141 625/1201/1146 623/1197/1142
f  17/20/17 623/1197/1142 626/1202/1147
f  624/1203/1148 626/1204/1149 623/116/1150
f  626/1205/1151 624/1206/1152 627/1207/1153
f  628/1208/1154 626/1205/1151 627/1207/1153
f  17/20/17 626/1202/1147 18/21/18
f  629/1209/1155 18/1210/1156 626/1205/1151
f  628/1208/1154 629/1209/1155 626/1205/1151
f  629/1211/1157 630/1212/1158 20/1213/1159
f  629/1209/1155 20/1214/1160 18/1210/1156
f  631/1215/1161 632/1216/1162 629/1217/1157
f  629/1211/1157 632/626/1162 630/1212/1158
f  629/1217/1157 628/1218/1163 631/1215/1161
f  628/1218/1163 633/1219/1164 631/1215/1161
f  631/1220/1165 633/1221/1166 634/1222/1167
f  632/1223/1168 631/1224/1165 634/1225/1167
f  635/1226/1169 636/1227/1170 634/1222/1167
f  637/1228/1171 635/1226/1169 634/1222/1167
f  638/1229/1172 634/1225/1167 636/1230/1170
f  634/1225/1167 638/1229/1172 630/1231/1173
f  634/1225/1167 630/1231/1173 632/1223/1168
f  633/1221/1166 637/1228/1171 634/1222/1167
f  639/1232/1174 637/1233/1175 640/1234/1176
f  637/1235/1175 639/1236/1174 641/1237/1177
f  642/1238/1178 640/1239/1179 637/1228/1171
f  641/1237/1177 635/1240/1180 637/1235/1175
f  633/1221/1166 642/1238/1178 637/1228/1171
f  642/1241/1181 628/1218/1163 643/1242/1182
f  640/1234/1176 642/1241/1181 643/1242/1182
f  642/1241/1181 633/1219/1164 628/1218/1163
f  643/1242/1182 644/1243/1183 640/1234/1176
f  627/1207/1153 643/1244/1184 628/1208/1154
f  627/1207/1153 644/1245/1185 643/1244/1184
f  640/1234/1176 644/1243/1183 639/1232/1174
f  627/1207/1153 639/1246/1186 644/1245/1185
f  645/1247/1187 646/1248/1188 641/1249/1189
f  645/1247/1187 641/1249/1189 639/1246/1186
f  635/1250/1180 641/1251/1177 646/1252/1190
f  645/1247/1187 647/1253/1191 646/1248/1188
f  648/1254/1192 646/1252/1190 647/1255/1193
f  649/1256/1194 635/1250/1180 646/1252/1190
f  648/1254/1192 649/1256/1194 646/1252/1190
f  635/1226/1169 649/1257/1195 650/1258/1196
f  649/1257/1195 648/1259/1197 650/1258/1196
f  635/1226/1169 650/1258/1196 636/1227/1170
f  647/1255/1193 650/1260/1198 648/1254/1192
f  636/1261/1199 650/1262/1198 651/1263/1200
f  650/1262/1198 652/1264/1201 651/1263/1200
f  647/1255/1193 652/381/1201 650/1260/1198
f  653/1265/1202 651/1266/1203 645/1247/1187
f  645/1247/1187 651/1266/1203 652/1267/1204
f  654/1268/1205 636/1261/1199 651/1263/1200
f  651/1263/1200 655/381/1206 654/1268/1205
f  653/1265/1202 655/1269/1207 651/1266/1203
f  656/1270/1208 653/1271/1209 657/1272/1210
f  653/1273/1209 656/626/1208 658/1274/1211
f  653/1273/1209 658/1274/1211 659/1275/1212
f  657/1276/1213 653/1265/1202 645/1247/1187
f  653/1265/1202 659/1277/1214 655/1269/1207
f  655/1278/1215 659/1279/1216 660/476/1217
f  659/1279/1216 658/1280/1218 661/1281/1219
f  659/1279/1216 661/1281/1219 660/476/1217
f  662/1282/1220 661/1281/1219 658/1280/1218
f  661/1281/1219 662/1282/1220 663/1283/1221
f  660/476/1217 661/1281/1219 664/1284/1222
f  661/1281/1219 663/1283/1221 665/1285/1223
f  661/1281/1219 665/1285/1223 664/1284/1222
f  665/1286/1224 663/1287/1225 666/1288/1226
f  666/1288/1226 664/1289/1227 665/1286/1224
f  667/1290/1228 666/1291/1226 668/1292/1229
f  663/1287/1225 668/1293/1229 666/1288/1226
f  666/1294/1230 667/1295/1231 669/1296/1232
f  664/1297/1233 666/1294/1230 669/1296/1232
f  670/1298/1234 671/1299/1235 667/1290/1228
f  667/1290/1228 668/1292/1229 670/1298/1234
f  671/1299/1235 672/1300/1236 667/1290/1228
f  667/1295/1231 672/1301/1237 669/1296/1232
f  673/1302/1238 672/1300/1236 671/1299/1235
f  672/1301/1237 673/1303/1239 515/979/909
f  672/1301/1237 515/979/909 669/1296/1232
f  673/1303/1239 674/1304/1240 515/979/909
f  674/1305/1241 673/1306/1238 675/1307/1242
f  671/1299/1235 675/1308/1242 673/1302/1238
f  675/1307/1242 676/1309/1243 674/1305/1241
f  676/1310/1244 675/1311/1245 662/1312/1220
f  675/1311/1245 668/1313/1246 663/1314/1221
f  675/1311/1245 663/1314/1221 662/1312/1220
f  675/1311/1245 671/1315/1247 670/1316/1248
f  675/1311/1245 670/1316/1248 668/1313/1246
f  676/1309/1243 677/1317/1249 674/1305/1241
f  677/1318/1249 676/1319/1243 678/1320/1250
f  679/1321/1251 676/1310/1244 662/1312/1220
f  679/1321/1251 680/1322/1252 676/1310/1244
f  680/1322/1252 678/1323/1253 676/1310/1244
f  678/1320/1250 681/1324/1254 677/1318/1249
f  678/1320/1250 682/1325/1255 681/1324/1254
f  678/1320/1250 680/1326/1256 682/1325/1255
f  682/1327/1257 683/1328/1258 645/1247/1187
f  681/1329/1259 682/1327/1257 645/1247/1187
f  680/1326/1256 683/1330/1260 682/1325/1255
f  683/1328/1258 657/1276/1213 645/1247/1187
f  680/1326/1256 684/1331/1261 683/1330/1260
f  684/1331/1261 657/1272/1210 683/1330/1260
f  684/1331/1261 679/1332/1262 657/1272/1210
f  679/1321/1251 684/1333/1263 680/1322/1252
f  677/1334/1264 681/1329/1259 645/1247/1187
f  657/1272/1210 679/1332/1262 685/1335/1265
f  685/1336/1266 679/1321/1251 662/1312/1220
f  685/1335/1265 656/1270/1208 657/1272/1210
f  656/1337/1267 685/1338/1266 662/1282/1220
f  645/1247/1187 515/979/909 677/1334/1264
f  515/979/909 674/1304/1240 677/1334/1264
f  515/979/909 686/1339/1268 669/1296/1232
f  669/1296/1232 687/1340/1269 664/1297/1233
f  688/1341/1270 689/1342/1271 669/1343/1272
f  669/1296/1232 689/381/1273 687/1340/1269
f  669/1343/1272 690/1344/1274 688/1341/1270
f  690/1344/1274 669/1343/1272 686/1345/1275
f  660/476/1217 664/1284/1222 687/1346/1276
f  660/476/1217 687/1346/1276 689/1347/1277
f  691/1348/1278 686/1339/1268 515/979/909
f  686/1345/1275 691/1349/1279 495/1350/1280
f  495/1350/1280 498/1351/1281 686/1345/1275
f  498/1351/1281 690/1344/1274 686/1345/1275
f  515/979/909 510/970/902 691/1348/1278
f  495/1350/1280 691/1349/1279 510/1352/1282
f  688/1353/1283 690/1354/1284 692/1355/1285
f  692/1355/1285 693/472/1286 688/1353/1283
f  689/1347/1277 688/1353/1283 693/472/1286
f  497/947/880 692/1356/1285 498/948/881
f  690/1354/1284 498/1357/881 692/1355/1285
f  693/472/1286 692/1355/1285 497/1358/880
f  693/472/1286 492/1359/875 428/1360/1287
f  497/1358/880 492/1359/875 693/472/1286
f  694/1361/1288 695/1362/1289 693/472/1286
f  428/1360/1287 694/1361/1288 693/472/1286
f  693/472/1286 695/1362/1289 696/1363/1290
f  689/1347/1277 693/472/1286 696/1363/1290
f  697/1364/1291 696/1365/1292 695/1366/1293
f  424/799/746 697/1364/1291 695/1366/1293
f  695/1366/1293 694/1367/1294 424/799/746
f  697/1368/1295 397/746/699 394/739/696
f  394/739/696 696/1363/1290 697/1368/1295
f  698/1369/1296 699/1370/1297 697/1371/1298
f  697/1368/1295 699/1372/1299 397/746/699
f  698/1369/1296 697/1371/1298 424/792/739
f  420/1373/732 415/1374/1300 698/1375/1301
f  415/1374/1300 700/1376/1302 698/1375/1301
f  700/1376/1302 397/1377/1303 698/1375/1301
f  420/787/734 698/1369/1296 424/792/739
f  698/1369/1296 397/1378/1304 699/1370/1297
f  397/746/699 700/1379/1305 398/747/700
f  398/747/700 700/1379/1305 415/775/724
f  696/1363/1290 394/739/696 689/1347/1277
f  424/799/746 694/1367/1294 428/796/743
f  394/739/696 660/476/1217 689/1347/1277
f  662/1282/1220 658/1280/1218 656/1337/1267
f  19/22/19 660/476/1217 15/18/15
f  660/476/1217 19/22/19 655/1278/1215
f  660/476/1217 394/739/696 15/18/15
f  638/1229/1172 654/1380/1306 655/1278/1215
f  19/22/19 638/1229/1172 655/1278/1215
f  636/1230/1170 654/1380/1306 638/1229/1172
f  645/1247/1187 652/1267/1204 647/1253/1191
f  627/1207/1153 645/1247/1187 639/1246/1186
f  701/1381/1307 702/1382/1308 645/1247/1187
f  645/1247/1187 703/1383/1309 701/1381/1307
f  645/1247/1187 702/1382/1308 704/1384/1310
f  645/1247/1187 704/1384/1310 705/1385/1311
f  645/1247/1187 706/1386/1312 707/1387/1313
f  645/1247/1187 707/1387/1313 708/1388/1314
f  645/1247/1187 708/1388/1314 703/1383/1309
f  645/1247/1187 705/1385/1311 709/1389/1315
f  515/979/909 645/1247/1187 709/1389/1315
f  645/1247/1187 627/1207/1153 706/1386/1312
f  710/1390/1316 701/563/1317 703/1391/1318
f  711/1392/1319 703/1391/1318 708/1393/1320
f  711/1392/1319 710/1390/1316 703/1391/1318
f  712/1394/1321 711/1392/1319 708/1393/1320
f  710/1395/1322 711/1396/1323 712/1397/1324
f  713/1398/1325 712/1394/1321 707/1399/1326
f  712/1394/1321 708/1393/1320 707/1399/1326
f  710/1395/1322 712/1397/1324 714/1400/1327
f  712/1397/1324 713/1401/1328 714/1400/1327
f  715/1402/1329 710/1395/1322 714/1400/1327
f  715/1402/1329 714/1400/1327 716/1403/1330
f  706/1404/1331 714/1067/1332 713/1398/1325
f  716/1405/1333 714/1406/1332 706/1407/1331
f  625/1200/1145 716/1408/1334 627/1409/1335
f  716/1403/1330 625/1410/1146 622/1195/1141
f  611/1176/1130 715/1402/1329 716/1403/1330
f  611/1176/1130 716/1403/1330 622/1195/1141
f  706/1407/1331 717/1411/1336 716/1405/1333
f  716/1408/1334 717/1412/1337 627/1409/1335
f  627/1207/1153 717/1413/1338 706/1386/1312
f  611/1176/1130 718/1414/1339 715/1402/1329
f  701/1415/1317 710/1416/1316 715/1417/1340
f  719/1418/1341 715/1417/1340 718/1419/1342
f  715/1417/1340 719/1418/1341 701/1415/1317
f  719/1420/1343 720/1421/1344 702/1382/1308
f  701/1381/1307 719/1420/1343 702/1382/1308
f  719/1420/1343 537/1027/954 720/1421/1344
f  719/1420/1343 539/1028/955 537/1027/954
f  539/1041/964 719/1418/1341 718/1419/1342
f  702/1422/1345 720/1423/1346 530/1024/951
f  530/1024/951 720/1423/1346 537/1021/948
f  718/1419/1342 544/1039/963 539/1041/964
f  544/1045/969 718/1414/1339 611/1176/1130
f  713/1398/1325 707/1399/1326 706/1404/1331
f  528/1424/1347 704/1425/1348 702/1422/1345
f  530/1024/951 528/1424/1347 702/1422/1345
f  527/1007/935 709/1426/1349 705/1427/1350
f  525/563/929 709/1426/1349 527/1007/935
f  515/979/909 709/1389/1315 525/1428/1351
f  705/1427/1350 528/1429/1347 721/1430/1352
f  721/1430/1352 527/1007/935 705/1427/1350
f  705/1427/1350 704/1431/1348 528/1429/1347
f  527/1004/932 721/1432/1353 528/1005/933
f  630/1231/1173 638/1229/1172 19/22/19
f  19/22/19 20/23/20 630/1231/1173
f  624/1198/1143 625/1200/1145 627/1409/1335
f  620/1191/1139 26/1433/26 25/42/25
f  26/32/26 620/1434/1139 22/29/22
f  544/1045/969 611/1176/1130 546/1043/967
f  607/1171/1126 589/1435/1108 586/1174/1105
f  607/1171/1126 590/1436/1109 589/1435/1108
f  596/1150/1115 599/1153/1118 52/76/52
f  599/1153/1118 44/1158/44 46/74/46
f  599/1153/1118 46/74/46 52/76/52
f  722/277/1354 593/1146/1112 597/278/1116
f  723/283/1355 597/278/1116 724/1437/1356
f  596/1150/1115 724/1438/1356 597/1151/1116
f  723/283/1355 722/277/1354 597/278/1116
f  722/277/1354 587/272/1106 593/1146/1112
f  725/1439/1357 722/277/1354 726/282/1358
f  725/1439/1357 727/1440/1359 722/277/1354
f  727/1440/1359 587/272/1106 722/277/1354
f  728/284/1360 722/277/1354 723/283/1355
f  728/284/1360 726/282/1358 722/277/1354
f  729/1441/1361 730/698/1362 726/282/1358
f  726/282/1358 731/629/1363 729/1441/1361
f  726/282/1358 732/1442/1364 725/1439/1357
f  726/282/1358 730/698/1362 732/1442/1364
f  731/629/1363 726/282/1358 728/284/1360
f  731/629/1363 733/1443/1365 729/1441/1361
f  734/630/1366 731/629/1363 728/284/1360
f  735/1444/1367 731/629/1363 734/630/1366
f  735/1444/1367 736/1445/1368 731/629/1363
f  731/629/1363 737/632/1369 733/1443/1365
f  738/1446/1370 737/632/1369 731/629/1363
f  731/629/1363 736/1445/1368 738/1446/1370
f  733/1447/1371 739/1448/1372 740/1449/1373
f  729/1450/1374 733/1451/1375 740/1452/1376
f  737/632/1369 739/1453/1377 733/1443/1365
f  739/1448/1372 741/116/1378 740/1449/1373
f  741/1454/1379 739/1453/1377 742/1455/1380
f  739/1453/1377 737/632/1369 742/1455/1380
f  742/1456/1380 743/563/1381 744/1457/1382
f  743/1458/1381 742/1455/1380 737/632/1369
f  742/1455/1380 745/1459/1383 741/1454/1379
f  742/1456/1380 744/1457/1382 746/1460/1384
f  742/1456/1380 746/1460/1384 747/1461/1385
f  747/1461/1385 745/1462/1383 742/1456/1380
f  745/1463/1386 747/1464/1387 748/1465/1388
f  748/1465/1388 741/1466/1378 745/1463/1386
f  556/1060/983 740/1452/1376 748/1467/1389
f  556/1060/983 748/1467/1389 749/1468/1390
f  748/1465/1388 740/1469/1373 741/1466/1378
f  747/1464/1387 750/1470/1391 748/1465/1388
f  750/1470/1391 749/1471/1392 748/1465/1388
f  751/1472/1393 752/1473/1394 749/1471/1392
f  556/1060/983 749/1468/1390 752/1474/1395
f  750/1470/1391 751/1472/1393 749/1471/1392
f  751/1472/1393 753/1475/1396 752/1473/1394
f  751/1476/1397 750/1477/1398 747/1461/1385
f  746/1460/1384 753/1478/1399 751/1476/1397
f  746/1460/1384 751/1476/1397 747/1461/1385
f  753/1475/1396 754/1479/1400 752/1473/1394
f  755/1480/1401 754/1479/1400 753/1475/1396
f  753/1475/1396 746/1481/1402 755/1480/1401
f  556/1060/983 754/1482/1403 755/1483/1404
f  756/1484/1405 556/1060/983 755/1483/1404
f  757/1485/1406 755/1486/1401 746/1487/1402
f  755/1483/1404 757/1488/1407 756/1484/1405
f  758/1489/1408 556/1060/983 756/1484/1405
f  759/1490/1409 760/1491/1410 756/1484/1405
f  759/1490/1409 756/1484/1405 761/1492/1411
f  756/1484/1405 762/1493/1412 763/1494/1413
f  756/1484/1405 763/1494/1413 764/1495/1414
f  756/1484/1405 765/1496/1415 766/1497/1416
f  756/1484/1405 766/1497/1416 767/1498/1417
f  756/1484/1405 767/1498/1417 768/1499/1418
f  756/1484/1405 768/1499/1418 758/1489/1408
f  756/1484/1405 769/1500/1419 762/1493/1412
f  756/1484/1405 760/1491/1410 769/1500/1419
f  756/1484/1405 757/1488/1407 770/1501/1420
f  756/1484/1405 770/1501/1420 761/1492/1411
f  756/1484/1405 764/1495/1414 765/1496/1415
f  771/1502/1421 761/1503/1422 770/1504/1423
f  771/1502/1421 772/1505/1424 761/1503/1422
f  759/1490/1409 761/1492/1411 773/1506/1425
f  772/1505/1424 773/1507/1426 761/1503/1422
f  773/1508/1426 772/1509/1424 743/1510/1427
f  743/563/1381 772/1511/1428 744/1457/1382
f  772/1511/1428 771/1512/1429 744/1457/1382
f  774/1513/1430 738/1514/1431 773/1508/1426
f  759/1490/1409 773/1506/1425 738/1515/1432
f  773/1508/1426 743/1510/1427 774/1513/1430
f  737/632/1369 774/1516/1433 743/1458/1381
f  738/1446/1370 774/1516/1433 737/632/1369
f  770/1504/1423 744/659/1434 771/1502/1421
f  762/1517/1435 769/1518/1436 775/1519/1437
f  775/1519/1437 769/1518/1436 760/1520/1438
f  762/1517/1435 775/1519/1437 776/1521/1439
f  777/1522/1440 775/1519/1437 760/1520/1438
f  493/943/876 776/1523/1441 775/1524/1442
f  493/943/876 775/1524/1442 777/1525/1443
f  760/1520/1438 778/1526/1444 777/1522/1440
f  779/1527/1445 777/1528/1443 778/1529/1446
f  493/943/876 777/1525/1443 779/1530/1445
f  780/1531/1447 781/622/1448 779/1527/1445
f  779/1527/1445 778/1529/1446 780/1531/1447
f  779/1530/1445 782/1532/1449 493/943/876
f  781/622/1448 782/1533/1449 779/1527/1445
f  493/943/876 782/1532/1449 783/1534/1450
f  781/622/1448 783/908/1450 782/1533/1449
f  493/943/876 783/1534/1450 784/1535/1451
f  781/622/1448 785/1536/1452 783/908/1450
f  783/1534/1450 785/1537/1452 784/1535/1451
f  786/1538/1453 784/1539/1454 785/1540/1455
f  786/1538/1453 787/1541/1456 784/1539/1454
f  788/1542/1457 784/1543/1458 787/1544/1459
f  784/1535/1451 788/1545/1460 789/1546/1461
f  784/1535/1451 789/1546/1461 790/1547/1462
f  784/1535/1451 790/1547/1462 791/1548/1463
f  784/1535/1451 791/1548/1463 493/943/876
f  791/1549/1464 790/1550/1465 792/1551/1466
f  791/1549/1464 792/1551/1466 793/1552/1467
f  793/1552/1467 794/1553/1468 791/1549/1464
f  493/943/876 791/1548/1463 794/1554/1469
f  793/1555/1470 795/1556/1471 796/1557/1472
f  797/1558/1473 793/1555/1470 796/1557/1472
f  795/1556/1471 793/1555/1470 792/1559/1474
f  793/1552/1467 797/1560/1475 794/1553/1468
f  483/925/857 798/1561/1476 797/1558/1473
f  797/1558/1473 799/1562/1477 483/925/857
f  797/1558/1473 796/1557/1472 799/1562/1477
f  800/1017/1478 794/582/1468 797/1563/1475
f  797/1563/1475 801/1564/1479 800/1017/1478
f  798/1561/1476 801/1565/1480 797/1558/1473
f  799/1566/1481 796/381/1482 802/1567/1483
f  799/1566/1481 802/1567/1483 803/1568/1484
f  452/1569/855 483/1570/854 799/1566/1481
f  803/1568/1484 452/1569/855 799/1566/1481
f  452/836/781 803/1568/1485 802/1571/1486
f  312/545/527 452/836/781 802/1571/1486
f  804/1572/1487 802/1573/1483 796/1574/1482
f  802/1571/1486 804/1575/1488 312/545/527
f  804/1572/1487 796/1574/1482 795/1576/1489
f  795/1576/1489 805/1577/1490 804/1572/1487
f  312/545/527 804/1575/1488 805/1578/1491
f  805/1577/1490 806/1579/1492 807/1580/1493
f  795/1576/1489 806/1579/1492 805/1577/1490
f  312/545/527 805/1578/1491 808/1581/1494
f  807/1580/1493 808/1582/1495 805/1577/1490
f  301/528/512 807/1583/1496 809/1584/1497
f  810/1585/1498 807/1583/1496 301/528/512
f  807/1580/1493 810/1586/1499 808/1582/1495
f  807/1583/1496 806/1587/1500 809/1584/1497
f  811/1588/1501 810/1585/1498 301/528/512
f  812/1589/1502 808/519/1495 810/1590/1499
f  812/1589/1502 810/1590/1499 811/1591/1503
f  811/1591/1503 813/1592/1504 812/1589/1502
f  808/1581/1494 812/1593/1505 813/1594/1506
f  811/1591/1503 814/1595/1507 813/1592/1504
f  311/544/526 813/826/1504 814/1596/1507
f  813/1594/1506 311/546/528 312/545/527
f  312/545/527 808/1581/1494 813/1594/1506
f  814/1597/1508 811/1588/1501 301/528/512
f  300/527/511 814/1597/1508 301/528/512
f  300/542/525 311/544/526 814/1596/1507
f  809/1584/1497 815/1598/1509 301/528/512
f  809/1599/1510 789/393/1511 816/1600/1512
f  816/1600/1512 815/1601/1513 809/1599/1510
f  789/1602/1511 809/1603/1510 792/1551/1466
f  806/1587/1500 792/1559/1474 809/1584/1497
f  815/1598/1509 817/1604/1514 301/528/512
f  816/1600/1512 818/1605/1515 815/1601/1513
f  818/1605/1515 817/1606/1516 815/1601/1513
f  817/1604/1514 819/1607/1517 301/528/512
f  818/1605/1515 820/1608/1518 817/1606/1516
f  820/1608/1518 819/1609/1519 817/1606/1516
f  821/1610/1520 819/1609/1519 820/1608/1518
f  820/1608/1518 788/355/1457 821/1610/1520
f  788/1545/1460 820/1611/1521 818/1612/1522
f  821/1613/1523 786/1614/1524 301/528/512
f  821/1613/1523 787/1615/1525 786/1614/1524
f  819/1607/1517 821/1613/1523 301/528/512
f  787/1544/1459 821/381/1520 788/1542/1457
f  818/1612/1522 816/1616/1526 789/1546/1461
f  788/1545/1460 818/1612/1522 789/1546/1461
f  806/1587/1500 795/1556/1471 792/1559/1474
f  800/1017/1478 801/1564/1479 798/1617/1527
f  798/1617/1527 490/586/872 800/1017/1478
f  490/939/872 798/1618/1527 485/934/867
f  483/925/857 485/927/859 798/1561/1476
f  493/943/876 794/1554/1469 800/1619/1528
f  493/943/876 800/1619/1528 490/940/873
f  790/1550/1465 789/1602/1511 792/1551/1466
f  786/1614/1524 822/1620/1529 823/1621/1530
f  786/1614/1524 823/1621/1530 824/1622/1531
f  786/1614/1524 824/1622/1531 825/1623/1532
f  826/1624/1533 786/1538/1453 785/1540/1455
f  786/1614/1524 827/1625/1534 822/1620/1529
f  786/1614/1524 826/1626/1535 827/1625/1534
f  825/1623/1532 301/528/512 786/1614/1524
f  828/1627/1536 825/1628/1537 824/1629/1538
f  829/1630/1539 825/1631/1537 828/1632/1536
f  825/1623/1532 829/1633/1540 301/528/512
f  301/528/512 829/1633/1540 302/529/513
f  830/1634/1541 302/1635/1542 829/1630/1539
f  829/1630/1539 828/1632/1536 830/1634/1541
f  830/1636/1543 831/1637/1544 832/1638/1545
f  833/1639/1546 830/1636/1543 832/1638/1545
f  834/1640/1547 830/1636/1543 828/1641/1548
f  830/1634/1541 833/1642/1549 303/1643/1550
f  830/1636/1543 835/1644/1551 831/1637/1544
f  834/1640/1547 835/1644/1551 830/1636/1543
f  303/1643/1550 302/1635/1542 830/1634/1541
f  834/1640/1547 828/1641/1548 836/1645/1552
f  837/1646/1553 838/1647/1554 834/1648/1547
f  835/1649/1551 834/1648/1547 838/1647/1554
f  836/1645/1552 839/1650/1555 834/1640/1547
f  834/1648/1547 839/1651/1555 837/1646/1553
f  827/1652/1556 837/1653/1557 839/1654/1558
f  838/1655/1559 837/116/1557 827/1656/1556
f  839/1654/1558 822/1657/1560 827/1652/1556
f  839/1654/1558 836/1658/1561 822/1657/1560
f  828/1641/1548 840/1659/1562 836/1645/1552
f  836/1658/1561 840/1660/1563 822/1657/1560
f  828/1641/1548 841/1661/1564 840/1659/1562
f  840/1660/1563 823/1662/1565 822/1657/1560
f  840/1660/1563 841/1663/1566 823/1662/1565
f  841/1663/1566 828/1627/1536 824/1629/1538
f  841/1663/1566 824/1629/1538 823/1662/1565
f  842/1664/1567 843/1665/1568 838/1655/1559
f  838/1647/1554 843/1666/1569 844/1667/1570
f  835/1649/1551 838/1647/1554 844/1667/1570
f  838/1655/1559 827/1656/1556 842/1664/1567
f  826/1626/1535 842/1668/1571 827/1625/1534
f  826/1626/1535 845/1669/1572 842/1668/1571
f  842/1664/1567 846/381/1573 843/1665/1568
f  847/1670/1574 846/1671/1575 842/1668/1571
f  845/1669/1572 847/1670/1574 842/1668/1571
f  846/1672/1576 847/1673/1577 845/1674/1578
f  848/1675/1579 845/1676/1580 826/1624/1533
f  848/1675/1579 849/1677/1581 845/1676/1580
f  850/1678/1582 845/1674/1578 849/1679/1583
f  850/1678/1582 851/1680/1584 845/1674/1578
f  851/1680/1584 846/1672/1576 845/1674/1578
f  850/1681/1582 852/1682/1585 853/1683/1586
f  853/1683/1586 851/1684/1584 850/1681/1582
f  852/1685/1585 850/1678/1582 728/284/1360
f  849/1679/1583 734/630/1366 850/1678/1582
f  850/1678/1582 734/630/1366 728/284/1360
f  853/1683/1586 852/1682/1585 854/1686/1587
f  728/284/1360 854/1687/1587 852/1685/1585
f  854/1686/1587 855/1688/1588 853/1683/1586
f  856/1689/1589 854/1687/1587 723/283/1355
f  854/1686/1587 856/1690/1589 855/1688/1588
f  854/1687/1587 728/284/1360 723/283/1355
f  857/17/1590 855/1688/1588 858/1691/1591
f  855/1688/1588 859/1692/1592 858/1691/1591
f  859/1692/1592 855/1688/1588 856/1690/1589
f  857/17/1590 853/1683/1586 855/1688/1588
f  856/1690/1589 860/15/1593 859/1692/1592
f  859/1693/1592 860/1694/1593 51/72/51
f  858/1695/1591 859/1693/1592 51/72/51
f  856/1690/1589 861/1696/1594 860/15/1593
f  861/1696/1594 862/1697/1595 860/15/1593
f  860/1694/1593 862/1698/1595 863/1699/1596
f  863/1699/1596 51/72/51 860/1694/1593
f  863/1700/1596 862/1701/1595 864/1702/1597
f  864/1702/1597 596/1150/1115 863/1700/1596
f  863/1699/1596 865/1703/1598 51/72/51
f  865/1704/1598 863/1700/1596 596/1150/1115
f  596/1150/1115 52/76/52 865/1704/1598
f  51/72/51 865/1703/1598 52/73/52
f  864/1705/1597 862/1706/1595 861/1707/1594
f  723/283/1355 724/1437/1356 864/1705/1597
f  596/1150/1115 864/1702/1597 724/1438/1356
f  864/1705/1597 861/1707/1594 723/283/1355
f  723/283/1355 861/1707/1594 856/1689/1589
f  857/17/1590 866/22/1599 853/1683/1586
f  867/1708/1600 73/20/73 857/17/1590
f  857/17/1590 858/1691/1591 867/1708/1600
f  857/17/1590 73/20/73 868/1709/1601
f  866/22/1599 857/17/1590 869/1710/1602
f  857/17/1590 868/1709/1601 869/1710/1602
f  870/1711/1603 868/1712/1604 76/1713/1605
f  73/20/73 76/120/81 868/1709/1601
f  870/1711/1603 869/1714/1606 868/1712/1604
f  871/1715/1607 870/1711/1603 76/1713/1605
f  870/1716/1608 872/1717/1609 869/1718/1610
f  873/1719/1611 874/1720/1612 870/1721/1608
f  870/1721/1608 871/1722/1613 873/1719/1611
f  870/1716/1608 874/626/1612 872/1717/1609
f  80/130/90 875/1723/1614 871/1715/1607
f  871/1715/1607 76/1713/1605 80/130/90
f  876/1724/1615 871/1722/1613 875/1725/1616
f  871/1722/1613 877/1726/1617 873/1719/1611
f  876/1724/1615 877/1726/1617 871/1722/1613
f  878/1727/1618 876/1724/1615 875/1725/1616
f  877/1728/1619 876/1729/1620 879/1730/1621
f  876/1729/1620 878/1731/1622 879/1730/1621
f  880/1732/1623 881/1733/1624 879/1734/1625
f  879/1734/1625 882/1735/1626 880/1732/1623
f  883/1736/1627 882/1737/1626 879/1738/1625
f  883/1736/1627 879/1738/1625 878/1727/1618
f  879/1730/1621 881/1739/1628 884/1740/1629
f  877/1728/1619 879/1730/1621 884/1740/1629
f  80/130/90 882/1741/1630 883/1742/1631
f  80/130/90 105/186/212 882/1741/1630
f  105/186/212 880/1743/1632 882/1741/1630
f  881/1739/1628 885/116/1633 884/1740/1629
f  886/1229/1634 884/1744/1629 885/1745/1633
f  873/1746/1635 877/1728/1619 884/1740/1629
f  874/1747/1636 873/1748/1635 884/1744/1629
f  884/1744/1629 872/1749/1637 874/1747/1636
f  884/1744/1629 886/1229/1634 872/1749/1637
f  872/1749/1637 886/1229/1634 866/22/1599
f  885/1745/1633 887/1750/1638 886/1229/1634
f  886/1229/1634 887/1750/1638 888/1751/1639
f  866/22/1599 886/1229/1634 888/1751/1639
f  889/1752/1640 888/381/1641 887/1753/1642
f  890/1754/1643 888/1755/1644 889/1756/1645
f  890/1754/1643 891/1757/1646 888/1755/1644
f  888/1751/1639 891/1758/1647 273/476/465
f  273/476/465 866/22/1599 888/1751/1639
f  890/1759/1648 892/1760/1649 891/1761/1650
f  893/1762/1651 890/1763/1648 894/1764/1652
f  894/1765/1653 890/1754/1643 105/186/212
f  890/1754/1643 889/1756/1645 105/186/212
f  890/1759/1648 893/626/1651 892/1760/1649
f  895/1766/1654 896/1281/1655 892/1767/1656
f  895/1766/1654 892/1767/1656 893/1768/1657
f  891/1758/1647 892/1767/1656 896/1281/1655
f  896/1281/1655 895/1766/1654 897/1769/1658
f  891/1758/1647 896/1281/1655 273/476/465
f  896/1281/1655 897/1769/1658 898/1770/1659
f  273/476/465 896/1281/1655 899/1771/1660
f  896/1281/1655 898/1770/1659 899/1771/1660
f  898/1772/1661 897/1773/1662 900/1774/1663
f  900/1774/1663 899/1775/1664 898/1772/1661
f  899/1776/1665 900/1777/1666 248/421/414
f  900/1777/1666 246/419/412 248/421/414
f  246/1778/1667 900/1779/1663 901/1780/1668
f  897/1773/1662 901/1781/1668 900/1774/1663
f  246/1778/1667 901/1780/1668 902/1782/1669
f  903/1783/1670 901/1784/1671 897/116/1658
f  903/1783/1670 902/1785/1672 901/1784/1671
f  244/1786/1673 246/1778/1667 902/1782/1669
f  902/1782/1669 903/1308/1674 244/1786/1673
f  903/1787/1674 904/1788/1675 245/1789/1676
f  245/1789/1676 244/1790/1673 903/1787/1674
f  904/1791/1677 903/1783/1670 895/1792/1654
f  903/1783/1670 897/116/1658 895/1792/1654
f  904/1788/1675 238/1793/1678 245/1789/1676
f  238/1794/1678 904/1795/1675 905/1796/1679
f  906/1797/1680 904/1791/1677 895/1792/1654
f  906/1797/1680 907/1798/1681 904/1791/1677
f  907/1798/1681 905/1799/1682 904/1791/1677
f  906/1797/1680 908/1800/1683 907/1798/1681
f  907/1801/1684 908/1802/1685 909/1803/1686
f  905/1796/1679 907/1801/1684 910/1804/1687
f  907/1801/1684 909/1803/1686 910/1804/1687
f  909/1805/1688 894/1765/1653 105/186/212
f  910/1806/1689 909/1805/1688 105/186/212
f  908/1802/1685 894/1764/1652 909/1803/1686
f  911/1807/1690 910/1806/1689 105/186/212
f  905/1796/1679 910/1804/1687 911/1808/1691
f  238/411/404 911/1807/1690 105/186/212
f  905/1796/1679 911/1808/1691 238/1794/1678
f  908/1802/1685 906/1809/1692 894/1764/1652
f  893/1762/1651 894/1764/1652 906/1809/1692
f  906/1809/1692 912/1810/1693 893/1762/1651
f  912/1811/1694 906/1797/1680 895/1792/1654
f  893/1768/1657 912/1812/1694 895/1766/1654
f  248/421/414 272/475/464 899/1776/1665
f  273/476/465 899/1771/1660 272/477/466
f  105/186/212 889/1756/1645 913/1813/1695
f  914/1814/1696 913/1815/1697 889/1752/1640
f  885/1816/1698 914/1814/1696 889/1752/1640
f  887/1753/1642 885/1816/1698 889/1752/1640
f  881/1739/1628 915/1817/1699 914/1818/1700
f  881/1739/1628 914/1818/1700 885/116/1633
f  916/1819/1701 913/1820/1697 914/1821/1696
f  916/1819/1701 914/1821/1696 915/1822/1702
f  881/1739/1628 917/1823/1703 915/1817/1699
f  918/1824/1704 916/1819/1701 915/1822/1702
f  915/1822/1702 917/1825/1705 918/1824/1704
f  917/1825/1705 880/1826/1623 918/1824/1704
f  105/186/212 918/1827/1706 880/1743/1632
f  105/186/212 916/1828/1707 918/1827/1706
f  917/1825/1705 881/1829/1624 880/1826/1623
f  105/186/212 913/1813/1695 916/1828/1707
f  80/130/90 883/1742/1631 875/1723/1614
f  878/1727/1618 875/1725/1616 883/1736/1627
f  866/22/1599 869/1710/1602 872/1749/1637
f  866/22/1599 273/476/465 853/1683/1586
f  53/77/53 867/1830/1600 858/1695/1591
f  65/96/65 867/1830/1600 53/77/53
f  867/1708/1600 65/24/65 73/20/73
f  51/72/51 53/77/53 858/1695/1591
f  273/476/465 274/478/467 853/1683/1586
f  853/1683/1586 274/478/467 851/1684/1584
f  919/1831/1708 851/1684/1584 274/478/467
f  851/1680/1584 919/1832/1708 846/1672/1576
f  844/1833/1570 919/1831/1708 274/478/467
f  919/1832/1708 844/1667/1570 846/1672/1576
f  735/1444/1367 734/630/1366 849/1679/1583
f  849/1679/1583 781/622/1448 735/1444/1367
f  849/1679/1583 848/1834/1709 781/622/1448
f  826/1624/1533 920/1835/1710 848/1675/1579
f  781/622/1448 848/1834/1709 920/1836/1711
f  781/622/1448 920/1836/1711 785/1536/1452
f  785/1540/1455 920/1835/1710 826/1624/1533
f  844/1667/1570 843/1666/1569 846/1672/1576
f  921/1837/1712 844/1833/1570 274/478/467
f  921/1837/1712 922/1838/1713 844/1833/1570
f  844/1667/1570 922/1839/1713 831/1840/1544
f  844/1667/1570 831/1840/1544 835/1649/1551
f  921/1837/1712 923/1841/1714 922/1838/1713
f  831/1842/1544 922/1838/1713 924/1843/1715
f  922/1838/1713 923/1841/1714 924/1843/1715
f  923/1844/1716 921/563/1717 282/1845/1718
f  924/1846/1719 923/1844/1716 282/1845/1718
f  280/1847/1720 925/626/1721 924/1846/1719
f  280/1847/1720 924/1846/1719 282/1845/1718
f  832/1848/1545 924/1843/1715 925/1849/1722
f  924/1843/1715 832/1848/1545 831/1842/1544
f  926/1850/1723 925/1851/1721 280/1852/1720
f  925/1849/1722 926/1853/1724 832/1848/1545
f  280/1852/1720 927/1854/1725 926/1850/1723
f  927/1854/1725 928/1855/1726 926/1850/1723
f  832/1638/1545 926/1856/1724 928/1857/1727
f  927/1858/1728 280/487/476 281/489/478
f  929/1859/1729 927/1854/1725 930/1860/1730
f  930/1861/1731 927/1858/1728 281/489/478
f  929/1859/1729 928/1855/1726 927/1854/1725
f  928/1857/1727 929/1862/1732 833/1639/1546
f  931/1863/1733 929/1859/1729 930/1860/1730
f  929/1862/1732 931/1864/1734 833/1639/1546
f  931/1863/1733 930/1860/1730 932/1865/1735
f  932/1865/1735 833/1866/1549 931/1863/1733
f  932/1865/1735 304/1867/1736 833/1866/1549
f  304/531/515 932/1868/1737 281/489/478
f  932/1868/1737 930/1861/1731 281/489/478
f  928/1857/1727 833/1639/1546 832/1638/1545
f  282/490/479 921/1869/1738 933/1870/1739
f  278/1871/1740 933/1872/1741 921/1837/1712
f  278/1871/1740 921/1837/1712 274/478/467
f  282/490/479 933/1870/1739 278/491/480
f  833/1642/1549 304/1873/1736 303/1643/1550
f  781/622/1448 780/1531/1447 735/1444/1367
f  759/1874/1742 735/1875/1743 780/1876/1744
f  780/1876/1744 778/1526/1444 759/1874/1742
f  760/1520/1438 759/1874/1742 778/1526/1444
f  776/1521/1439 501/1877/1745 934/1878/1746
f  934/1878/1746 762/1517/1435 776/1521/1439
f  501/952/886 776/1523/1441 493/943/876
f  934/1879/1747 935/1880/1748 936/1881/1749
f  762/1493/1412 934/1879/1747 936/1881/1749
f  501/1877/1745 937/1882/1750 934/1878/1746
f  935/1880/1748 934/1879/1747 937/1883/1751
f  504/959/891 935/1880/1748 937/1883/1751
f  504/959/891 937/1883/1751 505/960/892
f  937/1884/1750 501/1885/1745 499/949/882
f  499/949/882 505/963/895 937/1884/1750
f  938/1886/1752 939/1887/1753 935/1888/1754
f  939/1887/1753 936/1889/1755 935/1888/1754
f  935/1888/1754 504/1890/946 938/1886/1752
f  939/1891/1756 938/1892/1757 533/1012/940
f  533/1012/940 938/1892/1757 940/1893/1758
f  504/1890/946 940/1894/1759 938/1886/1752
f  533/1012/940 940/1893/1758 535/1014/942
f  535/1017/945 940/116/1759 504/1019/946
f  939/1891/1756 533/1012/940 941/1895/1760
f  939/1887/1753 942/1896/1761 936/1889/1755
f  943/1897/1762 942/1898/1763 939/1891/1756
f  944/1899/1764 943/1897/1762 939/1891/1756
f  941/1895/1760 944/1899/1764 939/1891/1756
f  943/1897/1762 945/1900/1765 946/1901/1766
f  945/1902/1767 943/1903/1768 766/1904/1769
f  943/1897/1762 946/1901/1766 942/1898/1763
f  767/1905/1770 943/1906/1768 944/1907/1771
f  943/1903/1768 767/1908/1770 766/1904/1769
f  946/1901/1766 947/1909/1772 942/1898/1763
f  947/1910/1773 946/1911/1774 764/1912/1775
f  945/1900/1765 948/1913/1776 946/1901/1766
f  946/1911/1774 948/1914/1777 764/1912/1775
f  948/1914/1777 765/1915/1778 764/1912/1775
f  948/1914/1777 945/1902/1767 766/1904/1769
f  948/1914/1777 766/1904/1769 765/1915/1778
f  947/1910/1773 763/1916/1779 949/1917/1780
f  949/1917/1780 942/1918/1761 947/1910/1773
f  947/1910/1773 764/1912/1775 763/1916/1779
f  942/1896/1761 949/1919/1780 936/1889/1755
f  762/1493/1412 936/1881/1749 949/1920/1781
f  762/1493/1412 949/1920/1781 763/1494/1413
f  533/1012/940 950/1921/1782 941/1895/1760
f  950/1921/1782 951/1922/1783 941/1895/1760
f  768/1923/1784 941/1924/1785 951/1925/1786
f  768/1923/1784 944/393/1771 941/1924/1785
f  950/1921/1782 952/1926/1787 951/1922/1783
f  951/1925/1786 952/1927/1788 953/1928/1789
f  951/1925/1786 758/1929/1790 768/1923/1784
f  951/1925/1786 953/1928/1789 758/1929/1790
f  953/1930/1791 954/1931/1792 556/1060/983
f  758/1489/1408 953/1930/1791 556/1060/983
f  954/1932/1793 953/1928/1789 952/1927/1788
f  557/1933/1794 954/1934/1793 950/1935/1795
f  954/1931/1792 557/1061/984 556/1060/983
f  952/1927/1788 950/355/1795 954/1932/1793
f  533/1012/940 955/1936/1796 950/1921/1782
f  557/1933/1794 950/1935/1795 955/1937/1797
f  955/1937/1797 956/1938/1798 557/1933/1794
f  957/1939/1799 956/1938/1798 955/1937/1797
f  533/1012/940 958/1940/1800 955/1936/1796
f  957/1939/1799 955/1937/1797 958/1941/1801
f  958/1941/1801 959/1942/1802 957/1939/1799
f  548/1943/1803 957/1944/1804 959/1945/1805
f  957/1944/1804 548/1943/1803 551/1063/986
f  956/1946/1806 957/1944/1804 551/1063/986
f  542/1033/958 548/1943/1803 959/1945/1805
f  542/1033/958 959/1945/1805 541/1034/959
f  541/1032/957 959/1947/1802 960/1948/1807
f  958/1941/1801 960/1949/1807 959/1942/1802
f  960/1950/1808 958/1940/1800 533/1012/940
f  533/1012/940 534/1013/941 960/1950/1808
f  541/1032/957 960/1948/1807 961/1951/1809
f  534/1013/941 961/1951/1810 960/1950/1808
f  961/1951/1809 534/1030/952 541/1032/957
f  557/1061/984 956/1946/1806 551/1063/986
f  944/1907/1771 768/1952/1784 767/1905/1770
f  744/1953/1434 770/1954/1423 757/1485/1406
f  736/1955/1811 735/541/1812 759/1490/1409
f  738/1515/1432 736/1955/1811 759/1490/1409
f  746/1487/1402 744/1953/1434 757/1485/1406
f  556/1060/983 752/1474/1395 754/1482/1403
f  556/1060/983 962/1956/1813 740/1452/1376
f  962/1956/1813 729/1450/1374 740/1452/1376
f  963/1957/1814 962/1956/1813 556/1060/983
f  962/1958/1815 964/1959/1816 965/1960/1817
f  962/1958/1815 965/1960/1817 966/1961/1818
f  962/1958/1815 963/1962/1819 964/1959/1816
f  966/1961/1818 729/563/1820 962/1958/1815
f  967/1963/1821 963/1957/1814 556/1060/983
f  963/1964/1819 967/1965/1822 968/1966/1823
f  968/1966/1823 964/1308/1816 963/1964/1819
f  969/1967/1824 968/1966/1823 967/1965/1822
f  968/1968/1825 969/1969/1826 970/1970/1827
f  964/1971/1828 968/1968/1825 970/1970/1827
f  971/1972/1829 970/715/1830 969/1967/1824
f  972/1973/1831 970/1974/1830 971/1975/1829
f  973/1976/1832 970/1970/1827 972/1977/1833
f  973/1976/1832 965/563/1834 970/1970/1827
f  965/563/1834 964/1971/1828 970/1970/1827
f  971/1978/1835 974/1979/1836 556/1060/983
f  975/1980/1837 971/1978/1835 556/1060/983
f  969/1967/1824 974/1981/1838 971/1972/1829
f  971/1975/1829 975/1982/1839 972/1973/1831
f  974/1979/1836 967/1963/1821 556/1060/983
f  969/1967/1824 967/1965/1822 974/1981/1838
f  976/1983/1840 975/1980/1837 565/1077/998
f  975/1980/1837 556/1060/983 565/1077/998
f  977/1984/1841 972/1985/1831 975/1986/1839
f  975/1986/1839 976/1987/1842 977/1984/1841
f  978/1988/1843 976/1983/1840 565/1077/998
f  977/1984/1841 976/1987/1842 978/1989/1844
f  979/1990/1845 978/1988/1843 565/1077/998
f  980/1991/1846 978/1989/1844 979/1992/1847
f  980/1991/1846 977/1984/1841 978/1989/1844
f  981/1993/1848 980/1991/1846 979/1992/1847
f  972/1977/1833 977/1994/1849 980/1995/1850
f  972/1977/1833 980/1995/1850 981/1996/1851
f  982/1997/1852 981/1993/1848 979/1992/1847
f  973/1976/1832 972/1977/1833 981/1996/1851
f  981/1996/1851 982/1998/1853 973/1976/1832
f  983/1999/1854 984/2000/1855 982/1997/1852
f  982/1997/1852 979/1992/1847 983/1999/1854
f  973/2001/1832 982/2002/1853 984/2003/1856
f  732/2004/1857 984/116/1855 983/2005/1854
f  984/2003/1856 732/1442/1364 973/2001/1832
f  985/2006/1858 727/2007/1859 983/2008/1860
f  727/2007/1859 725/2009/1861 983/2008/1860
f  725/2010/1862 732/2004/1857 983/2005/1854
f  985/2006/1858 983/2008/1860 979/1990/1845
f  985/2011/1863 582/1130/1101 587/272/1106
f  587/272/1106 727/1440/1359 985/2011/1863
f  582/626/1864 985/2012/1865 583/2013/1866
f  565/1077/998 583/2014/1867 985/2006/1858
f  565/1077/998 985/2006/1858 979/1990/1845
f  732/1442/1364 730/698/1362 973/2001/1832
f  730/698/1362 965/2015/1834 973/2001/1832
f  729/1441/1361 966/2016/1868 730/698/1362
f  730/698/1362 966/2016/1868 965/2015/1834
f  552/1055/978 563/2017/1869 562/2018/1870
f  552/1055/978 562/2018/1870 553/1056/979
f  562/2018/1870 560/2019/1871 553/1056/979
f  525/1428/1351 523/2020/1872 515/979/909
f  523/2020/1872 524/2021/1873 515/979/909
f  521/998/927 517/984/914 524/995/925
f  524/2021/1873 517/982/912 515/979/909
f  521/998/927 518/983/913 517/984/914
f  496/956/888 510/1352/1282 502/953/887
f  496/956/888 495/1350/1280 510/1352/1282
f  429/937/870 428/2022/1287 492/942/875
f  487/936/869 986/2023/1874 987/2024/1875
f  487/936/869 987/2024/1875 429/937/870
f  986/2025/1876 487/950/864 436/2026/863
f  986/2023/1874 988/2027/1877 989/2028/1878
f  986/2023/1874 989/2028/1878 987/2024/1875
f  436/2026/863 435/2029/1879 986/2025/1876
f  988/2030/1880 986/2025/1876 434/2031/1881
f  986/2025/1876 435/2029/1879 434/2031/1881
f  989/2032/1882 988/2030/1880 433/2033/1883
f  988/2030/1880 434/2031/1881 433/2033/1883
f  431/2034/1884 987/1885/1885 989/2032/1882
f  989/2032/1882 433/2033/1883 431/2034/1884
f  430/2035/1886 429/2036/1887 987/2037/1885
f  987/2037/1885 431/2038/1884 430/2035/1886
f  453/850/794 321/2039/551 324/853/550
f  437/812/758 410/905/843 409/813/759
f  990/2040/1888 422/789/736 432/804/751
f  412/806/719 990/2040/1888 432/804/751
f  422/789/736 423/790/737 432/804/751
f  422/2041/1889 990/2042/1890 412/770/720
f  412/769/719 425/2043/753 411/768/718
f  417/778/726 422/2041/1889 412/770/720
f  420/1373/732 416/626/731 415/1374/1300
f  398/747/700 415/775/724 414/777/723
f  414/777/723 404/2044/710 398/747/700
f  401/903/704 408/2045/1891 407/902/842
f  385/730/687 389/732/689 402/890/831
f  389/753/706 392/2046/1892 399/756/709
f  393/738/695 351/630/601 165/284/286
f  388/728/685 351/630/601 393/738/695
f  991/2047/1893 393/738/695 165/284/286
f  393/741/695 991/2048/1893 15/18/15
f  15/18/15 991/2048/1893 13/16/13
f  165/284/286 13/2049/13 991/2047/1893
f  390/733/690 392/2050/1894 389/732/689
f  347/622/593 339/908/581 340/2051/582
f  347/622/593 340/2051/582 341/616/583
f  345/627/598 343/2052/1895 184/320/320
f  336/615/588 992/2053/1896 343/612/585
f  184/320/320 343/2052/1895 992/2054/1897
f  993/2055/1898 992/2053/1896 336/615/588
f  184/320/320 992/2054/1897 993/2056/1899
f  993/2056/1899 994/2057/1900 995/2058/1901
f  993/2056/1899 995/2058/1901 996/2059/1902
f  997/2060/1903 993/2055/1898 335/2061/1904
f  993/2056/1899 997/2062/1905 994/2057/1900
f  993/2055/1898 336/615/588 335/2061/1904
f  184/320/320 993/2056/1899 996/2059/1902
f  998/2063/1906 996/2064/1907 995/2065/1908
f  998/2063/1906 999/2066/1909 996/2064/1907
f  184/320/320 996/2059/1902 999/2067/1910
f  995/2065/1908 1000/508/1911 998/2063/1906
f  1001/2068/1912 998/2069/1913 1000/2070/1914
f  998/2063/1906 1001/2071/1915 999/2066/1909
f  1002/2072/1916 1003/2073/1917 1001/2068/1912
f  1002/2072/1916 1001/2068/1912 1000/2070/1914
f  1001/2071/1915 1003/2074/1918 999/2066/1909
f  1003/2074/1918 1004/2075/1919 999/2066/1909
f  1003/2074/1918 1005/2076/1920 1004/2075/1919
f  1002/2072/1916 1006/2077/1921 1003/2073/1917
f  1003/2074/1918 1006/2078/1922 1005/2076/1920
f  184/320/320 1004/2079/1923 1005/2080/1924
f  1002/2081/1925 1007/2082/1926 1005/2076/1920
f  184/320/320 1005/2080/1924 1007/2083/1927
f  1006/2078/1922 1002/2081/1925 1005/2076/1920
f  1008/2084/1928 1009/2085/1929 1007/2086/1926
f  184/320/320 1007/2083/1927 1009/2087/1930
f  1007/2086/1926 1002/2088/1925 1008/2084/1928
f  1009/2089/1929 1008/393/1928 211/2090/1931
f  211/352/352 1008/2091/1932 213/357/355
f  1008/2091/1932 1002/2072/1916 213/357/355
f  211/2090/1931 186/2092/1933 1009/2089/1929
f  184/320/320 1009/2087/1930 186/322/322
f  184/320/320 999/2067/1910 1004/2079/1923
f  1002/2072/1916 1000/2070/1914 213/357/355
f  1000/2093/1911 995/2094/1908 994/2095/1934
f  213/2096/1935 1000/2093/1911 994/2095/1934
f  213/2096/1935 994/2095/1934 1010/2097/1936
f  997/2062/1905 1010/2098/1937 994/2057/1900
f  1010/2098/1937 997/2062/1905 1011/2099/1938
f  1010/2097/1936 1012/2100/1939 214/2101/1940
f  1012/2102/1941 1010/2098/1937 1011/2099/1938
f  214/2101/1940 213/2096/1935 1010/2097/1936
f  1012/2102/1941 1011/2099/1938 1013/2103/1942
f  337/2104/1943 1011/2105/1944 997/2060/1903
f  1013/2106/1945 1011/2107/1944 1014/2108/1946
f  1011/2107/1944 337/1885/1943 1014/2108/1946
f  261/2109/441 1013/2106/1945 1014/2108/1946
f  262/456/447 1014/2110/1947 337/606/579
f  1014/2108/1946 262/950/442 261/2109/441
f  1013/2103/1942 261/448/439 1012/2102/1941
f  261/448/439 1015/2111/1948 1012/2102/1941
f  1015/2111/1948 1016/2112/1949 1012/2102/1941
f  1012/2113/1939 1016/2114/1950 216/581/1951
f  1012/2100/1939 215/2115/1952 214/2101/1940
f  216/581/1951 215/116/1952 1012/2113/1939
f  216/581/1951 1016/2114/1950 1015/2116/1953
f  1017/2117/1954 1015/2118/1953 259/445/436
f  261/448/439 259/446/437 1015/2111/1948
f  1017/2117/1954 1018/2119/1955 1015/2118/1953
f  1015/2116/1953 1018/626/1955 216/581/1951
f  1018/2120/1956 1017/2121/1957 219/363/361
f  219/363/361 1017/2121/1957 235/402/395
f  259/445/436 235/442/433 1017/2117/1954
f  216/360/358 1018/2120/1956 219/363/361
f  335/2061/1904 337/2104/1943 997/2060/1903
f  264/454/445 262/456/447 337/606/579
f  295/525/509 315/598/571 307/535/519
f  293/513/497 305/2122/1958 292/511/496
f  293/513/497 298/522/506 305/2122/1958
f  293/513/497 297/521/505 298/522/506
f  281/489/478 291/2123/1959 292/532/516
f  274/478/467 279/486/475 278/1871/1740
f  258/441/431 241/2124/1960 256/436/429
f  241/414/407 258/443/434 239/412/405
f  256/436/429 241/2124/1960 250/428/421
f  243/426/419 254/2125/1961 251/424/417
f  243/426/419 242/381/1962 254/2125/1961
f  234/2126/394 254/2127/1961 242/2128/1962
f  235/402/395 254/432/425 234/403/396
f  242/2128/1962 232/2129/391 234/2126/394
f  105/186/212 109/194/220 228/410/403
f  211/2090/1931 210/2130/1963 186/2092/1933
f  210/2130/1963 212/354/354 202/2131/1964
f  203/356/342 202/2131/1964 212/354/354
f  210/2130/1963 202/2131/1964 186/2092/1933
f  194/2132/1965 206/2133/1966 130/2134/1967
f  123/222/243 206/2133/1966 121/219/241
f  123/222/243 130/2134/1967 206/2133/1966
f  1019/2135/1968 192/2136/1969 199/2137/1970
f  191/2138/1971 192/2136/1969 1020/2139/1972
f  1019/2135/1968 1020/2139/1972 192/2136/1969
f  1021/2140/1973 1019/2135/1968 199/2137/1970
f  1019/2141/1974 1021/2142/1975 1022/2143/1976
f  1023/2144/1977 1019/2141/1974 1022/2143/1976
f  1023/2144/1977 1020/2145/1978 1019/2141/1974
f  191/2146/1971 1023/2147/1979 126/2148/1980
f  126/227/247 1023/2144/1977 130/231/251
f  1020/2139/1972 1023/200/1979 191/2138/1971
f  1023/2144/1977 1022/2143/1976 130/231/251
f  194/2149/1965 1022/179/1981 1021/2140/1973
f  130/2134/1967 1022/2150/1981 194/2132/1965
f  1021/2140/1973 195/2151/1982 194/2149/1965
f  1021/2140/1973 199/2137/1970 195/2151/1982
f  188/324/1983 1024/2152/1984 189/325/1985
f  189/682/1986 1024/2153/1987 188/689/1988
f  191/327/327 1025/2154/1989 171/296/298
f  126/2148/1980 1025/2155/1990 191/2146/1971
f  171/2156/1991 1025/2157/1992 126/2158/1993
f  183/318/318 176/302/304 175/301/303
f  176/2159/1994 183/319/319 171/296/298
f  173/306/308 170/2160/679 180/310/312
f  172/297/299 176/2159/1994 171/296/298
f  171/296/298 1026/2161/1995 168/289/291
f  1026/2162/1996 171/2156/1991 1027/2163/1997
f  171/2156/1991 126/2158/1993 1027/2163/1997
f  1027/2163/1997 1028/2164/1998 1026/2162/1996
f  1028/2165/1999 1027/2166/2000 125/2167/246
f  125/226/246 1027/2168/2000 126/227/247
f  1028/626/2001 168/2169/2002 1026/2170/2003
f  168/290/292 1028/2165/1999 157/272/278
f  1028/2165/1999 125/2167/246 127/2171/248
f  1028/2165/1999 127/2171/248 157/272/278
f  13/2049/13 165/284/286 164/283/285
f  164/283/285 1029/2172/2004 12/2173/12
f  1030/2174/2005 1029/2172/2004 164/283/285
f  12/2173/12 13/2049/13 164/283/285
f  164/283/285 1031/2175/2006 1030/2174/2005
f  164/283/285 160/278/281 1031/2175/2006
f  1030/2176/2005 1032/2177/2007 8/2178/8
f  8/2178/8 1033/2179/2008 1030/2176/2005
f  1030/2174/2005 1033/2180/2008 1029/2172/2004
f  1032/2177/2007 1030/2176/2005 1031/2181/2006
f  7/2182/7 8/2178/8 1032/2177/2007
f  1032/2177/2007 5/2183/5 7/2182/7
f  1032/2177/2007 1034/2184/2009 5/2183/5
f  153/268/274 1032/2177/2007 160/279/281
f  1035/2185/2010 1032/2177/2007 153/268/274
f  1032/2177/2007 1031/2181/2006 160/279/281
f  1035/2185/2010 1034/2184/2009 1032/2177/2007
f  1034/2184/2009 1035/2185/2010 145/2186/266
f  1035/2185/2010 1036/2187/2011 145/2186/266
f  1035/2185/2010 155/270/276 1036/2187/2011
f  155/270/276 1035/2185/2010 153/268/274
f  145/254/266 1036/2188/2011 143/252/264
f  149/263/270 143/2189/264 1036/2187/2011
f  155/270/276 149/263/270 1036/2187/2011
f  1034/2184/2009 145/2186/266 42/2190/42
f  1034/2184/2009 42/2190/42 41/2191/41
f  1034/2184/2009 41/2191/41 1037/2192/2012
f  1037/2192/2012 5/2183/5 1034/2184/2009
f  5/5/5 1037/2193/2012 6/6/6
f  6/6/6 1037/2193/2012 41/58/41
f  1029/2194/2004 1033/2195/2008 9/15/9
f  9/9/9 1033/2196/2008 8/8/8
f  12/14/12 1029/2194/2004 9/15/9
f  157/272/278 127/2171/248 156/273/277
f  156/271/277 151/2197/272 150/267/271
f  127/2171/248 151/1139/272 156/273/277
f  128/229/249 151/2198/272 127/228/248
f  59/88/59 139/245/260 137/242/258
f  139/245/260 59/88/59 57/86/57
f  139/245/260 57/86/57 47/248/47
f  59/88/59 137/242/258 61/91/61
f  61/91/61 137/242/258 70/107/70
f  116/207/231 119/2199/2013 122/371/369
f  71/106/71 111/211/235 99/174/202
f  105/186/212 82/132/92 106/187/213
f  102/180/206 106/190/216 82/178/88
f  105/186/212 80/130/90 82/132/92
f  71/106/71 99/174/202 79/124/85
f  76/1713/1605 75/2200/2014 80/130/90
f  71/106/71 79/124/85 72/111/72
f  73/20/73 65/24/65 66/108/66
f  24/30/24 4/4/4 28/34/28
f  4/4/4 24/30/24 2/2/2

# Mesh 'calf_006-mesh' with 6512 faces
g calf_006-mesh
usemtl 深色橡胶.007
f  1038/2201/2015 1039/2202/2016 1040/2203/2017
f  1041/2204/2018 1039/2202/2016 1038/2201/2015
f  1042/2205/2019 1043/2206/2020 1039/2202/2016
f  1043/2206/2020 1044/2207/2021 1039/2202/2016
f  1044/2207/2021 1045/2208/2022 1039/2202/2016
f  1039/2202/2016 1045/2208/2022 1040/2203/2017
f  1041/2204/2018 1042/2205/2019 1039/2202/2016
f  1038/2201/2015 1046/2209/2023 1041/2204/2018
f  1047/2210/2024 1041/2211/2018 1046/2212/2023
f  1042/2213/2019 1041/2211/2018 1047/2210/2024
f  1046/2212/2023 1048/2214/2025 1047/2210/2024
f  1049/2215/2026 1042/2213/2019 1047/2210/2024
f  1048/2214/2025 1050/2216/2027 1047/2210/2024
f  1047/2210/2024 1050/2216/2027 1051/2217/2028
f  1052/2218/2029 1049/2215/2026 1047/2210/2024
f  1051/2217/2028 1052/2218/2029 1047/2210/2024
f  1052/2219/2029 1053/2220/2030 1054/2221/2031
f  1054/2221/2031 1049/2222/2026 1052/2219/2029
f  1053/2220/2030 1052/2219/2029 1051/2223/2028
f  1055/2224/2032 1056/2225/2033 1053/2220/2030
f  1053/2220/2030 1056/2225/2033 1057/2226/2034
f  1054/2221/2031 1053/2220/2030 1058/2227/2035
f  1053/2220/2030 1057/2226/2034 1058/2227/2035
f  1051/2223/2028 1055/2224/2032 1053/2220/2030
f  1055/2228/2032 1051/2217/2028 1050/2216/2027
f  1055/2224/2032 1059/381/2036 1060/2229/2037
f  1059/2230/2036 1055/2228/2032 1050/2216/2027
f  1055/2224/2032 1060/2229/2037 1056/2225/2033
f  1061/2231/2038 1060/2232/2037 1059/2233/2036
f  1061/2231/2038 1062/2234/2039 1060/2232/2037
f  1060/2229/2037 1062/2235/2039 1057/2226/2034
f  1060/2229/2037 1057/2226/2034 1056/2225/2033
f  1062/2235/2039 1061/2236/2038 1057/2226/2034
f  1061/2231/2038 1059/2233/2036 1063/2237/2040
f  1064/2238/2041 1061/2231/2038 1063/2237/2040
f  1064/2238/2041 1065/2239/2042 1061/2231/2038
f  1065/2239/2042 1066/2240/2043 1061/2231/2038
f  1061/2236/2038 1066/2241/2043 1067/2242/2044
f  1061/2236/2038 1067/2242/2044 1057/2226/2034
f  1066/2241/2043 1065/2243/2042 1068/2244/2045
f  1068/2245/2045 1065/2246/2042 1069/2247/2046
f  1065/2246/2042 1064/2248/2041 1069/2247/2046
f  1070/2249/2047 1068/2245/2045 1069/2247/2046
f  1070/2249/2047 1069/2247/2046 1071/2250/2048
f  1064/2248/2041 1072/2251/2049 1069/2247/2046
f  1071/2250/2048 1069/2247/2046 1073/2252/2050
f  1069/2247/2046 1072/2251/2049 1073/2252/2050
f  1074/2253/2051 1073/2252/2050 1072/2251/2049
f  1074/2253/2051 1072/2251/2049 1075/2254/2052
f  1064/2248/2041 1075/2254/2052 1072/2251/2049
f  1076/2255/2053 1077/2256/2054 1075/2257/2052
f  1077/2256/2054 1078/2258/2055 1075/2257/2052
f  1075/2254/2052 1078/2259/2055 1074/2253/2051
f  1075/2257/2052 1064/2238/2041 1076/2255/2053
f  1064/2238/2041 1063/2237/2040 1076/2255/2053
f  1076/2260/2053 1063/2261/2040 1050/2216/2027
f  1076/2255/2053 1079/2262/2056 1077/2256/2054
f  1076/2260/2053 1050/2216/2027 1080/2263/2057
f  1076/2260/2053 1080/2263/2057 1081/2264/2058
f  1079/2265/2056 1076/2260/2053 1081/2264/2058
f  1079/2262/2056 1082/2266/2059 1077/2256/2054
f  1083/2267/2060 1079/2265/2056 1081/2264/2058
f  1083/2267/2060 1082/2268/2059 1079/2265/2056
f  1084/2269/2061 1082/563/2059 1083/2270/2060
f  1084/2269/2061 1085/2271/2062 1082/563/2059
f  1077/2272/2054 1082/1982/2059 1085/2273/2062
f  1085/2273/2062 1086/2274/2063 1077/2272/2054
f  1086/2275/2063 1085/2271/2062 1087/2276/2064
f  1084/2269/2061 1087/2276/2064 1085/2271/2062
f  1086/2275/2063 1087/2276/2064 1088/2277/2065
f  1089/2278/2066 1086/2275/2063 1088/2277/2065
f  1077/2272/2054 1086/2274/2063 1089/2279/2066
f  1089/2279/2066 1090/2280/2067 1077/2272/2054
f  1089/2279/2066 1091/2281/2068 1090/2280/2067
f  1088/2277/2065 1092/2282/2069 1089/2278/2066
f  1091/2281/2068 1089/2279/2066 1092/2283/2069
f  1092/2283/2069 1093/2284/2070 1091/2281/2068
f  1094/2285/2071 1091/2281/2068 1095/2286/2072
f  1091/2281/2068 1093/2284/2070 1095/2286/2072
f  1091/2281/2068 1094/2285/2071 1096/2287/2073
f  1091/2281/2068 1096/2287/2073 1090/2280/2067
f  1094/2285/2071 1097/2288/2074 1096/2287/2073
f  1090/2289/2067 1096/2290/2073 1098/2291/2075
f  1096/2290/2073 1097/2292/2074 1099/2293/2076
f  1096/2290/2073 1099/2293/2076 1098/2291/2075
f  1090/2289/2067 1098/2291/2075 1078/2258/2055
f  1098/2294/2075 1099/2295/2076 1100/2296/2077
f  1078/2259/2055 1098/2294/2075 1074/2253/2051
f  1098/2294/2075 1100/2296/2077 1074/2253/2051
f  1100/2296/2077 1101/2297/2078 1102/2298/2079
f  1102/2298/2079 1074/2253/2051 1100/2296/2077
f  1100/2296/2077 1103/2299/2080 1101/2297/2078
f  1104/2300/2081 1103/2299/2080 1100/2296/2077
f  1104/2300/2081 1100/2296/2077 1105/2301/2082
f  1099/2295/2076 1105/2301/2082 1100/2296/2077
f  1105/2301/2082 1106/2302/2083 1104/2300/2081
f  1107/2303/2084 1106/2302/2083 1105/2301/2082
f  1107/2303/2084 1105/2301/2082 1108/2304/2085
f  1109/2305/2086 1108/2304/2085 1105/2301/2082
f  1099/2295/2076 1109/2305/2086 1105/2301/2082
f  1106/2306/2083 1107/2307/2084 1110/2308/2087
f  1106/2306/2083 1110/2308/2087 1111/2309/2088
f  1111/2309/2088 1104/2310/2081 1106/2306/2083
f  1112/2311/2089 1111/2309/2088 1110/2308/2087
f  1103/2312/2080 1111/2309/2088 1113/2313/2090
f  1103/2312/2080 1104/2310/2081 1111/2309/2088
f  1114/2314/2091 1111/2309/2088 1112/2311/2089
f  1114/2314/2091 1113/2313/2090 1111/2309/2088
f  1113/2313/2090 1101/2315/2078 1103/2312/2080
f  1101/2315/2078 1113/2313/2090 1115/2316/2092
f  1116/2317/2093 1115/2316/2092 1113/2313/2090
f  1113/2313/2090 1114/2314/2091 1116/2317/2093
f  1116/2318/2094 1114/2319/2095 1117/2320/2096
f  1116/2318/2094 1117/2320/2096 1118/2321/2097
f  1119/2322/2098 1116/2318/2094 1118/2321/2097
f  1120/2323/201 1116/626/201 1119/2324/201
f  1116/2317/2093 1120/2325/2099 1115/2316/2092
f  1121/2326/201 1119/2324/201 1122/2327/2100
f  1123/2328/2101 1122/2329/2102 1119/2322/2098
f  1118/2321/2097 1123/2328/2101 1119/2322/2098
f  1121/2326/201 1120/2323/201 1119/2324/201
f  1121/2330/2103 1124/2331/2104 1125/2332/2105
f  1121/2330/2103 1125/2332/2105 1115/2316/2092
f  1120/2325/2099 1121/2330/2103 1115/2316/2092
f  1124/2333/2106 1121/2326/201 1122/2327/2100
f  1124/2331/2104 1126/2334/2107 1125/2332/2105
f  1124/2331/2104 1127/2335/2108 1126/2334/2107
f  1127/2336/2109 1124/2333/2106 1122/2327/2100
f  1127/2335/2108 1128/2337/2110 1126/2334/2107
f  1128/2337/2110 1127/2335/2108 1129/2338/2111
f  1127/2336/2109 1130/2339/2112 1131/2340/2113
f  1129/2341/2114 1127/2336/2109 1131/2340/2113
f  1127/2336/2109 1122/2327/2100 1130/2339/2112
f  1132/2342/2115 1131/2343/2116 1130/2344/2117
f  1133/2345/2118 1132/2342/2115 1130/2344/2117
f  1133/2345/2118 1130/2344/2117 1122/2329/2102
f  1123/2328/2101 1133/2345/2118 1122/2329/2102
f  1133/2346/2119 1123/2347/93 1134/2348/93
f  1133/2346/2119 1134/2348/93 1135/2349/2120
f  1133/2346/2119 1135/2349/2120 1136/2350/2121
f  1132/2351/2122 1133/2346/2119 1136/2350/2121
f  1136/2352/2123 1137/2353/2124 1138/2354/2125
f  1139/2355/2126 1136/2352/2123 1138/2354/2125
f  1136/2352/2123 1135/2356/2127 1137/2353/2124
f  1140/2357/2128 1136/2350/2121 1139/2358/2129
f  1140/2357/2128 1132/2351/2122 1136/2350/2121
f  1141/2359/2130 1142/2360/2131 1140/2357/2128
f  1140/2357/2128 1143/2361/2132 1141/2359/2130
f  1144/2362/93 1145/2363/93 1140/2357/2128
f  1142/2360/2131 1144/2362/93 1140/2357/2128
f  1140/2357/2128 1146/2364/2133 1143/2361/2132
f  1140/2357/2128 1147/2365/2134 1146/2364/2133
f  1140/2357/2128 1148/2366/2135 1147/2365/2134
f  1140/2357/2128 1149/2367/2136 1148/2366/2135
f  1140/2368/2137 1150/2369/2138 1131/2343/2116
f  1132/2342/2115 1140/2368/2137 1131/2343/2116
f  1140/2368/2137 1151/2370/2139 1150/2369/2138
f  1140/2357/2128 1139/2358/2129 1149/2367/2136
f  1145/2363/93 1151/2371/93 1140/2357/2128
f  1151/2372/2140 1145/2373/2141 1152/2374/2142
f  1145/2373/2141 1144/2375/2143 1152/2374/2142
f  1153/2376/2144 1154/2377/2145 1152/2374/2142
f  1155/2378/2146 1153/2376/2144 1152/2374/2142
f  1144/2375/2143 1155/2378/2146 1152/2374/2142
f  1152/2374/2142 1154/2377/2145 1156/2379/2147
f  1156/2379/2147 1157/2380/2148 1152/2374/2142
f  1151/2372/2140 1152/2374/2142 1157/2380/2148
f  1158/2381/2149 1157/2380/2148 1159/2382/2150
f  1157/2380/2148 1158/2381/2149 1151/2372/2140
f  1159/2382/2150 1157/2380/2148 1160/2383/2151
f  1156/2379/2147 1161/2384/2152 1157/2380/2148
f  1161/2384/2152 1162/2385/2153 1157/2380/2148
f  1157/2380/2148 1162/2385/2153 1160/2383/2151
f  1162/2386/2153 1163/2387/2154 1164/2388/2155
f  1162/2386/2153 1161/2389/2152 1163/2387/2154
f  1162/2386/2153 1164/2388/2155 1165/2390/2156
f  1160/2391/2151 1162/2386/2153 1165/2390/2156
f  1166/2392/2157 1165/2390/2156 1167/2393/2158
f  1166/2392/2157 1160/2391/2151 1165/2390/2156
f  1168/2394/2159 1165/2390/2156 1164/2388/2155
f  1168/2394/2159 1167/2393/2158 1165/2390/2156
f  1168/2395/2159 1169/2396/2160 1170/2397/2161
f  1168/2395/2159 1170/2397/2161 1171/2398/2162
f  1172/2399/2163 1168/2395/2159 1173/2400/2164
f  1168/2394/2159 1172/2401/2163 1167/2393/2158
f  1168/2395/2159 1171/2398/2162 1174/2402/2165
f  1175/2403/2166 1169/2404/2160 1168/2394/2159
f  1164/2388/2155 1175/2403/2166 1168/2394/2159
f  1168/2395/2159 1174/2402/2165 1176/2405/2167
f  1168/2395/2159 1176/2405/2167 1173/2400/2164
f  1173/2406/2164 1176/2407/2167 1177/2408/2168
f  1173/2406/2164 1177/2408/2168 1178/2409/2169
f  1179/2410/2170 1173/2406/2164 1178/2409/2169
f  1172/2399/2163 1173/2400/2164 1179/2411/2170
f  1172/2399/2163 1179/2411/2170 1180/2412/2171
f  1180/2413/2171 1179/2410/2170 1178/2409/2169
f  1181/2414/2172 1180/2413/2171 1182/2415/2173
f  1180/2413/2171 1178/2409/2169 1182/2415/2173
f  1172/2399/2163 1180/2412/2171 1181/2416/2172
f  1172/2399/2163 1181/2416/2172 1183/2417/2174
f  1183/2418/2174 1181/2414/2172 1184/2419/2175
f  1181/2414/2172 1182/2415/2173 1184/2419/2175
f  1183/2418/2174 1184/2419/2175 1185/2420/2176
f  1185/2420/2176 1184/2419/2175 1186/2421/2177
f  1186/2421/2177 1184/2419/2175 1187/2422/2178
f  1184/2419/2175 1182/2415/2173 1187/2422/2178
f  1188/2423/2179 1185/2420/2176 1189/2424/2180
f  1189/2424/2180 1185/2420/2176 1186/2421/2177
f  1190/2425/2181 1183/2418/2174 1185/2420/2176
f  1190/2425/2181 1185/2420/2176 1188/2423/2179
f  1191/2426/2182 1188/2423/2179 1192/2427/2183
f  1193/2428/2184 1188/2423/2179 1191/2426/2182
f  1192/2427/2183 1188/2423/2179 1189/2424/2180
f  1193/2428/2184 1190/2425/2181 1188/2423/2179
f  1194/2429/2185 1190/2430/2181 1193/2431/2184
f  1195/2432/2186 1193/2428/2184 1191/2426/2182
f  1194/2429/2185 1193/2431/2184 1195/2433/2186
f  1196/2434/2187 1197/2435/2188 1194/2429/2185
f  1198/2436/2189 1196/2434/2187 1194/2429/2185
f  1194/2437/2185 1197/2438/2188 1199/2439/2190
f  1172/2401/2163 1194/2437/2185 1200/2440/2191
f  1194/2429/2185 1172/2399/2163 1183/2417/2174
f  1194/2437/2185 1199/2439/2190 1200/2440/2191
f  1194/2429/2185 1183/2417/2174 1190/2430/2181
f  1194/2429/2185 1195/2433/2186 1201/2441/2192
f  1194/2429/2185 1201/2441/2192 1198/2436/2189
f  1198/2442/2189 1201/2443/2192 1202/2444/2193
f  1198/2436/2189 1203/2445/2194 1196/2434/2187
f  1203/2446/2194 1198/2442/2189 1204/2447/2195
f  1198/2442/2189 1202/2444/2193 1205/2448/2196
f  1198/2442/2189 1205/2448/2196 1204/2447/2195
f  1204/2447/2195 1206/2449/2197 1207/381/2198
f  1204/2447/2195 1208/2450/2199 1206/2449/2197
f  1207/381/2198 1203/2446/2194 1204/2447/2195
f  1208/2450/2199 1204/2447/2195 1209/2451/2200
f  1209/2451/2200 1204/2447/2195 1210/2452/2201
f  1204/2447/2195 1205/2448/2196 1210/2452/2201
f  1211/2453/2202 1209/2451/2200 1210/2452/2201
f  1212/2454/2203 1211/2453/2202 1210/2452/2201
f  1212/2454/2203 1210/2452/2201 1213/2455/2204
f  1210/2452/2201 1205/2448/2196 1213/2455/2204
f  1214/2456/2205 1212/2454/2203 1213/2455/2204
f  1214/2456/2205 1213/2455/2204 1215/2457/2206
f  1213/2455/2204 1202/2444/2193 1215/2457/2206
f  1205/2448/2196 1202/2444/2193 1213/2455/2204
f  1215/2457/2206 1216/2458/2207 1214/2456/2205
f  1217/2459/2208 1216/2458/2207 1215/2457/2206
f  1217/2459/2208 1215/2457/2206 1218/2460/2209
f  1215/2457/2206 1219/2461/2210 1218/2460/2209
f  1202/2444/2193 1219/2461/2210 1215/2457/2206
f  1219/2461/2210 1191/2426/2182 1218/2460/2209
f  1195/2432/2186 1191/2426/2182 1219/2461/2210
f  1201/2443/2192 1219/2461/2210 1202/2444/2193
f  1201/2443/2192 1195/2432/2186 1219/2461/2210
f  1220/2462/2211 1217/2459/2208 1218/2460/2209
f  1220/2462/2211 1218/2460/2209 1192/2427/2183
f  1218/2460/2209 1191/2426/2182 1192/2427/2183
f  1221/2463/2212 1222/2464/2213 1220/2465/2211
f  1220/2465/2211 1223/2466/2214 1221/2463/2212
f  1222/2464/2213 1217/2467/2208 1220/2465/2211
f  1223/2468/2214 1220/2462/2211 1189/2424/2180
f  1220/2462/2211 1192/2427/2183 1189/2424/2180
f  1223/2466/2214 1224/2469/2215 1221/2463/2212
f  1224/2470/2215 1223/2468/2214 1189/2424/2180
f  1224/2469/2215 1225/2471/2216 1221/2463/2212
f  1225/2471/2216 1224/2469/2215 1226/2472/2217
f  1224/2470/2215 1189/2424/2180 1186/2421/2177
f  1186/2421/2177 1226/2473/2217 1224/2470/2215
f  1225/2471/2216 1226/2472/2217 1227/2474/2218
f  1227/2475/2218 1226/2473/2217 1187/2422/2178
f  1226/2473/2217 1186/2421/2177 1187/2422/2178
f  1228/2476/2219 1225/2471/2216 1227/2474/2218
f  1228/2476/2219 1227/2474/2218 1229/2477/2220
f  1229/2478/2220 1227/2475/2218 1187/2422/2178
f  1229/2477/2220 1230/2479/2221 1231/2480/2222
f  1230/2481/2221 1229/2478/2220 1232/2482/2223
f  1229/2478/2220 1187/2422/2178 1232/2482/2223
f  1233/2483/2224 1234/2484/2225 1229/2477/2220
f  1231/2480/2222 1233/2483/2224 1229/2477/2220
f  1234/2484/2225 1228/2476/2219 1229/2477/2220
f  1235/2485/2226 1233/2486/2224 1231/2487/2222
f  1236/2488/2227 1231/2480/2222 1237/2489/2228
f  1230/2479/2221 1237/2489/2228 1231/2480/2222
f  1231/2487/2222 1236/2490/2227 1238/2491/2229
f  1231/2487/2222 1238/2491/2229 1235/2485/2226
f  1239/2492/2230 1240/2493/2231 1235/2485/2226
f  1241/2494/2232 1239/2492/2230 1235/2485/2226
f  1234/2495/2225 1235/2485/2226 1240/2493/2231
f  1241/2494/2232 1235/2485/2226 1238/2491/2229
f  1234/2495/2225 1233/2486/2224 1235/2485/2226
f  1242/2496/2233 1239/2492/2230 1241/2494/2232
f  1242/2496/2233 1241/2494/2232 1243/2497/2234
f  1241/2494/2232 1238/2491/2229 1244/2498/2235
f  1243/2497/2234 1241/2494/2232 1244/2498/2235
f  1245/2499/2236 1242/2496/2233 1243/2497/2234
f  1245/2499/2236 1243/2497/2234 1246/2500/2237
f  1246/2500/2237 1243/2497/2234 1247/2501/2238
f  1243/2497/2234 1244/2498/2235 1247/2501/2238
f  1248/2502/2239 1249/2503/2240 1247/2501/2238
f  1249/2503/2240 1250/2504/2241 1247/2501/2238
f  1246/2500/2237 1247/2501/2238 1250/2504/2241
f  1251/2505/2242 1248/2502/2239 1247/2501/2238
f  1251/2505/2242 1247/2501/2238 1244/2498/2235
f  1248/2506/2239 1251/2507/2242 1252/2508/2243
f  1253/2509/2244 1252/2508/2243 1251/2507/2242
f  1244/2498/2235 1254/2510/2245 1251/2505/2242
f  1253/2509/2244 1251/2507/2242 1254/2511/2245
f  1255/2512/2246 1253/2509/2244 1254/2511/2245
f  1253/2513/2244 1255/2514/2246 1256/2515/2247
f  1252/2516/2243 1253/2513/2244 1256/2515/2247
f  1255/2514/2246 1257/2517/2248 1256/2515/2247
f  1257/2517/2248 1258/2518/2249 1256/2515/2247
f  1252/2516/2243 1256/2515/2247 1259/2519/2250
f  1256/2515/2247 1260/2520/2251 1259/2519/2250
f  1256/2515/2247 1258/2518/2249 1260/2520/2251
f  1261/2521/2252 1262/2522/2253 1260/2520/2251
f  1170/2523/2161 1261/2521/2252 1260/2520/2251
f  1170/2523/2161 1260/2520/2251 1258/2518/2249
f  1259/2519/2250 1260/2520/2251 1263/2524/2254
f  1262/2522/2253 1263/2524/2254 1260/2520/2251
f  1169/2396/2160 1264/2525/2255 1262/2526/2253
f  1262/2522/2253 1264/2527/2255 1263/2524/2254
f  1169/2396/2160 1262/2526/2253 1261/2528/2252
f  1169/2396/2160 1265/2529/2256 1264/2525/2255
f  1264/2527/2255 1265/2530/2256 1266/2531/2257
f  1264/2527/2255 1266/2531/2257 1263/2524/2254
f  1267/2532/2258 1266/2531/2257 1268/2533/2259
f  1265/2530/2256 1268/2533/2259 1266/2531/2257
f  1269/2534/2260 1263/2524/2254 1266/2531/2257
f  1269/2534/2260 1266/2531/2257 1267/2532/2258
f  1270/2535/2261 1271/2536/2262 1267/2532/2258
f  1271/2536/2262 1269/2534/2260 1267/2532/2258
f  1270/2535/2261 1267/2532/2258 1272/2537/2263
f  1267/2532/2258 1268/2533/2259 1272/2537/2263
f  1273/2538/2264 1270/2535/2261 1272/2537/2263
f  1274/2539/2265 1273/2538/2264 1272/2537/2263
f  1275/2540/2266 1272/2537/2263 1268/2533/2259
f  1275/2540/2266 1274/2539/2265 1272/2537/2263
f  1276/563/2267 1275/2540/2266 1268/2533/2259
f  1274/2541/2265 1275/2450/2266 1277/2542/2268
f  1275/2450/2266 1278/2543/2269 1277/2542/2268
f  1275/2450/2266 1276/381/2267 1278/2543/2269
f  1279/2544/2270 1278/2545/2269 1276/2546/2267
f  1279/2544/2270 1276/2546/2267 1265/2529/2256
f  1265/2530/2256 1276/563/2267 1268/2533/2259
f  1280/2547/2271 1279/2544/2270 1265/2529/2256
f  1279/2548/2270 1280/626/2271 1281/2549/2272
f  1279/2544/2270 1282/2550/2273 1278/2545/2269
f  1283/2551/2274 1282/2552/2273 1279/2553/2270
f  1283/2551/2274 1279/2553/2270 1284/2554/2275
f  1284/2555/2276 1279/2548/2270 1281/2549/2272
f  1281/2556/2272 1280/626/2271 1285/2557/2277
f  1284/2555/2276 1281/2549/2272 1286/2558/2278
f  1286/2559/2278 1281/2556/2272 1287/2560/2279
f  1281/2556/2272 1285/2557/2277 1287/2560/2279
f  1285/2561/2277 1280/381/2271 1169/2404/2160
f  1285/2561/2277 1169/2404/2160 1175/2403/2166
f  1288/2562/2280 1289/2563/2281 1285/2561/2277
f  1288/2562/2280 1285/2561/2277 1175/2403/2166
f  1285/2557/2277 1289/2564/2281 1287/2560/2279
f  1287/2560/2279 1289/2564/2281 1288/2565/2280
f  1290/2566/2282 1288/2562/2280 1164/2388/2155
f  1175/2403/2166 1164/2388/2155 1288/2562/2280
f  1290/2566/2282 1291/2567/2283 1288/2562/2280
f  1288/2565/2280 1292/2568/2284 1287/2560/2279
f  1288/2565/2280 1291/2569/2283 1292/2568/2284
f  1292/2568/2284 1291/2569/2283 1290/2570/2282
f  1293/2571/2285 1292/2568/2284 1290/2570/2282
f  1293/2571/2285 1294/2572/2286 1292/2568/2284
f  1292/2568/2284 1294/2572/2286 1295/2573/2287
f  1295/2573/2287 1287/2560/2279 1292/2568/2284
f  1295/2574/2287 1294/2575/2286 1293/2576/2285
f  1293/2576/2285 1296/2577/2288 1295/2574/2287
f  1297/2578/2289 1295/2574/2287 1296/2577/2288
f  1295/2573/2287 1297/2579/2289 1287/2560/2279
f  1296/2577/2288 1298/2580/2290 1297/2578/2289
f  1298/2580/2290 1299/2581/2291 1297/2578/2289
f  1300/2582/2292 1301/2583/2293 1297/2578/2289
f  1299/2581/2291 1300/2582/2292 1297/2578/2289
f  1297/2579/2289 1301/2584/2293 1302/2585/2294
f  1297/2579/2289 1302/2585/2294 1287/2560/2279
f  1287/2560/2279 1302/2585/2294 1303/2586/2295
f  1301/2584/2293 1303/2586/2295 1302/2585/2294
f  1303/2587/2295 1304/381/2296 1305/2588/2297
f  1303/2587/2295 1305/2588/2297 1306/2589/2298
f  1306/2589/2298 1307/2590/2299 1303/2587/2295
f  1301/2584/2293 1308/2591/2300 1303/2586/2295
f  1308/2591/2300 1304/2592/2296 1303/2586/2295
f  1303/2586/2295 1307/2593/2299 1287/2560/2279
f  1304/2594/2296 1308/2595/2300 1309/2596/2301
f  1304/2594/2296 1309/2596/2301 1310/2597/2302
f  1310/2597/2302 1311/2598/2303 1304/2594/2296
f  1304/381/2296 1311/563/2303 1305/2588/2297
f  1311/2599/2304 1310/116/2305 1312/2600/2306
f  1312/2600/2306 1305/2601/2307 1311/2599/2304
f  1312/2602/2306 1313/2603/2308 1314/2604/2309
f  1312/2602/2306 1310/2605/2305 1313/2603/2308
f  1314/2604/2309 1315/2606/2310 1312/2602/2306
f  1312/2600/2306 1315/2607/2310 1316/2608/2311
f  1312/2600/2306 1316/2608/2311 1305/2601/2307
f  1316/2608/2311 1315/2607/2310 1317/2609/2312
f  1317/2609/2312 1318/2610/2313 1316/2608/2311
f  1318/2610/2313 1277/2542/2268 1316/2608/2311
f  1277/2542/2268 1283/2551/2274 1316/2608/2311
f  1316/2608/2311 1283/2551/2274 1319/2611/2314
f  1306/2612/2315 1305/2601/2307 1316/2608/2311
f  1316/2608/2311 1319/2611/2314 1306/2612/2315
f  1307/2590/2299 1306/2589/2298 1319/2613/2316
f  1286/2558/2278 1307/2590/2299 1319/2613/2316
f  1286/2558/2278 1319/2613/2316 1284/2555/2276
f  1284/2554/2275 1319/2611/2314 1283/2551/2274
f  1317/2609/2312 1320/2614/2317 1318/2610/2313
f  1320/2614/2317 1321/626/2318 1318/2610/2313
f  1321/626/2318 1274/2541/2265 1318/2610/2313
f  1274/2541/2265 1277/2542/2268 1318/2610/2313
f  1274/2539/2265 1321/116/2318 1273/2538/2264
f  1273/2615/2264 1321/2616/2318 1322/2617/2319
f  1322/381/2319 1321/563/2318 1320/2618/2317
f  1323/2619/2320 1322/381/2319 1320/2618/2317
f  1322/2617/2319 1323/2620/2320 1324/2621/2321
f  1325/2622/2322 1322/2617/2319 1324/2621/2321
f  1322/116/2319 1325/2623/2322 1250/2504/2241
f  1249/2503/2240 1322/116/2319 1250/2504/2241
f  1273/2615/2264 1322/2617/2319 1249/2624/2240
f  1326/2625/2323 1325/2622/2322 1324/2621/2321
f  1325/2623/2322 1326/2622/2323 1327/2626/2324
f  1325/2623/2322 1327/2626/2324 1250/2504/2241
f  1328/2627/2325 1329/2628/2326 1327/2626/2324
f  1329/2628/2326 1246/2500/2237 1327/2626/2324
f  1326/2622/2323 1328/2627/2325 1327/2626/2324
f  1327/2626/2324 1246/2500/2237 1250/2504/2241
f  1330/2629/2327 1245/2630/2236 1328/2631/2325
f  1330/2629/2327 1328/2631/2325 1331/2632/2328
f  1245/2630/2236 1329/2633/2326 1328/2631/2325
f  1326/2622/2323 1331/626/2328 1328/2627/2325
f  1330/2629/2327 1331/2632/2328 1332/2634/2329
f  1332/2635/2329 1331/2636/2328 1326/2625/2323
f  1330/2629/2327 1332/2634/2329 1333/2637/2330
f  1332/2635/2329 1334/2638/2331 1335/2639/2332
f  1332/2635/2329 1326/2625/2323 1334/2638/2331
f  1332/2634/2329 1336/2640/2333 1333/2637/2330
f  1336/2641/2333 1332/2635/2329 1335/2639/2332
f  1337/2642/2334 1335/2639/2332 1338/2643/2335
f  1338/2643/2335 1335/2639/2332 1334/2638/2331
f  1337/2642/2334 1336/2641/2333 1335/2639/2332
f  1339/2541/2336 1340/116/2337 1337/2539/2334
f  1337/2642/2334 1340/2644/2337 1336/2641/2333
f  1339/2541/2336 1337/2539/2334 1341/2540/2338
f  1341/2645/2338 1337/2642/2334 1338/2643/2335
f  1341/2540/2338 1342/563/2339 1343/2450/2340
f  1343/2450/2340 1339/2541/2336 1341/2540/2338
f  1314/2646/2309 1341/2645/2338 1338/2643/2335
f  1314/2646/2309 1342/2647/2339 1341/2645/2338
f  1342/563/2339 1344/381/2341 1343/2450/2340
f  1313/2603/2308 1342/2648/2339 1314/2604/2309
f  1342/2649/2339 1313/626/2308 1344/563/2341
f  1309/2596/2301 1344/2650/2341 1313/2651/2308
f  1343/2652/2340 1344/626/2341 1345/2653/2342
f  1344/626/2341 1309/381/2301 1345/2653/2342
f  1345/2654/2342 1300/2655/2292 1346/2656/2343
f  1347/2652/2344 1345/2654/2342 1346/2656/2343
f  1345/2654/2342 1309/626/2301 1300/2655/2292
f  1345/2653/2342 1347/2657/2344 1343/2652/2340
f  1343/2652/2340 1347/2657/2344 1348/2110/2345
f  1349/2658/2346 1348/2659/2345 1347/2652/2344
f  1347/2652/2344 1346/2656/2343 1349/2658/2346
f  1350/2660/2347 1351/2661/2348 1349/2658/2346
f  1350/2660/2347 1349/2658/2346 1352/2662/2349
f  1298/2663/2290 1349/2658/2346 1346/2656/2343
f  1298/2663/2290 1352/2662/2349 1349/2658/2346
f  1353/2664/2350 1349/2658/2346 1351/2661/2348
f  1353/2664/2350 1348/2659/2345 1349/2658/2346
f  1348/2110/2345 1353/2665/2350 1339/2664/2336
f  1339/2664/2336 1353/2665/2350 1354/2666/2351
f  1351/2661/2348 1354/2667/2351 1353/2664/2350
f  1354/2666/2351 1355/116/2352 1339/2664/2336
f  1354/2666/2351 1356/563/2353 1355/116/2352
f  1357/2668/2354 1356/116/2353 1354/2667/2351
f  1357/2668/2354 1354/2667/2351 1351/2661/2348
f  1357/2669/2354 1350/2670/2347 1358/2671/2355
f  1350/2660/2347 1357/2668/2354 1351/2661/2348
f  1358/2671/2355 1356/2672/2353 1357/2669/2354
f  1359/2673/2356 1358/2671/2355 1360/2674/2357
f  1359/2673/2356 1361/2675/2358 1358/2671/2355
f  1358/2671/2355 1333/2676/2330 1356/2672/2353
f  1360/2674/2357 1358/2671/2355 1350/2670/2347
f  1361/2675/2358 1333/2676/2330 1358/2671/2355
f  1362/2677/2359 1363/2678/2360 1361/2679/2358
f  1361/2679/2358 1359/2680/2356 1362/2677/2359
f  1364/2681/2361 1365/2682/2362 1361/2679/2358
f  1364/2681/2361 1361/2679/2358 1363/2678/2360
f  1361/2675/2358 1365/381/2362 1333/2676/2330
f  1366/2683/2363 1363/2678/2360 1362/2677/2359
f  1364/2681/2361 1363/2678/2360 1366/2683/2363
f  1367/2684/2364 1366/2683/2363 1368/2685/2365
f  1369/2686/2366 1366/2683/2363 1367/2684/2364
f  1368/2685/2365 1366/2683/2363 1362/2677/2359
f  1370/2687/2367 1364/2681/2361 1366/2683/2363
f  1369/2686/2366 1370/2687/2367 1366/2683/2363
f  1364/2688/2361 1370/2689/2367 1369/2690/2366
f  1365/2691/2362 1364/2688/2361 1369/2690/2366
f  1333/2637/2330 1365/2691/2362 1369/2690/2366
f  1369/2690/2366 1371/2692/2368 1372/2693/2369
f  1369/2690/2366 1372/2693/2369 1373/2694/2370
f  1371/2695/2368 1369/2686/2366 1367/2684/2364
f  1333/2637/2330 1369/2690/2366 1373/2694/2370
f  1373/2696/2370 1372/2617/2369 1374/2697/2371
f  1373/2696/2370 1374/2697/2371 1375/2698/2372
f  1330/2699/2327 1373/2696/2370 1375/2698/2372
f  1333/2637/2330 1373/2694/2370 1330/2629/2327
f  1375/2698/2372 1376/2700/2373 1377/2701/2374
f  1374/2697/2371 1376/2700/2373 1375/2698/2372
f  1330/2699/2327 1375/2698/2372 1377/2701/2374
f  1378/2702/2375 1330/2699/2327 1377/2701/2374
f  1379/2703/2376 1378/2702/2375 1377/2701/2374
f  1380/2704/2377 1377/2701/2374 1376/2700/2373
f  1379/2703/2376 1377/2701/2374 1381/2705/2378
f  1382/2706/2379 1381/2705/2378 1377/2701/2374
f  1380/2704/2377 1383/2707/2380 1377/2701/2374
f  1377/2701/2374 1383/2707/2380 1382/2706/2379
f  1383/2708/2380 1380/2709/2377 1384/2710/2381
f  1383/2708/2380 1384/2710/2381 1385/2711/2382
f  1385/2711/2382 1382/2712/2379 1383/2708/2380
f  1118/2713/2383 1386/2714/2384 1385/2711/2382
f  1387/2715/2385 1385/2711/2382 1386/2714/2384
f  1134/2716/2386 1385/2711/2382 1384/2710/2381
f  1385/2711/2382 1388/2717/2387 1118/2713/2383
f  1134/2716/2386 1388/2717/2387 1385/2711/2382
f  1387/2715/2385 1382/2712/2379 1385/2711/2382
f  1389/2718/2388 1387/2715/2385 1386/2714/2384
f  1387/2719/2385 1389/2720/2388 1381/2705/2378
f  1382/2706/2379 1387/2719/2385 1381/2705/2378
f  1381/2705/2378 1389/2720/2388 1390/2721/2389
f  1389/2718/2388 1386/2714/2384 1391/2722/2390
f  1391/2722/2390 1390/2723/2389 1389/2718/2388
f  1392/2724/2391 1390/2723/2389 1391/2722/2390
f  1390/2721/2389 1393/2725/2392 1381/2705/2378
f  1390/2721/2389 1392/2726/2391 1393/2725/2392
f  1393/2725/2392 1392/2726/2391 1394/2727/2393
f  1395/2728/2394 1394/2729/2393 1392/2724/2391
f  1392/2724/2391 1391/2722/2390 1395/2728/2394
f  1396/2730/2395 1394/2729/2393 1395/2728/2394
f  1394/2727/2393 1396/2731/2395 1397/2732/2396
f  1394/2727/2393 1397/2732/2396 1393/2725/2392
f  1397/2732/2396 1396/2731/2395 1398/2733/2397
f  1396/2730/2395 1395/2728/2394 1399/2734/2398
f  1399/2734/2398 1398/2735/2397 1396/2730/2395
f  1400/2736/2399 1401/2737/2400 1399/2734/2398
f  1402/2738/2401 1400/2736/2399 1399/2734/2398
f  1403/2739/2402 1402/2738/2401 1399/2734/2398
f  1403/2739/2402 1399/2734/2398 1395/2728/2394
f  1404/2740/2403 1399/2734/2398 1401/2737/2400
f  1404/2740/2403 1398/2735/2397 1399/2734/2398
f  1398/2733/2397 1404/2741/2403 1405/2742/2404
f  1405/2742/2404 1404/2741/2403 1406/2743/2405
f  1401/2737/2400 1406/2744/2405 1404/2740/2403
f  1406/2743/2405 1407/2745/2406 1408/2746/2407
f  1406/2743/2405 1408/2746/2407 1405/2742/2404
f  1407/2747/2406 1406/2744/2405 1401/2737/2400
f  1409/2748/2408 1407/2747/2406 1410/2749/2409
f  1407/2745/2406 1409/2750/2408 1411/2751/2410
f  1407/2745/2406 1411/2751/2410 1408/2746/2407
f  1407/2747/2406 1401/2737/2400 1410/2749/2409
f  1412/2752/2411 1410/2749/2409 1401/2737/2400
f  1412/2752/2411 1413/2753/2412 1410/2749/2409
f  1414/2754/2413 1410/2749/2409 1413/2753/2412
f  1414/2754/2413 1409/2748/2408 1410/2749/2409
f  1411/2751/2410 1409/2750/2408 1414/2755/2413
f  1414/2755/2413 1415/2756/2414 1411/2751/2410
f  1414/2755/2413 1416/2757/2415 1415/2756/2414
f  1417/2758/2416 1416/2759/2415 1414/2754/2413
f  1418/2760/2417 1417/2758/2416 1414/2754/2413
f  1413/2753/2412 1418/2760/2417 1414/2754/2413
f  1419/2761/2418 1416/2759/2415 1417/2758/2416
f  1416/2757/2415 1419/563/2418 1415/2756/2414
f  1415/2762/2414 1419/381/2418 1420/2763/2419
f  1421/2764/2420 1420/2765/2419 1419/2761/2418
f  1417/2758/2416 1422/2766/2421 1419/2761/2418
f  1422/2766/2421 1421/2764/2420 1419/2761/2418
f  1420/2765/2419 1421/2764/2420 1423/2767/2422
f  1424/2768/2423 1423/2769/2422 1421/2770/2420
f  1421/2770/2420 1422/2771/2421 1424/2768/2423
f  1424/2768/2423 1425/2772/2424 1423/2769/2422
f  1426/2773/2425 1424/116/2423 1427/2774/2426
f  1422/2771/2421 1427/2775/2426 1424/2768/2423
f  1425/2776/2424 1424/626/2423 1426/2777/2425
f  1428/2778/2427 1426/2773/2425 1429/2779/2428
f  1426/2773/2425 1430/2780/2429 1429/2779/2428
f  1426/2773/2425 1427/2774/2426 1430/2780/2429
f  1426/2777/2425 1428/2781/2427 1425/2776/2424
f  1428/2781/2427 1431/2782/2430 1425/2776/2424
f  1431/2782/2430 1428/2781/2427 1432/2783/2431
f  1433/2784/2432 1432/2785/2431 1428/2778/2427
f  1428/2778/2427 1429/2779/2428 1433/2784/2432
f  1434/2786/2433 1433/2784/2432 1435/2787/2434
f  1434/2786/2433 1432/2785/2431 1433/2784/2432
f  1433/2784/2432 1429/2779/2428 1436/2788/2435
f  1433/2784/2432 1436/2788/2435 1437/2789/2436
f  1437/2789/2436 1438/2790/2437 1433/2784/2432
f  1435/2787/2434 1433/2784/2432 1438/2790/2437
f  1439/2791/2438 1440/2792/2439 1435/2787/2434
f  1440/2792/2439 1441/2793/2440 1435/2787/2434
f  1435/2787/2434 1441/2793/2440 1434/2786/2433
f  1442/2794/2441 1439/2791/2438 1435/2787/2434
f  1442/2794/2441 1435/2787/2434 1438/2790/2437
f  1443/2795/2442 1442/2796/2441 1109/2797/2086
f  1443/2795/2442 1444/2798/2443 1442/2796/2441
f  1444/2798/2443 1439/2799/2438 1442/2796/2441
f  1109/2305/2086 1442/2794/2441 1108/2304/2085
f  1442/2794/2441 1438/2790/2437 1108/2304/2085
f  1445/2800/2444 1444/2801/2443 1443/2802/2442
f  1446/2803/2445 1447/2804/2446 1444/2801/2443
f  1444/2798/2443 1447/2805/2446 1439/2799/2438
f  1445/2800/2444 1446/2803/2445 1444/2801/2443
f  1448/2806/2447 1446/2803/2445 1445/2800/2444
f  1449/2807/2448 1446/2803/2445 1448/2806/2447
f  1446/2803/2445 1450/2808/2449 1447/2804/2446
f  1449/2807/2448 1450/2808/2449 1446/2803/2445
f  1451/2809/2450 1450/2808/2449 1449/2807/2448
f  1440/2810/2439 1447/2804/2446 1450/2808/2449
f  1450/2808/2449 1452/2811/2451 1440/2810/2439
f  1451/2809/2450 1452/2811/2451 1450/2808/2449
f  1453/2812/2452 1452/2811/2451 1451/2809/2450
f  1454/2813/2453 1455/2814/2454 1452/2811/2451
f  1452/2811/2451 1456/2815/2455 1454/2813/2453
f  1453/2812/2452 1456/2815/2455 1452/2811/2451
f  1452/2811/2451 1457/2816/2456 1440/2810/2439
f  1455/2814/2454 1457/2816/2456 1452/2811/2451
f  1457/2817/2456 1455/2818/2454 1458/2819/2457
f  1455/2818/2454 1454/2820/2453 1458/2819/2457
f  1434/2821/2433 1457/2817/2456 1458/2819/2457
f  1454/2820/2453 1459/2822/2458 1458/2819/2457
f  1431/2782/2430 1434/2821/2433 1458/2819/2457
f  1458/2819/2457 1460/2823/2459 1431/2782/2430
f  1460/2823/2459 1458/2819/2457 1459/2822/2458
f  1460/2823/2459 1459/2822/2458 1461/2824/2460
f  1461/2824/2460 1459/2822/2458 1462/2825/2461
f  1463/2826/2462 1462/2825/2461 1459/2822/2458
f  1454/2820/2453 1463/2826/2462 1459/2822/2458
f  1456/2815/2455 1463/2827/2462 1454/2813/2453
f  1463/2827/2462 1456/2815/2455 1453/2812/2452
f  1464/2828/2463 1463/2827/2462 1453/2812/2452
f  1463/2826/2462 1464/2829/2463 1462/2825/2461
f  1464/2829/2463 1465/2830/2464 1462/2825/2461
f  1465/2831/2464 1464/2828/2463 1453/2812/2452
f  1465/2830/2464 1466/2832/2465 1462/2825/2461
f  1453/2812/2452 1467/2833/2466 1465/2831/2464
f  1466/2832/2465 1465/2830/2464 1467/2834/2466
f  1467/2834/2466 1468/2835/2467 1466/2832/2465
f  1467/2834/2466 1469/2836/2468 1468/2835/2467
f  1453/2812/2452 1469/2837/2468 1467/2833/2466
f  1470/2838/2469 1471/2839/2470 1469/2837/2468
f  1453/2812/2452 1470/2838/2469 1469/2837/2468
f  1471/2839/2470 1472/2840/2471 1469/2837/2468
f  1469/2836/2468 1472/2841/2471 1473/2842/2472
f  1469/2836/2468 1473/2842/2472 1468/2835/2467
f  1473/2842/2472 1474/2843/2473 1475/2844/2474
f  1472/2841/2471 1474/2843/2473 1473/2842/2472
f  1468/2835/2467 1473/2842/2472 1476/2845/2475
f  1476/2845/2475 1473/2842/2472 1475/2844/2474
f  1477/2846/2476 1478/2847/2477 1475/2844/2474
f  1478/2847/2477 1476/2845/2475 1475/2844/2474
f  1477/2846/2476 1475/2844/2474 1479/2848/2478
f  1475/2844/2474 1480/2849/2479 1479/2848/2478
f  1475/2844/2474 1474/2843/2473 1480/2849/2479
f  1471/2850/2470 1470/2851/2469 1480/2849/2479
f  1480/2849/2479 1470/2851/2469 1481/2852/2480
f  1471/2850/2470 1480/2849/2479 1474/2843/2473
f  1479/2848/2478 1480/2849/2479 1482/2853/2481
f  1481/2852/2480 1482/2853/2481 1480/2849/2479
f  1481/2854/2480 1453/2812/2452 1451/2809/2450
f  1451/2809/2450 1483/2855/2482 1481/2854/2480
f  1481/2852/2480 1483/2856/2482 1482/2853/2481
f  1453/2812/2452 1481/2854/2480 1470/2838/2469
f  1451/2809/2450 1484/2857/2483 1483/2855/2482
f  1482/2853/2481 1483/2856/2482 1484/2858/2483
f  1451/2809/2450 1485/2859/2484 1484/2857/2483
f  1484/2858/2483 1486/2860/2485 1482/2853/2481
f  1484/2858/2483 1485/2861/2484 1486/2860/2485
f  1449/2807/2448 1487/2862/2486 1485/2859/2484
f  1451/2809/2450 1449/2807/2448 1485/2859/2484
f  1486/2860/2485 1485/2861/2484 1487/2863/2486
f  1449/2807/2448 1488/2864/2487 1487/2862/2486
f  1487/2863/2486 1489/2865/2488 1486/2860/2485
f  1487/2863/2486 1488/2866/2487 1489/2865/2488
f  1449/2807/2448 1448/2806/2447 1488/2864/2487
f  1489/2865/2488 1488/2866/2487 1490/2867/2489
f  1448/2806/2447 1490/2868/2489 1488/2864/2487
f  1490/2867/2489 1491/2869/2490 1489/2865/2488
f  1490/2867/2489 1492/2870/2491 1491/2869/2490
f  1492/2871/2491 1490/2868/2489 1448/2806/2447
f  1491/2869/2490 1492/2870/2491 1493/2872/2492
f  1494/2873/2493 1493/2874/2492 1492/2871/2491
f  1448/2806/2447 1494/2873/2493 1492/2871/2491
f  1494/2873/2493 1495/2875/2494 1496/2876/2495
f  1494/2873/2493 1496/2876/2495 1497/2877/2496
f  1494/2873/2493 1445/2800/2444 1495/2875/2494
f  1497/2877/2496 1493/2874/2492 1494/2873/2493
f  1448/2806/2447 1445/2800/2444 1494/2873/2493
f  1493/2872/2492 1497/2878/2496 1498/2879/2497
f  1498/2879/2497 1497/2878/2496 1499/2880/2498
f  1496/2876/2495 1499/2881/2498 1497/2877/2496
f  1500/2882/2499 1499/2881/2498 1496/2876/2495
f  1499/2880/2498 1501/2883/2500 1498/2879/2497
f  1499/2880/2498 1500/2884/2499 1501/2883/2500
f  1501/2883/2500 1500/2884/2499 1502/2885/2501
f  1502/2886/2501 1500/2882/2499 1496/2876/2495
f  1503/2887/2502 1504/2888/2503 1502/2886/2501
f  1496/2876/2495 1503/2887/2502 1502/2886/2501
f  1502/2885/2501 1505/2889/2504 1501/2883/2500
f  1502/2885/2501 1504/2890/2503 1505/2889/2504
f  1503/2887/2502 1094/2285/2071 1504/2888/2503
f  1094/2285/2071 1095/2286/2072 1504/2888/2503
f  1504/2890/2503 1095/2891/2072 1505/2889/2504
f  1505/2889/2504 1095/2891/2072 1093/2892/2070
f  1506/2893/2505 1507/2894/2506 1505/2889/2504
f  1505/2889/2504 1507/2894/2506 1508/2895/2507
f  1505/2889/2504 1509/2896/2508 1506/2893/2505
f  1093/2892/2070 1509/2896/2508 1505/2889/2504
f  1501/2883/2500 1505/2889/2504 1508/2895/2507
f  1508/2895/2507 1507/2894/2506 1510/2897/2509
f  1510/2897/2509 1511/2898/2510 1508/2895/2507
f  1511/2898/2510 1512/2899/2511 1508/2895/2507
f  1512/2899/2511 1513/2900/2512 1508/2895/2507
f  1508/2895/2507 1513/2900/2512 1501/2883/2500
f  1514/2901/2513 1513/2900/2512 1515/2902/2514
f  1513/2900/2512 1512/2899/2511 1515/2902/2514
f  1514/2901/2513 1501/2883/2500 1513/2900/2512
f  1516/2903/2515 1517/2904/2516 1514/2901/2513
f  1515/2902/2514 1516/2903/2515 1514/2901/2513
f  1518/2905/2517 1519/2906/2518 1514/2901/2513
f  1519/2906/2518 1498/2879/2497 1514/2901/2513
f  1514/2901/2513 1517/2904/2516 1518/2905/2517
f  1514/2901/2513 1498/2879/2497 1501/2883/2500
f  1517/2907/2516 1516/2908/2515 1520/2909/2519
f  1520/2909/2519 1518/2910/2517 1517/2907/2516
f  1521/2911/2520 1520/2909/2519 1516/2908/2515
f  1521/2911/2520 1522/2912/2521 1520/2909/2519
f  1522/2912/2521 1523/2913/2522 1520/2909/2519
f  1524/2914/2523 1520/2909/2519 1523/2913/2522
f  1524/2914/2523 1518/2910/2517 1520/2909/2519
f  1519/2906/2518 1524/2915/2523 1525/2916/2524
f  1523/2913/2522 1525/2917/2524 1524/2914/2523
f  1518/2905/2517 1524/2915/2523 1519/2906/2518
f  1525/2916/2524 1526/2918/2525 1519/2906/2518
f  1526/2919/2525 1525/2917/2524 1527/2920/2526
f  1523/2913/2522 1527/2920/2526 1525/2917/2524
f  1523/2913/2522 1528/2921/2527 1527/2920/2526
f  1528/2921/2527 1529/2922/2528 1527/2920/2526
f  1526/2919/2525 1527/2920/2526 1529/2922/2528
f  1530/2923/2529 1529/2922/2528 1528/2921/2527
f  1529/2922/2528 1531/2924/2530 1526/2919/2525
f  1529/2922/2528 1532/2925/2531 1531/2924/2530
f  1533/2926/2532 1529/2922/2528 1530/2923/2529
f  1533/2926/2532 1532/2925/2531 1529/2922/2528
f  1532/2927/2531 1533/2928/2532 1534/2929/2533
f  1532/2927/2531 1534/2929/2533 1535/2930/2534
f  1535/2930/2534 1531/2931/2530 1532/2927/2531
f  1536/2932/2535 1537/2933/2536 1534/2929/2533
f  1486/2860/2485 1534/2929/2533 1537/2933/2536
f  1534/2929/2533 1486/2860/2485 1489/2865/2488
f  1533/2928/2532 1538/2934/2537 1534/2929/2533
f  1534/2929/2533 1538/2934/2537 1536/2932/2535
f  1534/2929/2533 1489/2865/2488 1535/2930/2534
f  1539/2935/2538 1536/2936/2535 1538/2937/2537
f  1538/2937/2537 1533/2926/2532 1539/2935/2538
f  1530/2923/2529 1540/2938/2539 1539/2935/2538
f  1530/2923/2529 1539/2935/2538 1533/2926/2532
f  1540/2938/2539 1541/2939/2540 1539/2935/2538
f  1542/2940/2541 1536/2936/2535 1539/2935/2538
f  1543/2941/2542 1542/2940/2541 1539/2935/2538
f  1543/2941/2542 1539/2935/2538 1541/2939/2540
f  1541/2939/2540 1544/2942/2543 1543/2941/2542
f  1545/2943/2544 1543/2941/2542 1544/2942/2543
f  1543/2944/2542 1545/2945/2544 1546/2946/2545
f  1543/2944/2542 1546/2946/2545 1537/2933/2536
f  1537/2933/2536 1542/2947/2541 1543/2944/2542
f  1546/2946/2545 1545/2945/2544 1547/2948/2546
f  1544/2942/2543 1547/2949/2546 1545/2943/2544
f  1548/2950/2547 1547/2949/2546 1544/2942/2543
f  1546/2946/2545 1547/2948/2546 1548/2951/2547
f  1548/2951/2547 1477/2846/2476 1479/2848/2478
f  1477/2952/2476 1548/2950/2547 1549/2953/2548
f  1548/2951/2547 1479/2848/2478 1546/2946/2545
f  1548/2950/2547 1544/2942/2543 1549/2953/2548
f  1550/2954/2549 1549/2953/2548 1544/2942/2543
f  1549/2953/2548 1551/2955/2550 1552/2956/2551
f  1549/2953/2548 1553/2957/2552 1551/2955/2550
f  1552/2956/2551 1478/2958/2477 1549/2953/2548
f  1550/2954/2549 1554/2959/2553 1549/2953/2548
f  1554/2959/2553 1553/2957/2552 1549/2953/2548
f  1478/2958/2477 1477/2952/2476 1549/2953/2548
f  1555/2960/2554 1554/2959/2553 1550/2954/2549
f  1556/2961/2555 1550/2954/2549 1541/2939/2540
f  1556/2961/2555 1555/2960/2554 1550/2954/2549
f  1541/2939/2540 1550/2954/2549 1544/2942/2543
f  1557/2962/2556 1558/2963/2557 1555/2960/2554
f  1557/2962/2556 1555/2960/2554 1556/2961/2555
f  1558/2963/2557 1559/2964/2558 1555/2960/2554
f  1555/2960/2554 1559/2964/2558 1554/2959/2553
f  1560/2965/2559 1561/2966/2560 1559/2964/2558
f  1559/2964/2558 1561/2966/2560 1562/2967/2561
f  1559/2964/2558 1562/2967/2561 1554/2959/2553
f  1558/2963/2557 1560/2965/2559 1559/2964/2558
f  1563/2968/2562 1564/2969/2563 1560/2965/2559
f  1563/2968/2562 1560/2965/2559 1558/2963/2557
f  1560/2965/2559 1565/2970/2564 1561/2966/2560
f  1564/2969/2563 1565/2970/2564 1560/2965/2559
f  1564/2969/2563 1566/2971/2565 1565/2970/2564
f  1566/2971/2565 1564/2969/2563 1567/2972/2566
f  1564/2969/2563 1563/2968/2562 1568/2973/2567
f  1568/2973/2567 1569/2974/2568 1564/2969/2563
f  1564/2969/2563 1569/2974/2568 1567/2972/2566
f  1570/2975/2569 1567/2976/2566 1569/2977/2568
f  1569/2977/2568 1568/2978/2567 1570/2975/2569
f  1571/2979/2570 1570/2975/2569 1568/2978/2567
f  1570/2975/2569 1572/2980/2571 1567/2976/2566
f  1573/2981/2572 1572/2980/2571 1570/2975/2569
f  1574/2982/2573 1570/2975/2569 1571/2979/2570
f  1574/2982/2573 1573/2981/2572 1570/2975/2569
f  1575/2983/2574 1576/2984/2575 1573/2981/2572
f  1573/2981/2572 1576/2984/2575 1572/2980/2571
f  1577/2985/2576 1573/2981/2572 1574/2982/2573
f  1577/2985/2576 1575/2983/2574 1573/2981/2572
f  1575/2983/2574 1578/2986/2577 1576/2984/2575
f  1579/2987/2578 1580/2988/2579 1575/2983/2574
f  1579/2987/2578 1575/2983/2574 1577/2985/2576
f  1580/2988/2579 1578/2986/2577 1575/2983/2574
f  1578/2986/2577 1581/2989/2580 1582/2990/2581
f  1583/2991/2582 1581/2989/2580 1578/2986/2577
f  1578/2986/2577 1582/2990/2581 1576/2984/2575
f  1580/2988/2579 1583/2991/2582 1578/2986/2577
f  1584/2992/2583 1585/2993/2584 1583/2991/2582
f  1586/2994/2585 1584/2992/2583 1583/2991/2582
f  1586/2994/2585 1583/2991/2582 1580/2988/2579
f  1583/2991/2582 1585/2993/2584 1581/2989/2580
f  1584/2992/2583 1587/2995/2586 1585/2993/2584
f  1587/2995/2586 1588/2996/2587 1585/2993/2584
f  1585/2993/2584 1588/2996/2587 1589/2997/2588
f  1585/2993/2584 1589/2997/2588 1581/2989/2580
f  1581/2989/2580 1589/2997/2588 1590/2998/2589
f  1589/2997/2588 1591/2999/2590 1590/2998/2589
f  1588/2996/2587 1592/3000/2591 1589/2997/2588
f  1589/2997/2588 1592/3000/2591 1591/2999/2590
f  1592/3000/2591 1593/3001/2592 1591/2999/2590
f  1590/2998/2589 1591/2999/2590 1594/3002/2593
f  1591/2999/2590 1595/3003/2594 1594/3002/2593
f  1591/2999/2590 1593/3001/2592 1595/3003/2594
f  1594/3002/2593 1595/3003/2594 1596/3004/2595
f  1597/3005/2596 1596/3004/2595 1595/3003/2594
f  1595/3003/2594 1598/3006/2597 1599/3007/2598
f  1595/3003/2594 1599/3007/2598 1597/3005/2596
f  1593/3001/2592 1598/3006/2597 1595/3003/2594
f  1600/3008/2599 1597/3009/2596 1599/3010/2598
f  1597/3009/2596 1600/3008/2599 1601/3011/2600
f  1596/3012/2595 1597/3009/2596 1601/3011/2600
f  1601/3011/2600 1600/3008/2599 1602/3013/2601
f  1603/3014/2602 1601/3011/2600 1604/3015/2603
f  1601/3011/2600 1602/3013/2601 1604/3015/2603
f  1601/3011/2600 1605/3016/2604 1596/3012/2595
f  1605/3016/2604 1601/3011/2600 1603/3014/2602
f  1606/3017/2605 1605/3016/2604 1603/3014/2602
f  1605/3018/2604 1606/3019/2605 1594/3002/2593
f  1594/3002/2593 1596/3004/2595 1605/3018/2604
f  1603/3014/2602 1607/3020/2606 1606/3017/2605
f  1608/3021/2607 1606/3019/2605 1607/3022/2606
f  1608/3021/2607 1594/3002/2593 1606/3019/2605
f  1590/2998/2589 1594/3002/2593 1608/3021/2607
f  1582/2990/2581 1608/3021/2607 1609/3023/2608
f  1582/2990/2581 1590/2998/2589 1608/3021/2607
f  1607/3022/2606 1610/3024/2609 1608/3021/2607
f  1609/3023/2608 1608/3021/2607 1610/3024/2609
f  1572/2980/2571 1609/3023/2608 1611/3025/2610
f  1576/2984/2575 1609/3023/2608 1572/2980/2571
f  1609/3023/2608 1610/3024/2609 1612/3026/2611
f  1612/3026/2611 1611/3025/2610 1609/3023/2608
f  1576/2984/2575 1582/2990/2581 1609/3023/2608
f  1612/3027/2611 1613/3028/2612 1566/2971/2565
f  1613/3028/2612 1612/3027/2611 1610/3029/2609
f  1611/3030/2610 1612/3027/2611 1566/2971/2565
f  1613/3028/2612 1614/3031/2613 1615/3032/2614
f  1613/3028/2612 1603/3014/2602 1614/3031/2613
f  1610/3029/2609 1607/3020/2606 1613/3028/2612
f  1566/2971/2565 1613/3028/2612 1615/3032/2614
f  1607/3020/2606 1603/3014/2602 1613/3028/2612
f  1566/2971/2565 1615/3032/2614 1565/2970/2564
f  1615/3032/2614 1614/3031/2613 1616/3033/2615
f  1615/3032/2614 1616/3033/2615 1617/3034/2616
f  1565/2970/2564 1615/3032/2614 1617/3034/2616
f  1561/2966/2560 1617/3034/2616 1618/3035/2617
f  1565/2970/2564 1617/3034/2616 1561/2966/2560
f  1617/3034/2616 1616/3033/2615 1619/3036/2618
f  1617/3034/2616 1619/3036/2618 1618/3035/2617
f  1616/3033/2615 1620/3037/2619 1619/3036/2618
f  1619/3036/2618 1620/3037/2619 1621/3038/2620
f  1618/3035/2617 1619/3036/2618 1622/3039/2621
f  1619/3036/2618 1621/3038/2620 1622/3039/2621
f  1620/3037/2619 1623/3040/2622 1621/3038/2620
f  1621/3038/2620 1623/3040/2622 1624/3041/2623
f  1622/3039/2621 1621/3038/2620 1625/3042/2624
f  1621/3038/2620 1624/3041/2623 1625/3042/2624
f  1624/3041/2623 1626/3043/2625 1627/3044/2626
f  1624/3041/2623 1628/3045/2627 1626/3043/2625
f  1623/3040/2622 1628/3045/2627 1624/3041/2623
f  1625/3042/2624 1624/3041/2623 1627/3044/2626
f  1625/3042/2624 1627/3044/2626 1629/3046/2628
f  1630/3047/2629 1629/3046/2628 1627/3044/2626
f  1631/3048/2630 1630/3047/2629 1627/3044/2626
f  1632/3049/2631 1631/3048/2630 1627/3044/2626
f  1632/3049/2631 1627/3044/2626 1626/3043/2625
f  1633/3050/2632 1632/3049/2631 1626/3043/2625
f  1632/3051/2631 1633/3052/2632 1634/3053/2633
f  1632/3051/2631 1634/3053/2633 1635/3054/2634
f  1631/3055/2630 1632/3051/2631 1635/3054/2634
f  1636/3056/2635 1633/3050/2632 1626/3043/2625
f  1633/3052/2632 1636/3057/2635 1634/3053/2633
f  1636/3056/2635 1626/3043/2625 1637/3058/2636
f  1638/3059/2637 1636/3056/2635 1637/3058/2636
f  1636/3057/2635 1638/3060/2637 1639/3061/2638
f  1636/3057/2635 1639/3061/2638 1634/3053/2633
f  1628/3045/2627 1640/3062/2639 1637/3058/2636
f  1640/3062/2639 1641/3063/2640 1637/3058/2636
f  1642/3064/2641 1637/3058/2636 1641/3063/2640
f  1628/3045/2627 1637/3058/2636 1626/3043/2625
f  1642/3064/2641 1638/3059/2637 1637/3058/2636
f  1643/3065/2642 1642/3064/2641 1641/3063/2640
f  1642/3066/2641 1643/3067/2642 1644/3068/2643
f  1638/3060/2637 1642/3066/2641 1639/3061/2638
f  1642/3066/2641 1644/3068/2643 1639/3061/2638
f  1643/3067/2642 1645/3069/2644 1644/3068/2643
f  1645/3069/2644 1646/3070/2645 1644/3068/2643
f  1639/3061/2638 1644/3068/2643 1647/3071/2646
f  1644/3068/2643 1646/3070/2645 1648/3072/2647
f  1644/3068/2643 1648/3072/2647 1647/3071/2646
f  1646/3070/2645 1649/3073/2648 1648/3072/2647
f  1647/3071/2646 1648/3072/2647 1650/3074/2649
f  1648/3072/2647 1649/3073/2648 1651/3075/2650
f  1648/3072/2647 1651/3075/2650 1650/3074/2649
f  1651/3075/2650 1652/3076/2651 1653/3077/2652
f  1651/3075/2650 1654/3078/2653 1652/3076/2651
f  1650/3074/2649 1651/3075/2650 1653/3077/2652
f  1649/3073/2648 1654/3078/2653 1651/3075/2650
f  1655/3079/2654 1656/3080/2655 1654/3078/2653
f  1649/3073/2648 1655/3079/2654 1654/3078/2653
f  1654/3078/2653 1657/3081/2656 1652/3076/2651
f  1654/3078/2653 1656/3080/2655 1657/3081/2656
f  1652/3076/2651 1657/3081/2656 1658/3082/2657
f  1657/3081/2656 1659/3083/2658 1658/3082/2657
f  1657/3081/2656 1660/3084/2659 1659/3083/2658
f  1656/3080/2655 1660/3084/2659 1657/3081/2656
f  1661/3085/2660 1662/3086/2661 1660/3084/2659
f  1656/3080/2655 1661/3085/2660 1660/3084/2659
f  1660/3084/2659 1662/3086/2661 1663/3087/2662
f  1660/3084/2659 1663/3087/2662 1659/3083/2658
f  1659/3083/2658 1663/3087/2662 1664/3088/2663
f  1663/3087/2662 1665/3089/2664 1664/3088/2663
f  1662/3086/2661 1666/3090/2665 1663/3087/2662
f  1663/3087/2662 1666/3090/2665 1665/3089/2664
f  1664/3088/2663 1665/3089/2664 1667/3091/2666
f  1665/3089/2664 1668/3092/2667 1667/3091/2666
f  1665/3089/2664 1669/3093/2668 1668/3092/2667
f  1666/3090/2665 1669/3093/2668 1665/3089/2664
f  1669/3093/2668 1670/3094/2669 1668/3092/2667
f  1669/3093/2668 1671/3095/2670 1670/3094/2669
f  1666/3090/2665 1672/3096/2671 1669/3093/2668
f  1672/3096/2671 1671/3095/2670 1669/3093/2668
f  1671/3095/2670 1673/3097/2672 1670/3094/2669
f  1671/3095/2670 1674/3098/2673 1673/3097/2672
f  1672/3096/2671 1675/3099/2674 1671/3095/2670
f  1675/3099/2674 1674/3098/2673 1671/3095/2670
f  1676/3100/2675 1677/3101/2676 1674/3098/2673
f  1678/3102/2677 1676/3100/2675 1674/3098/2673
f  1674/3098/2673 1677/3101/2676 1679/3103/2678
f  1674/3098/2673 1679/3103/2678 1673/3097/2672
f  1675/3099/2674 1678/3102/2677 1674/3098/2673
f  1680/3104/2679 1681/3105/2680 1678/3102/2677
f  1678/3102/2677 1681/3105/2680 1676/3100/2675
f  1682/3106/2681 1683/3107/2682 1678/3102/2677
f  1682/3106/2681 1678/3102/2677 1675/3099/2674
f  1683/3107/2682 1680/3104/2679 1678/3102/2677
f  1684/3108/2683 1685/3109/2684 1680/3104/2679
f  1680/3104/2679 1685/3109/2684 1686/3110/2685
f  1680/3104/2679 1686/3110/2685 1681/3105/2680
f  1683/3107/2682 1684/3108/2683 1680/3104/2679
f  1684/3108/2683 1687/3111/2686 1685/3109/2684
f  1688/3112/2687 1687/3111/2686 1684/3108/2683
f  1688/3112/2687 1684/3108/2683 1683/3107/2682
f  1688/3112/2687 1689/3113/2688 1687/3111/2686
f  1690/3114/2689 1687/3111/2686 1689/3113/2688
f  1690/3114/2689 1691/3115/2690 1687/3111/2686
f  1691/3115/2690 1692/3116/2691 1687/3111/2686
f  1692/3116/2691 1693/3117/2692 1687/3111/2686
f  1693/3117/2692 1685/3109/2684 1687/3111/2686
f  1691/3118/2690 1690/3119/2689 1694/3120/2693
f  1695/3121/2694 1692/3122/2691 1691/3118/2690
f  1691/3118/2690 1694/3120/2693 1695/3121/2694
f  1695/3121/2694 1694/3120/2693 1696/3123/2695
f  1696/3123/2695 1694/3120/2693 1697/3124/2696
f  1694/3120/2693 1690/3119/2689 1698/3125/2697
f  1698/3125/2697 1697/3124/2696 1694/3120/2693
f  1699/3126/2698 1698/3127/2697 1689/3113/2688
f  1698/3125/2697 1699/3128/2698 1700/3129/2699
f  1689/3113/2688 1698/3127/2697 1690/3114/2689
f  1698/3125/2697 1700/3129/2699 1697/3124/2696
f  1699/3128/2698 1701/3130/2700 1700/3129/2699
f  1697/3124/2696 1700/3129/2699 1702/3131/2701
f  1700/3129/2699 1701/3130/2700 1702/3131/2701
f  1697/3124/2696 1702/3131/2701 1703/3132/2702
f  1703/3132/2702 1702/3131/2701 1704/3133/2703
f  1702/3131/2701 1705/3134/2704 1704/3133/2703
f  1702/3131/2701 1701/3130/2700 1705/3134/2704
f  1704/3133/2703 1705/3134/2704 1706/3135/2705
f  1705/3134/2704 1707/3136/2706 1706/3135/2705
f  1705/3134/2704 1708/3137/2707 1707/3136/2706
f  1701/3130/2700 1708/3137/2707 1705/3134/2704
f  1709/3138/2708 1710/3139/2709 1708/3137/2707
f  1709/3138/2708 1708/3137/2707 1701/3130/2700
f  1708/3137/2707 1711/3140/2710 1707/3136/2706
f  1710/3139/2709 1711/3140/2710 1708/3137/2707
f  1711/3140/2710 1712/3141/2711 1713/3142/2712
f  1713/3142/2712 1714/3143/2713 1711/3140/2710
f  1715/3144/2714 1707/3136/2706 1711/3140/2710
f  1710/3139/2709 1712/3141/2711 1711/3140/2710
f  1714/3143/2713 1715/3144/2714 1711/3140/2710
f  1713/3142/2712 1716/563/2715 1714/3143/2713
f  1715/3145/2714 1714/3146/2713 1717/3147/2716
f  1714/3146/2713 1718/3148/2717 1717/3147/2716
f  1714/3146/2713 1716/3149/2715 1718/3148/2717
f  1719/3150/2718 1716/3151/2715 1720/3152/2719
f  1716/3151/2715 1713/3153/2712 1720/3152/2719
f  1716/3149/2715 1719/3154/2718 1718/3148/2717
f  1721/3155/2720 1722/3156/2721 1719/3150/2718
f  1719/3150/2718 1720/3152/2719 1721/3155/2720
f  1719/3154/2718 1722/3157/2721 1723/3158/2722
f  1719/3154/2718 1723/3158/2722 1718/3148/2717
f  1724/3159/2723 1725/3160/2724 1723/3158/2722
f  1718/3148/2717 1723/3158/2722 1725/3160/2724
f  1723/3158/2722 1722/3157/2721 1724/3159/2723
f  1726/3161/2725 1724/3162/2723 1727/3163/2726
f  1724/3162/2723 1721/3155/2720 1727/3163/2726
f  1721/3155/2720 1724/3162/2723 1722/3156/2721
f  1724/3159/2723 1726/3164/2725 1728/3165/2727
f  1724/3159/2723 1728/3165/2727 1725/3160/2724
f  1727/3163/2726 1729/3166/2728 1726/3161/2725
f  1726/3164/2725 1729/3167/2728 1730/3168/2729
f  1726/3164/2725 1730/3168/2729 1728/3165/2727
f  1728/3165/2727 1730/3168/2729 1731/3169/2730
f  1731/3169/2730 1730/3168/2729 1732/3170/2731
f  1729/3167/2728 1733/3171/2732 1730/3168/2729
f  1730/3168/2729 1733/3171/2732 1732/3170/2731
f  1734/3172/2733 1731/3169/2730 1732/3170/2731
f  1735/3173/2734 1736/3174/2735 1732/3170/2731
f  1732/3170/2731 1736/3174/2735 1734/3172/2733
f  1737/3175/2736 1735/3173/2734 1732/3170/2731
f  1738/3176/2737 1732/3170/2731 1733/3171/2732
f  1738/3176/2737 1739/3177/2738 1732/3170/2731
f  1739/3177/2738 1737/3175/2736 1732/3170/2731
f  1740/3178/2739 1737/3179/2736 1741/3180/2740
f  1740/3178/2739 1742/626/2741 1737/3179/2736
f  1741/3180/2740 1737/3179/2736 1739/3181/2738
f  1737/3175/2736 1742/116/2741 1735/3173/2734
f  1735/3182/2734 1742/626/2741 1743/3183/2742
f  1743/3184/2742 1742/3185/2741 1740/3186/2739
f  1735/3182/2734 1743/3183/2742 1744/3187/2743
f  1743/3183/2742 1745/3188/2744 1744/3187/2743
f  1743/3184/2742 1740/3186/2739 1746/3189/2745
f  1745/3190/2744 1743/3184/2742 1746/3189/2745
f  1745/3188/2744 1747/3191/2746 1744/3187/2743
f  1745/3188/2744 1748/3192/2747 1747/3191/2746
f  1745/3190/2744 1746/3189/2745 1749/3193/2748
f  1748/3194/2747 1745/3190/2744 1749/3193/2748
f  1748/3192/2747 1750/3195/2749 1751/3196/2750
f  1748/3192/2747 1751/3196/2750 1747/3191/2746
f  1752/3197/2751 1750/3198/2749 1748/3194/2747
f  1748/3194/2747 1749/3193/2748 1753/3199/2752
f  1748/3194/2747 1753/3199/2752 1754/3200/2753
f  1754/3200/2753 1755/3201/2754 1748/3194/2747
f  1755/3201/2754 1752/3197/2751 1748/3194/2747
f  1752/3197/2751 1756/3202/2755 1750/3198/2749
f  1752/3203/2751 1755/3204/2754 1757/3205/2756
f  1752/3203/2751 1757/3205/2756 1758/3206/2757
f  1756/3207/2755 1752/3203/2751 1758/3206/2757
f  1759/3208/2758 1756/3207/2755 1758/3206/2757
f  1757/3205/2756 1760/3209/2759 1758/3206/2757
f  1759/3208/2758 1758/3206/2757 1760/3209/2759
f  1761/3210/2760 1762/3211/2761 1759/3212/2758
f  1759/3212/2758 1763/3213/2762 1761/3210/2760
f  1759/3208/2758 1764/116/2763 1756/3207/2755
f  1762/3211/2761 1764/626/2763 1759/3212/2758
f  1765/3214/2764 1763/3215/2762 1759/3208/2758
f  1766/3216/2765 1765/3214/2764 1759/3208/2758
f  1760/3209/2759 1766/3216/2765 1759/3208/2758
f  1766/3217/2765 1767/381/2766 1768/3218/2767
f  1765/3219/2764 1766/3217/2765 1768/3218/2767
f  1767/563/2766 1766/3216/2765 1760/3209/2759
f  1767/3220/2766 1769/3221/2768 1770/3222/2769
f  1767/3220/2766 1771/3223/2770 1769/3221/2768
f  1771/3224/2770 1767/563/2766 1760/3209/2759
f  1768/3225/2767 1767/3220/2766 1770/3222/2769
f  1772/3226/2771 1773/3227/2772 1770/3222/2769
f  1770/3222/2769 1773/3227/2772 1774/3228/2773
f  1770/3222/2769 1775/3229/2774 1776/3230/2775
f  1775/3229/2774 1770/3222/2769 1769/3221/2768
f  1776/3230/2775 1777/3231/2776 1770/3222/2769
f  1772/3226/2771 1770/3222/2769 1778/3232/2777
f  1777/3231/2776 1778/3232/2777 1770/3222/2769
f  1770/3222/2769 1774/3228/2773 1779/3233/2778
f  1770/3222/2769 1779/3233/2778 1780/3234/2779
f  1770/3222/2769 1780/3234/2779 1768/3225/2767
f  1768/3218/2767 1780/3235/2779 1781/3236/2780
f  1780/3235/2779 1782/3237/2781 1781/3236/2780
f  1780/3235/2779 1779/3238/2778 1782/3237/2781
f  1761/3210/2760 1781/3236/2780 1782/3237/2781
f  1761/3210/2760 1782/3237/2781 1783/3239/2782
f  1783/3239/2782 1782/3237/2781 1784/3240/2783
f  1779/3238/2778 1784/3240/2783 1782/3237/2781
f  1783/3239/2782 1784/3240/2783 1785/3241/2784
f  1784/3240/2783 1779/3238/2778 1774/3242/2773
f  1774/3242/2773 1786/3243/2785 1784/3240/2783
f  1785/3241/2784 1784/3240/2783 1786/3243/2785
f  1787/3244/2786 1788/3245/2787 1786/3243/2785
f  1788/3245/2787 1789/3246/2788 1786/3243/2785
f  1774/3242/2773 1787/3244/2786 1786/3243/2785
f  1785/3241/2784 1786/3243/2785 1790/3247/2789
f  1790/3247/2789 1786/3243/2785 1789/3246/2788
f  1791/3248/2790 1789/3246/2788 1792/3249/2791
f  1790/3247/2789 1789/3246/2788 1791/3248/2790
f  1788/3245/2787 1792/3249/2791 1789/3246/2788
f  1791/3248/2790 1792/3249/2791 1793/3250/2792
f  1792/3249/2791 1794/3251/2793 1795/3252/2794
f  1795/3252/2794 1796/3253/2795 1792/3249/2791
f  1788/3245/2787 1797/3254/2796 1792/3249/2791
f  1797/3254/2796 1798/3255/2797 1792/3249/2791
f  1792/3249/2791 1798/3255/2797 1794/3251/2793
f  1796/3253/2795 1793/3250/2792 1792/3249/2791
f  1797/3254/2796 1799/3256/2798 1798/3255/2797
f  1794/3257/2793 1798/3258/2797 1800/3259/2799
f  1798/3258/2797 1799/381/2798 1800/3259/2799
f  1801/3260/2800 1800/3261/2799 1799/3262/2798
f  1801/3260/2800 1799/3262/2798 1797/3263/2796
f  1677/3101/2676 1802/3264/2801 1801/3260/2800
f  1677/3101/2676 1801/3260/2800 1679/3103/2678
f  1679/3103/2678 1801/3260/2800 1773/3227/2772
f  1788/3265/2787 1773/3227/2772 1801/3260/2800
f  1803/3266/2802 1800/3261/2799 1801/3260/2800
f  1801/3260/2800 1797/3263/2796 1788/3265/2787
f  1803/3266/2802 1801/3260/2800 1802/3264/2801
f  1676/3100/2675 1804/3267/2803 1802/3264/2801
f  1805/3268/2804 1802/3264/2801 1804/3267/2803
f  1805/3268/2804 1806/3269/2805 1802/3264/2801
f  1802/3264/2801 1806/3269/2805 1803/3266/2802
f  1676/3100/2675 1802/3264/2801 1677/3101/2676
f  1806/3270/2805 1805/3271/2804 1807/3272/2806
f  1808/3273/2807 1803/3274/2802 1806/3270/2805
f  1806/3270/2805 1807/3272/2806 1808/3273/2807
f  1809/3275/2808 1807/3272/2806 1810/3276/2809
f  1811/3277/2810 1810/3276/2809 1807/3272/2806
f  1812/3278/2811 1808/3273/2807 1807/3272/2806
f  1812/3278/2811 1807/3272/2806 1809/3275/2808
f  1807/3272/2806 1805/3271/2804 1811/3277/2810
f  1813/3279/2812 1814/3280/2813 1809/3275/2808
f  1814/3280/2813 1812/3278/2811 1809/3275/2808
f  1813/3279/2812 1809/3275/2808 1815/3281/2814
f  1809/3275/2808 1810/3276/2809 1815/3281/2814
f  1815/3281/2814 1810/3276/2809 1816/3282/2815
f  1817/3283/2816 1815/3281/2814 1818/3284/2817
f  1815/3281/2814 1816/3282/2815 1818/3284/2817
f  1817/3283/2816 1813/3279/2812 1815/3281/2814
f  1819/3285/2818 1817/3286/2816 1820/3287/2819
f  1819/3285/2818 1813/3288/2812 1817/3286/2816
f  1820/3289/2819 1817/3283/2816 1818/3284/2817
f  1820/3287/2819 1821/3290/2820 1822/3291/2821
f  1822/3291/2821 1823/3292/2822 1820/3287/2819
f  1823/3292/2822 1819/3285/2818 1820/3287/2819
f  1820/3289/2819 1818/3284/2817 1824/3293/2823
f  1821/3294/2820 1820/3289/2819 1824/3293/2823
f  1821/3290/2820 1825/3295/2824 1822/3291/2821
f  1825/3296/2824 1821/3294/2820 1824/3293/2823
f  1825/3295/2824 1826/3297/2825 1822/3291/2821
f  1826/3298/2825 1825/3296/2824 1827/3299/2826
f  1825/3296/2824 1824/3293/2823 1827/3299/2826
f  1826/3298/2825 1827/3299/2826 1696/3123/2695
f  1824/3293/2823 1828/3300/2827 1827/3299/2826
f  1828/3300/2827 1695/3121/2694 1827/3299/2826
f  1827/3299/2826 1695/3121/2694 1696/3123/2695
f  1829/3301/2828 1693/3302/2692 1828/3300/2827
f  1693/3302/2692 1695/3121/2694 1828/3300/2827
f  1829/3301/2828 1828/3300/2827 1816/3282/2815
f  1816/3282/2815 1828/3300/2827 1824/3293/2823
f  1693/3117/2692 1829/3303/2828 1685/3109/2684
f  1685/3109/2684 1829/3303/2828 1830/3304/2829
f  1816/3282/2815 1830/3305/2829 1829/3301/2828
f  1830/3304/2829 1686/3110/2685 1685/3109/2684
f  1830/3304/2829 1831/3306/2830 1686/3110/2685
f  1831/3307/2830 1830/3305/2829 1816/3282/2815
f  1686/3110/2685 1831/3306/2830 1832/3308/2831
f  1810/3276/2809 1832/3309/2831 1831/3307/2830
f  1831/3307/2830 1816/3282/2815 1810/3276/2809
f  1832/3308/2831 1804/3267/2803 1686/3110/2685
f  1832/3308/2831 1811/3310/2810 1804/3267/2803
f  1811/3277/2810 1832/3309/2831 1810/3276/2809
f  1826/3297/2825 1833/3311/2832 1822/3291/2821
f  1826/3297/2825 1834/3312/2833 1833/3311/2832
f  1835/3313/2834 1834/3314/2833 1826/3298/2825
f  1826/3298/2825 1696/3123/2695 1836/3315/2835
f  1836/3315/2835 1835/3313/2834 1826/3298/2825
f  1837/3316/2836 1838/3317/2837 1833/3311/2832
f  1839/3318/2838 1833/3319/2832 1838/3320/2837
f  1822/3321/2821 1833/3319/2832 1839/3318/2838
f  1834/3312/2833 1840/3322/2839 1833/3311/2832
f  1840/3322/2839 1841/3323/2840 1833/3311/2832
f  1841/3323/2840 1837/3316/2836 1833/3311/2832
f  1822/3321/2821 1839/3318/2838 1842/3324/2841
f  1843/3325/2842 1842/3324/2841 1839/3318/2838
f  1839/3318/2838 1838/3320/2837 1844/3326/2843
f  1844/3326/2843 1845/3327/2844 1839/3318/2838
f  1843/3325/2842 1839/3318/2838 1845/3327/2844
f  1846/3328/2845 1843/3325/2842 1847/3329/2846
f  1846/3328/2845 1848/3330/2847 1843/3325/2842
f  1849/3331/2848 1847/3329/2846 1843/3325/2842
f  1843/3325/2842 1848/3330/2847 1842/3324/2841
f  1843/3325/2842 1845/3327/2844 1849/3331/2848
f  1847/3332/2846 1849/3333/2848 1850/3334/2849
f  1850/3334/2849 1849/3333/2848 1845/3335/2844
f  1847/3332/2846 1850/3334/2849 1851/3336/2850
f  1852/3337/2851 1853/3338/2852 1850/3334/2849
f  1845/3335/2844 1852/3337/2851 1850/3334/2849
f  1853/3338/2852 1851/3336/2850 1850/3334/2849
f  1847/3332/2846 1851/3336/2850 1854/3339/2853
f  1853/3338/2852 1855/3340/2854 1851/3336/2850
f  1855/3340/2854 1856/3341/2855 1851/3336/2850
f  1728/3165/2727 1854/3339/2853 1851/3336/2850
f  1851/3336/2850 1856/3341/2855 1728/3165/2727
f  1856/3341/2855 1725/3160/2724 1728/3165/2727
f  1717/3147/2716 1725/3160/2724 1856/3341/2855
f  1855/3340/2854 1717/3147/2716 1856/3341/2855
f  1854/3339/2853 1857/3342/2856 1847/3332/2846
f  1858/3343/2857 1857/3342/2856 1854/3339/2853
f  1858/3343/2857 1854/3339/2853 1731/3169/2730
f  1854/3339/2853 1728/3165/2727 1731/3169/2730
f  1847/3329/2846 1857/3344/2856 1858/3345/2857
f  1859/3346/2858 1846/3328/2845 1858/3345/2857
f  1858/3345/2857 1734/3347/2733 1859/3346/2858
f  1847/3329/2846 1858/3345/2857 1846/3328/2845
f  1858/3345/2857 1860/3348/2859 1734/3347/2733
f  1731/3169/2730 1860/3349/2859 1858/3343/2857
f  1734/3172/2733 1860/3349/2859 1731/3169/2730
f  1744/3187/2743 1861/3350/2860 1859/3346/2858
f  1859/3346/2858 1861/3350/2860 1862/3351/2861
f  1859/3346/2858 1862/3351/2861 1846/3328/2845
f  1744/3187/2743 1859/3346/2858 1734/3347/2733
f  1861/3350/2860 1863/3352/2862 1862/3351/2861
f  1846/3328/2845 1862/3351/2861 1848/3330/2847
f  1862/3351/2861 1864/3353/2863 1848/3330/2847
f  1862/3351/2861 1863/3352/2862 1864/3353/2863
f  1861/3350/2860 1865/3354/2864 1863/3352/2862
f  1865/3354/2864 1866/3355/2865 1863/3352/2862
f  1863/3352/2862 1866/3355/2865 1867/3356/2866
f  1863/3352/2862 1867/3356/2866 1864/3353/2863
f  1868/3357/2867 1867/3356/2866 1866/3355/2865
f  1864/3353/2863 1867/3356/2866 1869/3358/2868
f  1868/3357/2867 1870/3359/2869 1867/3356/2866
f  1870/3359/2869 1869/3358/2868 1867/3356/2866
f  1870/3359/2869 1871/3360/2870 1869/3358/2868
f  1868/3357/2867 1872/3361/2871 1870/3359/2869
f  1870/3362/2869 1872/3363/2871 1791/3248/2790
f  1870/3362/2869 1791/3248/2790 1793/3250/2792
f  1793/3250/2792 1873/3364/2872 1870/3362/2869
f  1870/3359/2869 1873/3365/2872 1871/3360/2870
f  1796/3253/2795 1871/116/2870 1873/3364/2872
f  1871/3366/2870 1796/3367/2795 1795/3368/2794
f  1814/3280/2813 1871/3366/2870 1795/3368/2794
f  1819/3285/2818 1871/116/2870 1814/3369/2813
f  1871/3360/2870 1819/3370/2818 1869/3358/2868
f  1791/3248/2790 1872/3363/2871 1868/3371/2867
f  1796/3253/2795 1873/3364/2872 1793/3250/2792
f  1864/3353/2863 1869/3358/2868 1874/3372/2873
f  1819/3370/2818 1874/3372/2873 1869/3358/2868
f  1819/3370/2818 1823/3373/2822 1874/3372/2873
f  1823/3373/2822 1842/3324/2841 1874/3372/2873
f  1848/3330/2847 1874/3372/2873 1842/3324/2841
f  1848/3330/2847 1864/3353/2863 1874/3372/2873
f  1868/3371/2867 1875/3374/2874 1790/3247/2789
f  1868/3371/2867 1790/3247/2789 1791/3248/2790
f  1876/3375/2875 1875/3376/2874 1868/3357/2867
f  1876/3375/2875 1868/3357/2867 1866/3355/2865
f  1877/3377/2876 1876/3375/2875 1878/3378/2877
f  1876/3375/2875 1866/3355/2865 1878/3378/2877
f  1877/3377/2876 1879/3379/2878 1876/3375/2875
f  1876/3380/2875 1879/3381/2878 1785/3241/2784
f  1876/3380/2875 1785/3241/2784 1790/3247/2789
f  1790/3247/2789 1875/3374/2874 1876/3380/2875
f  1785/3241/2784 1879/3381/2878 1877/3382/2876
f  1880/3383/2879 1877/3377/2876 1881/3384/2880
f  1877/3377/2876 1878/3378/2877 1881/3384/2880
f  1880/3383/2879 1882/3385/2881 1877/3377/2876
f  1877/3382/2876 1882/3386/2881 1783/3239/2782
f  1877/3382/2876 1783/3239/2782 1785/3241/2784
f  1783/3239/2782 1882/3386/2881 1880/3387/2879
f  1880/3383/2879 1881/3384/2880 1750/3195/2749
f  1750/3195/2749 1764/381/2763 1880/3383/2879
f  1764/381/2763 1762/3388/2761 1880/3383/2879
f  1761/3210/2760 1783/3239/2782 1880/3387/2879
f  1880/3387/2879 1762/3211/2761 1761/3210/2760
f  1750/3195/2749 1881/3384/2880 1751/3196/2750
f  1751/3196/2750 1881/3384/2880 1878/3378/2877
f  1751/3196/2750 1878/3378/2877 1865/3354/2864
f  1865/3354/2864 1878/3378/2877 1866/3355/2865
f  1747/3191/2746 1751/3196/2750 1865/3354/2864
f  1747/3191/2746 1865/3354/2864 1861/3350/2860
f  1744/3187/2743 1747/3191/2746 1861/3350/2860
f  1883/3389/2882 1855/3340/2854 1853/3338/2852
f  1715/3145/2714 1717/3147/2716 1855/3340/2854
f  1883/3389/2882 1715/3145/2714 1855/3340/2854
f  1884/3390/2883 1883/3389/2882 1853/3338/2852
f  1883/3391/2882 1884/3392/2883 1706/3135/2705
f  1883/3391/2882 1706/3135/2705 1707/3136/2706
f  1715/3144/2714 1883/3391/2882 1707/3136/2706
f  1884/3392/2883 1885/3393/2884 1886/3394/2885
f  1884/3392/2883 1886/3394/2885 1706/3135/2705
f  1885/3395/2884 1884/3390/2883 1852/3337/2851
f  1884/3390/2883 1853/3338/2852 1852/3337/2851
f  1885/3393/2884 1887/3396/2886 1886/3394/2885
f  1844/3397/2843 1885/3395/2884 1852/3337/2851
f  1844/3397/2843 1838/626/2837 1885/3395/2884
f  1885/3393/2884 1838/3398/2837 1887/3396/2886
f  1838/3398/2837 1837/3399/2836 1887/3396/2886
f  1837/3399/2836 1888/3400/2887 1887/3396/2886
f  1888/3400/2887 1889/3401/2888 1887/3396/2886
f  1889/3401/2888 1886/3394/2885 1887/3396/2886
f  1890/3402/2889 1703/3132/2702 1889/3401/2888
f  1890/3402/2889 1889/3401/2888 1888/3400/2887
f  1889/3401/2888 1704/3133/2703 1886/3394/2885
f  1703/3132/2702 1704/3133/2703 1889/3401/2888
f  1891/3403/2890 1703/3132/2702 1890/3402/2889
f  1836/3315/2835 1890/3402/2889 1892/3404/2891
f  1892/3404/2891 1890/3402/2889 1888/3400/2887
f  1836/3315/2835 1891/3403/2890 1890/3402/2889
f  1697/3124/2696 1891/3403/2890 1696/3123/2695
f  1891/3403/2890 1836/3315/2835 1696/3123/2695
f  1891/3403/2890 1697/3124/2696 1703/3132/2702
f  1840/3405/2839 1834/3314/2833 1892/3404/2891
f  1834/3314/2833 1835/3313/2834 1892/3404/2891
f  1841/3406/2840 1840/3405/2839 1892/3404/2891
f  1835/3313/2834 1836/3315/2835 1892/3404/2891
f  1841/3406/2840 1892/3404/2891 1888/3400/2887
f  1837/3399/2836 1841/3406/2840 1888/3400/2887
f  1704/3133/2703 1706/3135/2705 1886/3394/2885
f  1845/3335/2844 1844/3397/2843 1852/3337/2851
f  1823/3373/2822 1822/3321/2821 1842/3324/2841
f  1818/3284/2817 1816/3282/2815 1824/3293/2823
f  1819/3285/2818 1814/3369/2813 1813/3288/2812
f  1814/3280/2813 1795/3368/2794 1812/3278/2811
f  1804/3267/2803 1811/3310/2810 1805/3268/2804
f  1795/3368/2794 1794/3257/2793 1812/3278/2811
f  1794/3257/2793 1808/3273/2807 1812/3278/2811
f  1794/3257/2793 1800/3259/2799 1808/3273/2807
f  1800/3259/2799 1803/3274/2802 1808/3273/2807
f  1681/3105/2680 1686/3110/2685 1804/3267/2803
f  1681/3105/2680 1804/3267/2803 1676/3100/2675
f  1788/3265/2787 1787/3407/2786 1773/3227/2772
f  1787/3407/2786 1774/3228/2773 1773/3227/2772
f  1765/3219/2764 1781/3236/2780 1761/3210/2760
f  1768/3218/2767 1781/3236/2780 1765/3219/2764
f  1673/3097/2672 1778/3232/2777 1893/3408/2892
f  1778/3232/2777 1777/3231/2776 1893/3408/2892
f  1673/3097/2672 1772/3226/2771 1778/3232/2777
f  1894/3409/2893 1893/3410/2892 1895/3411/2894
f  1893/3408/2892 1894/3412/2893 1673/3097/2672
f  1895/3411/2894 1893/3410/2892 1777/3413/2776
f  1776/3414/2775 1896/3415/2895 1895/3411/2894
f  1896/3415/2895 1897/3416/2896 1895/3411/2894
f  1895/3411/2894 1897/3416/2896 1898/3417/2897
f  1895/3411/2894 1898/3417/2897 1899/3418/2898
f  1900/3419/2899 1895/3411/2894 1901/3420/2900
f  1895/3411/2894 1899/3418/2898 1901/3420/2900
f  1895/3411/2894 1900/3419/2899 1894/3409/2893
f  1777/3413/2776 1776/3414/2775 1895/3411/2894
f  1901/3420/2900 1899/3418/2898 1902/3421/2901
f  1899/3418/2898 1903/3422/2902 1904/3423/2903
f  1899/3418/2898 1905/3424/2904 1903/3422/2902
f  1899/3418/2898 1904/3423/2903 1902/3421/2901
f  1898/3417/2897 1905/3424/2904 1899/3418/2898
f  1898/3417/2897 1906/3425/2905 1905/3424/2904
f  1906/3425/2905 1907/3426/2906 1905/3424/2904
f  1905/3424/2904 1907/3426/2906 1903/3422/2902
f  1908/3427/2907 1907/3426/2906 1906/3425/2905
f  1907/3426/2906 1909/3428/2908 1903/3422/2902
f  1910/3429/2909 1909/3428/2908 1907/3426/2906
f  1908/3427/2907 1911/3430/2910 1907/3426/2906
f  1907/3426/2906 1911/3430/2910 1910/3429/2909
f  1912/3431/2911 1910/3432/2909 1911/3433/2910
f  1913/3434/2912 1910/3432/2909 1912/3431/2911
f  1910/3429/2909 1913/3435/2912 1909/3428/2908
f  1909/3428/2908 1913/3435/2912 1914/3436/2913
f  1915/3437/2914 1914/3438/2913 1913/3434/2912
f  1913/3434/2912 1912/3431/2911 1915/3437/2914
f  1916/3439/2915 1914/3438/2913 1915/3437/2914
f  1914/3436/2913 1916/3440/2915 1917/3441/2916
f  1914/3436/2913 1917/3441/2916 1909/3428/2908
f  1909/3428/2908 1917/3441/2916 1918/3442/2917
f  1918/3442/2917 1917/3441/2916 1919/3443/2918
f  1917/3441/2916 1920/3444/2919 1919/3443/2918
f  1921/3445/2920 1920/3444/2919 1917/3441/2916
f  1917/3441/2916 1916/3440/2915 1921/3445/2920
f  1922/3446/2921 1921/3447/2920 1916/3439/2915
f  1923/3448/2922 1921/3447/2920 1922/3446/2921
f  1921/3445/2920 1923/3449/2922 1920/3444/2919
f  1920/3444/2919 1923/3449/2922 1924/3450/2923
f  1923/3448/2922 1922/3446/2921 1925/3451/2924
f  1925/3451/2924 1924/3452/2923 1923/3448/2922
f  1926/3453/2925 1924/3452/2923 1927/3454/2926
f  1928/3455/2927 1924/3450/2923 1926/3456/2925
f  1924/3452/2923 1925/3451/2924 1927/3454/2926
f  1928/3455/2927 1920/3444/2919 1924/3450/2923
f  1920/3444/2919 1928/3455/2927 1929/3457/2928
f  1928/3455/2927 1930/3458/2929 1931/3459/2930
f  1932/3460/2931 1930/3458/2929 1928/3455/2927
f  1926/3456/2925 1933/3461/2932 1928/3455/2927
f  1928/3455/2927 1933/3461/2932 1932/3460/2931
f  1929/3457/2928 1928/3455/2927 1931/3459/2930
f  1934/3462/2933 1932/3463/2931 1933/3464/2932
f  1935/3465/2934 1932/3463/2931 1934/3462/2933
f  1932/3460/2931 1935/3466/2934 1930/3458/2929
f  1930/3458/2929 1935/3466/2934 1936/3467/2935
f  1937/3468/2936 1936/3469/2935 1935/3465/2934
f  1938/3470/2937 1937/3468/2936 1935/3465/2934
f  1935/3465/2934 1934/3462/2933 1938/3470/2937
f  1930/3458/2929 1936/3467/2935 1939/3471/2938
f  1939/3472/2938 1936/3469/2935 1940/3473/2939
f  1936/3469/2935 1937/3468/2936 1940/3473/2939
f  1941/3474/2940 1939/3472/2938 1940/3473/2939
f  1941/3474/2940 1940/3473/2939 1942/3475/2941
f  1943/3476/2942 1940/3473/2939 1937/3468/2936
f  1944/3477/2943 1942/3475/2941 1940/3473/2939
f  1944/3477/2943 1940/3473/2939 1943/3476/2942
f  1943/3476/2942 1937/3468/2936 1938/3470/2937
f  1945/3478/2944 1944/3477/2943 1943/3476/2942
f  1945/3478/2944 1943/3476/2942 1946/3479/2945
f  1946/3479/2945 1943/3476/2942 1938/3470/2937
f  1947/3480/2946 1946/3479/2945 1948/3481/2947
f  1946/3479/2945 1938/3470/2937 1948/3481/2947
f  1949/3482/2948 1945/3478/2944 1946/3479/2945
f  1949/3482/2948 1946/3479/2945 1947/3480/2946
f  1947/3480/2946 1948/3481/2947 1950/3483/2949
f  1951/3484/2950 1949/3482/2948 1947/3480/2946
f  1952/3485/2951 1947/3480/2946 1950/3483/2949
f  1951/3484/2950 1947/3480/2946 1952/3485/2951
f  1953/3486/2952 1952/3485/2951 1954/3487/2953
f  1952/3485/2951 1950/3483/2949 1954/3487/2953
f  1953/3486/2952 1955/3488/2954 1952/3485/2951
f  1955/3488/2954 1951/3484/2950 1952/3485/2951
f  1956/3489/2955 1955/3490/2954 1953/3491/2952
f  1956/3489/2955 1953/3491/2952 1957/3492/2956
f  1957/3493/2956 1953/3486/2952 1954/3487/2953
f  1956/3489/2955 1957/3492/2956 1958/3494/2957
f  1958/3495/2957 1957/3493/2956 1954/3487/2953
f  1959/3496/2958 1956/3489/2955 1958/3494/2957
f  1959/3496/2958 1958/3494/2957 1960/3497/2959
f  1960/3498/2959 1958/3495/2957 1961/3499/2960
f  1958/3495/2957 1954/3487/2953 1950/3483/2949
f  1958/3495/2957 1950/3483/2949 1962/3500/2961
f  1958/3495/2957 1962/3500/2961 1961/3499/2960
f  1960/3498/2959 1961/3499/2960 1963/3501/2962
f  1961/3499/2960 1925/3451/2924 1963/3501/2962
f  1961/3499/2960 1927/3454/2926 1925/3451/2924
f  1962/3500/2961 1927/3454/2926 1961/3499/2960
f  1964/3502/2963 1965/3503/2964 1963/3501/2962
f  1965/3503/2964 1960/3498/2959 1963/3501/2962
f  1964/3502/2963 1963/3501/2962 1966/3504/2965
f  1963/3501/2962 1925/3451/2924 1922/3446/2921
f  1963/3501/2962 1922/3446/2921 1966/3504/2965
f  1967/3505/2966 1964/3502/2963 1966/3504/2965
f  1967/3505/2966 1966/3504/2965 1968/3506/2967
f  1966/3504/2965 1922/3446/2921 1968/3506/2967
f  1969/3507/2968 1967/3505/2966 1968/3506/2967
f  1969/3507/2968 1968/3506/2967 1970/3508/2969
f  1922/3446/2921 1915/3437/2914 1968/3506/2967
f  1968/3506/2967 1915/3437/2914 1970/3508/2969
f  1971/3509/2970 1970/3508/2969 1972/3510/2971
f  1970/3508/2969 1912/3431/2911 1972/3510/2971
f  1915/3437/2914 1912/3431/2911 1970/3508/2969
f  1971/3509/2970 1969/3507/2968 1970/3508/2969
f  1969/3511/2968 1971/3512/2970 1973/3513/2972
f  1974/3514/2973 1971/3509/2970 1972/3510/2971
f  1974/3514/2973 1975/116/2974 1971/3509/2970
f  1971/3512/2970 1975/626/2974 1973/3513/2972
f  1976/3515/2975 1973/3195/2972 1975/3516/2974
f  1975/3516/2974 1977/3517/2976 1976/3515/2975
f  1978/3518/2977 1975/626/2974 1974/3519/2973
f  1975/3516/2974 1978/3520/2977 1977/3517/2976
f  1978/3518/2977 1974/3519/2973 1979/3521/2978
f  1977/3522/2976 1978/3518/2977 1979/3521/2978
f  1977/3522/2976 1979/3521/2978 1980/3523/2979
f  1981/3524/2980 1979/3521/2978 1974/3519/2973
f  1979/3521/2978 1981/3524/2980 1980/3523/2979
f  1980/3523/2979 1982/3525/2981 1977/3522/2976
f  1981/3524/2980 1983/3526/2982 1980/3523/2979
f  1984/3527/2983 1982/3525/2981 1980/3523/2979
f  1980/3523/2979 1983/3526/2982 1985/3528/2984
f  1984/3527/2983 1980/3523/2979 1985/3528/2984
f  1985/3528/2984 1986/3529/2985 1984/3527/2983
f  1983/3526/2982 1987/3530/2986 1985/3528/2984
f  1988/3531/2987 1986/3529/2985 1985/3528/2984
f  1988/3531/2987 1985/3528/2984 1989/3532/2988
f  1985/3528/2984 1987/3530/2986 1989/3532/2988
f  1989/3532/2988 1990/3533/2989 1988/3531/2987
f  1987/3530/2986 1991/3534/2990 1989/3532/2988
f  1992/3535/2991 1990/3533/2989 1989/3532/2988
f  1992/3535/2991 1989/3532/2988 1993/3536/2992
f  1989/3532/2988 1991/3534/2990 1993/3536/2992
f  1988/3537/2987 1990/3538/2989 1992/3539/2991
f  1988/3537/2987 1992/3539/2991 1994/3540/2993
f  1995/3541/2994 1994/3540/2993 1992/3539/2991
f  1992/3539/2991 1996/3542/2995 1997/3543/2996
f  1992/3539/2991 1997/3543/2996 1995/3541/2994
f  1993/3536/2992 1996/3544/2995 1992/3535/2991
f  1998/3545/2997 1999/3546/2998 1995/3541/2994
f  1999/3546/2998 2000/3547/2999 1995/3541/2994
f  2001/3548/3000 1994/3540/2993 1995/3541/2994
f  1998/3545/2997 1995/3541/2994 1997/3543/2996
f  2001/3548/3000 1995/3541/2994 2000/3547/2999
f  2002/3549/3001 2001/3548/3000 2000/3547/2999
f  2003/3550/3002 2004/3551/3003 2001/3548/3000
f  2003/3550/3002 2001/3548/3000 2002/3549/3001
f  2004/3551/3003 1994/3540/2993 2001/3548/3000
f  2002/3549/3001 2000/3547/2999 2005/3552/3004
f  2006/3553/3005 2003/3550/3002 2002/3549/3001
f  2006/3553/3005 2002/3549/3001 2007/3554/3006
f  2007/3554/3006 2002/3549/3001 2005/3552/3004
f  2008/3555/3007 2009/3556/3008 2005/3552/3004
f  2009/3556/3008 2010/3557/3009 2005/3552/3004
f  2008/3555/3007 2005/3552/3004 2000/3547/2999
f  2007/3554/3006 2005/3552/3004 2010/3557/3009
f  2009/3556/3008 2011/3558/3010 2010/3557/3009
f  2012/3559/3011 2007/3554/3006 2010/3557/3009
f  2011/3558/3010 2012/3559/3011 2010/3557/3009
f  2009/3556/3008 2013/116/3012 2011/3558/3010
f  2011/3560/3010 2013/626/3012 2014/3561/3013
f  2011/3558/3010 2015/3562/3014 2012/3559/3011
f  2016/3563/3015 2011/3560/3010 2014/3561/3013
f  2016/3563/3015 2015/3564/3014 2011/3560/3010
f  2017/3565/3016 2018/3566/3017 2016/3563/3015
f  2016/3563/3015 2018/3566/3017 2019/3567/3018
f  2016/3563/3015 2019/3567/3018 2020/3568/3019
f  2012/3569/3011 2016/3563/3015 2020/3568/3019
f  2014/3561/3013 2021/3570/3020 2016/3563/3015
f  2012/3569/3011 2015/3564/3014 2016/3563/3015
f  2021/3570/3020 2017/3565/3016 2016/3563/3015
f  2021/3571/3020 2014/3572/3013 2022/3573/3021
f  2017/3574/3016 2021/3571/3020 2022/3573/3021
f  2023/3575/3022 2024/3576/3023 2022/3573/3021
f  2024/3576/3023 2025/3577/3024 2022/3573/3021
f  2014/3572/3013 2023/3575/3022 2022/3573/3021
f  2025/3577/3024 2026/3578/3025 2022/3573/3021
f  2017/3574/3016 2022/3573/3021 2026/3578/3025
f  2026/3578/3025 2027/3579/3026 2028/3580/3027
f  2028/3580/3027 2029/3581/3028 2026/3578/3025
f  2025/3577/3024 2030/3582/3029 2026/3578/3025
f  2027/3579/3026 2026/3578/3025 2030/3582/3029
f  2026/3578/3025 2029/3581/3028 2017/3574/3016
f  2031/3583/3030 2028/3584/3027 2027/3585/3026
f  2031/3583/3030 2027/3585/3026 2032/3586/3031
f  2032/3587/3031 2027/3579/3026 2030/3582/3029
f  2031/3583/3030 2032/3586/3031 2033/3588/3032
f  2033/3589/3032 2032/3587/3031 2034/3590/3033
f  2032/3587/3031 2030/3582/3029 2034/3590/3033
f  2035/3591/3034 2036/3592/3035 2034/3590/3033
f  2035/3591/3034 2034/3590/3033 2037/3593/3036
f  2037/3593/3036 2034/3590/3033 2030/3582/3029
f  2033/3589/3032 2034/3590/3033 2036/3592/3035
f  2038/3594/3037 2036/3592/3035 2035/3591/3034
f  2038/3594/3037 2039/3595/3038 2036/3592/3035
f  2040/3596/3039 2036/3592/3035 2039/3595/3038
f  2040/3596/3039 2033/3589/3032 2036/3592/3035
f  2040/3597/3039 2041/3598/3040 2031/3583/3030
f  2040/3597/3039 2042/3599/3041 2041/3598/3040
f  2033/3588/3032 2040/3597/3039 2031/3583/3030
f  2042/3600/3041 2040/3596/3039 2039/3595/3038
f  2042/3599/3041 2043/3601/3042 2041/3598/3040
f  2043/3602/3042 2042/3600/3041 2039/3595/3038
f  2041/3598/3040 2043/3601/3042 2044/3603/3043
f  2045/3604/3044 2044/3605/3043 2043/3602/3042
f  2043/3602/3042 2039/3595/3038 2045/3604/3044
f  2046/3606/3045 2045/3604/3044 2039/3595/3038
f  2044/3605/3043 2045/3604/3044 2047/3607/3046
f  2048/3608/3047 2045/3604/3044 2046/3606/3045
f  2048/3608/3047 2047/3607/3046 2045/3604/3044
f  2049/3609/3048 2044/3605/3043 2047/3607/3046
f  2050/3610/3049 2049/3609/3048 2047/3607/3046
f  2051/3611/3050 2050/3610/3049 2047/3607/3046
f  2051/3611/3050 2047/3607/3046 2048/3608/3047
f  2052/3612/3051 2053/3613/3052 2050/3614/3049
f  2050/3614/3049 2051/3615/3050 2052/3612/3051
f  2050/3610/3049 2054/381/3053 2049/3609/3048
f  2053/3613/3052 2054/563/3053 2050/3614/3049
f  2055/3616/3054 2041/3598/3040 2054/3617/3053
f  2041/3598/3040 2049/3618/3048 2054/3617/3053
f  2054/3617/3053 2053/3619/3052 2055/3616/3054
f  2056/3620/3055 2041/3598/3040 2055/3616/3054
f  2055/3621/3054 2057/3622/3056 2058/3623/3057
f  2055/3621/3054 2059/3624/3058 2057/3622/3056
f  2058/3623/3057 2060/3625/3059 2055/3621/3054
f  2061/3626/3060 2056/3620/3055 2055/3616/3054
f  2055/3616/3054 2062/3627/3061 2061/3626/3060
f  2053/3619/3052 2063/3628/3062 2055/3616/3054
f  2063/3628/3062 2059/3629/3058 2055/3616/3054
f  2055/3616/3054 2060/3630/3059 2062/3627/3061
f  2064/3631/3063 2061/381/3060 2062/3632/3061
f  2062/3632/3061 2060/3625/3059 2065/3633/3064
f  2064/3631/3063 2062/3632/3061 2065/3633/3064
f  2065/3633/3064 2066/3634/3065 2067/3635/3066
f  2066/3634/3065 2065/3633/3064 2068/3636/3067
f  2067/3635/3066 2069/3637/3068 2065/3633/3064
f  2065/3633/3064 2058/3623/3057 2068/3636/3067
f  2060/3625/3059 2058/3623/3057 2065/3633/3064
f  2069/3637/3068 2070/3638/3069 2065/3633/3064
f  2070/3638/3069 2064/3631/3063 2065/3633/3064
f  2069/3639/3068 2067/3640/3066 2071/3641/3070
f  2069/3639/3068 2071/3641/3070 2072/3637/3071
f  2070/3615/3069 2069/3639/3068 2072/3637/3071
f  2073/3642/3072 2074/3637/3073 2072/3639/3071
f  2072/3639/3071 2071/3643/3070 2073/3642/3072
f  2072/3639/3071 2074/3637/3073 2075/3644/3074
f  2076/3645/3075 2072/3639/3071 2075/3644/3074
f  2070/3615/3069 2072/3637/3071 2076/3631/3075
f  2075/3644/3074 2077/3646/3076 2076/3645/3075
f  2077/3646/3076 2078/563/3077 2076/3645/3075
f  2076/3631/3075 2078/381/3077 2064/3647/3063
f  2076/3631/3075 2064/3647/3063 2070/3615/3069
f  2079/3648/3078 2080/563/3079 2077/3645/3076
f  2077/3646/3076 2080/381/3079 2078/563/3077
f  2077/3645/3076 2075/3649/3074 2081/3650/3080
f  2081/3650/3080 2079/3648/3078 2077/3645/3076
f  2082/3651/3081 2083/3652/3082 2081/3650/3080
f  2082/3651/3081 2081/3650/3080 2084/3653/3083
f  2085/3654/3084 2081/3650/3080 2083/3652/3082
f  2085/3654/3084 2079/3648/3078 2081/3650/3080
f  2074/3639/3073 2084/3653/3083 2081/3650/3080
f  2081/3650/3080 2075/3649/3074 2074/3639/3073
f  2079/3655/3078 2085/3656/3084 2086/3657/3085
f  2086/3658/3085 2085/3654/3084 2083/3652/3082
f  2079/3655/3078 2086/3657/3085 2087/3659/3086
f  2086/3657/3085 2088/3660/3087 2089/3661/3088
f  2090/3662/3089 2088/3663/3087 2086/3658/3085
f  2086/3657/3085 2089/3661/3088 2091/3664/3090
f  2086/3657/3085 2091/3664/3090 2092/3665/3091
f  2092/3665/3091 2093/3666/3092 2086/3657/3085
f  2086/3658/3085 2083/3652/3082 2090/3662/3089
f  2086/3657/3085 2093/3666/3092 2087/3659/3086
f  2087/3667/3086 2094/3668/3093 2031/3583/3030
f  2094/3669/3093 2087/3659/3086 2093/3666/3092
f  2087/3667/3086 2031/3583/3030 2041/3598/3040
f  2056/3620/3055 2087/3667/3086 2041/3598/3040
f  2087/3659/3086 2080/3670/3079 2079/3655/3078
f  2087/3659/3086 2056/3671/3055 2080/3670/3079
f  2095/3672/3094 2094/3669/3093 2093/3666/3092
f  2094/3668/3093 2095/3673/3094 2031/3583/3030
f  2093/3666/3092 2096/3674/3095 2095/3672/3094
f  2097/3675/3096 2095/3672/3094 2096/3674/3095
f  2095/3673/3094 2097/3676/3096 2031/3583/3030
f  2097/3676/3096 2098/3677/3097 2099/3678/3098
f  2098/3679/3097 2097/3675/3096 2096/3674/3095
f  2097/3676/3096 2099/3678/3098 2031/3583/3030
f  2100/3680/3099 2099/3678/3098 2101/3681/3100
f  2099/3678/3098 2100/3680/3099 2102/3682/3101
f  2103/3683/3102 2101/3681/3100 2099/3678/3098
f  2098/3677/3097 2103/3683/3102 2099/3678/3098
f  2104/3684/3103 2105/3685/3104 2099/3678/3098
f  2102/3682/3101 2104/3684/3103 2099/3678/3098
f  2105/3685/3104 2106/3686/3105 2099/3678/3098
f  2106/3686/3105 2031/3583/3030 2099/3678/3098
f  2103/3683/3102 2107/3687/3106 2108/3688/3107
f  2107/3689/3106 2103/3690/3102 1727/3163/2726
f  2103/3690/3102 2098/3679/3097 1727/3163/2726
f  2108/3688/3107 2101/3681/3100 2103/3683/3102
f  2109/3691/3108 2108/3688/3107 2110/3692/3109
f  2111/3693/3110 2110/3692/3109 2108/3688/3107
f  2109/3691/3108 2112/3694/3111 2108/3688/3107
f  2112/3694/3111 2113/3695/3112 2108/3688/3107
f  2108/3688/3107 2113/3695/3112 2101/3681/3100
f  2114/3696/3113 2115/3697/3114 2108/3688/3107
f  2107/3687/3106 2114/3696/3113 2108/3688/3107
f  2115/3697/3114 2111/3693/3110 2108/3688/3107
f  2115/3698/3114 2114/3699/3113 2116/3700/3115
f  2111/3701/3110 2115/3698/3114 2116/3700/3115
f  2117/3702/3116 2118/3703/3117 2116/3700/3115
f  2114/3699/3113 2117/3702/3116 2116/3700/3115
f  2116/3700/3115 2119/3704/3118 2120/3705/3119
f  2119/3704/3118 2116/3700/3115 2121/3706/3120
f  2116/3700/3115 2118/3703/3117 2122/3707/3121
f  2116/3700/3115 2122/3707/3121 2121/3706/3120
f  2120/3705/3119 2111/3701/3110 2116/3700/3115
f  2120/3708/3119 2123/3709/3122 2110/3692/3109
f  2111/3693/3110 2120/3708/3119 2110/3692/3109
f  2123/3710/3122 2120/3705/3119 2119/3704/3118
f  2123/3709/3122 2124/3711/3123 2110/3692/3109
f  2125/3712/3124 2123/3710/3122 2119/3704/3118
f  2123/3709/3122 2125/3713/3124 2124/3711/3123
f  2126/3714/3125 2124/3711/3123 2127/3715/3126
f  2128/3716/3127 2127/3715/3126 2124/3711/3123
f  2126/3714/3125 2129/3717/3128 2124/3711/3123
f  2129/3717/3128 2110/3692/3109 2124/3711/3123
f  2125/3713/3124 2128/3716/3127 2124/3711/3123
f  2128/3718/3127 2125/3712/3124 2130/3719/3129
f  2128/3716/3127 2131/3720/3130 2127/3715/3126
f  2131/3721/3130 2128/3718/3127 2132/3722/3131
f  2128/3718/3127 2130/3719/3129 2132/3722/3131
f  2133/3723/3132 2132/3722/3131 2134/3724/3133
f  2134/3724/3133 2132/3722/3131 2135/3725/3134
f  2132/3722/3131 2136/3726/3135 2135/3725/3134
f  2132/3722/3131 2130/3719/3129 2136/3726/3135
f  2133/3723/3132 2131/3721/3130 2132/3722/3131
f  2133/3727/3132 2137/3728/3136 2127/3715/3126
f  2133/3727/3132 2138/3729/3137 2137/3728/3136
f  2138/3730/3137 2133/3723/3132 2134/3724/3133
f  2131/3720/3130 2133/3727/3132 2127/3715/3126
f  2138/3729/3137 2139/3731/3138 2137/3728/3136
f  2139/3732/3138 2138/3730/3137 2134/3724/3133
f  2139/3731/3138 2140/3733/3139 2137/3728/3136
f  2139/3732/3138 2134/3724/3133 2141/3734/3140
f  2142/3735/3141 2139/3732/3138 2141/3734/3140
f  2139/3731/3138 2142/3736/3141 2140/3733/3139
f  2143/3737/3142 2140/3733/3139 2144/3738/3143
f  2145/3739/3144 2144/3738/3143 2140/3733/3139
f  2143/3737/3142 2146/3740/3145 2140/3733/3139
f  2146/3740/3145 2137/3728/3136 2140/3733/3139
f  2142/3736/3141 2145/3739/3144 2140/3733/3139
f  2145/3739/3144 2147/3741/3146 2144/3738/3143
f  2147/3742/3146 2145/3743/3144 2148/3744/3147
f  2145/3743/3144 2142/3735/3141 2141/3734/3140
f  2145/3743/3144 2141/3734/3140 2148/3744/3147
f  2149/3745/3148 2147/3742/3146 2148/3744/3147
f  2149/3745/3148 2148/3744/3147 2150/3746/3149
f  2150/3746/3149 2148/3744/3147 2151/3747/3150
f  2148/3744/3147 2141/3734/3140 2152/3748/3151
f  2148/3744/3147 2152/3748/3151 2151/3747/3150
f  2149/3749/3148 2153/3750/3152 2144/3738/3143
f  2149/3749/3148 2154/3751/3153 2153/3750/3152
f  2147/3741/3146 2149/3749/3148 2144/3738/3143
f  2154/3752/3153 2149/3745/3148 2150/3746/3149
f  2155/3753/3154 2154/3752/3153 2150/3746/3149
f  2154/3751/3153 2155/3754/3154 2153/3750/3152
f  2155/3754/3154 2156/3755/3155 2157/3756/3156
f  2155/3754/3154 2157/3756/3156 2153/3750/3152
f  2155/3753/3154 2150/3746/3149 2158/3757/3157
f  2156/3758/3155 2155/3753/3154 2158/3757/3157
f  2156/3755/3155 2159/3759/3158 2157/3756/3156
f  2159/3760/3158 2156/3758/3155 2158/3757/3157
f  2159/3759/3158 2160/3761/3159 2157/3756/3156
f  2159/3759/3158 2161/3762/3160 2160/3761/3159
f  2161/3763/3160 2159/3760/3158 1646/3070/2645
f  2159/3760/3158 2158/3757/3157 1646/3070/2645
f  2161/3762/3160 1645/3764/2644 2160/3761/3159
f  1645/3069/2644 2161/3763/3160 1646/3070/2645
f  2162/3765/3161 2163/3766/3162 2160/3761/3159
f  2163/3766/3162 2157/3756/3156 2160/3761/3159
f  1645/3764/2644 1641/3063/2640 2160/3761/3159
f  2162/3765/3161 2160/3761/3159 1641/3063/2640
f  2164/3767/3163 2165/3768/3164 2162/3765/3161
f  2164/3767/3163 2162/3765/3161 1640/3062/2639
f  2165/3768/3164 2163/3766/3162 2162/3765/3161
f  1640/3062/2639 2162/3765/3161 1641/3063/2640
f  2166/3769/3165 2165/3768/3164 2164/3767/3163
f  2166/3769/3165 2167/3770/3166 2165/3768/3164
f  2165/3768/3164 2168/3771/3167 2163/3766/3162
f  2167/3770/3166 2168/3771/3167 2165/3768/3164
f  2169/3772/3168 2170/3773/3169 2167/3770/3166
f  2169/3772/3168 2167/3770/3166 2166/3769/3165
f  2170/3773/3169 2171/3774/3170 2167/3770/3166
f  2167/3770/3166 2171/3774/3170 2168/3771/3167
f  2170/3773/3169 2172/3775/3171 2171/3774/3170
f  2171/3774/3170 2173/3776/3172 2168/3771/3167
f  2171/3774/3170 2174/3777/3173 2173/3776/3172
f  2172/3775/3171 2174/3777/3173 2171/3774/3170
f  2174/3777/3173 2175/3778/3174 2176/3779/3175
f  2174/3777/3173 2176/3779/3175 2173/3776/3172
f  2177/3780/3176 2175/3778/3174 2174/3777/3173
f  2172/3775/3171 2177/3780/3176 2174/3777/3173
f  2178/3781/3177 2179/3782/3178 2177/3780/3176
f  2179/3782/3178 2180/3783/3179 2177/3780/3176
f  2177/3780/3176 2180/3783/3179 2175/3778/3174
f  2178/3781/3177 2177/3780/3176 2172/3775/3171
f  2181/3784/3180 2182/3785/3181 2178/3781/3177
f  2182/3785/3181 2179/3782/3178 2178/3781/3177
f  2181/3784/3180 2178/3781/3177 2183/3786/3182
f  2183/3786/3182 2178/3781/3177 2172/3775/3171
f  2184/3787/3183 2183/3786/3182 2185/3788/3184
f  2185/3788/3184 2183/3786/3182 2170/3773/3169
f  2184/3787/3183 2181/3784/3180 2183/3786/3182
f  2183/3786/3182 2172/3775/3171 2170/3773/3169
f  2186/3789/3185 2181/3784/3180 2184/3787/3183
f  2187/3790/3186 2184/3787/3183 2188/3791/3187
f  2184/3787/3183 2187/3790/3186 2189/3792/3188
f  2189/3792/3188 2186/3789/3185 2184/3787/3183
f  2188/3791/3187 2184/3787/3183 2185/3788/3184
f  1600/3008/2599 2188/3791/3187 2190/3793/3189
f  2188/3791/3187 2185/3788/3184 2190/3793/3189
f  2191/3794/3190 2187/3790/3186 2188/3791/3187
f  2188/3791/3187 2192/3795/3191 2191/3794/3190
f  2192/3795/3191 2188/3791/3187 1600/3008/2599
f  1599/3010/2598 2192/3795/3191 1600/3008/2599
f  2192/3796/3191 1599/3007/2598 1598/3006/2597
f  1598/3006/2597 2191/3797/3190 2192/3796/3191
f  2187/3798/3186 2191/3797/3190 2193/3799/3192
f  1598/3006/2597 2193/3799/3192 2191/3797/3190
f  2194/3800/3193 2193/3799/3192 1598/3006/2597
f  2193/3799/3192 2189/3801/3188 2187/3798/3186
f  2195/3802/3194 2196/3803/3195 2193/3799/3192
f  2193/3799/3192 2196/3803/3195 2189/3801/3188
f  2194/3800/3193 2195/3802/3194 2193/3799/3192
f  1658/3082/2657 1659/3083/2658 2195/3802/3194
f  1659/3083/2658 1664/3088/2663 2195/3802/3194
f  2195/3802/3194 1664/3088/2663 2196/3803/3195
f  1658/3082/2657 2195/3802/3194 2194/3800/3193
f  1593/3001/2592 2194/3800/3193 1598/3006/2597
f  2197/3804/3196 2194/3800/3193 1593/3001/2592
f  2197/3804/3196 1658/3082/2657 2194/3800/3193
f  1653/3077/2652 1652/3076/2651 2197/3804/3196
f  1652/3076/2651 1658/3082/2657 2197/3804/3196
f  1592/3000/2591 2197/3804/3196 1593/3001/2592
f  1653/3077/2652 2197/3804/3196 1592/3000/2591
f  2196/3803/3195 1667/3091/2666 2198/3805/3197
f  1664/3088/2663 1667/3091/2666 2196/3803/3195
f  2196/3803/3195 2198/3805/3197 2186/3806/3185
f  2186/3806/3185 2189/3801/3188 2196/3803/3195
f  2199/3807/3198 2198/3805/3197 1667/3091/2666
f  2198/3808/3197 2199/3809/3198 2182/3785/3181
f  2182/3785/3181 2181/3784/3180 2198/3808/3197
f  2181/3784/3180 2186/3789/3185 2198/3808/3197
f  1667/3091/2666 2200/3810/3199 2199/3807/3198
f  2182/3785/3181 2199/3809/3198 2200/3811/3199
f  1667/3091/2666 1668/3092/2667 2200/3810/3199
f  2201/3812/3200 2200/3810/3199 1668/3092/2667
f  2202/3813/3201 2182/3785/3181 2200/3811/3199
f  2200/3811/3199 2201/3814/3200 2202/3813/3201
f  2202/3813/3201 2201/3814/3200 2203/3815/3202
f  1668/3092/2667 2203/3816/3202 2201/3812/3200
f  2204/3817/3203 2203/3816/3202 1670/3094/2669
f  2203/3815/3202 2204/3818/3203 1900/3419/2899
f  1900/3419/2899 2202/3813/3201 2203/3815/3202
f  1668/3092/2667 1670/3094/2669 2203/3816/3202
f  1670/3094/2669 1894/3412/2893 2204/3817/3203
f  1900/3419/2899 2204/3818/3203 1894/3409/2893
f  2182/3785/3181 2202/3813/3201 2179/3782/3178
f  2202/3813/3201 2205/3819/3204 2179/3782/3178
f  2202/3813/3201 1900/3419/2899 2205/3819/3204
f  2179/3782/3178 2205/3819/3204 2180/3783/3179
f  2205/3819/3204 2206/3820/3205 2180/3783/3179
f  2205/3819/3204 1901/3420/2900 2206/3820/3205
f  1900/3419/2899 1901/3420/2900 2205/3819/3204
f  2207/3821/3206 2180/3783/3179 2206/3820/3205
f  2206/3820/3205 2208/3822/3207 2209/3823/3208
f  2206/3820/3205 1902/3421/2901 2208/3822/3207
f  2209/3823/3208 2207/3821/3206 2206/3820/3205
f  1901/3420/2900 1902/3421/2901 2206/3820/3205
f  2209/3823/3208 2208/3822/3207 2210/3824/3209
f  2207/3821/3206 2209/3823/3208 2211/3825/3210
f  2209/3823/3208 2210/3824/3209 2146/3740/3145
f  2211/3825/3210 2209/3823/3208 2146/3740/3145
f  2175/3778/3174 2207/3821/3206 2211/3825/3210
f  2175/3778/3174 2211/3825/3210 2176/3779/3175
f  2176/3779/3175 2211/3825/3210 2143/3737/3142
f  2211/3825/3210 2146/3740/3145 2143/3737/3142
f  2146/3740/3145 2210/3824/3209 2137/3728/3136
f  2208/3822/3207 2126/3714/3125 2210/3824/3209
f  2210/3824/3209 2127/3715/3126 2137/3728/3136
f  2210/3824/3209 2126/3714/3125 2127/3715/3126
f  2180/3783/3179 2207/3821/3206 2175/3778/3174
f  2208/3822/3207 2212/3826/3211 2126/3714/3125
f  1902/3421/2901 2212/3826/3211 2208/3822/3207
f  2212/3826/3211 2129/3717/3128 2126/3714/3125
f  1902/3421/2901 1904/3423/2903 2212/3826/3211
f  1904/3423/2903 2213/3827/3212 2212/3826/3211
f  2212/3826/3211 2213/3827/3212 2129/3717/3128
f  1919/3443/2918 1929/3457/2928 2213/3827/3212
f  2213/3827/3212 1929/3457/2928 1931/3459/2930
f  1904/3423/2903 1919/3443/2918 2213/3827/3212
f  2213/3827/3212 1931/3459/2930 2109/3691/3108
f  2213/3827/3212 2109/3691/3108 2129/3717/3128
f  1600/3008/2599 2190/3793/3189 1602/3013/2601
f  2190/3793/3189 2185/3788/3184 2169/3772/3168
f  2190/3793/3189 2169/3772/3168 2214/3828/3213
f  1602/3013/2601 2190/3793/3189 2214/3828/3213
f  1602/3013/2601 2214/3828/3213 2215/3829/3214
f  2215/3829/3214 2214/3828/3213 2216/3830/3215
f  2214/3828/3213 2169/3772/3168 2166/3769/3165
f  2214/3828/3213 2166/3769/3165 2216/3830/3215
f  2216/3830/3215 2166/3769/3165 2164/3767/3163
f  2216/3830/3215 2164/3767/3163 2217/3831/3216
f  2218/3832/3217 2216/3830/3215 2217/3831/3216
f  2215/3829/3214 2216/3830/3215 2218/3832/3217
f  2219/3833/3218 2218/3832/3217 1620/3037/2619
f  2219/3833/3218 2215/3829/3214 2218/3832/3217
f  1620/3037/2619 2218/3832/3217 1623/3040/2622
f  2218/3832/3217 2217/3831/3216 1623/3040/2622
f  1614/3031/2613 2219/3833/3218 1616/3033/2615
f  1614/3031/2613 1604/3015/2603 2219/3833/3218
f  1616/3033/2615 2219/3833/3218 1620/3037/2619
f  1604/3015/2603 2215/3829/3214 2219/3833/3218
f  1623/3040/2622 2217/3831/3216 1628/3045/2627
f  2217/3831/3216 1640/3062/2639 1628/3045/2627
f  2217/3831/3216 2164/3767/3163 1640/3062/2639
f  1604/3015/2603 1602/3013/2601 2215/3829/3214
f  2185/3788/3184 2170/3773/3169 2169/3772/3168
f  2176/3779/3175 2143/3737/3142 2220/3834/3219
f  2173/3776/3172 2176/3779/3175 2220/3834/3219
f  2221/3835/3220 2220/3834/3219 2153/3750/3152
f  2220/3834/3219 2144/3738/3143 2153/3750/3152
f  2220/3834/3219 2143/3737/3142 2144/3738/3143
f  2173/3776/3172 2220/3834/3219 2221/3835/3220
f  2221/3835/3220 2153/3750/3152 2157/3756/3156
f  2163/3766/3162 2221/3835/3220 2157/3756/3156
f  2168/3771/3167 2173/3776/3172 2221/3835/3220
f  2168/3771/3167 2221/3835/3220 2163/3766/3162
f  1646/3070/2645 2158/3757/3157 1649/3073/2648
f  2158/3757/3157 1655/3079/2654 1649/3073/2648
f  2158/3757/3157 2150/3746/3149 1655/3079/2654
f  2141/3734/3140 2222/3836/3221 2152/3748/3151
f  2152/3748/3151 2222/3836/3221 2223/3837/3222
f  2152/3748/3151 2223/3837/3222 1661/3085/2660
f  2151/3747/3150 2152/3748/3151 1661/3085/2660
f  2223/3837/3222 2224/3838/3223 2225/3839/3224
f  2222/3836/3221 2224/3838/3223 2223/3837/3222
f  2223/3837/3222 2225/3839/3224 1662/3086/2661
f  1661/3085/2660 2223/3837/3222 1662/3086/2661
f  1672/3096/2671 2225/3839/3224 2224/3838/3223
f  1672/3096/2671 1666/3090/2665 2225/3839/3224
f  1662/3086/2661 2225/3839/3224 1666/3090/2665
f  2135/3725/3134 2226/3840/3225 2224/3838/3223
f  2224/3838/3223 2226/3840/3225 1672/3096/2671
f  2222/3836/3221 2135/3725/3134 2224/3838/3223
f  2135/3725/3134 2136/3726/3135 2226/3840/3225
f  2136/3726/3135 1682/3106/2681 2226/3840/3225
f  2226/3840/3225 1682/3106/2681 1675/3099/2674
f  2226/3840/3225 1675/3099/2674 1672/3096/2671
f  2141/3734/3140 2134/3724/3133 2222/3836/3221
f  2134/3724/3133 2135/3725/3134 2222/3836/3221
f  2150/3746/3149 2151/3747/3150 1655/3079/2654
f  1655/3079/2654 2151/3747/3150 1656/3080/2655
f  2151/3747/3150 1661/3085/2660 1656/3080/2655
f  2136/3726/3135 2227/3841/3226 1682/3106/2681
f  2130/3719/3129 2227/3841/3226 2136/3726/3135
f  2119/3704/3118 2121/3706/3120 2227/3841/3226
f  2130/3719/3129 2119/3704/3118 2227/3841/3226
f  2227/3841/3226 2121/3706/3120 1683/3107/2682
f  2227/3841/3226 1683/3107/2682 1682/3106/2681
f  2119/3704/3118 2130/3719/3129 2125/3712/3124
f  2129/3717/3128 2109/3691/3108 2110/3692/3109
f  2122/3707/3121 2228/3842/3227 2121/3706/3120
f  2121/3706/3120 2228/3842/3227 1688/3112/2687
f  2121/3706/3120 1688/3112/2687 1683/3107/2682
f  2122/3707/3121 2229/3843/3228 2228/3842/3227
f  2228/3842/3227 1689/3113/2688 1688/3112/2687
f  2228/3842/3227 2229/3843/3228 1689/3113/2688
f  2122/3707/3121 1720/3152/2719 2229/3843/3228
f  1710/3844/2709 2229/3843/3228 1720/3152/2719
f  1710/3844/2709 1709/3845/2708 2229/3843/3228
f  2230/3846/3229 1689/3113/2688 2229/3843/3228
f  1709/3845/2708 2230/3846/3229 2229/3843/3228
f  1701/3130/2700 2230/3847/3229 1709/3138/2708
f  2230/3846/3229 1699/3126/2698 1689/3113/2688
f  1699/3128/2698 2230/3847/3229 1701/3130/2700
f  2118/3703/3117 1720/3152/2719 2122/3707/3121
f  2117/3702/3116 1721/3155/2720 2118/3703/3117
f  2118/3703/3117 1721/3155/2720 1720/3152/2719
f  1727/3163/2726 2117/3702/3116 2107/3689/3106
f  2114/3699/3113 2107/3689/3106 2117/3702/3116
f  2117/3702/3116 1727/3163/2726 1721/3155/2720
f  2231/3848/3230 2100/3680/3099 2113/3695/3112
f  2112/3694/3111 2231/3848/3230 2113/3695/3112
f  2113/3695/3112 2100/3680/3099 2101/3681/3100
f  2232/3849/3231 2231/3848/3230 2112/3694/3111
f  2233/3850/3232 2234/3851/3233 2231/3848/3230
f  2233/3850/3232 2231/3848/3230 2232/3849/3231
f  2234/3851/3233 2235/3852/3234 2231/3848/3230
f  2231/3848/3230 2236/3853/3235 2237/3854/3236
f  2237/3854/3236 2100/3680/3099 2231/3848/3230
f  2231/3848/3230 2235/3852/3234 2236/3853/3235
f  1930/3458/2929 2232/3849/3231 2238/3855/3237
f  2232/3849/3231 1930/3458/2929 1939/3471/2938
f  2232/3849/3231 1941/3856/2940 2233/3850/3232
f  1939/3471/2938 1941/3856/2940 2232/3849/3231
f  2238/3855/3237 2232/3849/3231 2112/3694/3111
f  1931/3459/2930 2238/3855/3237 2109/3691/3108
f  1931/3459/2930 1930/3458/2929 2238/3855/3237
f  2109/3691/3108 2238/3855/3237 2112/3694/3111
f  2239/3857/3238 2236/381/3235 2235/3858/3234
f  2237/3859/3236 2236/563/3235 2240/3860/3239
f  2236/563/3235 2239/3861/3238 2240/3860/3239
f  2239/3861/3238 2241/3862/3240 2242/3863/3241
f  2241/3864/3240 2239/3857/3238 2243/3865/3242
f  2239/3857/3238 2235/3858/3234 2243/3865/3242
f  2239/3861/3238 2242/3863/3241 2240/3860/3239
f  2244/3866/3243 2240/3860/3239 2242/3863/3241
f  2245/3867/3244 2244/3866/3243 2242/3863/3241
f  2245/3867/3244 2242/3863/3241 2246/3868/3245
f  2241/3862/3240 2246/3868/3245 2242/3863/3241
f  2247/3869/3246 2244/3866/3243 2245/3867/3244
f  2248/3870/3247 2247/3869/3246 2245/3867/3244
f  2248/3870/3247 2245/3867/3244 2249/3871/3248
f  2249/3871/3248 2245/3867/3244 2246/3868/3245
f  2250/3872/3249 2248/3870/3247 2249/3871/3248
f  2249/3871/3248 2251/3873/3250 2250/3872/3249
f  2251/3873/3250 2249/3871/3248 2252/3874/3251
f  2249/3871/3248 2246/3868/3245 2252/3874/3251
f  2251/3873/3250 2252/3874/3251 2253/3875/3252
f  2254/3876/3253 2253/3875/3252 2252/3874/3251
f  2255/3877/3254 2252/3874/3251 2246/3868/3245
f  2255/3877/3254 2254/3876/3253 2252/3874/3251
f  2254/3878/3253 2255/3879/3254 2256/3880/3255
f  2254/3878/3253 2256/3880/3255 2257/3881/3256
f  2258/3882/3257 2254/3878/3253 2257/3881/3256
f  2254/3876/3253 2258/3883/3257 2253/3875/3252
f  2258/3883/3257 2259/116/3258 2260/3884/3259
f  2259/626/3258 2258/3882/3257 2261/3885/3260
f  2258/3883/3257 2260/3884/3259 2253/3875/3252
f  2258/3882/3257 2257/3881/3256 2261/3885/3260
f  2262/3886/3261 2261/3885/3260 1951/3484/2950
f  2262/3886/3261 2259/626/3258 2261/3885/3260
f  2261/3885/3260 1949/3482/2948 1951/3484/2950
f  2261/3885/3260 2257/3881/3256 1949/3482/2948
f  1956/3489/2955 2262/3887/3261 1955/3490/2954
f  1955/3488/2954 2262/3886/3261 1951/3484/2950
f  1956/3489/2955 2259/381/3258 2262/3887/3261
f  2253/3875/3252 2260/3884/3259 2263/3888/3262
f  2263/3889/3262 2260/3890/3259 2264/3891/3263
f  2260/3890/3259 2259/3892/3258 2264/3891/3263
f  1956/3183/2955 2265/3893/3264 2264/3891/3263
f  2264/3891/3263 2265/3893/3264 2266/3894/3265
f  2263/3889/3262 2264/3891/3263 2267/3895/3266
f  2264/3891/3263 2266/3894/3265 2267/3895/3266
f  2259/3892/3258 1956/3183/2955 2264/3891/3263
f  2265/3893/3264 2268/3896/3267 2266/3894/3265
f  2266/3894/3265 2268/3896/3267 2004/3551/3003
f  2267/3895/3266 2266/3894/3265 2003/3550/3002
f  2266/3894/3265 2004/3551/3003 2003/3550/3002
f  2268/3896/3267 2269/3897/3268 2270/3898/3269
f  2271/3899/3270 2269/3897/3268 2268/3896/3267
f  2268/3896/3267 2270/3898/3269 2004/3551/3003
f  2265/3893/3264 2271/3899/3270 2268/3896/3267
f  1959/3188/2958 2271/3899/3270 2265/3893/3264
f  2271/3899/3270 1976/3515/2975 2269/3897/3268
f  2272/3192/3271 1976/3515/2975 2271/3899/3270
f  1959/3188/2958 2272/3192/3271 2271/3899/3270
f  2272/3900/3271 1959/3496/2958 1964/3901/2963
f  2272/3192/3271 1973/3195/2972 1976/3515/2975
f  1964/3901/2963 1973/3513/2972 2272/3900/3271
f  2270/3898/3269 2269/3897/3268 1984/3902/2983
f  1994/3540/2993 2270/3898/3269 1988/3537/2987
f  2004/3551/3003 2270/3898/3269 1994/3540/2993
f  1984/3902/2983 1988/3537/2987 2270/3898/3269
f  2269/3897/3268 1976/3515/2975 1977/3517/2976
f  1977/3517/2976 1984/3902/2983 2269/3897/3268
f  2263/3889/3262 2267/3895/3266 2250/3903/3249
f  2250/3903/3249 2267/3895/3266 2006/3553/3005
f  2267/3895/3266 2003/3550/3002 2006/3553/3005
f  1956/3183/2955 1959/3188/2958 2265/3893/3264
f  2250/3903/3249 2273/3904/3272 2263/3889/3262
f  2263/3888/3262 2251/3873/3250 2253/3875/3252
f  2263/3888/3262 2273/3905/3272 2251/3873/3250
f  2251/3873/3250 2273/3905/3272 2250/3872/3249
f  2257/3881/3256 1945/3478/2944 1949/3482/2948
f  2257/3881/3256 2256/3880/3255 1945/3478/2944
f  2255/3879/3254 2274/3906/3273 2256/3880/3255
f  2256/3880/3255 1944/3477/2943 1945/3478/2944
f  2256/3880/3255 2274/3906/3273 1944/3477/2943
f  2255/3879/3254 2241/3864/3240 2274/3906/3273
f  2241/3864/3240 2243/3865/3242 2274/3906/3273
f  2274/3906/3273 2243/3865/3242 1942/3475/2941
f  2274/3906/3273 1942/3475/2941 1944/3477/2943
f  2241/3862/3240 2255/3877/3254 2246/3868/3245
f  2250/3872/3249 2275/3907/3274 2248/3870/3247
f  2276/3908/3275 2250/3903/3249 2006/3553/3005
f  2276/3908/3275 2275/3909/3274 2250/3903/3249
f  2248/3870/3247 2275/3907/3274 2276/3910/3275
f  2276/3908/3275 2006/3553/3005 2007/3554/3006
f  2276/3910/3275 2277/3911/3276 2020/3568/3019
f  2276/3910/3275 2020/3568/3019 2248/3870/3247
f  2012/3559/3011 2277/3912/3276 2276/3908/3275
f  2012/3559/3011 2276/3908/3275 2007/3554/3006
f  2020/3568/3019 2277/3911/3276 2012/3569/3011
f  2247/3869/3246 2278/3913/3277 2244/3866/3243
f  2019/3567/3018 2247/3869/3246 2248/3870/3247
f  2019/3567/3018 2278/3913/3277 2247/3869/3246
f  2104/3914/3103 2278/3913/3277 2019/3567/3018
f  2102/3915/3101 2244/3866/3243 2278/3913/3277
f  2278/3913/3277 2104/3914/3103 2102/3915/3101
f  2248/3870/3247 2020/3568/3019 2019/3567/3018
f  2102/3915/3101 2279/3916/3278 2244/3866/3243
f  2244/3866/3243 2279/3916/3278 2240/3860/3239
f  2237/3859/3236 2240/3860/3239 2279/3916/3278
f  2280/3917/3279 2237/3859/3236 2279/3916/3278
f  2102/3915/3101 2280/3917/3279 2279/3916/3278
f  2280/3918/3279 2102/3682/3101 2100/3680/3099
f  2237/3854/3236 2280/3918/3279 2100/3680/3099
f  2233/3919/3232 1942/3475/2941 2243/3865/3242
f  2234/3920/3233 2233/3919/3232 2243/3865/3242
f  2235/3858/3234 2234/3920/3233 2243/3865/3242
f  1942/3475/2941 2233/3919/3232 1941/3474/2940
f  2106/3921/3105 2105/3922/3104 2018/3566/3017
f  2029/3923/3028 2281/381/3280 2106/3921/3105
f  2017/3565/3016 2029/3923/3028 2106/3921/3105
f  2106/3921/3105 2018/3566/3017 2017/3565/3016
f  2106/3686/3105 2281/3924/3280 2031/3583/3030
f  2281/3924/3280 2028/3584/3027 2031/3583/3030
f  2028/3580/3027 2281/563/3280 2029/3581/3028
f  2105/3922/3104 2019/3567/3018 2018/3566/3017
f  2105/3922/3104 2104/3914/3103 2019/3567/3018
f  2096/3674/3095 1727/3163/2726 2098/3679/3097
f  2096/3674/3095 2282/3925/3281 2283/3926/3282
f  2284/3927/3283 2282/3925/3281 2096/3674/3095
f  2096/3674/3095 2283/3926/3282 2285/3928/3284
f  2286/3929/3285 2284/3927/3283 2096/3674/3095
f  2287/3930/3286 2286/3929/3285 2096/3674/3095
f  2288/3931/3287 2287/3930/3286 2096/3674/3095
f  2096/3674/3095 2093/3666/3092 2288/3931/3287
f  1727/3163/2726 2096/3674/3095 2285/3928/3284
f  1727/3163/2726 2285/3928/3284 1729/3166/2728
f  1729/3167/2728 2285/3932/3284 1733/3171/2732
f  1738/3176/2737 1733/3171/2732 2285/3932/3284
f  2285/3932/3284 2289/3933/3288 1738/3176/2737
f  2285/3932/3284 2283/563/3282 2289/3933/3288
f  1738/3934/2737 2289/3935/3288 2290/3936/3289
f  2289/3935/3288 2283/381/3282 2282/3937/3281
f  2289/3935/3288 2282/3937/3281 2290/3936/3289
f  1738/3934/2737 2290/3936/3289 1741/3180/2740
f  1741/3180/2740 2290/3936/3289 2291/3938/3290
f  2282/3937/3281 2284/3939/3283 2290/3936/3289
f  2284/3939/3283 2292/3940/3291 2290/3936/3289
f  2290/3936/3289 2292/3940/3291 2291/3938/3290
f  2291/3938/3290 2292/3940/3291 2293/3941/3292
f  2292/3940/3291 2294/3942/3293 2293/3941/3292
f  2284/3939/3283 2286/3943/3285 2292/3940/3291
f  2286/3943/3285 2294/3942/3293 2292/3940/3291
f  2286/3943/3285 2287/3944/3286 2294/3942/3293
f  2287/3944/3286 2295/3945/3294 2294/3942/3293
f  2293/3941/3292 2294/3942/3293 2296/3946/3295
f  2294/3942/3293 2295/3945/3294 2296/3946/3295
f  2287/3944/3286 2288/3947/3287 2295/3945/3294
f  2296/3946/3295 2295/3945/3294 2297/3948/3296
f  2295/3945/3294 2298/3949/3297 2297/3948/3296
f  2288/3947/3287 2298/3949/3297 2295/3945/3294
f  2298/3949/3297 2299/3950/3298 2300/3951/3299
f  2300/3951/3299 2301/3952/3300 2298/3949/3297
f  2297/3948/3296 2298/3949/3297 2302/3953/3301
f  2298/3949/3297 2301/3952/3300 2302/3953/3301
f  2288/3947/3287 2299/3950/3298 2298/3949/3297
f  2300/3951/3299 2303/3954/3302 2301/3952/3300
f  2303/3954/3302 2304/3955/3303 2301/3952/3300
f  2302/3953/3301 2301/3952/3300 2305/3956/3304
f  2301/3952/3300 2304/3955/3303 2305/3956/3304
f  2303/3954/3302 2306/3957/3305 2304/3955/3303
f  2306/3957/3305 2307/3933/3306 2304/3955/3303
f  2308/3958/3307 2305/3956/3304 2304/3955/3303
f  2304/3955/3303 2307/3933/3306 2308/3958/3307
f  2308/3644/3307 2307/3959/3306 2309/3960/3308
f  2308/3958/3307 2310/3961/3309 2305/3956/3304
f  2310/3962/3309 2308/3644/3307 2309/3960/3308
f  2307/3959/3306 2091/3963/3090 2309/3960/3308
f  2091/3963/3090 2089/3964/3088 2309/3960/3308
f  2310/3962/3309 2309/3960/3308 2311/3965/3310
f  2311/3965/3310 2309/3960/3308 2312/3966/3311
f  2089/3964/3088 2312/3966/3311 2309/3960/3308
f  2311/3965/3310 2312/3966/3311 2313/3967/3312
f  2313/3967/3312 2312/3966/3311 2090/3662/3089
f  2089/3964/3088 2088/3663/3087 2312/3966/3311
f  2088/3663/3087 2090/3662/3089 2312/3966/3311
f  2313/3967/3312 2314/3968/3313 2315/3969/3314
f  2314/3968/3313 2313/3967/3312 2316/3970/3315
f  2311/3965/3310 2313/3967/3312 2315/3969/3314
f  2313/3967/3312 2090/3662/3089 2316/3970/3315
f  2317/3971/3316 2318/3972/3317 2315/3973/3314
f  2317/3971/3316 2315/3973/3314 2314/3974/3313
f  2319/3975/3318 2315/3973/3314 2318/3972/3317
f  2315/3969/3314 2319/3976/3318 2311/3965/3310
f  2319/3976/3318 2320/626/3319 2321/3977/3320
f  2311/3965/3310 2319/3976/3318 2321/3977/3320
f  2318/3972/3317 2320/3978/3319 2319/3975/3318
f  2322/3979/3321 2320/3980/3319 2323/3981/3322
f  2320/116/3319 2322/3982/3321 2305/3956/3304
f  2321/3983/3320 2320/116/3319 2305/3956/3304
f  2318/3972/3317 2323/3984/3322 2320/3978/3319
f  2324/3985/3323 2323/3981/3322 2325/3986/3324
f  2325/3987/3324 2323/3984/3322 2318/3972/3317
f  2324/3985/3323 2326/3988/3325 2323/3981/3322
f  2326/3988/3325 2327/3989/3326 2323/3981/3322
f  2327/3989/3326 2322/3979/3321 2323/3981/3322
f  2327/3990/3326 2326/3991/3325 2302/3953/3301
f  2322/3982/3321 2327/3990/3326 2305/3956/3304
f  2327/3990/3326 2302/3953/3301 2305/3956/3304
f  2326/3991/3325 2324/3992/3323 2297/3948/3296
f  2326/3991/3325 2297/3948/3296 2302/3953/3301
f  1746/3189/2745 2324/3985/3323 2325/3986/3324
f  2324/3992/3323 1746/3993/2745 2293/3941/3292
f  2324/3992/3323 2296/3946/3295 2297/3948/3296
f  2324/3992/3323 2293/3941/3292 2296/3946/3295
f  1746/3189/2745 2325/3986/3324 1749/3193/2748
f  1749/3639/2748 2325/3987/3324 2328/3994/3327
f  2325/3987/3324 2318/3972/3317 2328/3994/3327
f  1749/3639/2748 2328/3994/3327 2329/3995/3328
f  2317/3971/3316 2330/3996/3329 2328/3994/3327
f  2317/3971/3316 2328/3994/3327 2318/3972/3317
f  2330/3996/3329 2329/3995/3328 2328/3994/3327
f  2331/3997/3330 2330/3996/3329 2317/3971/3316
f  2331/3997/3330 2332/3998/3331 2330/3996/3329
f  2332/3998/3331 2333/3999/3332 2330/3996/3329
f  2330/3996/3329 2333/3999/3332 2329/3995/3328
f  2334/4000/3333 2335/4001/3334 2333/3999/3332
f  2333/3999/3332 2335/4001/3334 2336/4002/3335
f  2332/3998/3331 2334/4000/3333 2333/3999/3332
f  2333/3999/3332 2336/4002/3335 2329/3995/3328
f  1753/4003/2752 2329/3995/3328 2336/4002/3335
f  2337/4004/3336 1753/4003/2752 2336/4002/3335
f  2337/4004/3336 2336/4002/3335 2338/4005/3337
f  2335/4001/3334 2338/4005/3337 2336/4002/3335
f  2335/4001/3334 2339/4006/3338 2338/4005/3337
f  2340/4007/3339 2338/4005/3337 2339/4006/3338
f  2341/4008/3340 2337/4004/3336 2338/4005/3337
f  2340/4007/3339 2342/4009/3341 2338/4005/3337
f  2342/4009/3341 2341/4008/3340 2338/4005/3337
f  2337/4010/3336 2341/4011/3340 2343/4012/3342
f  2343/4013/3342 2341/626/3340 2344/4014/3343
f  2345/4015/3344 2341/116/3340 2342/4016/3341
f  2341/626/3340 2345/4017/3344 2344/4014/3343
f  2346/4018/3345 2345/4015/3344 2342/4016/3341
f  2344/4014/3343 2345/4017/3344 2346/4019/3345
f  2342/4016/3341 2347/4020/3346 2346/4018/3345
f  2346/4018/3345 2347/4020/3346 2348/4021/3347
f  2349/4022/3348 2346/4018/3345 2348/4021/3347
f  2346/4019/3345 2349/4023/3348 2350/4024/3349
f  2346/4019/3345 2350/4024/3349 2344/4014/3343
f  2344/4014/3343 2350/4024/3349 2351/4025/3350
f  2352/4026/3351 2353/4027/3352 2350/4024/3349
f  2353/4027/3352 2354/4028/3353 2350/4024/3349
f  2354/4028/3353 2355/4029/3354 2350/4024/3349
f  2355/4029/3354 2351/4025/3350 2350/4024/3349
f  2349/4023/3348 2352/4026/3351 2350/4024/3349
f  2354/4030/3353 2353/4031/3352 2356/4032/3355
f  2355/4033/3354 2354/4030/3353 2356/4032/3355
f  2356/4032/3355 2357/4034/3356 2358/4035/3357
f  2358/4035/3357 2359/4036/3358 2356/4032/3355
f  2357/4034/3356 2356/4032/3355 2360/4037/3359
f  2359/4036/3358 1769/3221/2768 2356/4032/3355
f  2355/4033/3354 2356/4032/3355 1769/3221/2768
f  2356/4032/3355 2353/4031/3352 2361/4038/3360
f  2356/4032/3355 2361/4038/3360 2362/4039/3361
f  2360/4037/3359 2356/4032/3355 2362/4039/3361
f  2363/4040/3362 2362/4041/3361 2364/4042/3363
f  2362/4039/3361 2363/4043/3362 2365/4044/3364
f  2362/4039/3361 2365/4044/3364 2366/4045/3365
f  2362/4039/3361 2366/4045/3365 2367/4046/3366
f  2362/4039/3361 2367/4046/3366 2360/4037/3359
f  2348/4021/3347 2362/4041/3361 2352/4047/3351
f  2362/4041/3361 2361/563/3360 2352/4047/3351
f  2362/4041/3361 2348/4021/3347 2364/4042/3363
f  2364/4042/3363 2348/4021/3347 2347/4020/3346
f  2368/4048/3367 2364/4042/3363 2347/4020/3346
f  2369/4049/3368 2364/4042/3363 2368/4048/3367
f  2363/4040/3362 2364/4042/3363 2369/4049/3368
f  2370/4050/3369 2369/4049/3368 2368/4048/3367
f  2371/4051/3370 2369/4049/3368 2370/4050/3369
f  2372/4052/3371 2363/4040/3362 2369/4049/3368
f  2369/4049/3368 2371/4051/3370 2372/4052/3371
f  2363/4043/3362 2372/4053/3371 2365/4044/3364
f  2365/4054/3364 2372/4052/3371 2373/4055/3372
f  2372/4052/3371 2371/4051/3370 2373/4055/3372
f  2374/4056/3373 2373/4055/3372 2375/4057/3374
f  2366/4058/3365 2373/4055/3372 2374/4056/3373
f  2375/4057/3374 2373/4055/3372 2376/4059/3375
f  2373/4055/3372 2371/4051/3370 2376/4059/3375
f  2366/4058/3365 2365/4054/3364 2373/4055/3372
f  2377/4060/3376 2376/4059/3375 2378/4061/3377
f  2378/4061/3377 2376/4059/3375 2371/4051/3370
f  2377/4060/3376 2379/4062/3378 2376/4059/3375
f  2379/4062/3378 2375/4057/3374 2376/4059/3375
f  2379/4063/3379 2377/4064/3380 2380/4065/3381
f  2377/4060/3376 2378/4061/3377 2370/4050/3369
f  2380/4066/3382 2377/4060/3376 2370/4050/3369
f  2380/4065/3381 2381/4067/3383 2339/4006/3338
f  2382/4068/3384 2380/4065/3381 2339/4006/3338
f  2382/4068/3384 2379/4063/3379 2380/4065/3381
f  2381/4069/3383 2380/4066/3382 2370/4050/3369
f  2383/4070/3385 2382/4068/3384 2384/4071/3386
f  2382/4068/3384 2339/4006/3338 2384/4071/3386
f  2382/4072/3384 2383/4073/3385 2385/4074/3387
f  2382/4068/3384 2386/4075/3388 2387/4076/3389
f  2386/4077/3388 2382/4072/3384 2385/4074/3387
f  2382/4068/3384 2387/4076/3389 2379/4063/3379
f  2385/4074/3387 2388/4078/3390 2389/4079/3391
f  2383/4073/3385 2388/4078/3390 2385/4074/3387
f  2390/4080/3392 2391/4081/3393 2385/4074/3387
f  2392/4082/3394 2390/4080/3392 2385/4074/3387
f  2385/4074/3387 2391/4081/3393 2393/4083/3395
f  2385/4074/3387 2393/4083/3395 2386/4077/3388
f  2389/4079/3391 2392/4082/3394 2385/4074/3387
f  2392/4082/3394 2394/4084/3396 2395/4085/3397
f  2396/4086/3398 2392/4082/3394 2395/4085/3397
f  2389/4079/3391 2394/4084/3396 2392/4082/3394
f  2396/4086/3398 2390/4080/3392 2392/4082/3394
f  2395/4087/3397 2394/4088/3396 2389/4089/3391
f  2395/4085/3397 2397/4090/3399 2396/4086/3398
f  2397/4090/3399 2398/4091/3400 2396/4086/3398
f  2396/4086/3398 2398/4091/3400 2399/4092/3401
f  2396/4086/3398 2400/4093/3402 2390/4080/3392
f  2401/4094/3403 2400/4093/3402 2396/4086/3398
f  2402/4095/3404 2401/4094/3403 2396/4086/3398
f  2396/4086/3398 2399/4092/3401 2402/4095/3404
f  2403/381/3405 2401/4022/3403 2402/4096/3404
f  2402/4096/3404 2399/4097/3401 2404/4095/3406
f  2402/4096/3404 2404/4095/3406 2403/381/3405
f  2405/4098/3407 2403/4099/3405 2406/4100/3408
f  2407/4101/3409 2403/4102/3405 2405/4103/3407
f  2408/4104/3410 2406/381/3408 2403/563/3405
f  2403/563/3405 2404/4105/3406 2408/4106/3411
f  2408/4106/3411 2408/4104/3410 2403/563/3405
f  2403/381/3405 2407/563/3409 2401/4022/3403
f  2401/4094/3403 2407/381/3409 2409/4107/3412
f  2409/4108/3412 2407/4101/3409 2405/4103/3407
f  2360/4037/3359 2410/4109/3413 2409/4108/3412
f  2409/4107/3412 2410/4110/3413 2400/4093/3402
f  2401/4094/3403 2409/4107/3412 2400/4093/3402
f  2360/4037/3359 2409/4108/3412 2405/4103/3407
f  2390/4080/3392 2410/4110/3413 2360/4111/3359
f  2410/4110/3413 2390/4080/3392 2400/4093/3402
f  2411/4112/3414 2408/4113/3410 2408/4105/3411
f  2412/4114/3415 2408/4113/3410 2411/4112/3414
f  2412/4114/3415 2406/563/3408 2408/4113/3410
f  2405/4098/3407 2406/4100/3408 2412/4115/3415
f  2413/4116/3416 2405/4098/3407 2412/4115/3415
f  2412/4115/3415 2414/4117/3417 2413/4116/3416
f  2414/4118/3417 2412/4114/3415 2411/4112/3414
f  2414/4118/3417 2411/4112/3414 2415/4119/3418
f  2413/4120/3416 2414/4118/3417 2415/4119/3418
f  2416/4121/3419 2415/4119/3418 2417/4122/3420
f  2418/4123/3421 2415/4119/3418 2416/4121/3419
f  2415/4119/3418 2411/4112/3414 2417/4122/3420
f  2413/4120/3416 2415/4119/3418 2419/4124/3422
f  2418/4123/3421 2419/4124/3422 2415/4119/3418
f  2419/4124/3422 2420/4125/3423 2413/4120/3416
f  2420/4125/3423 2419/4124/3422 2421/4126/3424
f  2422/4127/3425 2419/4124/3422 2418/4123/3421
f  2422/4127/3425 2421/4126/3424 2419/4124/3422
f  2423/4128/3426 2421/4126/3424 2422/4127/3425
f  2423/4128/3426 2424/4129/3427 2421/4126/3424
f  2425/4130/3428 2420/4125/3423 2421/4126/3424
f  2425/4130/3428 2421/4126/3424 2424/4129/3427
f  2426/4131/3429 2424/4129/3427 2423/4128/3426
f  2427/4132/3430 2425/4130/3428 2424/4129/3427
f  2428/4133/3431 2427/4132/3430 2424/4129/3427
f  2429/4104/3432 2428/4133/3431 2424/4129/3427
f  2426/4131/3429 2429/4104/3432 2424/4129/3427
f  2427/4134/3430 2430/4135/3433 2431/4136/3434
f  2420/4137/3423 2427/4134/3430 2431/4136/3434
f  2420/4137/3423 2425/4138/3428 2427/4134/3430
f  2428/4133/3431 2430/381/3433 2427/4132/3430
f  2430/4135/3433 2432/4139/3435 2431/4136/3434
f  2432/4140/3435 2430/563/3433 2428/4141/3431
f  2431/4136/3434 2432/4139/3435 2433/4142/3436
f  2432/4140/3435 2428/4141/3431 2434/4143/3437
f  2434/4143/3437 2433/4144/3436 2432/4140/3435
f  2431/4136/3434 2433/4142/3436 2435/4145/3438
f  2435/4146/3438 2433/4144/3436 2434/4143/3437
f  2436/4147/3439 2431/4136/3434 2435/4145/3438
f  2435/4145/3438 2437/4148/3440 2436/4147/3439
f  2437/4149/3440 2435/4146/3438 2438/4150/3441
f  2435/4146/3438 2434/4143/3437 2438/4150/3441
f  2437/4149/3440 2438/4150/3441 2439/4151/3442
f  2440/4152/3443 2438/4150/3441 2441/4153/3444
f  2439/4151/3442 2438/4150/3441 2440/4152/3443
f  2438/4150/3441 2434/4143/3437 2441/4153/3444
f  2426/4154/3429 2441/4153/3444 2434/4143/3437
f  2442/4155/3445 2443/4156/3446 2441/4153/3444
f  2443/4156/3446 2440/4152/3443 2441/4153/3444
f  2444/4157/3447 2445/116/3448 2441/4153/3444
f  2445/116/3448 2442/4155/3445 2441/4153/3444
f  2426/4154/3429 2444/4157/3447 2441/4153/3444
f  2446/4158/3449 2445/626/3448 2444/4159/3447
f  2446/4158/3449 2444/4159/3447 2426/4131/3429
f  2447/4160/3450 2445/4161/3448 2446/4162/3449
f  2446/4162/3449 2448/4163/3451 2447/4160/3450
f  2448/4164/3451 2446/4158/3449 2422/4127/3425
f  2426/4131/3429 2423/4128/3426 2446/4158/3449
f  2446/4158/3449 2423/4128/3426 2422/4127/3425
f  2449/4165/3452 2447/4160/3450 2448/4163/3451
f  2449/4165/3452 2448/4163/3451 2450/4166/3453
f  2422/4127/3425 2450/4167/3453 2448/4164/3451
f  2450/4167/3453 2422/4127/3425 2418/4123/3421
f  2451/4168/3454 2450/4167/3453 2418/4123/3421
f  2450/4166/3453 2451/4169/3454 2449/4165/3452
f  2451/4169/3454 2452/4170/3455 2449/4165/3452
f  2451/4169/3454 2453/4171/3456 2452/4170/3455
f  2418/4123/3421 2453/4172/3456 2451/4168/3454
f  2418/4123/3421 2454/4173/3457 2453/4172/3456
f  2452/4170/3455 2453/4171/3456 2454/4174/3457
f  2455/4175/3458 2454/4173/3457 2418/4123/3421
f  2454/4174/3457 2455/4176/3458 2456/4177/3459
f  2456/4177/3459 2452/4170/3455 2454/4174/3457
f  2457/4178/3460 2452/4170/3455 2456/4177/3459
f  2458/4179/3461 2456/4177/3459 2459/4180/3462
f  2457/4178/3460 2456/4177/3459 2458/4179/3461
f  2459/4180/3462 2456/4177/3459 2455/4176/3458
f  2460/4181/3463 2457/4178/3460 2461/4182/3464
f  2461/4182/3464 2457/4178/3460 2458/4179/3461
f  2462/4183/3465 2452/4170/3455 2457/4178/3460
f  2460/4181/3463 2462/4183/3465 2457/4178/3460
f  2463/4184/3466 2449/4165/3452 2462/4183/3465
f  2462/4183/3465 2449/4165/3452 2452/4170/3455
f  2464/4185/3467 2463/4184/3466 2462/4183/3465
f  2464/4185/3467 2462/4183/3465 2460/4181/3463
f  2465/3637/3468 2463/4184/3466 2464/4185/3467
f  2466/4186/3469 2447/4160/3450 2463/4184/3466
f  2465/3637/3468 2466/4186/3469 2463/4184/3466
f  2463/4184/3466 2447/4160/3450 2449/4165/3452
f  2466/4187/3469 2465/4188/3468 1999/4189/2998
f  2465/4188/3468 2008/4190/3007 1999/4189/2998
f  2465/4188/3468 2467/4191/3470 2008/4190/3007
f  2465/4188/3468 2468/4192/3471 2467/4191/3470
f  2468/4193/3471 2465/3637/3468 2464/4185/3467
f  2469/4194/3472 2468/4193/3471 2470/4195/3473
f  2468/4193/3471 2464/4185/3467 2470/4195/3473
f  2468/4192/3471 2469/4196/3472 2471/4197/3474
f  2468/4192/3471 2471/4197/3474 2467/4191/3470
f  2469/4196/3472 2472/4198/3475 2471/4197/3474
f  2471/4199/3474 2472/4200/3475 2035/3591/3034
f  2471/4199/3474 2035/3591/3034 2037/3593/3036
f  2467/4201/3470 2471/4199/3474 2037/3593/3036
f  2472/4200/3475 2473/4202/3476 2046/3606/3045
f  2469/4196/3472 2473/4203/3476 2472/4198/3475
f  2472/4200/3475 2046/3606/3045 2038/3594/3037
f  2472/4200/3475 2038/3594/3037 2035/3591/3034
f  2473/4202/3476 2474/4204/3477 2048/3608/3047
f  2469/4196/3472 2474/4205/3477 2473/4203/3476
f  2473/4202/3476 2048/3608/3047 2046/3606/3045
f  2474/4204/3477 2475/626/3478 2048/3608/3047
f  2469/4196/3472 2475/4206/3478 2474/4205/3477
f  2475/4207/3478 2469/4194/3472 2476/4208/3479
f  2477/4209/3480 2475/4207/3478 2476/4208/3479
f  2478/4210/3481 2475/116/3482 2477/4211/3480
f  2475/626/3478 2478/3561/3481 2048/3608/3047
f  2478/4210/3481 2477/4211/3480 2479/4212/3483
f  2480/3640/3484 2478/4210/3481 2479/4212/3483
f  2048/3608/3047 2478/3561/3481 2480/4213/3484
f  2480/3640/3484 2479/4212/3483 2052/3612/3051
f  2051/3615/3050 2480/3640/3484 2052/3612/3051
f  2048/3608/3047 2480/4213/3484 2051/3611/3050
f  2481/4214/3485 2052/3612/3051 2479/4212/3483
f  2482/4215/3486 2483/4216/3487 2479/4212/3483
f  2477/4211/3480 2482/4215/3486 2479/4212/3483
f  2483/4216/3487 2481/4214/3485 2479/4212/3483
f  2057/3622/3056 2481/4214/3485 2483/4216/3487
f  2059/3624/3058 2481/4214/3485 2057/3622/3056
f  2059/3624/3058 2063/4217/3062 2481/4214/3485
f  2063/4217/3062 2052/3612/3051 2481/4214/3485
f  2484/4218/3488 2483/4216/3487 2485/4219/3489
f  2482/4215/3486 2485/4219/3489 2483/4216/3487
f  2484/4218/3488 2057/3622/3056 2483/4216/3487
f  2485/4219/3489 2486/4220/3490 2484/4218/3488
f  2068/3636/3067 2484/4218/3488 2487/4221/3491
f  2484/4218/3488 2488/4222/3492 2487/4221/3491
f  2068/3636/3067 2058/3623/3057 2484/4218/3488
f  2489/4223/3493 2488/4222/3492 2484/4218/3488
f  2058/3623/3057 2057/3622/3056 2484/4218/3488
f  2486/4220/3490 2489/4223/3493 2484/4218/3488
f  2489/4224/3493 2486/4225/3490 2490/4226/3494
f  2489/4224/3493 2490/4226/3494 2491/4227/3495
f  2487/4228/3491 2489/4224/3493 2491/4227/3495
f  2487/4228/3491 2488/4229/3492 2489/4224/3493
f  2490/4226/3494 2492/4230/3496 2491/4227/3495
f  2487/4228/3491 2491/4227/3495 2493/4231/3497
f  2491/4227/3495 2494/4232/3498 2493/4231/3497
f  2491/4227/3495 2492/4230/3496 2494/4232/3498
f  2490/4226/3494 2495/4233/3499 2492/4230/3496
f  2495/4233/3499 2496/4234/3500 2492/4230/3496
f  2492/4230/3496 2497/4235/3501 2494/4232/3498
f  2492/4230/3496 2496/4234/3500 2497/4235/3501
f  2495/4233/3499 2461/4182/3464 2496/4234/3500
f  2461/4182/3464 2458/4179/3461 2496/4234/3500
f  2496/4234/3500 2498/4236/3502 2497/4235/3501
f  2496/4234/3500 2458/4179/3461 2498/4236/3502
f  2458/4179/3461 2459/4180/3462 2498/4236/3502
f  2499/4003/3503 2498/4236/3502 2459/4180/3462
f  2498/4236/3502 2499/4003/3503 2500/4237/3504
f  2500/4237/3504 2497/4235/3501 2498/4236/3502
f  2500/4237/3504 2499/4238/3503 2501/4239/3505
f  2499/4238/3503 2502/4240/3506 2501/4239/3505
f  2499/4238/3503 2503/4241/3507 2502/4240/3506
f  2503/4004/3507 2499/4003/3503 2459/4180/3462
f  2503/4004/3507 2459/4180/3462 2504/4242/3508
f  2504/4242/3508 2505/563/3509 2503/4004/3507
f  2503/4241/3507 2505/4243/3509 2506/4244/3510
f  2503/4241/3507 2506/4244/3510 2507/4245/3511
f  2503/4241/3507 2507/4245/3511 2502/4240/3506
f  2502/4186/3506 2507/4246/3511 2508/4247/3512
f  2395/4087/3397 2508/4247/3512 2507/4246/3511
f  2507/4246/3511 2509/381/3513 2395/4087/3397
f  2506/4244/3510 2509/4248/3513 2507/4245/3511
f  2397/4090/3399 2509/626/3513 2398/4091/3400
f  2398/4018/3400 2509/116/3513 2506/626/3510
f  2509/381/3513 2397/4249/3399 2395/4087/3397
f  2502/4186/3506 2508/4247/3512 2510/4250/3514
f  2510/4250/3514 2508/4247/3512 2511/4251/3515
f  2389/4089/3391 2511/4251/3515 2508/4247/3512
f  2395/4087/3397 2389/4089/3391 2508/4247/3512
f  2510/4250/3514 2511/4251/3515 2512/4252/3516
f  2512/4252/3516 2511/4251/3515 2384/4071/3386
f  2388/4253/3390 2384/4071/3386 2511/4251/3515
f  2389/4089/3391 2388/4253/3390 2511/4251/3515
f  2512/4252/3516 2384/4071/3386 2513/4254/3517
f  2514/4255/3518 2512/4252/3516 2515/4256/3519
f  2515/4256/3519 2512/4252/3516 2513/4254/3517
f  2514/4255/3518 2510/4250/3514 2512/4252/3516
f  2513/4254/3517 2384/4071/3386 2339/4006/3338
f  2515/4256/3519 2513/4254/3517 2334/4000/3333
f  2513/4254/3517 2339/4006/3338 2335/4001/3334
f  2334/4000/3333 2513/4254/3517 2335/4001/3334
f  2516/4257/3520 2514/4255/3518 2517/4258/3521
f  2517/4258/3521 2514/4255/3518 2515/4256/3519
f  2501/3637/3505 2510/4250/3514 2514/4255/3518
f  2516/4257/3520 2501/3637/3505 2514/4255/3518
f  2517/4258/3521 2518/4193/3522 2516/4257/3520
f  2500/4237/3504 2501/4239/3505 2516/3637/3520
f  2500/4237/3504 2516/3637/3520 2518/4259/3522
f  2519/4194/3523 2518/4193/3522 2517/4258/3521
f  2518/4259/3522 2519/4260/3523 2520/4261/3524
f  2518/4259/3522 2521/3639/3525 2500/4237/3504
f  2518/4259/3522 2520/4261/3524 2521/3639/3525
f  2500/4237/3504 2521/3639/3525 2497/4235/3501
f  2521/3639/3525 2520/3987/3524 2497/4235/3501
f  2519/4260/3523 2522/4262/3526 2520/4261/3524
f  2520/3987/3524 2522/3984/3526 2494/4232/3498
f  2520/3987/3524 2494/4232/3498 2497/4235/3501
f  2523/4263/3527 2493/4231/3497 2522/3984/3526
f  2522/3984/3526 2493/4231/3497 2494/4232/3498
f  2522/3984/3526 2524/116/3528 2523/4263/3527
f  2519/4260/3523 2525/4264/3529 2522/4262/3526
f  2525/4264/3529 2524/4265/3528 2522/4262/3526
f  2526/4266/3530 2524/116/3528 2525/626/3529
f  2524/116/3528 2527/4267/3531 2523/4263/3527
f  2527/4268/3531 2524/626/3528 2526/3641/3530
f  2526/4266/3530 2525/626/3529 2071/3641/3070
f  2067/3640/3066 2526/4266/3530 2071/3641/3070
f  2526/3641/3530 2067/3635/3066 2066/3634/3065
f  2066/3634/3065 2527/4268/3531 2526/3641/3530
f  2523/4269/3527 2527/4268/3531 2066/3634/3065
f  2519/4260/3523 2528/4270/3532 2525/4264/3529
f  2071/3643/3070 2525/116/3529 2528/626/3532
f  2529/4271/3533 2528/626/3532 2519/4194/3523
f  2529/4271/3533 2530/4272/3534 2528/626/3532
f  2531/3643/3535 2528/116/3532 2530/4273/3534
f  2071/3643/3070 2528/626/3532 2531/4274/3535
f  2530/4273/3534 2529/4275/3533 2532/4276/3536
f  2531/3643/3535 2530/4273/3534 2532/4276/3536
f  2529/4275/3533 2082/3651/3081 2532/4276/3536
f  2084/3653/3083 2532/4276/3536 2082/3651/3081
f  2533/3961/3537 2532/4276/3536 2084/3653/3083
f  2533/3961/3537 2531/3643/3535 2532/4276/3536
f  2073/4277/3072 2533/3961/3537 2084/3653/3083
f  2071/3643/3070 2533/4278/3537 2073/3642/3072
f  2071/3643/3070 2531/4274/3535 2533/4278/3537
f  2519/4194/3523 2534/4279/3538 2529/4271/3533
f  2535/4280/3539 2536/4281/3540 2529/4271/3533
f  2535/4280/3539 2529/4271/3533 2534/4279/3538
f  2529/4275/3533 2536/4282/3540 2082/3651/3081
f  2519/4194/3523 2517/4258/3521 2534/4279/3538
f  2534/4279/3538 2537/4283/3541 2535/4280/3539
f  2534/4279/3538 2517/4258/3521 2538/4284/3542
f  2534/4279/3538 2538/4284/3542 2537/4283/3541
f  2538/4284/3542 2515/4256/3519 2334/4000/3333
f  2517/4258/3521 2515/4256/3519 2538/4284/3542
f  2538/4284/3542 2334/4000/3333 2332/3998/3331
f  2537/4283/3541 2538/4284/3542 2332/3998/3331
f  2537/4283/3541 2331/3997/3330 2539/4285/3543
f  2537/4283/3541 2332/3998/3331 2331/3997/3330
f  2539/4285/3543 2535/4280/3539 2537/4283/3541
f  2539/4285/3543 2540/4286/3544 2535/4280/3539
f  2316/3970/3315 2540/4287/3544 2539/4288/3543
f  2316/3970/3315 2539/4288/3543 2541/4289/3545
f  2541/4290/3545 2539/4285/3543 2331/3997/3330
f  2314/3974/3313 2541/4290/3545 2317/3971/3316
f  2541/4290/3545 2331/3997/3330 2317/3971/3316
f  2541/4289/3545 2314/3968/3313 2316/3970/3315
f  2535/4291/3539 2540/4287/3544 2316/3970/3315
f  2536/4282/3540 2535/4291/3539 2082/3651/3081
f  2535/4291/3539 2316/3970/3315 2082/3651/3081
f  2523/4263/3527 2542/4292/3546 2487/4228/3491
f  2523/4263/3527 2487/4228/3491 2493/4231/3497
f  2068/3636/3067 2542/4293/3546 2523/4269/3527
f  2066/3634/3065 2068/3636/3067 2523/4269/3527
f  2487/4221/3491 2542/4293/3546 2068/3636/3067
f  2501/3637/3505 2502/4186/3506 2510/4250/3514
f  2506/116/3510 2505/626/3509 2543/4131/3547
f  2398/4018/3400 2506/626/3510 2544/4092/3548
f  2544/4294/3548 2506/116/3510 2543/4131/3547
f  2544/4294/3548 2543/4131/3547 2545/4295/3549
f  2545/4294/3549 2543/4296/3547 2411/4112/3414
f  2543/4296/3547 2505/116/3509 2546/4297/3550
f  2543/4296/3547 2546/4297/3550 2417/4122/3420
f  2543/4296/3547 2417/4122/3420 2411/4112/3414
f  2504/4242/3508 2546/4298/3550 2505/563/3509
f  2546/4297/3550 2504/4299/3508 2417/4122/3420
f  2404/4105/3406 2545/4295/3549 2408/4106/3411
f  2404/4105/3406 2544/4294/3548 2545/4295/3549
f  2411/4112/3414 2408/4105/3411 2545/4294/3549
f  2399/4097/3401 2398/4018/3400 2544/4092/3548
f  2399/4097/3401 2544/4092/3548 2404/4095/3406
f  2455/4176/3458 2504/4242/3508 2459/4180/3462
f  2455/4176/3458 2547/4300/3551 2504/4242/3508
f  2504/4299/3508 2547/4301/3551 2416/4121/3419
f  2504/4299/3508 2416/4121/3419 2417/4122/3420
f  2416/4121/3419 2547/4301/3551 2455/4175/3458
f  2548/4302/3552 2461/4182/3464 2495/4233/3499
f  2549/4303/3553 2548/4302/3552 2495/4233/3499
f  2549/4303/3553 2495/4233/3499 2490/4226/3494
f  2476/4208/3479 2548/4302/3552 2549/4303/3553
f  2476/4208/3479 2470/4195/3473 2548/4302/3552
f  2470/4195/3473 2460/4181/3463 2548/4302/3552
f  2548/4302/3552 2460/4181/3463 2461/4182/3464
f  2486/4225/3490 2549/4303/3553 2490/4226/3494
f  2482/4304/3486 2476/4208/3479 2549/4303/3553
f  2485/4305/3489 2482/4304/3486 2549/4303/3553
f  2486/4225/3490 2485/4305/3489 2549/4303/3553
f  2482/4304/3486 2477/4209/3480 2476/4208/3479
f  2469/4194/3472 2470/4195/3473 2476/4208/3479
f  2470/4195/3473 2464/4185/3467 2460/4181/3463
f  2024/3576/3023 2467/4201/3470 2025/3577/3024
f  2467/4191/3470 2024/4306/3023 2023/4307/3022
f  2467/4191/3470 2023/4307/3022 2009/4308/3008
f  2467/4201/3470 2037/3593/3036 2025/3577/3024
f  2467/4191/3470 2009/4308/3008 2008/4190/3007
f  2466/4186/3469 2550/4246/3554 2447/4160/3450
f  2443/4309/3446 2550/4310/3554 2466/4187/3469
f  2466/4187/3469 1999/4189/2998 2551/4311/3555
f  2551/4311/3555 2552/4312/3556 2466/4187/3469
f  2552/4312/3556 2553/4313/3557 2466/4187/3469
f  2553/4313/3557 2443/4309/3446 2466/4187/3469
f  2552/4314/3556 2554/4315/3558 2555/4316/3559
f  2552/4314/3556 2556/4317/3560 2554/4315/3558
f  2553/4318/3557 2552/4314/3556 2555/4316/3559
f  2552/4314/3556 2551/4319/3555 2556/4317/3560
f  2551/4319/3555 2557/4320/3561 2556/4317/3560
f  2557/4320/3561 2558/4321/3562 2556/4317/3560
f  2558/4321/3562 2559/4322/3563 2556/4317/3560
f  2556/4317/3560 2559/4322/3563 2554/4315/3558
f  2559/4322/3563 2560/4323/3564 2561/4324/3565
f  2561/4324/3565 2562/4325/3566 2559/4322/3563
f  2559/4322/3563 2562/4325/3566 2554/4315/3558
f  2563/4326/3567 2559/4322/3563 2558/4321/3562
f  2563/4326/3567 2560/4323/3564 2559/4322/3563
f  2563/4327/3567 2564/4328/3568 2565/4329/3569
f  2564/381/3568 2563/4326/3567 2558/4321/3562
f  2560/4330/3564 2563/4327/3567 2565/4329/3569
f  2565/4329/3569 2566/4331/3570 2359/4332/3358
f  2436/4147/3439 2565/4329/3569 2359/4332/3358
f  2567/4333/3571 2568/4334/3572 2565/4329/3569
f  2564/4328/3568 2567/4333/3571 2565/4329/3569
f  2569/4335/3573 2570/4336/3574 2565/4329/3569
f  2568/4334/3572 2569/4335/3573 2565/4329/3569
f  2565/4329/3569 1896/3415/2895 1775/4337/2774
f  1896/3415/2895 2565/4329/3569 1897/3416/2896
f  2565/4329/3569 2571/4338/3575 1897/3416/2896
f  2565/4329/3569 2436/4147/3439 2561/4339/3565
f  2570/4336/3574 2571/4338/3575 2565/4329/3569
f  1775/4337/2774 2566/4331/3570 2565/4329/3569
f  2565/4329/3569 2561/4339/3565 2560/4330/3564
f  2569/4340/3573 2568/4341/3572 2572/4342/3576
f  2568/4341/3572 2573/4343/3577 2572/4342/3576
f  2568/4341/3572 2567/4344/3571 2573/4343/3577
f  2572/4342/3576 2573/4343/3577 2574/4345/3578
f  2575/4346/3579 2574/4345/3578 2573/4343/3577
f  2575/4346/3579 2573/4343/3577 2567/4344/3571
f  2575/4347/3579 2576/4348/3580 2558/4321/3562
f  2577/4349/3581 2575/4347/3579 2558/4321/3562
f  2567/4344/3571 2576/4350/3580 2575/4346/3579
f  2575/4346/3579 2577/4351/3581 2574/4345/3578
f  2577/4349/3581 2558/4321/3562 2557/4320/3561
f  2557/4320/3561 2578/4352/3582 2577/4349/3581
f  2577/4351/3581 2578/4157/3582 2574/4345/3578
f  2579/4353/3583 2578/4352/3582 2557/4320/3561
f  2578/4157/3582 2580/116/3584 2581/4354/3585
f  2579/4353/3583 2580/626/3584 2578/4352/3582
f  2578/4157/3582 2581/4354/3585 2574/4345/3578
f  1998/4355/2997 2580/4356/3584 2579/4357/3583
f  1998/4355/2997 2579/4357/3583 2551/4311/3555
f  2551/4319/3555 2579/4353/3583 2557/4320/3561
f  1997/3543/2996 2581/4358/3585 2580/563/3584
f  2581/4354/3585 1997/4359/2996 2574/4345/3578
f  1997/3543/2996 2580/563/3584 1998/3545/2997
f  2576/4348/3580 2564/381/3568 2558/4321/3562
f  2567/4344/3571 2564/563/3568 2576/4350/3580
f  1997/4359/2996 1993/3536/2992 2574/4345/3578
f  1993/3536/2992 2572/4342/3576 2574/4345/3578
f  1991/3534/2990 2572/4342/3576 1993/3536/2992
f  2569/4340/3573 2572/4342/3576 1991/3534/2990
f  2570/4360/3574 2569/4340/3573 1991/3534/2990
f  2571/4338/3575 2570/4336/3574 2582/4361/3586
f  1987/3530/2986 2582/4362/3586 2570/4360/3574
f  2570/4360/3574 1991/3534/2990 1987/3530/2986
f  2571/4338/3575 2582/4361/3586 2583/4363/3587
f  2583/4364/3587 2582/4362/3586 1987/3530/2986
f  2583/4363/3587 1906/3425/2905 2571/4338/3575
f  2583/4363/3587 2584/4365/3588 1906/3425/2905
f  2583/4364/3587 1983/3526/2982 1981/3524/2980
f  2584/4366/3588 2583/4364/3587 1981/3524/2980
f  2583/4364/3587 1987/3530/2986 1983/3526/2982
f  2584/4365/3588 2585/4367/3589 1906/3425/2905
f  2586/4368/3590 2585/381/3589 2584/4366/3588
f  2586/4368/3590 2584/4366/3588 1981/3524/2980
f  2587/4369/3591 2586/4368/3590 1981/3524/2980
f  2588/4370/3592 2585/563/3589 2586/4371/3590
f  2588/4370/3592 2586/4371/3590 2587/4372/3591
f  2589/4373/3593 2587/4369/3591 1981/3524/2980
f  2588/4370/3592 2587/4372/3591 2590/4374/3594
f  2587/4372/3591 2589/4375/3593 1972/3510/2971
f  2587/4372/3591 1972/3510/2971 2590/4374/3594
f  1911/3433/2910 1908/4376/2907 2590/4374/3594
f  2590/4374/3594 1908/4376/2907 2588/4370/3592
f  1912/3431/2911 2590/4374/3594 1972/3510/2971
f  1911/3433/2910 2590/4374/3594 1912/3431/2911
f  1974/3519/2973 2589/4373/3593 1981/3524/2980
f  1972/3510/2971 2589/4375/3593 1974/3514/2973
f  1906/3425/2905 2588/4377/3592 1908/3427/2907
f  2585/4367/3589 2588/4377/3592 1906/3425/2905
f  2566/4378/3570 1775/3229/2774 1769/3221/2768
f  1769/3221/2768 2359/4036/3358 2566/4378/3570
f  2571/4338/3575 1906/3425/2905 1898/3417/2897
f  1897/3416/2896 2571/4338/3575 1898/3417/2897
f  2561/4324/3565 2591/4379/3595 2562/4325/3566
f  2554/4315/3558 2562/4325/3566 2555/4316/3559
f  2562/4325/3566 2439/4151/3442 2555/4316/3559
f  2591/4379/3595 2439/4151/3442 2562/4325/3566
f  2591/4380/3595 2561/4339/3565 2436/4147/3439
f  2437/4148/3440 2591/4380/3595 2436/4147/3439
f  2591/4379/3595 2437/4149/3440 2439/4151/3442
f  2553/4318/3557 2555/4316/3559 2440/4152/3443
f  2555/4316/3559 2439/4151/3442 2440/4152/3443
f  2443/4156/3446 2553/4318/3557 2440/4152/3443
f  1999/4189/2998 1998/4355/2997 2551/4311/3555
f  2447/4160/3450 2550/4246/3554 2445/4161/3448
f  2443/4309/3446 2442/4381/3445 2550/4310/3554
f  2442/4381/3445 2445/4382/3448 2550/4310/3554
f  2455/4175/3458 2418/4123/3421 2416/4121/3419
f  2431/4136/3434 2436/4147/3439 2357/4383/3356
f  2436/4147/3439 2358/4384/3357 2357/4383/3356
f  2359/4332/3358 2358/4384/3357 2436/4147/3439
f  2434/4143/3437 2429/4385/3432 2426/4154/3429
f  2434/4143/3437 2428/4141/3431 2429/4385/3432
f  2357/4383/3356 2405/4098/3407 2431/4136/3434
f  2413/4116/3416 2431/4136/3434 2405/4098/3407
f  2413/4116/3416 2420/4137/3423 2431/4136/3434
f  2360/4037/3359 2405/4103/3407 2357/4034/3356
f  2387/4386/3389 2386/4077/3388 2393/4083/3395
f  2391/4081/3393 2374/4056/3373 2393/4083/3395
f  2387/4386/3389 2393/4083/3395 2375/4057/3374
f  2393/4083/3395 2374/4056/3373 2375/4057/3374
f  2360/4111/3359 2391/4081/3393 2390/4080/3392
f  2360/4111/3359 2367/4387/3366 2391/4081/3393
f  2367/4387/3366 2374/4056/3373 2391/4081/3393
f  2388/4253/3390 2383/4070/3385 2384/4071/3386
f  2379/4062/3378 2387/4386/3389 2375/4057/3374
f  2340/4388/3339 2381/4069/3383 2368/4048/3367
f  2381/4067/3383 2340/4007/3339 2339/4006/3338
f  2381/4069/3383 2370/4050/3369 2368/4048/3367
f  2371/4051/3370 2370/4050/3369 2378/4061/3377
f  2367/4387/3366 2366/4058/3365 2374/4056/3373
f  2340/4388/3339 2368/4048/3367 2347/4020/3346
f  2352/4026/3351 2361/381/3360 2353/4027/3352
f  2352/4047/3351 2349/4022/3348 2348/4021/3347
f  2592/4389/3596 2351/4025/3350 2593/4390/3597
f  2594/4391/3598 2593/4390/3597 2351/4025/3350
f  2355/4029/3354 2594/4391/3598 2351/4025/3350
f  2344/4014/3343 2351/4025/3350 2592/4389/3596
f  1754/4392/2753 2344/4014/3343 2592/4389/3596
f  1755/3204/2754 1754/4392/2753 2592/4389/3596
f  1755/3204/2754 2592/4389/3596 2595/4393/3599
f  2592/4389/3596 2593/4390/3597 2595/4393/3599
f  1755/3204/2754 2595/4393/3599 1757/3205/2756
f  2595/4393/3599 2596/4394/3600 1757/3205/2756
f  2595/4393/3599 2593/4390/3597 2596/4394/3600
f  2597/4395/3601 2596/4394/3600 2593/4390/3597
f  1757/3205/2756 2596/4394/3600 1760/3209/2759
f  2596/4394/3600 2597/4395/3601 2598/4396/3602
f  2598/4396/3602 1760/3209/2759 2596/4394/3600
f  2598/4397/3602 2597/4398/3601 1769/3221/2768
f  1771/3223/2770 2598/4397/3602 1769/3221/2768
f  2598/4396/3602 1771/3224/2770 1760/3209/2759
f  2597/4398/3601 2594/4399/3598 1769/3221/2768
f  2594/4391/3598 2597/4395/3601 2593/4390/3597
f  2594/4399/3598 2355/4033/3354 1769/3221/2768
f  2342/4016/3341 2340/4388/3339 2347/4020/3346
f  1754/4392/2753 2343/4013/3342 2344/4014/3343
f  2337/4010/3336 2343/4012/3342 1754/3200/2753
f  1753/3199/2752 2337/4010/3336 1754/3200/2753
f  1753/4003/2752 1749/3639/2748 2329/3995/3328
f  2310/3961/3309 2321/3983/3320 2305/3956/3304
f  2321/3977/3320 2310/3962/3309 2311/3965/3310
f  2316/3970/3315 2083/3652/3082 2082/3651/3081
f  2316/3970/3315 2090/3662/3089 2083/3652/3082
f  2307/3959/3306 2092/381/3091 2091/3963/3090
f  2306/3957/3305 2092/563/3091 2307/3933/3306
f  2306/4400/3305 2303/4401/3302 2093/3666/3092
f  2092/3665/3091 2306/4400/3305 2093/3666/3092
f  2303/4401/3302 2300/4402/3299 2093/3666/3092
f  2093/3666/3092 2300/4402/3299 2299/4403/3298
f  2093/3666/3092 2299/4403/3298 2288/3931/3287
f  1746/3993/2745 2291/3938/3290 2293/3941/3292
f  1746/3993/2745 2599/4404/3603 2291/3938/3290
f  2599/4404/3603 1741/3180/2740 2291/3938/3290
f  1740/3186/2739 2599/4405/3603 1746/3189/2745
f  2599/4404/3603 1740/3178/2739 1741/3180/2740
f  2074/3639/3073 2073/4277/3072 2084/3653/3083
f  2056/3671/3055 2078/381/3077 2080/3670/3079
f  2061/3626/3060 2078/4406/3077 2056/3620/3055
f  2078/381/3077 2061/563/3060 2064/3647/3063
f  2063/4217/3062 2053/3613/3052 2052/3612/3051
f  2041/3598/3040 2044/3603/3043 2049/3618/3048
f  2046/3606/3045 2039/3595/3038 2038/3594/3037
f  2037/3593/3036 2030/3582/3029 2025/3577/3024
f  2023/4307/3022 2013/4407/3012 2009/4308/3008
f  2014/3572/3013 2013/116/3012 2023/3575/3022
f  1999/3546/2998 2008/3555/3007 2000/3547/2999
f  1997/4359/2996 1996/3544/2995 1993/3536/2992
f  1984/3902/2983 1986/4408/2985 1988/3537/2987
f  1977/3517/2976 1982/4409/2981 1984/3902/2983
f  1964/3901/2963 1967/4410/2966 1973/3513/2972
f  1967/4410/2966 1969/3511/2968 1973/3513/2972
f  1959/3496/2958 1965/4411/2964 1964/3901/2963
f  1959/3496/2958 1960/3497/2959 1965/4411/2964
f  1962/3500/2961 1950/3483/2949 1948/3481/2947
f  1962/3500/2961 1948/3481/2947 1938/3470/2937
f  1938/3470/2937 1934/3462/2933 1962/3500/2961
f  1962/3500/2961 1934/3462/2933 1927/3454/2926
f  1933/3464/2932 1927/3454/2926 1934/3462/2933
f  1919/3443/2918 1920/3444/2919 1929/3457/2928
f  1933/3464/2932 1926/3453/2925 1927/3454/2926
f  1916/3439/2915 1915/3437/2914 1922/3446/2921
f  1904/3423/2903 1918/3442/2917 1919/3443/2918
f  1903/3422/2902 1918/3442/2917 1904/3423/2903
f  1903/3422/2902 1909/3428/2908 1918/3442/2917
f  1896/3415/2895 1776/3414/2775 1775/4337/2774
f  1670/3094/2669 1673/3097/2672 1894/3412/2893
f  1679/3103/2678 1773/3227/2772 1772/3226/2771
f  1679/3103/2678 1772/3226/2771 1673/3097/2672
f  1763/3213/2762 1765/3219/2764 1761/3210/2760
f  1756/3202/2755 1764/4412/2763 1750/3198/2749
f  1734/3347/2733 1735/3182/2734 1744/3187/2743
f  1741/3180/2740 1739/3181/2738 1738/3934/2737
f  1734/3347/2733 1736/4413/2735 1735/3182/2734
f  1717/3147/2716 1718/3148/2717 1725/3160/2724
f  1720/3152/2719 1713/3153/2712 1712/4414/2711
f  1720/3152/2719 1712/4414/2711 1710/3844/2709
f  1693/3302/2692 1692/3122/2691 1695/3121/2694
f  1650/3074/2649 1653/3077/2652 1588/2996/2587
f  1588/2996/2587 1653/3077/2652 1592/3000/2591
f  1587/2995/2586 1650/3074/2649 1588/2996/2587
f  1647/3071/2646 1650/3074/2649 1587/2995/2586
f  1639/3061/2638 1647/3071/2646 2600/4415/3604
f  2600/4415/3604 1647/3071/2646 1587/2995/2586
f  2600/4415/3604 1587/2995/2586 1584/2992/2583
f  2601/4416/3605 2600/4415/3604 1584/2992/2583
f  1634/3053/2633 2600/4415/3604 2601/4416/3605
f  1634/3053/2633 1639/3061/2638 2600/4415/3604
f  1635/3054/2634 2601/4416/3605 2602/4417/3606
f  2602/4417/3606 2601/4416/3605 1586/2994/2585
f  2601/4416/3605 1584/2992/2583 1586/2994/2585
f  1635/3054/2634 1634/3053/2633 2601/4416/3605
f  2603/4418/3607 2602/4417/3606 2604/4419/3608
f  2603/4418/3607 1635/3054/2634 2602/4417/3606
f  2602/4417/3606 1586/2994/2585 2605/4420/3609
f  2604/4419/3608 2602/4417/3606 2605/4420/3609
f  2604/4419/3608 2605/4420/3609 2606/4421/3610
f  2606/4421/3610 2605/4420/3609 1579/2987/2578
f  2605/4420/3609 1586/2994/2585 1580/2988/2579
f  2605/4420/3609 1580/2988/2579 1579/2987/2578
f  2607/4422/3611 2604/4419/3608 2606/4421/3610
f  2607/4422/3611 2606/4421/3610 2608/4423/3612
f  2608/4423/3612 2606/4421/3610 2609/4424/3613
f  2606/4421/3610 1579/2987/2578 2609/4424/3613
f  2608/4423/3612 2609/4424/3613 2610/4425/3614
f  2610/4425/3614 2609/4424/3613 2611/4426/3615
f  2609/4424/3613 1577/2985/2576 2611/4426/3615
f  2609/4424/3613 1579/2987/2578 1577/2985/2576
f  2612/4427/3616 2611/4426/3615 2613/4428/3617
f  2610/4425/3614 2611/4426/3615 2612/4427/3616
f  2611/4426/3615 1574/2982/2573 2613/4428/3617
f  2611/4426/3615 1577/2985/2576 1574/2982/2573
f  2612/4427/3616 2613/4428/3617 2614/4429/3618
f  2614/4429/3618 2613/4428/3617 2615/4430/3619
f  2613/4428/3617 1571/2979/2570 2615/4430/3619
f  2613/4428/3617 1574/2982/2573 1571/2979/2570
f  2615/4430/3619 2616/4431/3620 2617/4432/3621
f  2615/4430/3619 1571/2979/2570 2616/4431/3620
f  2614/4429/3618 2615/4430/3619 2618/4433/3622
f  2618/4433/3622 2615/4430/3619 2619/4434/3623
f  2617/4432/3621 2619/4434/3623 2615/4430/3619
f  2620/4435/3624 2621/4436/3625 2619/4437/3623
f  2619/4437/3623 2617/4438/3621 2620/4435/3624
f  2618/4433/3622 2619/4434/3623 2622/4439/3626
f  2621/4436/3625 2622/4440/3626 2619/4437/3623
f  2621/4436/3625 2620/4435/3624 1557/2962/2556
f  2621/4436/3625 2623/4441/3627 2624/4442/3628
f  2623/4441/3627 2621/4436/3625 2625/4443/3629
f  2624/4442/3628 2622/4440/3626 2621/4436/3625
f  2621/4436/3625 1557/2962/2556 2625/4443/3629
f  2622/4439/3626 2624/4444/3628 2618/4433/3622
f  2626/4445/3630 2618/4433/3622 2624/4444/3628
f  2626/4445/3630 2624/4444/3628 2627/4446/3631
f  2623/4441/3627 2627/4447/3631 2624/4442/3628
f  2628/4448/3632 2627/4447/3631 2623/4441/3627
f  2627/4446/3631 2628/4449/3632 2626/4445/3630
f  2629/4450/3633 2626/4445/3630 2628/4449/3632
f  2629/4450/3633 2628/4449/3632 2630/4451/3634
f  2623/4441/3627 2631/4452/3635 2628/4448/3632
f  2631/4452/3635 2630/4453/3634 2628/4448/3632
f  2632/4454/3636 2631/4452/3635 2633/4455/3637
f  2631/4452/3635 2632/4454/3636 2634/4456/3638
f  2631/4452/3635 2623/4441/3627 2635/4457/3639
f  2631/4452/3635 2635/4457/3639 2633/4455/3637
f  2634/4456/3638 2630/4453/3634 2631/4452/3635
f  2633/4455/3637 1530/2923/2529 1528/2921/2527
f  2633/4455/3637 2635/4457/3639 1530/2923/2529
f  2632/4454/3636 2633/4455/3637 2636/4458/3640
f  1528/2921/2527 2636/4458/3640 2633/4455/3637
f  2637/4459/3641 2632/4454/3636 2636/4458/3640
f  2637/4459/3641 2636/4458/3640 1522/2912/2521
f  1522/2912/2521 2636/4458/3640 1523/2913/2522
f  2636/4458/3640 1528/2921/2527 1523/2913/2522
f  2632/4454/3636 2637/4459/3641 2638/4460/3642
f  2637/4459/3641 2639/4461/3643 2638/4460/3642
f  2640/4462/3644 2639/4461/3643 2637/4459/3641
f  2637/4459/3641 2641/4463/3645 2640/4462/3644
f  2641/4463/3645 2637/4459/3641 1522/2912/2521
f  2642/4464/3646 2643/4465/3647 2641/4463/3645
f  2641/4463/3645 2644/4466/3648 2642/4464/3646
f  2644/4466/3648 2641/4463/3645 1521/2911/2520
f  2641/4463/3645 1522/2912/2521 1521/2911/2520
f  2641/4463/3645 2643/4465/3647 2640/4462/3644
f  2643/4467/3647 2642/4468/3646 2645/4469/3649
f  2645/4469/3649 2640/4470/3644 2643/4467/3647
f  2645/4469/3649 2646/4471/3650 2640/4470/3644
f  2647/4472/3651 2646/4471/3650 2645/4469/3649
f  2648/4473/3652 2645/4469/3649 2649/4474/3653
f  2649/4474/3653 2645/4469/3649 2642/4468/3646
f  2648/4473/3652 2647/4472/3651 2645/4469/3649
f  2650/4475/3654 2648/4473/3652 2649/4474/3653
f  2648/4473/3652 2650/4475/3654 2651/4476/3655
f  2652/4477/3656 2647/4472/3651 2648/4473/3652
f  2653/4478/3657 2652/4477/3656 2648/4473/3652
f  2651/4476/3655 2653/4478/3657 2648/4473/3652
f  2653/4478/3657 2654/4479/3658 2652/4477/3656
f  2655/4480/3659 2654/4481/3658 2653/4482/3657
f  2656/4483/3660 2655/4480/3659 2653/4482/3657
f  2653/4482/3657 2651/4484/3655 2656/4483/3660
f  2654/4479/3658 2657/4485/3661 2652/4477/3656
f  2657/4486/3661 2654/4481/3658 2655/4480/3659
f  2652/4477/3656 2657/4485/3661 2658/4487/3662
f  2657/4486/3661 2655/4480/3659 2659/4488/3663
f  2659/4488/3663 2658/4489/3662 2657/4486/3661
f  2652/4477/3656 2658/4487/3662 2660/4490/3664
f  2660/4491/3664 2658/4489/3662 2659/4488/3663
f  2661/4492/3665 2660/4491/3664 2662/4493/3666
f  2660/4490/3664 2661/4494/3665 2663/4495/3667
f  2663/4495/3667 2652/4477/3656 2660/4490/3664
f  2660/4491/3664 2659/4488/3663 2662/4493/3666
f  2664/4496/3668 2661/4492/3665 2662/4493/3666
f  2664/4496/3668 2662/4493/3666 2665/4497/3669
f  2665/4497/3669 2662/4493/3666 2666/4498/3670
f  2666/4498/3670 2662/4493/3666 2667/4499/3671
f  2662/4493/3666 2659/4488/3663 2667/4499/3671
f  2668/4500/3672 2667/4499/3671 2669/4501/3673
f  2667/4499/3671 2659/4488/3663 2669/4501/3673
f  2670/4502/3674 2666/4498/3670 2667/4499/3671
f  2667/4499/3671 2671/4503/3675 2670/4502/3674
f  2668/4500/3672 2671/4503/3675 2667/4499/3671
f  2668/4504/3672 2672/4505/3676 2673/4506/3677
f  2672/4507/3676 2668/4500/3672 2669/4501/3673
f  2671/4508/3675 2668/4504/3672 2673/4506/3677
f  2673/4506/3677 2674/4509/3678 2675/4510/3679
f  2673/4506/3677 2675/4510/3679 2671/4508/3675
f  2676/4511/3680 2674/4509/3678 2673/4506/3677
f  2677/4512/3681 2673/4506/3677 2678/4513/3682
f  2677/4512/3681 2676/4511/3680 2673/4506/3677
f  2673/4506/3677 2672/4505/3676 2678/4513/3682
f  2678/4513/3682 2679/4514/3683 2677/4512/3681
f  2679/4515/3683 2678/4516/3682 2680/4517/3684
f  2680/4517/3684 2678/4516/3682 2672/4507/3676
f  2679/4515/3683 2680/4517/3684 2681/4518/3685
f  2669/4501/3673 2655/4480/3659 2680/4517/3684
f  2672/4507/3676 2669/4501/3673 2680/4517/3684
f  2655/4480/3659 2656/4483/3660 2680/4517/3684
f  2680/4517/3684 2656/4483/3660 2681/4518/3685
f  2682/4519/3686 2679/4515/3683 2681/4518/3685
f  2656/4483/3660 2683/4520/3687 2681/4518/3685
f  2681/4518/3685 2683/4520/3687 2684/4521/3688
f  2682/4519/3686 2681/4518/3685 2684/4521/3688
f  2677/4512/3681 2682/4522/3686 2685/4523/3689
f  2679/4514/3683 2682/4522/3686 2677/4512/3681
f  2684/4521/3688 2685/4524/3689 2682/4519/3686
f  2677/4512/3681 2685/4523/3689 2686/4525/3690
f  2686/4526/3690 2685/4524/3689 2684/4521/3688
f  2676/4511/3680 2677/4512/3681 2686/4525/3690
f  2687/4527/3691 2676/4511/3680 2686/4525/3690
f  2687/4527/3691 2686/4525/3690 2688/4528/3692
f  2686/4525/3690 2689/4529/3693 2688/4528/3692
f  2689/4530/3693 2686/4526/3690 2690/4531/3694
f  2686/4526/3690 2684/4521/3688 2690/4531/3694
f  2691/4532/3695 2688/4528/3692 2692/4533/3696
f  2688/4528/3692 2693/4534/3697 2692/4533/3696
f  2688/4528/3692 2694/4535/3698 2693/4534/3697
f  2695/4536/3699 2694/116/3698 2688/4537/3692
f  2688/4537/3692 2689/4530/3693 2690/4531/3694
f  2690/4531/3694 2695/4536/3699 2688/4537/3692
f  2691/4532/3695 2687/4527/3691 2688/4528/3692
f  2687/4527/3691 2691/4532/3695 2696/4538/3700
f  2691/4532/3695 2697/4539/3701 2696/4538/3700
f  2692/4533/3696 2698/4540/3702 2691/4532/3695
f  2691/4532/3695 2698/4540/3702 2699/4541/3703
f  2691/4532/3695 2699/4541/3703 2700/4542/3704
f  2691/4532/3695 2700/4542/3704 2701/4543/3705
f  2697/4539/3701 2691/4532/3695 2701/4543/3705
f  1330/2629/2327 1378/4544/2375 2697/4545/3701
f  1330/2629/2327 2697/4545/3701 2702/4546/3706
f  1378/4544/2375 1379/4547/2376 2697/4545/3701
f  1379/4547/2376 2696/4548/3700 2697/4545/3701
f  2697/4545/3701 2703/4549/3707 2702/4546/3706
f  2697/4539/3701 2701/4543/3705 2704/4550/3708
f  2697/4539/3701 2704/4550/3708 2705/4551/3709
f  2705/4551/3709 2703/563/3707 2697/4539/3701
f  2703/381/3707 2706/4552/3710 2707/2645/3711
f  2702/4553/3706 2703/381/3707 2707/2645/3711
f  2706/4554/3710 2703/563/3707 2705/4555/3709
f  2707/4556/3711 2706/4554/3710 2708/4557/3712
f  2706/4554/3710 2705/4555/3709 2708/4557/3712
f  2708/4557/3712 2709/4558/3713 2710/2645/3714
f  2709/4558/3713 2708/4557/3712 2711/4559/3715
f  2704/4560/3708 2711/4559/3715 2708/4557/3712
f  2710/2645/3714 2707/4556/3711 2708/4557/3712
f  2705/4555/3709 2704/4560/3708 2708/4557/3712
f  2707/2645/3711 2710/4556/3714 2712/4561/3716
f  2710/4556/3714 2713/4562/3717 2712/4561/3716
f  2710/4556/3714 2714/4554/3718 1222/563/2213
f  2713/4562/3717 2710/4556/3714 1222/563/2213
f  2709/4558/3713 2714/4552/3718 2710/2645/3714
f  1222/381/2213 2714/4552/3718 2709/4558/3713
f  2713/4562/3717 1221/4563/2212 1225/4564/2216
f  1225/4564/2216 2715/4565/3719 2713/4562/3717
f  2716/4566/3720 2713/4562/3717 2715/4565/3719
f  2716/4566/3720 2712/4561/3716 2713/4562/3717
f  1222/563/2213 1221/4563/2212 2713/4562/3717
f  1239/2492/2230 2716/4566/3720 2715/4565/3719
f  2717/4567/3721 2716/4566/3720 1239/2492/2230
f  2717/4567/3721 2712/4561/3716 2716/4566/3720
f  2702/4546/3706 2717/4568/3721 2718/4569/3722
f  2717/4567/3721 2702/4553/3706 2712/4561/3716
f  2718/4570/3722 2717/4567/3721 1239/2492/2230
f  1330/2629/2327 2702/4546/3706 2718/4569/3722
f  1330/2629/2327 2718/4569/3722 1245/2630/2236
f  2718/4569/3722 1242/4571/2233 1245/2630/2236
f  1242/2496/2233 2718/4570/3722 1239/2492/2230
f  1239/2492/2230 2715/4565/3719 1240/2493/2231
f  1225/4564/2216 1228/4572/2219 2715/4565/3719
f  1228/4572/2219 1240/2493/2231 2715/4565/3719
f  2702/4553/3706 2707/2645/3711 2712/4561/3716
f  2719/4573/3723 2709/4558/3713 2711/4559/3715
f  2719/4573/3723 2711/4559/3715 2720/4574/3724
f  2701/4575/3705 2720/4574/3724 2711/4559/3715
f  2704/4560/3708 2701/4575/3705 2711/4559/3715
f  2721/4576/3725 2719/4573/3723 2720/4574/3724
f  2721/4576/3725 2720/4574/3724 2722/4577/3726
f  2700/4578/3704 2722/4577/3726 2720/4574/3724
f  2720/4574/3724 2701/4575/3705 2700/4578/3704
f  2723/4579/3727 2724/4580/3728 2721/4576/3725
f  2724/4580/3728 2719/4573/3723 2721/4576/3725
f  2723/4579/3727 2721/4576/3725 2725/4581/3729
f  2725/4581/3729 2721/4576/3725 2722/4577/3726
f  1211/4582/2202 2724/4583/3728 2723/4584/3727
f  2726/4585/3730 2723/4579/3727 2725/4581/3729
f  2727/4586/3731 2723/4584/3727 2726/4587/3730
f  2727/4586/3731 1211/4582/2202 2723/4584/3727
f  2728/4588/3732 2727/4586/3731 2726/4587/3730
f  2727/4589/3731 2729/4590/3733 1209/2451/2200
f  2727/4589/3731 2728/626/3732 2729/4590/3733
f  1211/2453/2202 2727/4589/3731 1209/2451/2200
f  2726/4587/3730 2730/563/3734 2728/4588/3732
f  2729/4591/3733 2728/381/3732 2730/4592/3734
f  2730/4592/3734 2731/4593/3735 2732/4594/3736
f  2729/4591/3733 2730/4592/3734 2732/4594/3736
f  2731/4595/3735 2730/116/3734 2733/4596/3737
f  2733/4597/3737 2730/626/3734 2726/4585/3730
f  2731/4595/3735 2733/4596/3737 2734/2659/3738
f  2735/4598/3739 2731/4595/3735 2734/2659/3738
f  2731/4593/3735 2735/4599/3739 2732/4594/3736
f  2693/2110/3697 2735/4598/3739 2734/2659/3738
f  2693/2110/3697 2736/4600/3740 2735/4598/3739
f  2735/4599/3739 2736/4601/3740 2737/4602/3741
f  2735/4599/3739 2737/4602/3741 2732/4594/3736
f  2738/4603/3742 2737/4602/3741 2736/4601/3740
f  2738/4603/3742 2739/4604/3743 2737/4602/3741
f  2732/4594/3736 2737/4602/3741 1208/4605/2199
f  2737/4602/3741 1206/4590/2197 1208/4605/2199
f  2739/4604/3743 1206/4590/2197 2737/4602/3741
f  2740/4606/3744 1207/4607/2198 2739/4608/3743
f  2739/4604/3743 1207/626/2198 1206/4590/2197
f  2740/4606/3744 2739/4608/3743 2738/4609/3742
f  2740/4606/3744 1196/4610/2187 1207/4607/2198
f  2740/4606/3744 2741/4611/3745 1196/4610/2187
f  2740/4606/3744 2742/4612/3746 2741/4611/3745
f  2740/4606/3744 2743/4613/3747 2742/4612/3746
f  2694/4614/3698 2743/4613/3747 2740/4606/3744
f  2740/4606/3744 2738/4609/3742 2693/563/3697
f  2740/4606/3744 2693/563/3697 2694/4614/3698
f  2741/4615/3745 2742/4616/3746 2744/4617/3748
f  2742/4616/3746 2743/4618/3747 2744/4617/3748
f  1197/116/2188 2741/4615/3745 2744/4617/3748
f  1199/4619/2190 1197/116/2188 2744/4617/3748
f  2695/4620/3699 2745/4621/3749 2744/4617/3748
f  2743/4618/3747 2695/4620/3699 2744/4617/3748
f  1199/4619/2190 2744/4617/3748 2746/4622/3750
f  2745/4621/3749 2746/4622/3750 2744/4617/3748
f  2747/4623/3751 2745/4624/3749 2748/4625/3752
f  2745/4624/3749 2695/4536/3699 2748/4625/3752
f  2747/4623/3751 2749/563/3753 2745/4624/3749
f  2745/4621/3749 2750/4626/3754 2746/4622/3750
f  2745/4621/3749 2749/381/3753 2750/4626/3754
f  2750/4627/3754 2749/4628/3753 2751/4629/3755
f  2749/4628/3753 2747/4630/3751 2752/4631/3756
f  2749/4628/3753 2752/4631/3756 2751/4629/3755
f  2752/4631/3756 2753/4632/3757 2751/4629/3755
f  2752/4631/3756 2754/4633/3758 2753/4632/3757
f  2752/4634/3756 2747/4623/3751 2748/4625/3752
f  2754/4635/3758 2752/4634/3756 2748/4625/3752
f  2753/4632/3757 2754/4633/3758 2755/4636/3759
f  2756/4637/3760 2755/4638/3759 2754/4635/3758
f  2754/4635/3758 2748/4625/3752 2756/4637/3760
f  2684/4521/3688 2756/4637/3760 2690/4531/3694
f  2683/4520/3687 2756/4637/3760 2684/4521/3688
f  2757/4639/3761 2755/4638/3759 2756/4637/3760
f  2756/4637/3760 2748/4625/3752 2690/4531/3694
f  2757/4639/3761 2756/4637/3760 2683/4520/3687
f  2755/4636/3759 2757/4640/3761 2650/4475/3654
f  2758/4641/3762 2757/4639/3761 2683/4520/3687
f  2757/4640/3761 2758/4642/3762 2650/4475/3654
f  2650/4475/3654 2758/4642/3762 2651/4476/3655
f  2758/4641/3762 2683/4520/3687 2656/4483/3660
f  2656/4483/3660 2651/4484/3655 2758/4641/3762
f  2755/4636/3759 2650/4475/3654 2753/4632/3757
f  2753/4632/3757 2650/4475/3654 2759/4643/3763
f  2753/4632/3757 2759/4643/3763 2751/4629/3755
f  2650/4475/3654 2649/4474/3653 2759/4643/3763
f  2759/4643/3763 2649/4474/3653 2760/4644/3764
f  2761/4645/3765 2762/4646/3766 2759/4643/3763
f  2759/4643/3763 2760/4644/3764 2761/4645/3765
f  2751/4629/3755 2759/4643/3763 2762/4646/3766
f  2763/4647/3767 2761/4648/3765 2760/4649/3764
f  2764/4650/3768 2760/4644/3764 2649/4474/3653
f  2760/4649/3764 2764/4651/3768 2644/4466/3648
f  2644/4466/3648 2763/4647/3767 2760/4649/3764
f  2763/4647/3767 2765/4652/3769 2762/4653/3766
f  2762/4653/3766 2761/4648/3765 2763/4647/3767
f  2765/4652/3769 2763/4647/3767 2766/4654/3770
f  2763/4647/3767 2767/4655/3771 2766/4654/3770
f  2763/4647/3767 2644/4466/3648 2767/4655/3771
f  1511/4656/2510 2766/4654/3770 2767/4655/3771
f  2644/4466/3648 1521/2911/2520 2767/4655/3771
f  1516/2908/2515 2767/4655/3771 1521/2911/2520
f  2767/4655/3771 1515/4657/2514 1512/4658/2511
f  1516/2908/2515 1515/4657/2514 2767/4655/3771
f  2767/4655/3771 1512/4658/2511 1511/4656/2510
f  2765/4652/3769 2766/4654/3770 2768/4659/3772
f  1511/4656/2510 1510/4660/2509 2766/4654/3770
f  1510/4660/2509 2768/4659/3772 2766/4654/3770
f  2765/4652/3769 2768/4659/3772 2769/4661/3773
f  1507/2894/2506 2768/4662/3772 1510/2897/2509
f  1507/2894/2506 2769/4663/3773 2768/4662/3772
f  2765/4652/3769 2769/4661/3773 2770/4664/3774
f  2770/4665/3774 2769/4663/3773 1506/2893/2505
f  2769/4663/3773 1507/2894/2506 1506/2893/2505
f  2771/4666/3775 2765/4652/3769 2770/4664/3774
f  2772/4667/3776 2770/4665/3774 1506/2893/2505
f  2770/4664/3774 2772/4668/3776 2771/4666/3775
f  2765/4652/3769 2771/4666/3775 2773/4669/3777
f  2771/4666/3775 2774/4670/3778 2775/4671/3779
f  2775/4671/3779 2776/4672/3780 2771/4666/3775
f  2771/4666/3775 2776/4672/3780 2773/4669/3777
f  2777/4673/3781 2774/4670/3778 2771/4666/3775
f  2771/4666/3775 2772/4668/3776 2777/4673/3781
f  2778/4674/3782 2777/4675/3781 2772/4667/3776
f  2777/4675/3781 2778/4674/3782 2779/4676/3783
f  2780/4677/3784 2777/4675/3781 2779/4676/3783
f  2777/4673/3781 2780/4678/3784 2774/4670/3778
f  2781/4679/3785 2780/4677/3784 2779/4676/3783
f  2780/4678/3784 2781/4680/3785 2774/4670/3778
f  2781/4680/3785 2782/4681/3786 2774/4670/3778
f  2782/4682/3786 2781/4679/3785 2783/4683/3787
f  2781/4679/3785 2779/4676/3783 2783/4683/3787
f  2784/4684/3788 2783/4683/3787 2785/4685/3789
f  2783/4683/3787 1084/2269/2061 2785/4685/3789
f  2783/4683/3787 1087/2276/2064 1084/2269/2061
f  2784/4684/3788 2782/4682/3786 2783/4683/3787
f  2779/4676/3783 1087/2276/2064 2783/4683/3787
f  2786/4686/3790 2784/4687/3788 2787/4688/3791
f  2782/4681/3786 2784/4687/3788 2786/4686/3790
f  2785/4685/3789 2787/4689/3791 2784/4684/3788
f  2786/4686/3790 2787/4688/3791 2788/4690/3792
f  2789/4691/3793 2788/116/3792 2787/4689/3791
f  2787/4689/3791 2785/4685/3789 2790/4692/3794
f  2790/4692/3794 2789/4691/3793 2787/4689/3791
f  2791/4693/3795 2788/626/3792 2789/4694/3793
f  1083/2267/2060 2792/4695/3796 2789/4694/3793
f  2789/4694/3793 2793/4696/3797 1083/2267/2060
f  2789/4694/3793 2790/4697/3794 2793/4696/3797
f  2791/4693/3795 2789/4694/3793 2792/4695/3796
f  2788/4690/3792 2791/4698/3795 2794/4699/3798
f  2792/4695/3796 2795/4700/3799 2791/4693/3795
f  2794/4699/3798 2791/4698/3795 2795/4701/3799
f  2786/4686/3790 2794/4699/3798 2796/4702/3800
f  2788/4690/3792 2794/4699/3798 2786/4686/3790
f  2794/4699/3798 2797/4703/3801 2798/4704/3802
f  2799/4705/3803 2797/4703/3801 2794/4699/3798
f  2794/4699/3798 2800/4706/3804 2796/4702/3800
f  2801/4707/3805 2800/4706/3804 2794/4699/3798
f  2794/4699/3798 2798/4704/3802 2801/4707/3805
f  2794/4699/3798 2795/4701/3799 2799/4705/3803
f  2799/4705/3803 2802/4708/3806 2797/4703/3801
f  2799/4709/3803 2795/4700/3799 2803/4710/3807
f  2802/4711/3806 2799/4709/3803 2803/4710/3807
f  2797/4703/3801 2802/4708/3806 2804/4712/3808
f  2802/4711/3806 2803/4710/3807 2805/4713/3809
f  2805/4713/3809 2804/4714/3808 2802/4711/3806
f  2804/4712/3808 1038/2201/2015 2797/4703/3801
f  2804/4712/3808 2806/4715/3810 1038/2201/2015
f  2806/4716/3810 2804/4714/3808 1048/2214/2025
f  2804/4714/3808 2805/4713/3809 1048/2214/2025
f  2806/4715/3810 1046/2209/2023 1038/2201/2015
f  1046/2212/2023 2806/4716/3810 1048/2214/2025
f  1081/2264/2058 1080/2263/2057 2805/4713/3809
f  2805/4713/3809 2803/4710/3807 1081/2264/2058
f  1080/2263/2057 1048/2214/2025 2805/4713/3809
f  1081/2264/2058 2803/4710/3807 2792/4695/3796
f  2795/4700/3799 2792/4695/3796 2803/4710/3807
f  2807/4717/3811 2801/4718/3805 2798/4719/3802
f  2800/4720/3804 2801/4718/3805 2807/4717/3811
f  2807/4717/3811 2808/4721/3812 2796/4722/3800
f  2807/4717/3811 2796/4722/3800 2800/4720/3804
f  2798/4719/3802 2809/4723/3813 2807/4717/3811
f  2809/4723/3813 1159/2382/2150 2807/4717/3811
f  2808/4721/3812 2807/4717/3811 2810/4724/3814
f  2807/4717/3811 1159/2382/2150 2811/4725/3815
f  2807/4717/3811 2812/4726/3816 2810/4724/3814
f  2811/4725/3815 2812/4726/3816 2807/4717/3811
f  1167/2393/2158 2811/4727/3815 1166/2392/2157
f  1159/2382/2150 1166/4728/2157 2811/4725/3815
f  2812/4729/3816 2811/4727/3815 1167/2393/2158
f  2813/4730/3817 2810/4731/3814 1200/2440/2191
f  1200/2440/2191 2810/4731/3814 2812/4729/3816
f  2810/4724/3814 2813/4732/3817 2808/4721/3812
f  2814/4733/3818 2808/4721/3812 2813/4732/3817
f  2814/4733/3818 2813/4732/3817 2815/4734/3819
f  2816/4735/3820 2813/4730/3817 1200/2440/2191
f  2816/4735/3820 2815/582/3819 2813/4730/3817
f  2815/4734/3819 2817/4736/3821 2814/4733/3818
f  2817/4737/3821 2815/563/3819 2816/2439/3820
f  2814/4733/3818 2817/4736/3821 2818/4738/3822
f  2746/4622/3750 2818/4739/3822 2817/4737/3821
f  2817/4737/3821 2816/2439/3820 2746/4622/3750
f  2818/4738/3822 2819/4740/3823 2814/4733/3818
f  2818/4738/3822 2750/4627/3754 2819/4740/3823
f  2750/4626/3754 2818/4739/3822 2746/4622/3750
f  2776/4741/3780 2775/4742/3779 2819/4740/3823
f  2814/4733/3818 2819/4740/3823 2775/4742/3779
f  2751/4629/3755 2819/4740/3823 2750/4627/3754
f  2819/4740/3823 2751/4629/3755 2773/4743/3777
f  2819/4740/3823 2773/4743/3777 2776/4741/3780
f  2816/2439/3820 2820/3639/3824 2746/4622/3750
f  1200/2440/2191 2820/3639/3824 2816/4735/3820
f  2820/3639/3824 1199/4619/2190 2746/4622/3750
f  1199/2439/2190 2820/3639/3824 1200/2440/2191
f  2814/4733/3818 2775/4742/3779 2821/4744/3825
f  2808/4721/3812 2814/4733/3818 2822/4745/3826
f  2821/4744/3825 2822/4745/3826 2814/4733/3818
f  2822/4746/3826 2821/4747/3825 2774/4670/3778
f  2774/4670/3778 2821/4747/3825 2775/4671/3779
f  2808/4721/3812 2822/4745/3826 2823/4748/3827
f  2774/4670/3778 2786/4686/3790 2822/4746/3826
f  2786/4686/3790 2823/4749/3827 2822/4746/3826
f  2796/4702/3800 2823/4749/3827 2786/4686/3790
f  2823/4748/3827 2796/4722/3800 2808/4721/3812
f  2812/4729/3816 1167/2393/2158 1200/2440/2191
f  2797/4703/3801 2824/4750/3828 2809/4751/3813
f  2809/4751/3813 2798/4704/3802 2797/4703/3801
f  1159/2382/2150 2809/4723/3813 2824/4752/3828
f  2797/4703/3801 1038/2201/2015 2824/4750/3828
f  1158/4753/2149 2824/4750/3828 1038/2201/2015
f  2824/4752/3828 1158/2381/2149 1159/2382/2150
f  1083/2267/2060 1081/2264/2058 2792/4695/3796
f  1083/2270/2060 2793/4754/3797 1084/2269/2061
f  2793/4754/3797 2790/4692/3794 2785/4685/3789
f  2793/4754/3797 2785/4685/3789 1084/2269/2061
f  2782/4681/3786 2786/4686/3790 2774/4670/3778
f  2778/4674/3782 1088/2277/2065 2779/4676/3783
f  2779/4676/3783 1088/2277/2065 1087/2276/2064
f  1506/2893/2505 2778/4674/3782 2772/4667/3776
f  1509/2896/2508 2778/4674/3782 1506/2893/2505
f  2778/4674/3782 1509/2896/2508 1088/2277/2065
f  2773/4669/3777 2825/4755/3829 2765/4652/3769
f  2825/4756/3829 2773/4743/3777 2751/4629/3755
f  2765/4652/3769 2825/4755/3829 2762/4653/3766
f  2751/4629/3755 2762/4646/3766 2825/4756/3829
f  2644/4466/3648 2764/4651/3768 2642/4464/3646
f  2649/4474/3653 2642/4468/3646 2764/4650/3768
f  2695/4536/3699 2690/4531/3694 2748/4625/3752
f  2743/4618/3747 2694/626/3698 2695/4620/3699
f  2741/4611/3745 1197/4757/2188 1196/4610/2187
f  2736/4601/3740 2693/116/3697 2738/4603/3742
f  2734/2659/3738 2733/4597/3737 2725/4581/3729
f  2734/2659/3738 2725/4581/3729 2722/4577/3726
f  2722/4577/3726 2826/4596/3830 2734/2659/3738
f  2693/381/3697 2734/2659/3738 2826/4597/3830
f  2698/4758/3702 2826/4596/3830 2722/4577/3726
f  2698/4758/3702 2692/116/3696 2826/4596/3830
f  2826/4597/3830 2692/626/3696 2693/381/3697
f  2733/4597/3737 2726/4585/3730 2725/4581/3729
f  2827/4759/3831 2729/4591/3733 2732/4594/3736
f  1208/4605/2199 2827/4759/3831 2732/4594/3736
f  2729/4590/3733 2827/2541/3831 1209/2451/2200
f  2827/2541/3831 1208/2450/2199 1209/2451/2200
f  1211/4582/2202 1212/4760/2203 2724/4583/3728
f  1212/4760/2203 2828/4761/3832 2724/4583/3728
f  2719/4573/3723 2724/4580/3728 2828/4762/3832
f  1212/4760/2203 1214/4763/2205 2828/4761/3832
f  2828/4762/3832 2829/4764/3833 2709/4558/3713
f  2828/4762/3832 2709/4558/3713 2719/4573/3723
f  2828/4761/3832 1214/4763/2205 1216/4765/2207
f  2829/4766/3833 2828/4761/3832 1216/4765/2207
f  2829/4764/3833 1222/381/2213 2709/4558/3713
f  1222/2464/2213 2829/4766/3833 1217/2467/2208
f  2829/4766/3833 1216/4765/2207 1217/2467/2208
f  2722/4577/3726 2699/4767/3703 2698/4758/3702
f  2700/4578/3704 2699/4767/3703 2722/4577/3726
f  2830/4768/3834 2831/4769/3835 2696/4548/3700
f  2687/4527/3691 2696/4538/3700 2831/4770/3835
f  1379/4547/2376 2830/4768/3834 2696/4548/3700
f  2830/4771/3834 1379/2703/2376 1381/2705/2378
f  2830/4768/3834 2832/4772/3836 2831/4769/3835
f  2830/4771/3834 1381/2705/2378 1393/2725/2392
f  2832/4773/3836 2830/4771/3834 1393/2725/2392
f  2832/4773/3836 1393/2725/2392 1397/2732/2396
f  2832/4772/3836 2833/4774/3837 2834/4775/3838
f  2832/4772/3836 2834/4775/3838 2831/4769/3835
f  2833/4776/3837 2832/4773/3836 1397/2732/2396
f  2833/4776/3837 1397/2732/2396 1405/2742/2404
f  2833/4774/3837 2835/4777/3839 2836/4778/3840
f  2833/4774/3837 2836/4778/3840 2834/4775/3838
f  2833/4776/3837 1405/2742/2404 2837/4779/3841
f  2837/4779/3841 2835/4780/3839 2833/4776/3837
f  2835/4777/3839 2838/116/3842 2839/4781/3843
f  2838/4782/3842 2835/4780/3839 2837/4779/3841
f  2835/4777/3839 2839/4781/3843 2836/4778/3840
f  2840/4783/3844 2839/4784/3843 2838/4785/3842
f  2841/4786/3845 2836/4787/3840 2839/4784/3843
f  2840/4783/3844 2841/4786/3845 2839/4784/3843
f  2841/4786/3845 2674/4509/3678 2836/4787/3840
f  2675/4510/3679 2841/4786/3845 2842/4788/3846
f  2841/4786/3845 2840/4783/3844 2842/4788/3846
f  2674/4509/3678 2841/4786/3845 2675/4510/3679
f  2842/4788/3846 2840/4783/3844 2843/4789/3847
f  2842/4788/3846 2843/4789/3847 2844/4790/3848
f  2675/4510/3679 2842/4788/3846 2845/4791/3849
f  2844/4790/3848 2846/4792/3850 2842/4788/3846
f  2842/4788/3846 2846/4792/3850 2845/4791/3849
f  2847/4793/3851 2845/4794/3849 2846/4795/3850
f  2848/4796/3852 2845/4794/3849 2847/4793/3851
f  2845/4791/3849 2848/4797/3852 2675/4510/3679
f  2670/4502/3674 2848/4796/3852 2666/4498/3670
f  2848/4797/3852 2670/4798/3674 2675/4510/3679
f  2848/4796/3852 2847/4793/3851 2666/4498/3670
f  2846/4795/3850 2849/4799/3853 2847/4793/3851
f  2849/4799/3853 2850/4800/3854 2847/4793/3851
f  2850/4800/3854 2665/4497/3669 2847/4793/3851
f  2847/4793/3851 2665/4497/3669 2666/4498/3670
f  2851/4801/3855 2850/4800/3854 2849/4799/3853
f  2852/4802/3856 2853/4803/3857 2850/4800/3854
f  2852/4802/3856 2850/4800/3854 2851/4801/3855
f  2853/4803/3857 2665/4497/3669 2850/4800/3854
f  2853/4804/3857 2852/4805/3856 2854/4806/3858
f  2853/4803/3857 2855/4807/3859 2665/4497/3669
f  2855/4808/3859 2853/4804/3857 2854/4806/3858
f  2664/4809/3668 2854/4806/3858 2856/4810/3860
f  2856/4810/3860 2854/4806/3858 2857/4811/3861
f  2664/4809/3668 2855/4808/3859 2854/4806/3858
f  2857/4811/3861 2854/4806/3858 2858/4812/3862
f  2858/4812/3862 2854/4806/3858 2859/4813/3863
f  2854/4806/3858 2852/4805/3856 2859/4813/3863
f  2859/4813/3863 2860/4814/3864 2858/4812/3862
f  2860/4815/3864 2859/4816/3863 2851/4801/3855
f  2851/4801/3855 2859/4816/3863 2852/4802/3856
f  2860/4814/3864 2861/4817/3865 2858/4812/3862
f  2860/4814/3864 2862/4818/3866 2861/4817/3865
f  2862/4819/3866 2860/4815/3864 2851/4801/3855
f  2861/4817/3865 2862/4818/3866 2863/4820/3867
f  2861/4817/3865 2863/4820/3867 2864/4821/3868
f  2864/4821/3868 2865/4822/3869 2861/4817/3865
f  2861/4817/3865 2866/4823/3870 2858/4812/3862
f  2861/4817/3865 2865/4822/3869 2866/4823/3870
f  2858/4812/3862 2866/4823/3870 2867/4824/3871
f  2865/4822/3869 2868/4825/3872 2866/4823/3870
f  2866/4823/3870 2868/4825/3872 2869/4826/3873
f  2866/4823/3870 2869/4826/3873 2867/4824/3871
f  2867/4824/3871 2869/4826/3873 2626/4445/3630
f  2869/4826/3873 2618/4433/3622 2626/4445/3630
f  2869/4826/3873 2614/4429/3618 2618/4433/3622
f  2868/4825/3872 2614/4429/3618 2869/4826/3873
f  2870/4827/3874 2867/4824/3871 2629/4450/3633
f  2858/4812/3862 2867/4824/3871 2870/4827/3874
f  2867/4824/3871 2626/4445/3630 2629/4450/3633
f  2870/4827/3874 2871/4828/3875 2857/4811/3861
f  2858/4812/3862 2870/4827/3874 2857/4811/3861
f  2870/4827/3874 2629/4450/3633 2872/4829/3876
f  2871/4828/3875 2870/4827/3874 2872/4829/3876
f  2871/4828/3875 2872/4829/3876 2646/4471/3650
f  2647/4472/3651 2871/4828/3875 2646/4471/3650
f  2663/4495/3667 2871/4828/3875 2647/4472/3651
f  2663/4495/3667 2857/4811/3861 2871/4828/3875
f  2872/4829/3876 2634/4830/3638 2873/4831/3877
f  2872/4829/3876 2629/4450/3633 2634/4830/3638
f  2646/4471/3650 2872/4829/3876 2638/4832/3642
f  2873/4831/3877 2638/4832/3642 2872/4829/3876
f  2638/4460/3642 2873/4833/3877 2632/4454/3636
f  2632/4454/3636 2873/4833/3877 2634/4456/3638
f  2865/4822/3869 2874/4834/3878 2868/4825/3872
f  2874/4834/3878 2612/4427/3616 2868/4825/3872
f  2868/4825/3872 2612/4427/3616 2614/4429/3618
f  2875/4835/3879 2874/4834/3878 2865/4822/3869
f  2874/4834/3878 2610/4425/3614 2612/4427/3616
f  2875/4835/3879 2876/4836/3880 2874/4834/3878
f  2876/4836/3880 2610/4425/3614 2874/4834/3878
f  2876/4836/3880 2875/4835/3879 2877/4837/3881
f  2864/4821/3868 2875/4835/3879 2865/4822/3869
f  2875/4835/3879 2878/4838/3882 2877/4837/3881
f  2879/4839/3883 2878/4838/3882 2875/4835/3879
f  2864/4821/3868 2879/4839/3883 2875/4835/3879
f  2876/4836/3880 2877/4837/3881 2880/4840/3884
f  2880/4841/3884 2877/4842/3881 2881/4843/3885
f  2881/4843/3885 2877/4842/3881 2878/4844/3882
f  2880/4841/3884 2881/4843/3885 2882/4845/3886
f  2883/4846/3887 2881/4843/3885 2884/4847/3888
f  2882/4845/3886 2881/4843/3885 2883/4846/3887
f  2881/4843/3885 2885/4848/3889 2884/4847/3888
f  2878/4844/3882 2885/4848/3889 2881/4843/3885
f  2864/4849/3868 2886/4850/3890 2885/4848/3889
f  2879/4851/3883 2864/4849/3868 2885/4848/3889
f  2884/4847/3888 2885/4848/3889 2887/4852/3891
f  2878/4844/3882 2879/4851/3883 2885/4848/3889
f  2885/4848/3889 2886/4850/3890 2887/4852/3891
f  2864/4849/3868 2863/4853/3867 2886/4850/3890
f  2886/4850/3890 2863/4853/3867 2862/4819/3866
f  2862/4819/3866 2851/4801/3855 2886/4850/3890
f  2887/4852/3891 2886/4850/3890 2888/4854/3892
f  2886/4850/3890 2851/4801/3855 2888/4854/3892
f  2844/4855/3848 2888/4854/3892 2849/4799/3853
f  2888/4854/3892 2851/4801/3855 2849/4799/3853
f  2889/4856/3893 2887/4852/3891 2888/4854/3892
f  2888/4854/3892 2890/4857/3894 2889/4856/3893
f  2844/4855/3848 2890/4857/3894 2888/4854/3892
f  2843/4789/3847 2889/4858/3893 2890/4859/3894
f  2843/4789/3847 2890/4859/3894 2844/4790/3848
f  2891/4860/3895 2889/4858/3893 2843/4789/3847
f  2889/4856/3893 2891/4861/3895 2887/4852/3891
f  2843/4789/3847 2892/4862/3896 2891/4860/3895
f  2892/4862/3896 2893/4863/3897 2891/4860/3895
f  2891/4861/3895 2893/4864/3897 2884/4847/3888
f  2891/4861/3895 2884/4847/3888 2887/4852/3891
f  2892/4862/3896 2894/4865/3898 2895/4866/3899
f  2896/4867/3900 2894/4865/3898 2892/4862/3896
f  2843/4789/3847 2896/4867/3900 2892/4862/3896
f  2892/4862/3896 2897/4868/3901 2893/4863/3897
f  2898/4869/3902 2897/4868/3901 2892/4862/3896
f  2898/4869/3902 2892/4862/3896 2899/4870/3903
f  2892/4862/3896 2900/4871/3904 2899/4870/3903
f  2892/4862/3896 2895/4866/3899 2901/4872/3905
f  2892/4862/3896 2901/4872/3905 2900/4871/3904
f  2900/4873/3904 2901/4874/3905 2902/4875/3906
f  2900/4873/3904 2902/4875/3906 2903/4876/3907
f  2899/4877/3903 2900/4873/3904 2903/4876/3907
f  2902/4875/3906 2904/4878/3908 2903/4876/3907
f  2899/4877/3903 2903/4876/3907 2905/4879/3909
f  2904/4878/3908 2906/4880/3910 2903/4876/3907
f  2903/4876/3907 2906/4880/3910 2905/4879/3909
f  2907/4881/3911 2908/4882/3912 2906/4880/3910
f  2908/4882/3912 2909/4883/3913 2906/4880/3910
f  2907/4881/3911 2906/4880/3910 2904/4878/3908
f  2906/4880/3910 2909/4883/3913 2905/4879/3909
f  2910/4884/3914 2911/4885/3915 2909/4883/3913
f  2905/4879/3909 2909/4883/3913 2911/4885/3915
f  2912/4886/3916 2910/4884/3914 2909/4883/3913
f  2909/4883/3913 2908/4882/3912 2912/4886/3916
f  2913/4887/3917 2914/4888/3918 2910/4889/3914
f  2910/4884/3914 2914/4890/3918 2915/4891/3919
f  2910/4889/3914 2912/4892/3916 2913/4887/3917
f  2910/4884/3914 2915/4891/3919 2911/4885/3915
f  2916/4893/3920 2911/4885/3915 2915/4891/3919
f  2914/4890/3918 2882/4845/3886 2915/4891/3919
f  2917/4894/3921 2915/4891/3919 2882/4845/3886
f  2916/4893/3920 2915/4891/3919 2917/4894/3921
f  2918/4895/3922 2919/4896/3923 2917/4894/3921
f  2918/4895/3922 2917/4894/3921 2920/4897/3924
f  2917/4894/3921 2882/4845/3886 2920/4897/3924
f  2919/4896/3923 2916/4893/3920 2917/4894/3921
f  2921/4898/3925 2919/4899/3923 2918/4900/3922
f  2919/4896/3923 2921/4901/3925 2916/4893/3920
f  2905/4879/3909 2921/4901/3925 2899/4877/3903
f  2899/4870/3903 2921/4898/3925 2898/4869/3902
f  2921/4901/3925 2905/4879/3909 2916/4893/3920
f  2921/4898/3925 2918/4900/3922 2922/4902/3926
f  2921/4898/3925 2922/4902/3926 2898/4869/3902
f  2922/4903/3926 2918/4895/3922 2920/4897/3924
f  2898/4904/3902 2922/4903/3926 2883/4846/3887
f  2922/4903/3926 2920/4897/3924 2883/4846/3887
f  2920/4897/3924 2882/4845/3886 2883/4846/3887
f  2905/4879/3909 2911/4885/3915 2916/4893/3920
f  2923/4905/3927 2913/4887/3917 2908/4906/3912
f  2923/4905/3927 2607/4422/3611 2913/4887/3917
f  2913/4887/3917 2876/4836/3880 2914/4888/3918
f  2913/4887/3917 2608/4423/3612 2876/4836/3880
f  2913/4887/3917 2912/4892/3916 2908/4906/3912
f  2913/4887/3917 2607/4422/3611 2608/4423/3612
f  2923/4905/3927 2908/4906/3912 2907/4907/3911
f  2923/4905/3927 2907/4907/3911 2924/4908/3928
f  2923/4905/3927 2925/4909/3929 2926/4910/3930
f  2924/4908/3928 2925/4909/3929 2923/4905/3927
f  2923/4905/3927 2927/4911/3931 2607/4422/3611
f  2928/4912/3932 2929/4913/3933 2923/4905/3927
f  2926/4910/3930 2928/4912/3932 2923/4905/3927
f  2927/4911/3931 2923/4905/3927 2929/4913/3933
f  2928/4914/3932 2926/4915/3930 2930/4916/3934
f  2926/4915/3930 2931/4917/3935 2930/4916/3934
f  2932/4918/3936 2926/4910/3930 2933/4919/3937
f  2926/4915/3930 2932/4920/3936 2931/4917/3935
f  2926/4910/3930 2925/4909/3929 2933/4919/3937
f  2934/4921/3938 2935/4922/3939 2931/4917/3935
f  2936/4923/3940 2934/4921/3938 2931/4917/3935
f  2935/4922/3939 2930/4916/3934 2931/4917/3935
f  2936/4923/3940 2931/4917/3935 2932/4920/3936
f  2935/4924/3939 1460/2823/2459 1461/2824/2460
f  2935/4924/3939 2934/4925/3938 1460/2823/2459
f  1461/2824/2460 2937/4926/3941 2935/4924/3939
f  2935/4922/3939 2937/4927/3941 2930/4916/3934
f  2938/4928/3942 2937/4926/3941 1461/2824/2460
f  2937/4927/3941 2938/4929/3942 2930/4916/3934
f  2930/4916/3934 2938/4929/3942 2939/4930/3943
f  2940/4931/3944 2939/4932/3943 2938/4928/3942
f  2938/4928/3942 1461/2824/2460 2940/4931/3944
f  1461/2824/2460 1462/2825/2461 2940/4931/3944
f  2941/4933/3945 2939/4932/3943 2940/4931/3944
f  2941/4933/3945 2940/4931/3944 2942/4934/3946
f  2940/4931/3944 1462/2825/2461 1466/2832/2465
f  2940/4931/3944 1466/2832/2465 2942/4934/3946
f  2943/4935/3947 2941/4933/3945 2942/4934/3946
f  2943/4935/3947 2942/4934/3946 2944/4936/3948
f  2942/4934/3946 1466/2832/2465 1468/2835/2467
f  2942/4934/3946 1468/2835/2467 2944/4936/3948
f  1552/4937/2551 2943/4935/3947 2944/4936/3948
f  2944/4936/3948 1468/2835/2467 1476/2845/2475
f  1552/4937/2551 2944/4936/3948 1476/2845/2475
f  2941/4938/3945 2943/4939/3947 2945/4940/3949
f  2943/4939/3947 1551/2955/2550 2945/4940/3949
f  2943/4939/3947 1552/2956/2551 1551/2955/2550
f  2946/4941/3950 2947/4942/3951 2945/4940/3949
f  2948/4943/3952 2945/4940/3949 2947/4942/3951
f  1551/2955/2550 2946/4941/3950 2945/4940/3949
f  2941/4938/3945 2945/4940/3949 2930/4916/3934
f  2929/4944/3933 2930/4916/3934 2945/4940/3949
f  2948/4943/3952 2929/4944/3933 2945/4940/3949
f  2929/4913/3933 2948/4945/3952 2927/4911/3931
f  2949/4946/3953 2948/4943/3952 2947/4942/3951
f  2948/4945/3952 2949/4947/3953 2927/4911/3931
f  2949/4947/3953 2950/4948/3954 2927/4911/3931
f  2950/4949/3954 2949/4946/3953 2947/4942/3951
f  2950/4949/3954 2947/4942/3951 1629/3046/2628
f  2951/4950/3955 2950/4949/3954 1629/3046/2628
f  2950/4948/3954 2951/4951/3955 2603/4418/3607
f  2950/4948/3954 2603/4418/3607 2927/4911/3931
f  1630/3047/2629 2951/4950/3955 1629/3046/2628
f  2951/4951/3955 1630/4952/2629 2603/4418/3607
f  2946/4941/3950 2952/4953/3956 2947/4942/3951
f  1553/2957/2552 2953/4954/3957 2946/4941/3950
f  1553/2957/2552 2946/4941/3950 1551/2955/2550
f  2953/4954/3957 2952/4953/3956 2946/4941/3950
f  2952/4953/3956 1629/3046/2628 2947/4942/3951
f  2952/4953/3956 1625/3042/2624 1629/3046/2628
f  2953/4954/3957 1622/3039/2621 2952/4953/3956
f  1622/3039/2621 1625/3042/2624 2952/4953/3956
f  1562/2967/2561 2953/4954/3957 1553/2957/2552
f  1562/2967/2561 1618/3035/2617 2953/4954/3957
f  1618/3035/2617 1622/3039/2621 2953/4954/3957
f  2930/4916/3934 2939/4930/3943 2941/4938/3945
f  2936/4955/3940 2954/4956/3958 1431/2782/2430
f  2936/4955/3940 1431/2782/2430 1460/2823/2459
f  1460/2823/2459 2934/4925/3938 2936/4955/3940
f  2954/4957/3958 2936/4923/3940 2932/4920/3936
f  1425/2772/2424 2954/4957/3958 2955/4958/3959
f  1431/2782/2430 2954/4956/3958 1425/2776/2424
f  2954/4957/3958 2932/4920/3936 2955/4958/3959
f  2955/4958/3959 1423/2769/2422 1425/2772/2424
f  1423/2767/2422 2955/4959/3959 2956/4960/3960
f  2955/4959/3959 2933/4919/3937 2957/4961/3961
f  2955/4959/3959 2932/4918/3936 2933/4919/3937
f  2955/4959/3959 2957/4961/3961 2956/4960/3960
f  1423/2767/2422 2956/4960/3960 1420/2765/2419
f  2958/4962/3962 2956/4963/3960 2957/4964/3961
f  1420/2763/2419 2956/4963/3960 2958/4962/3962
f  2958/4962/3962 2959/4965/3963 2960/4966/3964
f  2961/4967/3965 2958/4962/3962 2960/4966/3964
f  2957/4964/3961 2959/4965/3963 2958/4962/3962
f  1420/2763/2419 2958/4962/3962 2962/4968/3966
f  2962/4968/3966 2958/4962/3962 2961/4967/3965
f  2961/4967/3965 2963/4969/3967 2964/4970/3968
f  2964/4970/3968 2962/4968/3966 2961/4967/3965
f  2961/4967/3965 2965/4971/3969 2966/4972/3970
f  2967/4973/3971 2965/4971/3969 2961/4967/3965
f  2967/4973/3971 2961/4967/3965 2960/4966/3964
f  2963/4969/3967 2961/4967/3965 2966/4972/3970
f  1408/2746/2407 2964/4974/3968 2963/4975/3967
f  2963/4975/3967 2837/4779/3841 1408/2746/2407
f  2963/4975/3967 2968/4976/3972 2837/4779/3841
f  2968/4977/3972 2963/4969/3967 2966/4972/3970
f  2968/4976/3972 2838/4782/3842 2837/4779/3841
f  2966/4972/3970 2838/626/3842 2968/4977/3972
f  2894/4865/3898 2896/4867/3900 2966/4978/3970
f  2894/4865/3898 2966/4978/3970 2967/4979/3971
f  2838/4785/3842 2966/4978/3970 2896/4867/3900
f  2966/4978/3970 2965/4980/3969 2967/4979/3971
f  2967/4979/3971 2969/4981/3973 2894/4865/3898
f  2969/4982/3973 2967/4973/3971 2960/4966/3964
f  2894/4865/3898 2969/4981/3973 2970/4983/3974
f  2971/4984/3975 2970/4985/3974 2969/4982/3973
f  2969/4982/3973 2960/4966/3964 2971/4984/3975
f  2960/4966/3964 2959/4965/3963 2971/4984/3975
f  2959/4965/3963 2972/4986/3976 2971/4984/3975
f  2971/4984/3975 2972/4986/3976 2902/4875/3906
f  2895/4987/3899 2971/4984/3975 2902/4875/3906
f  2895/4987/3899 2970/4985/3974 2971/4984/3975
f  2972/4986/3976 2959/4965/3963 2973/4988/3977
f  2972/4986/3976 2904/4878/3908 2902/4875/3906
f  2974/4989/3978 2904/4878/3908 2972/4986/3976
f  2972/4986/3976 2975/4990/3979 2974/4989/3978
f  2973/4988/3977 2975/4990/3979 2972/4986/3976
f  2933/4919/3937 2973/4991/3977 2976/4992/3980
f  2973/4991/3977 2933/4919/3937 2925/4909/3929
f  2925/4909/3929 2975/4993/3979 2973/4991/3977
f  2959/4965/3963 2976/4994/3980 2973/4988/3977
f  2976/4992/3980 2957/4961/3961 2933/4919/3937
f  2957/4964/3961 2976/4994/3980 2959/4965/3963
f  2925/4909/3929 2974/4995/3978 2975/4993/3979
f  2924/4908/3928 2974/4995/3978 2925/4909/3929
f  2974/4989/3978 2924/4996/3928 2904/4878/3908
f  2894/4865/3898 2970/4983/3974 2895/4866/3899
f  2962/4997/3966 2964/4974/3968 1408/2746/2407
f  2962/4997/3966 1408/2746/2407 1411/2751/2410
f  1420/2763/2419 2962/4968/3966 1415/2762/2414
f  1411/2751/2410 1415/2756/2414 2962/4997/3966
f  2929/4944/3933 2928/4914/3932 2930/4916/3934
f  2927/4911/3931 2603/4418/3607 2604/4419/3608
f  2927/4911/3931 2604/4419/3608 2607/4422/3611
f  2924/4996/3928 2907/4881/3911 2904/4878/3908
f  2876/4836/3880 2880/4840/3884 2914/4888/3918
f  2914/4890/3918 2880/4841/3884 2882/4845/3886
f  2902/4875/3906 2901/4874/3905 2895/4987/3899
f  2897/4998/3901 2898/4904/3902 2883/4846/3887
f  2897/4998/3901 2883/4846/3887 2884/4847/3888
f  2884/4847/3888 2893/4864/3897 2897/4998/3901
f  2840/4783/3844 2896/4867/3900 2843/4789/3847
f  2896/4867/3900 2840/4783/3844 2838/4785/3842
f  2876/4836/3880 2608/4423/3612 2610/4425/3614
f  2856/4810/3860 2857/4811/3861 2663/4495/3667
f  2661/4494/3665 2664/4809/3668 2856/4810/3860
f  2661/4494/3665 2856/4810/3860 2663/4495/3667
f  2665/4497/3669 2855/4807/3859 2664/4496/3668
f  2846/4795/3850 2844/4855/3848 2849/4799/3853
f  1405/2742/2404 1408/2746/2407 2837/4779/3841
f  2674/4509/3678 2834/4999/3838 2836/4787/3840
f  2676/4511/3680 2831/4770/3835 2834/4999/3838
f  2674/4509/3678 2676/4511/3680 2834/4999/3838
f  2676/4511/3680 2687/4527/3691 2831/4770/3835
f  2675/4510/3679 2670/4798/3674 2671/4508/3675
f  2659/4488/3663 2655/4480/3659 2669/4501/3673
f  2652/4477/3656 2663/4495/3667 2647/4472/3651
f  2639/5000/3643 2640/4470/3644 2646/4471/3650
f  2646/4471/3650 2638/4832/3642 2639/5000/3643
f  2630/4451/3634 2634/4830/3638 2629/4450/3633
f  2635/4457/3639 1540/2938/2539 1530/2923/2529
f  2623/4441/3627 2625/4443/3629 2635/4457/3639
f  2635/4457/3639 2625/4443/3629 1540/2938/2539
f  2625/4443/3629 1556/2961/2555 1540/2938/2539
f  2625/4443/3629 1557/2962/2556 1556/2961/2555
f  2620/4435/3624 2617/4438/3621 2616/5001/3620
f  1563/2968/2562 2620/4435/3624 2616/5001/3620
f  2620/4435/3624 1563/2968/2562 1558/2963/2557
f  2620/4435/3624 1558/2963/2557 1557/2962/2556
f  2616/5001/3620 2977/5002/3981 1563/2968/2562
f  2977/5003/3981 2616/4431/3620 1571/2979/2570
f  1563/2968/2562 2977/5002/3981 1568/2973/2567
f  1571/2979/2570 1568/2978/2567 2977/5003/3981
f  1630/4952/2629 1635/3054/2634 2603/4418/3607
f  1645/3764/2644 1643/3065/2642 1641/3063/2640
f  1630/4952/2629 1631/3055/2630 1635/3054/2634
f  1561/2966/2560 1618/3035/2617 1562/2967/2561
f  1603/3014/2602 1604/3015/2603 1614/3031/2613
f  1572/2980/2571 1611/3025/2610 2978/5004/3982
f  1566/2971/2565 2978/5005/3982 1611/3030/2610
f  2978/5004/3982 1567/2976/2566 1572/2980/2571
f  1567/2972/2566 2978/5005/3982 1566/2971/2565
f  1581/2989/2580 1590/2998/2589 1582/2990/2581
f  1554/2959/2553 1562/2967/2561 1553/2957/2552
f  1540/2938/2539 1556/2961/2555 1541/2939/2540
f  1476/2845/2475 1478/2847/2477 1552/4937/2551
f  1546/2946/2545 1482/2853/2481 1537/2933/2536
f  1479/2848/2478 1482/2853/2481 1546/2946/2545
f  1536/2932/2535 1542/2947/2541 1537/2933/2536
f  1482/2853/2481 1486/2860/2485 1537/2933/2536
f  1526/2918/2525 1531/2931/2530 1535/2930/2534
f  1526/2918/2525 1535/2930/2534 1519/2906/2518
f  1535/2930/2534 1489/2865/2488 1491/2869/2490
f  1535/2930/2534 1491/2869/2490 1519/2906/2518
f  1519/2906/2518 1491/2869/2490 1498/2879/2497
f  1093/2892/2070 1092/2282/2069 1509/2896/2508
f  1088/2277/2065 1509/2896/2508 1092/2282/2069
f  1496/2876/2495 1094/2285/2071 1503/2887/2502
f  1493/2872/2492 1498/2879/2497 1491/2869/2490
f  1496/2876/2495 1495/2875/2494 1094/2285/2071
f  1094/2285/2071 1495/2875/2494 1097/2288/2074
f  1495/2875/2494 1445/2800/2444 1443/2802/2442
f  1495/2875/2494 1443/2802/2442 1097/2288/2074
f  1472/2841/2471 1471/2850/2470 1474/2843/2473
f  1441/5006/2440 1440/5007/2439 1457/2817/2456
f  1434/2821/2433 1441/5006/2440 1457/2817/2456
f  1447/2805/2446 1440/563/2439 1439/2799/2438
f  1097/2292/2074 1443/2795/2442 1109/2797/2086
f  2979/5008/3983 1108/2304/2085 1438/2790/2437
f  1438/2790/2437 2980/5009/3984 2979/5008/3983
f  1437/2789/2436 2980/5009/3984 1438/2790/2437
f  2981/5010/3985 2979/5011/3983 2980/5012/3984
f  2980/5012/3984 1437/5013/2436 2982/5014/3986
f  2980/5012/3984 2982/5014/3986 2981/5010/3985
f  1400/5015/2399 2981/5010/3985 2982/5014/3986
f  1400/5015/2399 1402/5016/2401 2981/5010/3985
f  1402/5016/2401 1403/5017/2402 2981/5010/3985
f  2983/5018/3987 2981/5010/3985 1110/2308/2087
f  1403/5017/2402 1110/2308/2087 2981/5010/3985
f  2983/5018/3987 2979/5011/3983 2981/5010/3985
f  1108/2304/2085 2983/5019/3987 1107/2303/2084
f  2979/5008/3983 2983/5019/3987 1108/2304/2085
f  1110/2308/2087 1107/2307/2084 2983/5018/3987
f  1437/5013/2436 1436/5020/2435 2982/5014/3986
f  1436/5020/2435 2984/5021/3988 2982/5014/3986
f  1412/5022/2411 2985/5023/3989 2982/5014/3986
f  2985/5023/3989 1400/5015/2399 2982/5014/3986
f  1412/5022/2411 2982/5014/3986 2984/5021/3988
f  1413/5024/2412 1412/5022/2411 2984/5021/3988
f  2984/5021/3988 1436/5020/2435 2986/5025/3990
f  2986/5025/3990 1430/5026/2429 2984/5021/3988
f  1418/5027/2417 2984/5021/3988 1430/5026/2429
f  1418/5027/2417 1413/5024/2412 2984/5021/3988
f  1429/2779/2428 2986/5028/3990 1436/2788/2435
f  1430/2780/2429 2986/5028/3990 1429/2779/2428
f  2985/5029/3989 1412/2752/2411 1401/2737/2400
f  1400/2736/2399 2985/5029/3989 1401/2737/2400
f  1431/2782/2430 1432/2783/2431 1434/2821/2433
f  1417/5030/2416 1418/5027/2417 1430/5026/2429
f  1430/5026/2429 1427/2775/2426 1422/2771/2421
f  1430/5026/2429 1422/2771/2421 1417/5030/2416
f  1398/2733/2397 1405/2742/2404 1397/2732/2396
f  1403/5017/2402 2987/5031/3991 1110/2308/2087
f  2987/5032/3991 1403/2739/2402 1395/2728/2394
f  2987/5031/3991 1112/2311/2089 1110/2308/2087
f  1112/5033/2089 2987/5032/3991 1395/2728/2394
f  1112/5033/2089 1395/2728/2394 1391/2722/2390
f  2988/5034/3992 1112/5033/2089 1391/2722/2390
f  2989/5035/3993 2988/5034/3992 1391/2722/2390
f  1391/2722/2390 1386/2714/2384 1117/5036/3994
f  1117/5036/3994 2989/5035/3993 1391/2722/2390
f  2990/5037/3995 2991/5038/3996 2989/5039/3997
f  2989/5035/3993 2991/5040/3998 2988/5034/3992
f  1114/2319/2095 2990/5037/3995 2989/5039/3997
f  1114/2319/2095 2989/5039/3997 1117/2320/2096
f  2988/5041/3992 2991/5042/3998 2990/5043/3999
f  1112/2311/2089 2990/5043/3999 1114/2314/2091
f  1112/2311/2089 2988/5041/3992 2990/5043/3999
f  1123/2347/93 1388/5044/4000 1134/2348/93
f  1123/2347/93 1118/381/4001 1388/5044/4000
f  1118/2713/2383 1117/5036/3994 1386/2714/2384
f  1384/2710/2381 1380/2709/2377 2992/5045/4002
f  2992/5045/4002 1137/2353/2124 1384/2710/2381
f  1135/2356/2127 1384/2710/2381 1137/2353/2124
f  1135/2356/2127 1134/2716/2386 1384/2710/2381
f  2993/5046/4003 2992/5047/4002 1380/2704/2377
f  2992/5045/4002 2994/5048/4004 1137/2353/2124
f  2994/5049/4004 2992/5047/4002 2993/5046/4003
f  2995/5050/4005 2993/5046/4003 1376/2700/2373
f  1376/2700/2373 2993/5046/4003 1380/2704/2377
f  2994/5049/4004 2993/5046/4003 2996/5051/4006
f  2995/5050/4005 2996/5051/4006 2993/5046/4003
f  1374/2697/2371 2995/5050/4005 1376/2700/2373
f  2997/5052/4007 2995/5050/4005 1374/2697/2371
f  2998/5053/4008 2996/5051/4006 2995/5050/4005
f  2997/5052/4007 2998/5053/4008 2995/5050/4005
f  2997/5054/4007 2999/5055/4009 3000/5056/4010
f  2998/5057/4008 2997/5054/4007 3000/5056/4010
f  2997/5054/4007 3001/5058/4011 2999/5055/4009
f  1374/2697/2371 3001/5059/4011 2997/5052/4007
f  3001/5058/4011 1371/2695/2368 2999/5055/4009
f  1372/2617/2369 3001/5059/4011 1374/2697/2371
f  3001/5058/4011 1372/5060/2369 1371/2695/2368
f  3000/5056/4010 2999/5055/4009 3002/5061/4012
f  2999/5055/4009 1367/2684/2364 3002/5061/4012
f  1371/2695/2368 1367/2684/2364 2999/5055/4009
f  3000/5056/4010 3002/5061/4012 3003/5062/4013
f  3004/5063/4014 3003/5062/4013 3002/5061/4012
f  3002/5061/4012 1368/2685/2365 3005/5064/4015
f  3005/5064/4015 3004/5063/4014 3002/5061/4012
f  3002/5061/4012 1367/2684/2364 1368/2685/2365
f  3006/5065/4016 3007/5066/4017 3004/5067/4014
f  3003/5068/4013 3004/5067/4014 3007/5066/4017
f  3004/5067/4014 3005/5069/4015 3006/5065/4016
f  3008/5070/4018 3006/5065/4016 3009/5071/4019
f  3010/5072/4020 3009/116/4019 3006/5073/4016
f  3006/5065/4016 3008/5070/4018 3007/5066/4017
f  3010/5072/4020 3006/5073/4016 3011/5074/4021
f  3005/5069/4015 3011/5075/4021 3006/5065/4016
f  3011/5074/4021 3005/5064/4015 1368/2685/2365
f  3011/5074/4021 1368/2685/2365 1362/2677/2359
f  3011/5074/4021 1362/2677/2359 3012/5076/4022
f  3012/5076/4022 3010/5072/4020 3011/5074/4021
f  1359/2680/2356 3012/5076/4022 1362/2677/2359
f  3010/5077/4020 3012/5078/4022 1360/2674/2357
f  3012/5078/4022 1359/2673/2356 1360/2674/2357
f  3013/5079/93 3008/5080/93 1144/2362/93
f  1155/5081/2146 1144/5082/2143 3008/5070/4018
f  3009/5071/4019 1155/5081/2146 3008/5070/4018
f  3013/5079/93 3007/5083/93 3008/5080/93
f  1142/2360/2131 3014/5084/4023 3013/5079/93
f  3015/5085/4024 3013/5086/4025 3014/5087/4026
f  1142/2360/2131 3013/5079/93 1144/2362/93
f  3016/5088/4027 3003/5068/4013 3013/5086/4025
f  3015/5085/4024 3016/5088/4027 3013/5086/4025
f  3003/5068/4013 3007/5066/4017 3013/5086/4025
f  3017/5089/4028 3000/5056/4010 3015/5090/4024
f  3017/5089/4028 3015/5090/4024 3018/5091/4029
f  3016/5092/4027 3015/5090/4024 3000/5056/4010
f  3018/5093/4029 3015/5085/4024 3014/5087/4026
f  3019/381/4030 3018/5093/4029 3014/5087/4026
f  3020/5094/4031 3017/5089/4028 3018/5091/4029
f  3018/5091/4029 3019/5095/4030 3020/5094/4031
f  1146/5096/4032 3021/5097/4033 3019/5098/4030
f  3020/5099/4031 3019/5100/4030 3021/5101/4033
f  3019/5098/4030 1142/5102/4034 1142/5102/93
f  3014/5087/4026 1142/5103/4034 3019/381/4030
f  3019/5098/4030 1142/5102/93 1142/5104/201
f  3019/5098/4030 1142/5104/201 1142/5104/201
f  3019/5098/4030 1142/5104/201 1142/5105/4035
f  3019/5098/4030 1142/5105/4035 3022/5106/4036
f  3019/5098/4030 3022/5106/4036 3023/5107/4037
f  3019/5098/4030 3023/5107/4037 1141/5108/4038
f  1141/5108/4038 1143/5109/4039 3019/5098/4030
f  1143/5109/4039 1146/5096/4032 3019/5098/4030
f  1142/5110/93 1142/5111/93 1142/2360/2131
f  1142/5110/93 1142/5111/93 1142/5111/93
f  1142/5110/93 1142/5112/93 1142/5111/93
f  3022/5113/4040 1142/5110/93 1142/2360/2131
f  3023/5114/4041 3022/5113/4040 1142/2360/2131
f  3024/5115/4042 3023/5114/4041 1142/2360/2131
f  3023/5107/4037 3025/5116/4043 1141/5108/4038
f  3023/5107/4037 3024/5117/4044 3025/5116/4043
f  3025/5118/4045 3024/5115/4042 1142/2360/2131
f  1141/2359/2130 3025/5118/4045 1142/2360/2131
f  1147/5119/4046 1148/5120/4047 3021/5097/4033
f  1146/5096/4032 1147/5119/4046 3021/5097/4033
f  1149/5121/4048 1138/2354/2125 3021/5097/4033
f  1148/5120/4047 1149/5121/4048 3021/5097/4033
f  3021/5101/4033 3026/5122/4049 2996/5051/4006
f  3020/5099/4031 3021/5101/4033 2996/5051/4006
f  3026/5123/4049 3021/5097/4033 1138/2354/2125
f  3027/5124/4050 3026/5123/4049 1138/2354/2125
f  3026/5122/4049 3027/5125/4050 2996/5051/4006
f  3027/5124/4050 1138/2354/2125 1137/2353/2124
f  1137/2353/2124 2994/5048/4004 3027/5124/4050
f  2996/5051/4006 3027/5125/4050 2994/5049/4004
f  3017/5126/4028 3020/5099/4031 2996/5051/4006
f  3017/5089/4028 2998/5057/4008 3000/5056/4010
f  2998/5053/4008 3017/5126/4028 2996/5051/4006
f  3003/5062/4013 3016/5092/4027 3000/5056/4010
f  1153/5127/2144 3009/5128/4019 3010/5077/4020
f  3010/5077/4020 1360/2674/2357 1153/5127/2144
f  1155/2378/2146 3009/5129/4019 1153/2376/2144
f  1153/5127/2144 1360/2674/2357 3028/5130/4051
f  3029/5131/4052 3028/5130/4051 1360/2674/2357
f  1360/2674/2357 1350/2670/2347 3029/5131/4052
f  1352/2662/2349 3029/5132/4052 1350/2660/2347
f  3028/5133/4051 3029/5132/4052 1352/2662/2349
f  3028/5130/4051 1154/5134/2145 1153/5127/2144
f  3028/5130/4051 3030/5135/4053 1154/5134/2145
f  3028/5133/4051 1352/2662/2349 3031/5136/4054
f  3031/5136/4054 3030/5137/4053 3028/5133/4051
f  3030/5135/4053 1156/116/2147 1154/5134/2145
f  1156/2110/2147 3030/5137/4053 3031/5136/4054
f  3032/5138/4055 1156/381/2147 3031/5136/4054
f  3032/5138/4055 3031/5136/4054 1352/2662/2349
f  3033/5139/4056 1156/626/2147 3032/5140/4055
f  1352/2662/2349 1296/5141/2288 3032/5138/4055
f  3033/5139/4056 3032/5140/4055 1296/2577/2288
f  1156/2379/2147 3033/5142/4056 1161/2384/2152
f  1161/2389/2152 3033/5143/4056 1163/2387/2154
f  1293/2576/2285 3033/5139/4056 1296/2577/2288
f  1290/2570/2282 3033/5144/4056 1293/2571/2285
f  3033/5143/4056 1290/2566/2282 1163/2387/2154
f  1355/5145/2352 1356/5146/2353 1333/2637/2330
f  1340/5147/2337 1355/5145/2352 1333/2637/2330
f  1339/2541/2336 1355/626/2352 1340/116/2337
f  1352/2662/2349 1298/2663/2290 1296/5141/2288
f  1348/2110/2345 1339/2664/2336 1343/2652/2340
f  1346/2656/2343 1299/5148/2291 1298/2663/2290
f  1300/2655/2292 1299/5148/2291 1346/2656/2343
f  1336/2640/2333 1340/5147/2337 1333/2637/2330
f  1324/2621/2321 1338/2643/2335 1334/2638/2331
f  1314/2646/2309 1338/2643/2335 1324/2621/2321
f  1326/2625/2323 1324/2621/2321 1334/2638/2331
f  1329/2628/2326 1245/2499/2236 1246/2500/2237
f  1323/2620/2320 1314/2646/2309 1324/2621/2321
f  1314/2604/2309 1323/2619/2320 1315/2606/2310
f  1323/2619/2320 1320/2618/2317 1317/5149/2312
f  1323/2619/2320 1317/5149/2312 1315/2606/2310
f  1309/2596/2301 1313/2651/2308 1310/2597/2302
f  1308/2595/2300 1300/2582/2292 1309/2596/2301
f  1307/2593/2299 1286/2559/2278 1287/2560/2279
f  1300/2582/2292 1308/2595/2300 1301/2583/2293
f  1164/2388/2155 1163/2387/2154 1290/2566/2282
f  1278/2543/2269 1282/2552/2273 1283/2551/2274
f  1278/2543/2269 1283/2551/2274 1277/2542/2268
f  1169/2396/2160 1280/2547/2271 1265/2529/2256
f  1270/5150/2261 1273/2615/2264 1249/2624/2240
f  1271/5151/2262 1270/5150/2261 1249/2624/2240
f  1271/5151/2262 1249/2624/2240 1248/2506/2239
f  3034/5152/4057 1271/5151/2262 1248/2506/2239
f  1271/2536/2262 3034/5153/4057 1269/2534/2260
f  1252/2508/2243 3034/5152/4057 1248/2506/2239
f  1259/2519/2250 3034/5153/4057 1252/2516/2243
f  3034/5153/4057 1259/2519/2250 1269/2534/2260
f  1259/2519/2250 1263/2524/2254 1269/2534/2260
f  1169/2396/2160 1261/2528/2252 1170/2397/2161
f  1170/2523/2161 1258/2518/2249 3035/5154/4058
f  1257/2517/2248 3035/5154/4058 1258/2518/2249
f  3036/5155/4059 3037/5156/4060 3035/5154/4058
f  1171/5157/2162 3035/5154/4058 3037/5156/4060
f  1171/5157/2162 1170/2523/2161 3035/5154/4058
f  3036/5155/4059 3035/5154/4058 1257/2517/2248
f  3038/5158/4061 3036/5155/4059 1257/2517/2248
f  3038/5158/4061 3039/5159/4062 3036/5155/4059
f  3039/5159/4062 3040/5160/4063 3036/5155/4059
f  3040/5160/4063 3037/5156/4060 3036/5155/4059
f  3039/5161/4062 3038/5162/4061 1236/2488/2227
f  1236/2488/2227 1237/2489/2228 3039/5161/4062
f  3040/5160/4063 3039/5159/4062 1237/5163/2228
f  3040/5160/4063 3041/5164/4064 3037/5156/4060
f  3042/5165/4065 3041/5164/4064 3040/5160/4063
f  1237/5163/2228 3042/5165/4065 3040/5160/4063
f  1230/2481/2221 1232/2482/2223 3042/5165/4065
f  1237/5163/2228 1230/2481/2221 3042/5165/4065
f  3042/5165/4065 1177/2408/2168 3041/5164/4064
f  1232/2482/2223 1178/2409/2169 3042/5165/4065
f  1178/2409/2169 1177/2408/2168 3042/5165/4065
f  1174/5166/2165 3037/5156/4060 3041/5164/4064
f  1176/2407/2167 3041/5164/4064 1177/2408/2168
f  1176/2407/2167 1174/5166/2165 3041/5164/4064
f  1255/2514/2246 3038/5158/4061 1257/2517/2248
f  3038/5162/4061 1255/2512/2246 1254/2511/2245
f  3038/5162/4061 1254/2511/2245 1236/2488/2227
f  1174/5166/2165 1171/5157/2162 3037/5156/4060
f  1236/2490/2227 1254/2510/2245 1238/2491/2229
f  1254/2510/2245 1244/2498/2235 1238/2491/2229
f  1228/4572/2219 1234/2495/2225 1240/2493/2231
f  1187/2422/2178 1182/2415/2173 1232/2482/2223
f  1182/2415/2173 1178/2409/2169 1232/2482/2223
f  1203/2445/2194 1207/626/2198 1196/2434/2187
f  1172/2401/2163 1200/2440/2191 1167/2393/2158
f  1160/2383/2151 1166/4728/2157 1159/2382/2150
f  1038/2201/2015 1040/2203/2017 1158/4753/2149
f  1040/2203/2017 1150/5167/4066 1158/4753/2149
f  1158/2381/2149 1150/5168/4066 1151/2372/2140
f  1149/5121/4048 1139/2355/2126 1138/2354/2125
f  1150/2369/2138 1040/5169/4067 1131/2343/2116
f  1128/2337/2110 1129/2338/2111 3043/5170/4068
f  3043/5171/4069 1129/2341/2114 1131/2340/2113
f  3044/5172/4070 3043/5171/4069 1131/2340/2113
f  3045/5173/4071 3043/5170/4068 3044/5174/4072
f  3045/5173/4071 1128/2337/2110 3043/5170/4068
f  3045/5173/4071 3046/5175/4073 1128/2337/2110
f  3045/5176/4071 3047/5177/4074 3048/5178/4075
f  3045/5176/4071 3049/5179/4076 3047/5177/4074
f  3048/5178/4075 3046/5180/4073 3045/5176/4071
f  3049/5181/4076 3045/5173/4071 3050/5182/4077
f  3045/5173/4071 3044/5174/4072 3051/5183/4078
f  3045/5173/4071 3051/5183/4078 3050/5182/4077
f  3049/5181/4076 3050/5182/4077 3052/5184/4079
f  3050/5185/4080 3051/5186/4081 1131/2340/2113
f  3052/5187/4082 3050/5185/4080 1131/2340/2113
f  3049/5181/4076 3052/5184/4079 3053/5188/4083
f  3053/5189/4084 3052/5187/4082 1131/2340/2113
f  3053/5188/4083 3054/5190/4085 3049/5181/4076
f  3055/5191/4086 3056/5192/4087 3053/5189/4084
f  3053/5188/4083 3056/5193/4088 3054/5190/4085
f  1131/2340/2113 3055/5191/4086 3053/5189/4084
f  1131/2340/2113 1044/5194/201 3055/5191/4086
f  1044/5194/201 3057/5195/201 3055/5191/4086
f  3057/5195/201 3058/5196/201 3055/5191/4086
f  3049/626/4076 3055/5197/4089 3058/5198/4090
f  3055/5191/4086 3059/5199/4091 3056/5192/4087
f  3055/5191/4086 3054/5200/4092 3059/5199/4091
f  3055/5191/4086 3060/5201/4093 3054/5200/4092
f  3055/5191/4086 3055/5202/4094 3060/5201/4093
f  3055/5191/4086 3055/5203/201 3055/5202/4094
f  3055/5204/93 3055/5204/4089 3049/5181/4076
f  3055/5205/4095 3055/5206/93 3049/5181/4076
f  3060/5207/4096 3055/5205/4095 3049/5181/4076
f  3055/5203/201 3055/5208/201 3055/5202/4094
f  3055/5203/201 3055/5203/201 3055/5202/4094
f  3055/5204/93 3055/5204/93 3049/5181/4076
f  3055/5206/93 3055/5204/93 3049/5181/4076
f  3054/5190/4085 3060/5207/4096 3049/5181/4076
f  3056/5193/4088 3059/5209/4097 3054/5190/4085
f  1044/5194/201 3061/5210/201 3057/5195/201
f  3058/5198/4090 3057/5211/4098 3062/5212/4099
f  3057/5211/4098 3063/5213/4100 3062/5212/4099
f  3064/5214/4101 3063/5213/4100 3057/5211/4098
f  3061/5210/201 3065/5215/201 3057/5195/201
f  3057/5211/4098 3065/5216/4102 3064/5214/4101
f  3065/5216/4102 3066/5217/4103 3064/5214/4101
f  3067/5218/4104 3064/5219/4101 3066/5220/4103
f  3064/5219/4101 3067/5218/4104 3068/5221/4105
f  3063/5222/4100 3064/5219/4101 3068/5221/4105
f  3067/5218/4104 3069/5223/4106 3068/5221/4105
f  3062/5224/4099 3068/5221/4105 3070/5225/4107
f  3068/5221/4105 3062/5224/4099 3063/5222/4100
f  3068/5221/4105 3069/5223/4106 1070/5226/2047
f  3070/5225/4107 3068/5221/4105 1070/5226/2047
f  3070/5225/4107 3047/5227/4074 3049/5228/4076
f  3070/5225/4107 3049/5228/4076 3071/5229/4108
f  1070/5226/2047 3072/5230/4109 3070/5225/4107
f  3048/5178/4075 3047/5177/4074 3070/5231/4107
f  3048/5178/4075 3070/5231/4107 3072/5232/4109
f  3070/5225/4107 3071/5229/4108 3062/5224/4099
f  3058/5198/4090 3071/5233/4108 3049/626/4076
f  3062/5212/4099 3071/5233/4108 3058/5198/4090
f  1071/2250/2048 3072/5232/4109 1070/2249/2047
f  3072/5232/4109 1071/2250/2048 3048/5178/4075
f  3069/5223/4106 1066/2241/2043 1068/2244/2045
f  1066/2241/2043 3069/5223/4106 1067/2242/2044
f  3067/5218/4104 1067/2242/2044 3069/5223/4106
f  1068/2244/2045 1070/5226/2047 3069/5223/4106
f  3066/5220/4103 3073/5234/4110 3067/5218/4104
f  1058/2227/2035 1067/2242/2044 3067/5218/4104
f  3073/5234/4110 1058/2227/2035 3067/5218/4104
f  3073/5235/4110 3066/5217/4103 3065/5216/4102
f  3065/5216/4102 1054/5236/2031 3073/5235/4110
f  3073/5234/4110 1054/2221/2031 1058/2227/2035
f  3065/5216/4102 3061/5237/4111 1054/5236/2031
f  3061/5237/4111 1044/5238/2021 1043/5239/2020
f  3061/5237/4111 1043/5239/2020 3074/5240/4112
f  3074/5240/4112 1054/5236/2031 3061/5237/4111
f  1042/2205/2019 3074/5241/4112 1043/2206/2020
f  1049/2215/2026 3074/5242/4112 1042/2213/2019
f  1054/2221/2031 3074/5243/4112 1049/2222/2026
f  3051/5186/4081 3044/5172/4070 1131/2340/2113
f  1128/2337/2110 3046/5175/4073 3075/5244/4113
f  3048/5178/4075 3075/5245/4113 3046/5180/4073
f  3075/5244/4113 3076/5246/4114 1126/2334/2107
f  3076/5247/4114 3075/5245/4113 3048/5178/4075
f  3075/5244/4113 1126/2334/2107 1128/2337/2110
f  3077/5248/4115 3078/5249/4116 3076/5247/4114
f  1126/2334/2107 3076/5246/4114 3078/5250/4116
f  3076/5247/4114 3048/5178/4075 3077/5248/4115
f  3079/5251/4117 3077/5248/4115 1073/2252/2050
f  3079/5251/4117 3078/5249/4116 3077/5248/4115
f  3048/5178/4075 1071/2250/2048 3077/5248/4115
f  1071/2250/2048 1073/2252/2050 3077/5248/4115
f  3078/5250/4116 3079/5252/4117 1125/2332/2105
f  1125/2332/2105 3079/5252/4117 3080/5253/4118
f  1074/2253/2051 3080/5254/4118 3079/5251/4117
f  3079/5251/4117 1073/2252/2050 1074/2253/2051
f  1102/2298/2079 3080/5254/4118 1074/2253/2051
f  3080/5253/4118 1102/5255/2079 1115/2316/2092
f  3080/5253/4118 1115/2316/2092 1125/2332/2105
f  3078/5250/4116 1125/2332/2105 1126/2334/2107
f  1131/2340/2113 1045/5256/201 1044/5194/201
f  1131/2340/2113 1040/5257/201 1045/5256/201
f  1102/5255/2079 1101/2315/2078 1115/2316/2092
f  1097/2292/2074 1109/2797/2086 1099/2293/2076
f  1077/2256/2054 1090/2289/2067 1078/2258/2055
f  1048/2214/2025 1080/2263/2057 1050/2216/2027
f  1058/2227/2035 1057/2226/2034 1067/2242/2044
f  1050/2216/2027 1063/2261/2040 1059/2230/2036
f  3081/5258/4119 3082/116/4120 3083/5259/4120
f  3082/5260/201 3081/5261/201 3084/5262/4121
f  3084/5263/4122 3081/626/4123 3085/5264/4124
f  3083/5259/4120 3086/381/4119 3081/5258/4119
f  3081/626/4123 3086/381/4125 3085/5264/4124
f  3087/5265/4126 3085/5266/4127 3088/5267/4128
f  3084/5263/4122 3085/5264/4124 3087/5268/4129
f  3085/5266/4127 3086/5269/4130 3088/5267/4128
f  3088/5270/4128 3089/5271/4131 3090/5272/4132
f  3091/5273/4133 3089/5271/4131 3088/5270/4128
f  3092/5274/4134 3087/5265/4126 3088/5267/4128
f  3093/5275/4135 3092/5274/4134 3088/5267/4128
f  3094/5276/4136 3093/5275/4135 3088/5267/4128
f  3095/5277/4137 3094/5276/4136 3088/5267/4128
f  3096/5278/4138 3088/5270/4128 3090/5272/4132
f  3095/5277/4137 3088/5267/4128 3096/5279/4138
f  3088/5270/4128 3097/563/4139 3091/5273/4133
f  3086/5269/4130 3097/5280/4139 3088/5267/4128
f  3096/5278/4138 3090/5272/4132 3098/5281/4140
f  3099/5282/4141 3098/5281/4140 3090/5272/4132
f  3099/5282/4141 3090/5272/4132 3100/5283/4142
f  3100/5283/4142 3090/5272/4132 3089/5271/4131
f  3101/5284/4143 3100/5283/4142 3102/5285/4144
f  3102/5285/4144 3100/5283/4142 3103/5286/4145
f  3100/5283/4142 3089/5271/4131 3103/5286/4145
f  3101/5284/4143 3099/5282/4141 3100/5283/4142
f  3104/5287/4146 3099/5282/4141 3101/5284/4143
f  3105/5288/4147 3104/5287/4146 3101/5284/4143
f  3105/5288/4147 3101/5284/4143 3106/5289/4148
f  3106/5289/4148 3101/5284/4143 3102/5285/4144
f  3107/5290/4149 3105/5288/4147 3106/5289/4148
f  3105/5288/4147 3107/5290/4149 3108/5291/4150
f  3104/5287/4146 3105/5288/4147 3109/5292/4151
f  3108/5291/4150 3109/5292/4151 3105/5288/4147
f  3109/5292/4151 3110/5293/4152 3104/5287/4146
f  3108/5291/4150 3111/5294/4153 3109/5292/4151
f  3109/5295/4151 3112/5296/4154 3113/5297/4155
f  3109/5295/4151 3111/5298/4153 3112/5296/4154
f  3113/5297/4155 3114/5299/4156 3109/5295/4151
f  3109/5292/4151 3114/5300/4156 3110/5293/4152
f  3112/5296/4154 3111/5298/4153 3108/5301/4150
f  3115/5302/4157 3104/5287/4146 3110/5293/4152
f  3110/5293/4152 3116/5303/4158 3115/5302/4157
f  3117/5304/4159 3118/5305/4160 3110/5306/4152
f  3110/5306/4152 3113/5297/4155 3117/5304/4159
f  3110/5293/4152 3118/5307/4160 3116/5303/4158
f  3110/5306/4152 3114/5299/4156 3113/5297/4155
f  3116/5308/4158 3118/5305/4160 3117/5304/4159
f  3115/5302/4157 3116/5303/4158 3119/5309/4161
f  3120/5310/4162 3119/5311/4161 3116/5308/4158
f  3121/5312/4163 3120/5310/4162 3116/5308/4158
f  3116/5308/4158 3117/5304/4159 3121/5312/4163
f  3120/5310/4162 3121/5312/4163 3122/5313/4164
f  3123/5314/4165 3121/5312/4163 3117/5304/4159
f  3122/5313/4164 3121/5312/4163 3124/5315/4166
f  3121/5312/4163 3123/5314/4165 3124/5315/4166
f  3125/5316/4167 3126/5317/4168 3123/5314/4165
f  3117/5304/4159 3125/5316/4167 3123/5314/4165
f  3124/5315/4166 3123/5314/4165 3127/5318/4169
f  3123/5314/4165 3126/5317/4168 3127/5318/4169
f  3127/5318/4169 3126/5317/4168 3128/5319/4170
f  3126/5317/4168 3129/5320/4171 3128/5319/4170
f  3130/5321/4172 3129/5320/4171 3126/5317/4168
f  3130/5321/4172 3126/5317/4168 3125/5316/4167
f  3125/5316/4167 3131/5322/4173 3130/5321/4172
f  3130/5323/4172 3131/5324/4173 3132/5325/4174
f  3130/5323/4172 3132/5325/4174 3133/5326/4175
f  3130/5323/4172 3133/5326/4175 3134/5327/4176
f  3130/5321/4172 3135/5328/4177 3129/5320/4171
f  3136/5329/4178 3135/5330/4177 3130/5323/4172
f  3137/5331/4179 3138/5332/4180 3130/5323/4172
f  3134/5327/4176 3137/5331/4179 3130/5323/4172
f  3139/5333/4181 3130/5323/4172 3138/5332/4180
f  3139/5333/4181 3136/5329/4178 3130/5323/4172
f  3133/5326/4175 3140/5334/4182 3134/5327/4176
f  3141/5335/4183 3142/5336/4184 3134/5337/4176
f  3137/5331/4179 3134/5327/4176 3142/5338/4184
f  3140/5334/4182 3143/5339/4185 3134/5327/4176
f  3134/5337/4176 3143/5340/4185 3144/5341/4186
f  3134/5337/4176 3144/5341/4186 3141/5335/4183
f  3140/5342/4182 3133/116/4175 3145/5343/4187
f  3140/5342/4182 3145/5343/4187 3144/5341/4186
f  3143/5340/4185 3140/5342/4182 3144/5341/4186
f  3146/5344/4188 3144/5341/4186 3145/5343/4187
f  3147/5345/4189 3146/5344/4188 3145/5343/4187
f  3148/5346/4190 3147/5345/4189 3145/5343/4187
f  3133/116/4175 3148/5346/4190 3145/5343/4187
f  3149/5347/4191 3150/5348/4192 3147/5345/4189
f  3150/5348/4192 3146/5344/4188 3147/5345/4189
f  3151/5349/4193 3149/5347/4191 3147/5345/4189
f  3148/5346/4190 3152/5350/4194 3147/5345/4189
f  3147/5345/4189 3152/5350/4194 3151/5349/4193
f  3151/5349/4193 3153/626/4195 3149/5347/4191
f  3151/5351/4193 3152/5352/4194 3154/5353/4196
f  3154/5353/4196 3155/5354/4197 3151/5351/4193
f  3153/381/4195 3151/5351/4193 3155/5354/4197
f  3155/5354/4197 3154/5353/4196 3156/5355/4198
f  3157/5356/4199 3156/5355/4198 3154/5353/4196
f  3158/5357/4200 3157/5356/4199 3154/5353/4196
f  3148/5358/4190 3158/5357/4200 3154/5353/4196
f  3152/5352/4194 3148/5358/4190 3154/5353/4196
f  3132/5325/4174 3158/5359/4200 3133/5326/4175
f  3148/5358/4190 3133/563/4175 3158/5357/4200
f  3132/5325/4174 3157/5360/4199 3158/5359/4200
f  3157/5356/4199 3132/5361/4174 3156/5355/4198
f  3112/5296/4154 3155/5354/4197 3156/5355/4198
f  3112/5296/4154 3156/5355/4198 3159/5362/4201
f  3132/5361/4174 3159/5362/4201 3156/5355/4198
f  3113/5297/4155 3159/5362/4201 3125/5316/4167
f  3131/5322/4173 3125/5316/4167 3159/5362/4201
f  3132/5361/4174 3131/5322/4173 3159/5362/4201
f  3113/5297/4155 3112/5296/4154 3159/5362/4201
f  3149/5363/4191 3153/626/4195 3160/5364/4202
f  3107/5290/4149 3160/5365/4202 3153/5366/4195
f  3108/5291/4150 3107/5290/4149 3153/5366/4195
f  3153/5366/4195 3161/5367/4203 3108/5291/4150
f  3161/5368/4203 3153/381/4195 3155/5354/4197
f  3108/5301/4150 3161/5368/4203 3155/5354/4197
f  3150/5369/4192 3149/5363/4191 3160/5364/4202
f  3162/5370/4204 3150/5369/4192 3160/5364/4202
f  3163/5371/4205 3160/5365/4202 3107/5290/4149
f  3164/5372/4206 3160/5364/4202 3163/5373/4205
f  3164/5372/4206 3165/5374/4207 3160/5364/4202
f  3165/5374/4207 3166/5375/4208 3160/5364/4202
f  3166/5375/4208 3162/5370/4204 3160/5364/4202
f  3162/5376/4204 3166/5377/4208 3167/5378/4209
f  3162/5376/4204 3167/5378/4209 3168/5379/4210
f  3150/5348/4192 3162/5376/4204 3168/5379/4210
f  3150/5348/4192 3168/5379/4210 3146/5344/4188
f  3168/5379/4210 3167/5378/4209 3141/5335/4183
f  3146/5344/4188 3168/5379/4210 3144/5341/4186
f  3168/5379/4210 3141/5335/4183 3144/5341/4186
f  3167/5378/4209 3169/5380/4211 3170/5381/4212
f  3165/5382/4207 3169/5380/4211 3167/5378/4209
f  3167/5378/4209 3170/5381/4212 3141/5335/4183
f  3166/5377/4208 3165/5382/4207 3167/5378/4209
f  3169/5380/4211 3171/5383/4213 3170/5381/4212
f  3172/5384/4214 3170/5381/4212 3171/5383/4213
f  3142/5336/4184 3141/5335/4183 3170/5381/4212
f  3172/5384/4214 3142/5336/4184 3170/5381/4212
f  3173/5385/4215 3172/5384/4214 3171/5383/4213
f  3174/5386/4216 3172/5387/4214 3173/5388/4215
f  3137/5331/4179 3142/5338/4184 3172/5387/4214
f  3174/5386/4216 3137/5331/4179 3172/5387/4214
f  3174/5386/4216 3175/5389/4217 3176/5390/4218
f  3177/5391/4219 3175/5389/4217 3174/5386/4216
f  3174/5386/4216 3173/5388/4215 3177/5391/4219
f  3178/5392/4220 3179/5393/4221 3174/5386/4216
f  3178/5392/4220 3174/5386/4216 3180/5394/4222
f  3174/5386/4216 3176/5390/4218 3180/5394/4222
f  3174/5386/4216 3181/5395/4223 3137/5331/4179
f  3179/5393/4221 3181/5395/4223 3174/5386/4216
f  3182/5396/4224 3179/5393/4221 3178/5392/4220
f  3183/5397/4225 3184/5398/4226 3179/5393/4221
f  3182/5396/4224 3183/5397/4225 3179/5393/4221
f  3179/5393/4221 3185/5399/4227 3181/5395/4223
f  3179/5393/4221 3184/5398/4226 3185/5399/4227
f  3184/5398/4226 3186/5400/4228 3187/5401/4229
f  3185/5399/4227 3184/5398/4226 3187/5401/4229
f  3184/5398/4226 3183/5397/4225 3188/5402/4230
f  3189/5403/4231 3184/5398/4226 3188/5402/4230
f  3184/5398/4226 3189/5403/4231 3186/5400/4228
f  3187/5404/4229 3186/5405/4228 3190/5406/4232
f  3186/5405/4228 3191/5407/4233 3190/5406/4232
f  3191/5407/4233 3186/5405/4228 3189/5408/4231
f  3192/5409/4234 3190/5406/4232 3191/5407/4233
f  3193/5410/4235 3192/5409/4234 3191/5407/4233
f  3194/5411/4236 3193/5410/4235 3191/5407/4233
f  3194/5411/4236 3191/5407/4233 3195/5412/4237
f  3189/5408/4231 3195/5412/4237 3191/5407/4233
f  3196/5413/4238 3197/5414/4239 3195/5412/4237
f  3198/5415/4240 3195/5412/4237 3197/5414/4239
f  3198/5415/4240 3194/5411/4236 3195/5412/4237
f  3189/5408/4231 3196/5413/4238 3195/5412/4237
f  3199/5416/4241 3200/5417/4242 3198/5415/4240
f  3200/5417/4242 3194/5411/4236 3198/5415/4240
f  3199/5416/4241 3198/5415/4240 3201/5418/4243
f  3201/5418/4243 3198/5415/4240 3197/5414/4239
f  3202/5419/4244 3201/5418/4243 3203/5420/4245
f  3203/5420/4245 3201/5418/4243 3204/5421/4246
f  3201/5418/4243 3197/5414/4239 3204/5421/4246
f  3202/5419/4244 3199/5416/4241 3201/5418/4243
f  3200/5422/4242 3202/5423/4244 3205/5424/4247
f  3200/5422/4242 3199/5425/4241 3202/5423/4244
f  3206/5426/4248 3202/5419/4244 3203/5420/4245
f  3202/5423/4244 3206/5427/4248 3205/5424/4247
f  3205/5428/4247 3206/5426/4248 3207/5429/4249
f  3200/5422/4242 3205/5424/4247 3208/5430/4250
f  3205/5424/4247 3209/5431/4251 3208/5430/4250
f  3205/5424/4247 3210/5432/4252 3211/5433/4253
f  3210/5434/4252 3205/5428/4247 3212/5435/4254
f  3205/5424/4247 3211/5433/4253 3209/5431/4251
f  3205/5428/4247 3207/5429/4249 3212/5435/4254
f  3206/5426/4248 3203/5420/4245 3207/5429/4249
f  3207/5429/4249 3203/5420/4245 3213/5436/4255
f  3207/5429/4249 3213/5436/4255 3214/5437/4256
f  3212/5435/4254 3207/5429/4249 3214/5437/4256
f  3215/5438/4257 3214/5437/4256 3213/5436/4255
f  3188/5439/4230 3213/5436/4255 3204/5421/4246
f  3203/5420/4245 3204/5421/4246 3213/5436/4255
f  3188/5439/4230 3215/5438/4257 3213/5436/4255
f  3215/5438/4257 3216/5440/4258 3214/5437/4256
f  3216/5441/4258 3215/5442/4257 3183/5397/4225
f  3215/5442/4257 3188/5402/4230 3183/5397/4225
f  3214/5437/4256 3216/5440/4258 3217/5443/4259
f  3217/5444/4259 3216/5441/4258 3218/5445/4260
f  3216/5441/4258 3183/5397/4225 3218/5445/4260
f  3219/5446/4261 3217/5444/4259 3218/5445/4260
f  3218/5445/4260 3183/5397/4225 3182/5396/4224
f  3218/5445/4260 3220/5447/4262 3219/5446/4261
f  3220/5447/4262 3218/5445/4260 3221/5448/4263
f  3221/5448/4263 3218/5445/4260 3182/5396/4224
f  3222/5449/4264 3223/5450/4265 3220/5447/4262
f  3224/5451/4266 3222/5449/4264 3220/5447/4262
f  3220/5447/4262 3225/5452/4267 3224/5451/4266
f  3220/5447/4262 3226/5453/4268 3219/5446/4261
f  3227/5454/4269 3228/5455/4270 3220/5447/4262
f  3223/5450/4265 3227/5454/4269 3220/5447/4262
f  3220/5447/4262 3228/5455/4270 3226/5453/4268
f  3225/5452/4267 3220/5447/4262 3229/5456/4271
f  3229/5456/4271 3220/5447/4262 3221/5448/4263
f  3230/5457/4272 3231/5458/4273 3229/5456/4271
f  3231/5458/4273 3225/5452/4267 3229/5456/4271
f  3229/5456/4271 3221/5448/4263 3232/5459/4274
f  3230/5457/4272 3229/5456/4271 3232/5459/4274
f  3232/5459/4274 3233/5460/4275 3234/5461/4276
f  3230/5457/4272 3232/5459/4274 3234/5461/4276
f  3232/5459/4274 3235/5462/4277 3233/5460/4275
f  3232/5459/4274 3236/5463/4278 3237/5464/4279
f  3237/5464/4279 3235/5462/4277 3232/5459/4274
f  3232/5459/4274 3238/5465/4280 3236/5463/4278
f  3232/5459/4274 3178/5392/4220 3238/5465/4280
f  3232/5459/4274 3182/5396/4224 3178/5392/4220
f  3232/5459/4274 3221/5448/4263 3182/5396/4224
f  3238/5466/4280 3239/5467/4281 3240/5468/4282
f  3238/5466/4280 3240/5468/4282 3241/5469/4283
f  3236/5470/4278 3238/5466/4280 3241/5469/4283
f  3178/5392/4220 3239/5471/4281 3238/5465/4280
f  3242/5472/4284 3241/5469/4283 3240/5468/4282
f  3242/5472/4284 3243/5473/4285 3241/5469/4283
f  3243/5473/4285 3244/5474/4286 3241/5469/4283
f  3236/5470/4278 3241/5469/4283 3244/5474/4286
f  3245/5475/4287 3246/5476/4288 3244/5474/4286
f  3235/5477/4277 3244/5474/4286 3246/5476/4288
f  3237/5478/4279 3236/5470/4278 3244/5474/4286
f  3235/5477/4277 3237/5478/4279 3244/5474/4286
f  3243/5473/4285 3245/5475/4287 3244/5474/4286
f  3247/5479/4289 3248/5480/4290 3245/5475/4287
f  3248/5480/4290 3249/5481/4291 3245/5475/4287
f  3247/5479/4289 3245/5475/4287 3243/5473/4285
f  3245/5475/4287 3249/5481/4291 3246/5476/4288
f  3248/5480/4290 3250/5482/4292 3249/5481/4291
f  3250/5482/4292 3251/5483/4293 3249/5481/4291
f  3249/5481/4291 3251/5483/4293 3252/5484/4294
f  3249/5481/4291 3252/5484/4294 3246/5476/4288
f  3251/5483/4293 3253/5485/4295 3252/5484/4294
f  3234/5486/4276 3233/5487/4275 3252/5484/4294
f  3234/5486/4276 3252/5484/4294 3253/5485/4295
f  3233/5487/4275 3246/5476/4288 3252/5484/4294
f  3254/5488/4296 3234/5486/4276 3253/5485/4295
f  3254/5488/4296 3253/5485/4295 3255/5489/4297
f  3251/5483/4293 3256/5490/4298 3253/5485/4295
f  3256/5490/4298 3255/5489/4297 3253/5485/4295
f  3257/5491/4299 3258/5492/4300 3255/5489/4297
f  3259/5493/4301 3255/5489/4297 3258/5492/4300
f  3260/5494/4302 3254/5488/4296 3255/5489/4297
f  3259/5493/4301 3260/5494/4302 3255/5489/4297
f  3256/5490/4298 3257/5491/4299 3255/5489/4297
f  3261/5495/4303 3262/381/4304 3257/5491/4299
f  3262/381/4304 3263/5496/4305 3257/5491/4299
f  3261/5495/4303 3257/5491/4299 3256/5490/4298
f  3258/5492/4300 3257/5491/4299 3264/5497/4306
f  3257/5491/4299 3263/5496/4305 3264/5497/4306
f  3265/5498/4307 3262/381/4304 3261/5499/4303
f  3265/5498/4307 3261/5499/4303 3266/5500/4308
f  3266/5501/4308 3261/5495/4303 3256/5490/4298
f  3265/5498/4307 3266/5500/4308 3250/5502/4292
f  3265/5498/4307 3250/5502/4292 3248/5503/4290
f  3265/5498/4307 3248/5503/4290 3247/5504/4289
f  3265/5498/4307 3247/5504/4289 3267/5505/4309
f  3268/5506/4310 3265/5498/4307 3267/5505/4309
f  3265/5507/4307 3268/5508/4310 3269/5509/4311
f  3262/5510/4304 3265/5507/4307 3270/5511/4312
f  3265/5507/4307 3269/5509/4311 3270/5511/4312
f  3271/5512/4313 3262/5510/4304 3270/5511/4312
f  3269/5509/4311 3272/5513/4314 3270/5511/4312
f  3271/5512/4313 3270/5511/4312 3272/5513/4314
f  3273/5514/4315 3271/5512/4313 3272/5513/4314
f  3274/5515/4316 3275/5516/4317 3272/5513/4314
f  3273/5514/4315 3272/5513/4314 3275/5516/4317
f  3269/5509/4311 3274/5515/4316 3272/5513/4314
f  3274/5515/4316 3102/5285/4144 3275/5516/4317
f  3276/5517/4318 3106/5289/4148 3274/5515/4316
f  3276/5517/4318 3274/5515/4316 3269/5509/4311
f  3106/5289/4148 3102/5285/4144 3274/5515/4316
f  3107/5290/4149 3106/5289/4148 3276/5517/4318
f  3268/5508/4310 3163/5371/4205 3276/5517/4318
f  3163/5371/4205 3107/5290/4149 3276/5517/4318
f  3268/5508/4310 3276/5517/4318 3269/5509/4311
f  3277/5518/4319 3273/5514/4315 3275/5516/4317
f  3273/5514/4315 3278/5519/4320 3271/5512/4313
f  3273/5520/4315 3279/5521/4321 3280/5522/4322
f  3280/5522/4322 3278/5523/4320 3273/5520/4315
f  3273/5520/4315 3281/5524/4323 3279/5521/4321
f  3277/5518/4319 3281/5525/4323 3273/5514/4315
f  3279/5521/4321 3281/5524/4323 3277/5526/4319
f  3271/5527/4313 3278/5523/4320 3280/5522/4322
f  3282/5528/4324 3283/5529/4325 3277/5518/4319
f  3282/5528/4324 3277/5518/4319 3103/5286/4145
f  3277/5526/4319 3283/5530/4325 3284/5531/4326
f  3277/5526/4319 3285/5532/4327 3279/5521/4321
f  3277/5526/4319 3284/5531/4326 3285/5532/4327
f  3277/5518/4319 3275/5516/4317 3103/5286/4145
f  3284/5531/4326 3286/5533/4328 3285/5532/4327
f  3284/5531/4326 3287/5534/4329 3286/5533/4328
f  3282/5535/4324 3287/5534/4329 3284/5531/4326
f  3284/5531/4326 3283/5530/4325 3282/5535/4324
f  3282/5535/4324 3288/5536/4330 3287/5534/4329
f  3287/5534/4329 3288/5536/4330 3091/5537/4133
f  3091/5537/4133 3289/5538/4331 3287/5534/4329
f  3287/5534/4329 3290/5539/4332 3286/5533/4328
f  3287/5534/4329 3289/5538/4331 3290/5539/4332
f  3091/5273/4133 3288/5540/4330 3282/5528/4324
f  3291/5497/4333 3290/5539/4332 3289/5538/4331
f  3286/5533/4328 3290/5539/4332 3292/5541/4334
f  3291/5497/4333 3292/5541/4334 3290/5539/4332
f  3291/5497/4333 3293/5542/4335 3292/5541/4334
f  3294/5543/4336 3293/5544/4337 3291/5545/4338
f  3291/5545/4338 3295/5546/4339 3296/5547/4340
f  3295/5548/4341 3291/5497/4333 3289/5538/4331
f  3291/5545/4338 3296/5547/4340 3294/5543/4336
f  3297/5549/4342 3293/5544/4337 3294/5543/4336
f  3296/5547/4340 3298/5550/4343 3294/5543/4336
f  3297/5549/4342 3294/5543/4336 3299/5551/4344
f  3294/5543/4336 3300/5552/4345 3299/5551/4344
f  3294/5543/4336 3298/5550/4343 3300/5552/4345
f  3298/5550/4343 3301/5553/4346 3300/5552/4345
f  3298/5550/4343 3302/5554/4347 3301/5553/4346
f  3303/5555/4348 3302/5554/4347 3298/5550/4343
f  3296/5547/4340 3303/5555/4348 3298/5550/4343
f  3304/5556/4349 3303/5555/4348 3296/5547/4340
f  3303/5555/4348 3305/5557/4350 3302/5554/4347
f  3306/5558/4351 3305/5557/4350 3303/5555/4348
f  3304/5556/4349 3306/5558/4351 3303/5555/4348
f  3307/5559/4352 3306/5560/4351 3304/5561/4349
f  3083/5562/4353 3307/5559/4352 3304/5561/4349
f  3086/5269/4130 3083/5562/4353 3304/5561/4349
f  3086/5269/4130 3304/5561/4349 3097/5280/4139
f  3308/5563/4354 3097/626/4139 3304/5556/4349
f  3308/5563/4354 3304/5556/4349 3296/5547/4340
f  3309/5564/4355 3097/381/4356 3308/5565/4357
f  3309/5564/4355 3308/5565/4357 3289/5538/4331
f  3289/5538/4331 3308/5565/4357 3295/5548/4341
f  3296/5547/4340 3295/5546/4339 3308/5563/4354
f  3097/563/4139 3309/5566/4355 3091/5273/4133
f  3091/5537/4133 3309/5564/4355 3289/5538/4331
f  3307/5559/4352 3310/5567/4358 3311/5568/4359
f  3307/5559/4352 3312/5569/4360 3310/5567/4358
f  3307/5559/4352 3311/5568/4359 3306/5560/4351
f  3307/5570/4361 3083/563/4362 3082/116/4363
f  3312/5571/4364 3307/5570/4361 3313/5572/4365
f  3307/5570/4361 3082/116/4363 3313/5572/4365
f  3314/5573/4366 3312/5571/4364 3313/5572/4365
f  3310/5574/4358 3312/5575/4360 3314/5576/4367
f  3315/5577/4368 3314/5573/4366 3313/5572/4365
f  3315/5577/4368 3316/5578/4369 3314/5573/4366
f  3316/5578/4369 3317/5579/4370 3314/5573/4366
f  3318/5580/4371 3314/5576/4367 3317/5581/4372
f  3318/5580/4371 3310/5574/4358 3314/5576/4367
f  3319/5582/4373 3318/5583/4371 3320/5584/4374
f  3319/5582/4373 3310/626/4358 3318/5583/4371
f  3318/5583/4371 3321/5585/4375 3320/5584/4374
f  3317/5581/4372 3321/5586/4375 3318/5580/4371
f  3317/5581/4372 3322/5587/4376 3321/5586/4375
f  3320/5584/4374 3321/5585/4375 3322/5588/4376
f  3322/5588/4376 3323/5589/4377 3324/5590/4378
f  3322/5588/4376 3324/5590/4378 3320/5584/4374
f  3325/5591/4379 3323/5592/4377 3322/5587/4376
f  3322/5587/4376 3317/5581/4372 3325/5591/4379
f  3326/5593/4380 3325/5591/4379 3316/5594/4381
f  3316/5578/4369 3325/5595/4382 3317/5579/4370
f  3325/5591/4379 3326/5593/4380 3323/5592/4377
f  3326/5593/4380 3316/5594/4381 3327/5596/4383
f  3323/5589/4377 3326/5597/4380 3328/5598/4384
f  3327/5596/4383 3328/5599/4384 3326/5593/4380
f  3324/5590/4378 3323/5589/4377 3328/5598/4384
f  3328/5598/4384 3329/5600/4385 3330/5601/4386
f  3327/5596/4383 3329/5602/4385 3328/5599/4384
f  3328/5598/4384 3331/5603/4387 3324/5590/4378
f  3328/5598/4384 3330/5601/4386 3331/5603/4387
f  3324/5590/4378 3331/5603/4387 3332/5604/4388
f  3332/5604/4388 3331/5603/4387 3333/5605/4389
f  3331/5603/4387 3334/5606/4390 3333/5605/4389
f  3334/5606/4390 3331/5603/4387 3335/5607/4391
f  3331/5603/4387 3330/5601/4386 3335/5607/4391
f  3335/5607/4391 3336/5608/4392 3334/5606/4390
f  3334/5606/4390 3336/5608/4392 3337/5609/4393
f  3333/5605/4389 3334/5606/4390 3337/5609/4393
f  3338/5610/4394 3337/5609/4393 3339/5611/4395
f  3338/5610/4394 3340/5612/4396 3337/5609/4393
f  3340/5612/4396 3341/5613/4397 3337/5609/4393
f  3341/5613/4397 3333/5605/4389 3337/5609/4393
f  3337/5609/4393 3336/5608/4392 3339/5611/4395
f  3342/5614/4398 3338/5610/4394 3339/5611/4395
f  3339/5611/4395 3343/5615/4399 3342/5614/4398
f  3336/5608/4392 3344/5616/4400 3339/5611/4395
f  3343/5615/4399 3339/5611/4395 3344/5616/4400
f  3345/5617/4401 3343/5615/4399 3344/5616/4400
f  3346/5618/4402 3342/5619/4398 3343/5620/4399
f  3346/5618/4402 3343/5620/4399 3345/5621/4401
f  3347/5622/4403 3345/5617/4401 3344/5616/4400
f  3345/5621/4401 3347/5623/4403 3348/5624/4404
f  3345/5621/4401 3348/5624/4404 3346/5618/4402
f  3349/5625/4405 3350/5626/4406 3348/5624/4404
f  3348/5624/4404 3351/5627/4407 3349/5625/4405
f  3348/5624/4404 3350/5626/4406 3352/5628/4408
f  3346/5618/4402 3348/5624/4404 3353/5629/4409
f  3347/5623/4403 3351/5627/4407 3348/5624/4404
f  3352/5628/4408 3354/5630/4410 3348/5624/4404
f  3348/5624/4404 3354/5630/4410 3353/5629/4409
f  3355/5631/4411 3352/5632/4408 3356/5633/4412
f  3352/5632/4408 3357/5634/4413 3356/5633/4412
f  3357/5634/4413 3352/5632/4408 3350/5635/4406
f  3352/5628/4408 3355/5636/4411 3354/5630/4410
f  3358/5637/4414 3355/5631/4411 3356/5633/4412
f  3355/5636/4411 3358/5638/4414 3354/5630/4410
f  3358/5637/4414 3356/5633/4412 3359/5639/4415
f  3359/5639/4415 3360/5640/4416 3358/5637/4414
f  3358/5638/4414 3360/5641/4416 3354/5630/4410
f  3360/5640/4416 3359/5639/4415 3361/5642/4417
f  3360/5641/4416 3225/5452/4267 3354/5630/4410
f  3360/5641/4416 3362/5643/4418 3225/5452/4267
f  3362/5644/4418 3360/5640/4416 3361/5642/4417
f  3363/5645/4419 3364/5646/4420 3361/5642/4417
f  3363/5645/4419 3361/5642/4417 3359/5639/4415
f  3224/5647/4266 3361/5642/4417 3364/5646/4420
f  3224/5647/4266 3362/5644/4418 3361/5642/4417
f  3363/5645/4419 3365/5648/4421 3364/5646/4420
f  3365/5648/4421 3366/5649/4422 3364/5646/4420
f  3223/5650/4265 3364/5646/4420 3366/5649/4422
f  3223/5650/4265 3222/5651/4264 3364/5646/4420
f  3364/5646/4420 3222/5651/4264 3224/5647/4266
f  3367/5652/4423 3368/5653/4424 3366/5649/4422
f  3365/5648/4421 3367/5652/4423 3366/5649/4422
f  3227/5654/4269 3223/5650/4265 3366/5649/4422
f  3227/5654/4269 3366/5649/4422 3368/5653/4424
f  3369/5655/4425 3370/5656/4426 3368/5653/4424
f  3367/5652/4423 3369/5655/4425 3368/5653/4424
f  3228/5657/4270 3368/5653/4424 3370/5656/4426
f  3228/5657/4270 3227/5654/4269 3368/5653/4424
f  3371/5658/4427 3372/5659/4428 3370/5656/4426
f  3219/5660/4261 3370/5656/4426 3372/5659/4428
f  3219/5660/4261 3226/5661/4268 3370/5656/4426
f  3370/5656/4426 3226/5661/4268 3228/5657/4270
f  3369/5655/4425 3371/5658/4427 3370/5656/4426
f  3373/5662/4429 3210/5434/4252 3371/5658/4427
f  3210/5434/4252 3212/5435/4254 3371/5658/4427
f  3373/5662/4429 3371/5658/4427 3369/5655/4425
f  3371/5658/4427 3212/5435/4254 3372/5659/4428
f  3210/5432/4252 3373/5663/4429 3211/5433/4253
f  3211/5664/4253 3373/5662/4429 3369/5655/4425
f  3212/5435/4254 3214/5437/4256 3372/5659/4428
f  3217/5443/4259 3372/5659/4428 3214/5437/4256
f  3217/5443/4259 3219/5660/4261 3372/5659/4428
f  3211/5664/4253 3369/5655/4425 3367/5652/4423
f  3374/5665/4430 3367/5652/4423 3365/5648/4421
f  3374/5665/4430 3211/5664/4253 3367/5652/4423
f  3211/5433/4253 3374/5666/4430 3375/5667/4431
f  3375/5668/4431 3374/5665/4430 3365/5648/4421
f  3211/5433/4253 3375/5667/4431 3209/5431/4251
f  3375/5667/4431 3376/5669/4432 3209/5431/4251
f  3376/5670/4432 3375/5668/4431 3377/5671/4433
f  3375/5668/4431 3363/5645/4419 3377/5671/4433
f  3375/5668/4431 3365/5648/4421 3363/5645/4419
f  3378/5672/4434 3377/5671/4433 3356/5633/4412
f  3377/5671/4433 3359/5639/4415 3356/5633/4412
f  3377/5671/4433 3363/5645/4419 3359/5639/4415
f  3376/5670/4432 3377/5671/4433 3378/5672/4434
f  3209/5673/4251 3378/5672/4434 3379/5674/4435
f  3209/5673/4251 3376/5670/4432 3378/5672/4434
f  3379/5674/4435 3378/5672/4434 3357/5634/4413
f  3378/5672/4434 3356/5633/4412 3357/5634/4413
f  3380/5675/4436 3209/5673/4251 3379/5674/4435
f  3380/5675/4436 3379/5674/4435 3381/5676/4437
f  3381/5676/4437 3379/5674/4435 3382/5677/4438
f  3379/5674/4435 3357/5634/4413 3382/5677/4438
f  3350/5635/4406 3382/5677/4438 3357/5634/4413
f  3349/5678/4405 3383/5679/4439 3382/5677/4438
f  3350/5635/4406 3349/5678/4405 3382/5677/4438
f  3383/5679/4439 3384/5680/4440 3382/5677/4438
f  3381/5676/4437 3382/5677/4438 3384/5680/4440
f  3385/5681/4441 3381/5676/4437 3384/5680/4440
f  3385/5681/4441 3384/5680/4440 3386/5682/4442
f  3387/5683/4443 3386/5682/4442 3384/5680/4440
f  3384/5680/4440 3383/5679/4439 3387/5683/4443
f  3388/5684/4444 3389/5685/4445 3387/5686/4443
f  3387/5683/4443 3389/5687/4445 3386/5682/4442
f  3387/5686/4443 3351/5627/4407 3390/5688/4446
f  3351/5627/4407 3387/5686/4443 3383/5689/4439
f  3390/5688/4446 3388/5684/4444 3387/5686/4443
f  3388/5690/4444 3391/116/4447 3392/5691/4448
f  3388/5690/4444 3392/5691/4448 3386/5682/4442
f  3390/5688/4446 3391/5692/4447 3388/5684/4444
f  3389/5687/4445 3388/5690/4444 3386/5682/4442
f  3391/116/4447 3393/5693/4449 3392/5691/4448
f  3393/5694/4449 3391/563/4447 3390/5695/4446
f  3393/5694/4449 3394/5696/4450 3395/5697/4451
f  3393/5694/4449 3390/5695/4446 3394/5696/4450
f  3396/5698/4452 3393/5694/4449 3395/5697/4451
f  3393/5693/4449 3396/5699/4452 3397/5700/4453
f  3393/5693/4449 3397/5700/4453 3392/5691/4448
f  3397/5700/4453 3398/5701/4454 3392/5691/4448
f  3208/5702/4250 3398/5701/4454 3397/5700/4453
f  3396/5699/4452 3399/5703/4455 3397/5700/4453
f  3399/5703/4455 3208/5702/4250 3397/5700/4453
f  3208/5430/4250 3399/5704/4455 3400/5705/4456
f  3396/5699/4452 3400/626/4456 3399/5703/4455
f  3400/5705/4456 3401/5706/4457 3402/5707/4458
f  3401/5708/4457 3400/381/4456 3396/5698/4452
f  3208/5430/4250 3400/5705/4456 3402/5707/4458
f  3402/5709/4458 3401/5708/4457 3403/5710/4459
f  3404/5711/4460 3402/5709/4458 3403/5710/4459
f  3402/5707/4458 3404/5712/4460 3405/5713/4461
f  3402/5707/4458 3405/5713/4461 3406/5714/4462
f  3402/5707/4458 3406/5714/4462 3407/5715/4463
f  3402/5707/4458 3407/5715/4463 3408/5716/4464
f  3200/5422/4242 3402/5707/4458 3408/5716/4464
f  3200/5422/4242 3208/5430/4250 3402/5707/4458
f  3409/5717/4465 3410/5718/4466 3408/5716/4464
f  3408/5719/4464 3410/5720/4466 3411/5721/4467
f  3408/5716/4464 3412/5722/4468 3200/5422/4242
f  3408/5716/4464 3413/5723/4469 3412/5722/4468
f  3408/5719/4464 3411/5721/4467 3414/5724/4470
f  3415/5725/4471 3408/5719/4464 3414/5724/4470
f  3408/5716/4464 3415/5726/4471 3413/5723/4469
f  3407/5715/4463 3409/5717/4465 3408/5716/4464
f  3407/5715/4463 3416/5727/4472 3409/5717/4465
f  3409/5728/4465 3416/5729/4472 3417/5730/4473
f  3410/5720/4466 3409/5728/4465 3411/5721/4467
f  3409/5728/4465 3417/5730/4473 3411/5721/4467
f  3417/5730/4473 3418/5731/4474 3419/5732/4475
f  3417/5730/4473 3419/5732/4475 3420/5733/4476
f  3411/5721/4467 3417/5730/4473 3420/5733/4476
f  3416/5729/4472 3418/5731/4474 3417/5730/4473
f  3416/5729/4472 3407/5734/4463 3418/5731/4474
f  3407/5734/4463 3421/5735/4477 3418/5731/4474
f  3418/5731/4474 3422/5736/4478 3419/5732/4475
f  3418/5731/4474 3421/5735/4477 3422/5736/4478
f  3421/5735/4477 3423/5737/4479 3422/5736/4478
f  3424/5738/4480 3425/5739/4481 3421/5735/4477
f  3421/5735/4477 3425/5739/4481 3423/5737/4479
f  3407/5734/4463 3424/5738/4480 3421/5735/4477
f  3426/5740/4482 3424/5741/4480 3407/5715/4463
f  3424/5738/4480 3426/5742/4482 3425/5739/4481
f  3427/5743/4483 3428/5744/4484 3426/5740/4482
f  3427/5743/4483 3426/5740/4482 3407/5715/4463
f  3426/5742/4482 3428/5745/4484 3429/5746/4485
f  3426/5742/4482 3429/5746/4485 3425/5739/4481
f  3429/5746/4485 3430/5747/4486 3431/5748/4487
f  3428/5745/4484 3430/5747/4486 3429/5746/4485
f  3425/5739/4481 3429/5746/4485 3432/5749/4488
f  3429/5746/4485 3431/5748/4487 3432/5749/4488
f  3430/5747/4486 3433/5750/4489 3431/5748/4487
f  3434/5751/4490 3431/5748/4487 3433/5750/4489
f  3435/5752/4491 3432/5749/4488 3431/5748/4487
f  3436/5753/4492 3435/5752/4491 3431/5748/4487
f  3434/5751/4490 3436/5753/4492 3431/5748/4487
f  3437/5754/4493 3435/5755/4491 3436/5756/4492
f  3436/5756/4492 3434/5757/4490 3438/5758/4494
f  3438/5758/4494 3437/5754/4493 3436/5756/4492
f  3439/5759/4495 3437/5754/4493 3438/5758/4494
f  3440/5760/4496 3437/5754/4493 3439/5759/4495
f  3440/5760/4496 3441/5761/4497 3437/5754/4493
f  3442/5762/4498 3437/5754/4493 3441/5761/4497
f  3437/5754/4493 3442/5762/4498 3435/5755/4491
f  3443/5763/4499 3444/5764/4500 3441/5761/4497
f  3442/5762/4498 3441/5761/4497 3444/5764/4500
f  3445/5765/4501 3443/5763/4499 3441/5761/4497
f  3445/5765/4501 3441/5761/4497 3446/5766/4502
f  3447/5767/4503 3446/5766/4502 3441/5761/4497
f  3447/5767/4503 3441/5761/4497 3440/5760/4496
f  3448/5768/4504 3447/5767/4503 3449/5769/4505
f  3449/5769/4505 3447/5767/4503 3440/5760/4496
f  3448/5768/4504 3450/5770/4506 3447/5767/4503
f  3450/5770/4506 3451/5771/4507 3447/5767/4503
f  3451/5771/4507 3446/5766/4502 3447/5767/4503
f  3452/5772/4508 3450/5770/4506 3448/5768/4504
f  3453/5773/4509 3452/5772/4508 3448/5768/4504
f  3454/5774/4510 3448/5768/4504 3449/5769/4505
f  3455/5775/4511 3456/5776/4512 3448/5768/4504
f  3457/5777/4513 3455/5775/4511 3448/5768/4504
f  3456/5776/4512 3458/5778/4514 3448/5768/4504
f  3458/5778/4514 3453/5773/4509 3448/5768/4504
f  3454/5774/4510 3457/5777/4513 3448/5768/4504
f  3455/5779/4511 3457/5780/4513 3459/5781/4515
f  3457/5780/4513 3454/5782/4510 3459/5781/4515
f  3454/5782/4510 3460/5783/4516 3459/5781/4515
f  3461/5784/4517 3459/5781/4515 3460/5783/4516
f  3461/5784/4517 3462/5785/4518 3459/5781/4515
f  3455/5779/4511 3459/5781/4515 3463/5786/4519
f  3462/5785/4518 3463/5786/4519 3459/5781/4515
f  3464/5787/4520 3465/5788/4521 3462/5785/4518
f  3465/5788/4521 3466/5789/4522 3462/5785/4518
f  3464/5787/4520 3462/5785/4518 3461/5784/4517
f  3462/5785/4518 3466/5789/4522 3463/5786/4519
f  3467/5790/4523 3468/5791/4524 3466/5789/4522
f  3465/5788/4521 3467/5790/4523 3466/5789/4522
f  3466/5789/4522 3468/5791/4524 3469/5792/4525
f  3466/5789/4522 3469/5792/4525 3463/5786/4519
f  3458/5793/4514 3463/5786/4519 3469/5792/4525
f  3453/5794/4509 3458/5793/4514 3469/5792/4525
f  3453/5794/4509 3469/5792/4525 3470/5795/4526
f  3468/5791/4524 3470/5795/4526 3469/5792/4525
f  3471/5796/4527 3453/5794/4509 3470/5795/4526
f  3471/5796/4527 3470/5795/4526 3472/5797/4528
f  3468/5791/4524 3473/5798/4529 3470/5795/4526
f  3473/5798/4529 3472/5797/4528 3470/5795/4526
f  3473/5798/4529 3474/5799/4530 3472/5797/4528
f  3475/5800/4531 3474/5799/4530 3473/5798/4529
f  3476/5801/4532 3475/5800/4531 3473/5798/4529
f  3476/5801/4532 3473/5798/4529 3468/5791/4524
f  3477/5802/4533 3475/5803/4531 3476/5804/4532
f  3478/5805/4534 3476/5801/4532 3468/5791/4524
f  3477/5802/4533 3476/5804/4532 3478/5806/4534
f  3479/5807/4535 3477/5808/4533 3480/5809/4536
f  3477/5802/4533 3479/116/4535 3481/5810/4537
f  3477/5808/4533 3482/5811/4538 3480/5809/4536
f  3477/5802/4533 3481/5810/4537 3483/5812/4539
f  3477/5802/4533 3483/5812/4539 3475/5803/4531
f  3482/5813/4538 3477/5802/4533 3478/5806/4534
f  3482/5811/4538 3484/5814/4540 3480/5809/4536
f  3482/5813/4538 3478/5806/4534 3467/5815/4523
f  3482/5813/4538 3467/5815/4523 3465/5816/4521
f  3482/5813/4538 3465/5816/4521 3464/5817/4520
f  3482/5813/4538 3464/5817/4520 3485/5818/4541
f  3482/5813/4538 3485/5818/4541 3486/5819/4542
f  3486/5819/4542 3487/5820/4543 3482/5813/4538
f  3482/5811/4538 3487/5278/4543 3484/5814/4540
f  3488/5821/4544 3484/5814/4540 3489/5822/4545
f  3488/5821/4544 3480/5809/4536 3484/5814/4540
f  3487/5278/4543 3490/5823/4546 3484/5814/4540
f  3489/5822/4545 3484/5814/4540 3490/5823/4546
f  3489/5822/4545 3490/5823/4546 3491/5824/4547
f  3492/5825/4548 3489/5822/4545 3491/5824/4547
f  3493/5826/4549 3488/5821/4544 3489/5822/4545
f  3493/5826/4549 3489/5822/4545 3492/5825/4548
f  3494/5827/4550 3492/5825/4548 3495/5828/4551
f  3494/5827/4550 3493/5826/4549 3492/5825/4548
f  3495/5828/4551 3492/5825/4548 3496/5829/4552
f  3492/5825/4548 3491/5824/4547 3496/5829/4552
f  3495/5828/4551 3496/5829/4552 3497/5830/4553
f  3497/5830/4553 3496/5829/4552 3498/5831/4554
f  3496/5829/4552 3491/5824/4547 3499/5832/4555
f  3496/5829/4552 3499/5832/4555 3498/5831/4554
f  3499/5832/4555 3500/5833/4556 3501/5834/4557
f  3491/5824/4547 3500/5833/4556 3499/5832/4555
f  3498/5831/4554 3499/5832/4555 3502/5835/4558
f  3501/5834/4557 3502/5835/4558 3499/5832/4555
f  3503/5836/4559 3501/5834/4557 3500/5833/4556
f  3501/5834/4557 3504/5837/4560 3502/5835/4558
f  3503/5836/4559 3505/5838/4561 3501/5834/4557
f  3506/5839/4562 3504/5840/4560 3501/5841/4557
f  3501/5841/4557 3505/5842/4561 3507/5843/4563
f  3501/5841/4557 3507/5843/4563 3506/5839/4562
f  3506/5839/4562 3507/5843/4563 3508/5844/4564
f  3507/5843/4563 3509/5845/4565 3508/5844/4564
f  3510/5846/4566 3511/5847/4567 3507/5843/4563
f  3507/5843/4563 3505/5842/4561 3510/5846/4566
f  3511/5847/4567 3509/5845/4565 3507/5843/4563
f  3511/5847/4567 3512/5848/4568 3509/5845/4565
f  3512/5849/4568 3511/5850/4567 3513/5851/4569
f  3511/5850/4567 3510/5852/4566 3513/5851/4569
f  3510/5852/4566 3514/5853/4570 3513/5851/4569
f  3513/5851/4569 3515/5854/4571 3516/5855/4572
f  3514/5853/4570 3515/5854/4571 3513/5851/4569
f  3513/5851/4569 3516/5855/4572 3517/5856/4573
f  3512/5849/4568 3513/5851/4569 3517/5856/4573
f  3514/5853/4570 3518/5857/4574 3515/5854/4571
f  3518/5858/4574 3514/5859/4570 3519/5860/4575
f  3510/5852/4566 3503/626/4559 3514/5853/4570
f  3514/5859/4570 3503/563/4559 3519/5860/4575
f  3487/5278/4543 3519/5270/4575 3490/5823/4546
f  3519/5270/4575 3500/5833/4556 3490/5823/4546
f  3500/5833/4556 3519/5270/4575 3503/5836/4559
f  3520/5861/4576 3519/5860/4575 3487/5820/4543
f  3520/5861/4576 3521/5862/4577 3519/5860/4575
f  3521/5862/4577 3522/5863/4578 3519/5860/4575
f  3522/5863/4578 3523/5864/4579 3519/5860/4575
f  3523/5864/4579 3518/5858/4574 3519/5860/4575
f  3518/5857/4574 3523/5865/4579 3524/5866/4580
f  3523/5865/4579 3525/5867/4581 3524/5866/4580
f  3523/5865/4579 3522/5868/4578 3525/5867/4581
f  3525/5867/4581 3526/5869/4582 3527/5870/4583
f  3521/5871/4577 3526/5869/4582 3525/5867/4581
f  3525/5867/4581 3527/5870/4583 3528/5872/4584
f  3524/5866/4580 3525/5867/4581 3528/5872/4584
f  3522/5868/4578 3521/5871/4577 3525/5867/4581
f  3526/5869/4582 3529/5873/4585 3527/5870/4583
f  3530/5874/4586 3527/5870/4583 3531/5875/4587
f  3530/5874/4586 3532/5876/4588 3527/5870/4583
f  3532/5876/4588 3528/5872/4584 3527/5870/4583
f  3529/5873/4585 3531/5875/4587 3527/5870/4583
f  3532/5877/4588 3530/5878/4586 3533/5879/4589
f  3534/5880/4590 3532/5877/4588 3533/5879/4589
f  3532/5876/4588 3534/5881/4590 3528/5872/4584
f  3534/5880/4590 3533/5879/4589 3535/5882/4591
f  3536/5883/4592 3534/5880/4590 3535/5882/4591
f  3534/5881/4590 3536/5884/4592 3537/5885/4593
f  3534/5881/4590 3537/5885/4593 3528/5872/4584
f  3533/5879/4589 3538/5886/4594 3535/5882/4591
f  3539/5887/4595 3535/5882/4591 3540/5888/4596
f  3535/5882/4591 3541/5889/4597 3540/5888/4596
f  3542/5890/4598 3543/5891/4599 3535/5882/4591
f  3544/5892/4600 3542/5890/4598 3535/5882/4591
f  3539/5887/4595 3544/5892/4600 3535/5882/4591
f  3538/5886/4594 3545/5893/4601 3535/5882/4591
f  3535/5882/4591 3545/5893/4601 3541/5889/4597
f  3543/5891/4599 3536/5883/4592 3535/5882/4591
f  3544/5894/4600 3539/116/4595 3546/5895/4602
f  3544/5894/4600 3546/5895/4602 3517/5856/4573
f  3542/5896/4598 3544/5894/4600 3517/5856/4573
f  3517/5856/4573 3546/5895/4602 3512/5849/4568
f  3546/5897/4602 3547/5898/4603 3509/5845/4565
f  3512/5848/4568 3546/5897/4602 3509/5845/4565
f  3546/5897/4602 3539/563/4595 3547/5898/4603
f  3548/5899/4604 3549/5900/4605 3547/5901/4603
f  3548/5899/4604 3547/5901/4603 3539/5887/4595
f  3547/5898/4603 3549/5902/4605 3509/5845/4565
f  3549/5902/4605 3548/5903/4604 3508/5844/4564
f  3549/5902/4605 3508/5844/4564 3509/5845/4565
f  3550/5904/4606 3551/5905/4607 3548/5899/4604
f  3548/5903/4604 3551/5906/4607 3552/5907/4608
f  3548/5903/4604 3552/5907/4608 3553/5908/4609
f  3548/5903/4604 3553/5908/4609 3508/5844/4564
f  3539/5887/4595 3550/5904/4606 3548/5899/4604
f  3539/5887/4595 3540/5888/4596 3550/5904/4606
f  3554/5909/4610 3550/5904/4606 3540/5888/4596
f  3554/5909/4610 3555/5910/4611 3550/5904/4606
f  3555/5910/4611 3556/5911/4612 3550/5904/4606
f  3550/5904/4606 3557/5912/4613 3551/5905/4607
f  3558/5913/4614 3557/5914/4613 3550/5915/4606
f  3550/5915/4606 3556/5916/4612 3559/5917/4615
f  3550/5915/4606 3559/5917/4615 3558/5913/4614
f  3560/5918/4616 3558/5913/4614 3559/5917/4615
f  3560/5918/4616 3561/5919/4617 3558/5913/4614
f  3561/5919/4617 3552/5907/4608 3558/5913/4614
f  3557/5914/4613 3558/5913/4614 3552/5907/4608
f  3552/5907/4608 3561/5919/4617 3553/5908/4609
f  3553/5908/4609 3561/5919/4617 3562/5920/4618
f  3562/5920/4618 3561/5919/4617 3560/5918/4616
f  3562/5920/4618 3563/5921/4619 3564/5922/4620
f  3564/5922/4620 3553/5908/4609 3562/5920/4618
f  3563/5921/4619 3562/5920/4618 3565/5923/4621
f  3565/5923/4621 3562/5920/4618 3560/5918/4616
f  3563/5921/4619 3566/5924/4622 3567/5925/4623
f  3567/5925/4623 3564/5922/4620 3563/5921/4619
f  3566/5924/4622 3563/5921/4619 3568/5926/4624
f  3568/5926/4624 3563/5921/4619 3565/5923/4621
f  3569/5927/4625 3568/5926/4624 3570/5928/4626
f  3570/5928/4626 3568/5926/4624 3571/5929/4627
f  3568/5926/4624 3565/5923/4621 3571/5929/4627
f  3569/5927/4625 3566/5924/4622 3568/5926/4624
f  3572/5930/4628 3573/5931/4629 3569/5927/4625
f  3572/5930/4628 3569/5927/4625 3574/5932/4630
f  3569/5927/4625 3573/5931/4629 3575/5933/4631
f  3575/5933/4631 3566/5924/4622 3569/5927/4625
f  3574/5932/4630 3569/5927/4625 3570/5928/4626
f  3575/5934/4631 3573/5935/4629 3572/5936/4628
f  3576/5937/4632 3577/5938/4633 3574/5932/4630
f  3578/5939/4634 3576/5937/4632 3574/5932/4630
f  3574/5932/4630 3577/5938/4633 3572/5930/4628
f  3574/5932/4630 3570/5928/4626 3579/5850/4635
f  3579/5850/4635 3578/5939/4634 3574/5932/4630
f  3576/5940/4632 3578/5941/4634 3580/5942/4636
f  3580/5942/4636 3578/5941/4634 3579/5943/4635
f  3581/5944/4637 3580/5942/4636 3582/5945/4638
f  3582/5945/4638 3580/5942/4636 3583/5946/4639
f  3580/5942/4636 3584/5947/4640 3583/5946/4639
f  3579/5943/4635 3584/5947/4640 3580/5942/4636
f  3581/5944/4637 3576/5940/4632 3580/5942/4636
f  3581/5948/4637 3585/5949/4641 3586/5950/4642
f  3581/5948/4637 3586/5950/4642 3587/5951/4643
f  3588/5952/4644 3581/5944/4637 3582/5945/4638
f  3581/5948/4637 3588/5953/4644 3585/5949/4641
f  3581/5944/4637 3589/381/4645 3576/5940/4632
f  3589/5954/4645 3581/5948/4637 3587/5951/4643
f  3590/381/4646 3586/563/4647 3585/5955/4648
f  3591/5956/4649 3590/381/4646 3585/5955/4648
f  3591/5956/4649 3585/5955/4648 3592/5957/4650
f  3593/5958/4651 3594/5959/4652 3585/5949/4641
f  3588/5953/4644 3593/5958/4651 3585/5949/4641
f  3594/5959/4652 3592/5960/4653 3585/5949/4641
f  3595/5961/4654 3594/5962/4652 3596/5963/4655
f  3595/5961/4654 3592/5964/4653 3594/5962/4652
f  3596/5965/4655 3594/381/4652 3597/5966/4656
f  3597/5967/4656 3594/626/4652 3593/5968/4651
f  3596/5965/4655 3597/5966/4656 3598/5969/4657
f  3598/5969/4657 3597/5966/4656 3599/5941/4658
f  3600/5970/4659 3599/5971/4658 3597/5967/4656
f  3597/5967/4656 3593/5968/4651 3600/5970/4659
f  3601/5972/4660 3599/5971/4658 3600/5970/4659
f  3588/5952/4644 3582/5945/4638 3600/5970/4659
f  3600/5970/4659 3582/5945/4638 3602/5973/4661
f  3601/5972/4660 3600/5970/4659 3602/5973/4661
f  3593/5968/4651 3588/5952/4644 3600/5970/4659
f  3601/5974/4660 3603/5975/4662 3604/5976/4663
f  3599/5941/4658 3601/5974/4660 3604/5976/4663
f  3602/5973/4661 3603/5977/4662 3601/5972/4660
f  3603/5975/4662 3605/5978/4664 3604/5976/4663
f  3603/5975/4662 3606/5979/4665 3605/5978/4664
f  3606/5980/4665 3603/5977/4662 3602/5973/4661
f  3607/5981/4666 3605/5978/4664 3608/5982/4667
f  3607/5981/4666 3604/5976/4663 3605/5978/4664
f  3608/5982/4667 3605/5978/4664 3609/5983/4668
f  3606/5979/4665 3609/5983/4668 3605/5978/4664
f  3610/5984/4669 3607/5981/4666 3608/5982/4667
f  3608/5982/4667 3611/5985/4670 3610/5984/4669
f  3608/5982/4667 3609/5983/4668 3611/5985/4670
f  3612/5986/4671 3610/5984/4669 3611/5985/4670
f  3613/5987/4672 3612/5986/4671 3611/5985/4670
f  3613/5987/4672 3611/5985/4670 3609/5983/4668
f  3614/5988/4673 3612/5989/4671 3613/5990/4672
f  3615/5991/4674 3616/5992/4675 3613/5987/4672
f  3613/5990/4672 3616/5993/4675 3617/5994/4676
f  3613/5987/4672 3609/5983/4668 3615/5991/4674
f  3613/5990/4672 3617/5994/4676 3614/5988/4673
f  3541/5889/4597 3618/5995/4677 3614/5988/4673
f  3619/5996/4678 3614/5988/4673 3618/5995/4677
f  3614/5988/4673 3619/5996/4678 3620/5997/4679
f  3541/5889/4597 3614/5988/4673 3617/5994/4676
f  3614/5988/4673 3621/5998/4680 3612/5989/4671
f  3621/5998/4680 3614/5988/4673 3622/5999/4681
f  3614/5988/4673 3620/5997/4679 3622/5999/4681
f  3622/6000/4681 3620/6001/4679 3623/6002/4682
f  3623/6002/4682 3620/6001/4679 3619/6003/4678
f  3624/6004/4683 3625/6005/4684 3623/6002/4682
f  3622/6000/4681 3623/6002/4682 3625/6005/4684
f  3626/6006/4685 3624/6004/4683 3623/6002/4682
f  3626/6006/4685 3623/6002/4682 3627/6007/4686
f  3619/6003/4678 3627/6007/4686 3623/6002/4682
f  3628/6008/4687 3629/6009/4688 3624/6004/4683
f  3405/6010/4461 3628/6008/4687 3624/6004/4683
f  3405/6010/4461 3624/6004/4683 3626/6006/4685
f  3624/6004/4683 3629/6009/4688 3625/6005/4684
f  3404/5711/4460 3403/5710/4459 3629/6009/4688
f  3628/6008/4687 3404/5711/4460 3629/6009/4688
f  3629/6009/4688 3630/6011/4689 3625/6005/4684
f  3629/6009/4688 3403/5710/4459 3630/6011/4689
f  3403/5710/4459 3394/5696/4450 3630/6011/4689
f  3631/6012/4690 3630/6011/4689 3394/5696/4450
f  3631/6012/4690 3632/6013/4691 3630/6011/4689
f  3630/6011/4689 3632/6013/4691 3633/6014/4692
f  3633/6014/4692 3625/6005/4684 3630/6011/4689
f  3621/5998/4680 3633/6015/4692 3632/6016/4691
f  3622/5999/4681 3633/6015/4692 3621/5998/4680
f  3633/6014/4692 3622/6000/4681 3625/6005/4684
f  3621/5998/4680 3632/6016/4691 3631/6017/4690
f  3390/5695/4446 3631/6012/4690 3394/5696/4450
f  3621/5998/4680 3631/6017/4690 3634/6018/4693
f  3631/6017/4690 3390/6019/4446 3634/6018/4693
f  3634/6018/4693 3635/6020/4694 3621/5998/4680
f  3636/6021/4695 3635/6022/4694 3634/6023/4693
f  3351/5627/4407 3634/6023/4693 3390/5688/4446
f  3634/6023/4693 3351/5627/4407 3637/6024/4696
f  3638/6025/4697 3636/6021/4695 3634/6023/4693
f  3637/6024/4696 3638/6025/4697 3634/6023/4693
f  3639/6026/4698 3638/6027/4697 3637/6028/4696
f  3637/6028/4696 3347/5622/4403 3335/5607/4391
f  3637/6028/4696 3335/5607/4391 3639/6026/4698
f  3347/5623/4403 3637/6024/4696 3351/5627/4407
f  3330/5601/4386 3640/6029/4699 3639/6026/4698
f  3640/6029/4699 3641/6030/4700 3639/6026/4698
f  3330/5601/4386 3639/6026/4698 3335/5607/4391
f  3636/6031/4695 3638/6027/4697 3639/6026/4698
f  3636/6031/4695 3639/6026/4698 3641/6030/4700
f  3640/6029/4699 3642/6032/4701 3641/6030/4700
f  3643/6033/4702 3641/6030/4700 3642/6032/4701
f  3636/6031/4695 3641/6030/4700 3643/6033/4702
f  3644/6034/4703 3643/6033/4702 3642/6032/4701
f  3643/6035/4702 3644/6036/4703 3645/5974/4704
f  3643/6033/4702 3646/5897/4705 3636/6031/4695
f  3647/5897/4706 3646/6037/4705 3643/6035/4702
f  3648/5979/4707 3647/5897/4706 3643/6035/4702
f  3645/5974/4704 3648/5979/4707 3643/6035/4702
f  3648/5980/4707 3645/5972/4704 3649/6038/4708
f  3648/5980/4707 3649/6038/4708 3650/6039/4709
f  3648/5980/4707 3650/6039/4709 3651/6040/4710
f  3651/6040/4710 3647/6041/4706 3648/5980/4707
f  3635/6020/4694 3652/6042/4711 3651/6043/4710
f  3621/5998/4680 3635/6020/4694 3651/6043/4710
f  3651/6040/4710 3650/6039/4709 3653/6044/4712
f  3621/5998/4680 3651/6043/4710 3654/6045/4713
f  3654/6046/4713 3651/6040/4710 3653/6044/4712
f  3651/6040/4710 3652/116/4711 3647/6041/4706
f  3635/6020/4694 3655/6047/4714 3652/6042/4711
f  3647/5897/4706 3652/563/4711 3655/6048/4714
f  3656/6049/4715 3655/6050/4714 3635/6022/4694
f  3655/6048/4714 3656/116/4715 3646/6037/4705
f  3646/6037/4705 3647/5897/4706 3655/6048/4714
f  3646/5897/4705 3656/563/4715 3636/6031/4695
f  3636/6021/4695 3656/6049/4715 3635/6022/4694
f  3657/6051/4716 3610/5984/4669 3653/6044/4712
f  3657/6051/4716 3653/6044/4712 3650/6039/4709
f  3658/6052/4717 3654/6046/4713 3653/6044/4712
f  3658/6052/4717 3653/6044/4712 3610/5984/4669
f  3610/5984/4669 3612/5986/4671 3658/6052/4717
f  3621/5998/4680 3658/6053/4717 3612/5989/4671
f  3654/6045/4713 3658/6053/4717 3621/5998/4680
f  3657/6051/4716 3659/6054/4718 3610/5984/4669
f  3660/6055/4719 3659/6054/4718 3657/6051/4716
f  3649/6038/4708 3657/6051/4716 3650/6039/4709
f  3661/6056/4720 3660/6055/4719 3657/6051/4716
f  3657/6051/4716 3649/6038/4708 3661/6056/4720
f  3662/6057/4721 3663/6058/4722 3661/6059/4720
f  3661/6059/4720 3663/6058/4722 3664/6060/4723
f  3662/6057/4721 3661/6059/4720 3665/6061/4724
f  3664/6060/4723 3660/6062/4719 3661/6059/4720
f  3649/6038/4708 3665/6063/4724 3661/6056/4720
f  3662/6057/4721 3665/6061/4724 3666/6064/4725
f  3645/5972/4704 3666/6065/4725 3665/6063/4724
f  3665/6063/4724 3649/6038/4708 3645/5972/4704
f  3667/6066/4726 3662/6057/4721 3666/6064/4725
f  3667/6066/4726 3666/6064/4725 3668/116/4727
f  3669/6067/4728 3668/626/4727 3666/6065/4725
f  3645/5972/4704 3669/6067/4728 3666/6065/4725
f  3670/626/4729 3668/381/4727 3669/6068/4728
f  3671/6069/4730 3670/626/4729 3669/6068/4728
f  3671/6069/4730 3669/6068/4728 3645/5974/4704
f  3672/6070/4731 3671/5496/4730 3644/6034/4703
f  3644/6036/4703 3671/6069/4730 3645/5974/4704
f  3672/6070/4731 3670/381/4729 3671/5496/4730
f  3672/6071/4731 3315/6072/4732 3673/6073/4733
f  3315/6072/4732 3672/6071/4731 3674/6074/4734
f  3670/563/4729 3672/6071/4731 3673/6073/4733
f  3674/6075/4734 3672/6070/4731 3644/6034/4703
f  3675/6076/4735 3670/563/4729 3673/6073/4733
f  3673/6073/4733 3676/6077/4736 3675/6076/4735
f  3676/6078/201 3673/6079/201 3313/6080/201
f  3313/5572/4365 3673/626/4737 3315/5577/4368
f  3677/4770/4738 3676/6077/4736 3678/6081/4739
f  3678/6082/201 3676/6078/201 3313/6080/201
f  3677/4770/4738 3675/6076/4735 3676/6077/4736
f  3679/6083/4740 3680/6084/4741 3677/6085/4738
f  3679/6083/4740 3677/6085/4738 3681/3639/4742
f  3681/6086/4742 3677/4770/4738 3678/6081/4739
f  3680/6084/4741 3675/6087/4735 3677/6085/4738
f  3682/6088/4743 3683/2110/4744 3681/6086/4742
f  3681/6086/4742 3678/6081/4739 3682/6088/4743
f  3684/3637/4745 3679/6083/4740 3681/3639/4742
f  3685/6089/4746 3684/3637/4745 3681/3639/4742
f  3681/3639/4742 3683/6090/4744 3685/6089/4746
f  3686/6091/4747 3687/6092/4748 3685/6089/4746
f  3688/6093/4749 3685/6094/4746 3687/6095/4748
f  3684/6096/4745 3685/6094/4746 3688/6093/4749
f  3683/6090/4744 3686/6091/4747 3685/6089/4746
f  3689/6097/4750 3686/4784/4747 3690/6098/4751
f  3686/4784/4747 3682/6088/4743 3690/6098/4751
f  3686/4784/4747 3683/2110/4744 3682/6088/4743
f  3686/6091/4747 3689/6099/4750 3687/6092/4748
f  3689/6097/4750 3690/6098/4751 3691/6100/4752
f  3689/6099/4750 3692/6101/4753 3687/6092/4748
f  3689/6099/4750 3693/6102/4754 3692/6101/4753
f  3689/6097/4750 3691/6100/4752 3694/6103/4755
f  3693/381/4754 3689/6097/4750 3694/6103/4755
f  3694/6103/4755 3695/6104/4756 3693/381/4754
f  3696/6105/4757 3693/626/4754 3695/6106/4756
f  3692/626/4753 3693/381/4754 3696/6107/4757
f  3697/6105/4758 3692/626/4753 3696/6107/4757
f  3696/6105/4757 3695/6106/4756 3698/6108/4759
f  3699/6109/4760 3696/6105/4757 3698/6108/4759
f  3697/6105/4758 3696/6107/4757 3699/6110/4760
f  3700/6111/4761 3699/6109/4760 3698/6108/4759
f  3697/6105/4758 3699/6110/4760 3700/6112/4761
f  3700/6111/4761 3698/6108/4759 3701/6113/4762
f  3702/6114/4763 3700/6111/4761 3701/6113/4762
f  3700/6112/4761 3702/6115/4763 3703/6114/4764
f  3700/6112/4761 3703/6114/4764 3697/6105/4758
f  3697/6116/4758 3703/6117/4764 3704/6118/4765
f  3703/6117/4764 3705/6119/4766 3704/6118/4765
f  3703/6117/4764 3706/116/4767 3705/6119/4766
f  3702/6115/4763 3707/563/4768 3703/6114/4764
f  3707/563/4768 3708/116/4769 3703/6114/4764
f  3703/6117/4764 3708/563/4769 3706/116/4767
f  3706/6120/4767 3708/6121/4769 3709/6122/4770
f  3709/6123/4770 3708/6124/4769 3707/6125/4768
f  3709/6122/4770 3710/6126/4771 3711/6127/4772
f  3709/6122/4770 3711/6127/4772 3712/6128/4773
f  3712/6128/4773 3713/6129/4774 3709/6122/4770
f  3714/6130/4775 3709/6122/4770 3713/6129/4774
f  3714/6130/4775 3706/6120/4767 3709/6122/4770
f  3710/6131/4771 3709/6123/4770 3715/6132/4776
f  3709/6123/4770 3707/6125/4768 3715/6132/4776
f  3716/6133/4777 3717/6134/4778 3710/6131/4771
f  3716/6133/4777 3710/6131/4771 3715/6132/4776
f  3717/6134/4778 3718/563/4779 3710/6131/4771
f  3710/6126/4771 3719/6135/4780 3711/6127/4772
f  3710/6126/4771 3718/6136/4779 3719/6135/4780
f  3718/116/4779 3720/6137/4781 3721/6138/4782
f  3720/6139/4781 3718/563/4779 3722/6140/4783
f  3719/6141/4780 3718/116/4779 3721/6138/4782
f  3718/563/4779 3717/6142/4778 3722/6140/4783
f  3720/6137/4781 3723/6143/4784 3721/6138/4782
f  3723/6143/4784 3724/6144/4785 3721/6138/4782
f  3724/6144/4785 3725/6145/4786 3721/6138/4782
f  3719/6141/4780 3721/6138/4782 3725/6145/4786
f  3724/6144/4785 3726/6146/4787 3725/6145/4786
f  3726/6146/4787 3727/6147/4788 3725/6145/4786
f  3712/6148/4773 3725/6145/4786 3727/6147/4788
f  3711/6149/4772 3719/6141/4780 3725/6145/4786
f  3712/6148/4773 3711/6149/4772 3725/6145/4786
f  3728/6150/4789 3729/6151/4790 3727/6147/4788
f  3730/6152/4791 3727/6147/4788 3729/6151/4790
f  3726/6146/4787 3728/6150/4789 3727/6147/4788
f  3727/6147/4788 3730/6152/4791 3712/6148/4773
f  3713/6129/4774 3712/6128/4773 3730/6153/4791
f  3731/6154/4792 3730/6152/4791 3729/6151/4790
f  3713/6129/4774 3730/6153/4791 3731/6155/4792
f  3732/6156/4793 3731/6154/4792 3729/6151/4790
f  3731/6155/4792 3732/6157/4793 3733/6158/4794
f  3733/6158/4794 3713/6129/4774 3731/6155/4792
f  3734/6159/4795 3735/6160/4796 3732/6156/4793
f  3732/6157/4793 3735/6161/4796 3733/6158/4794
f  3732/6156/4793 3729/6151/4790 3734/6159/4795
f  3736/6162/4797 3734/6159/4795 3729/6151/4790
f  3737/6163/4798 3738/6164/4799 3734/6159/4795
f  3736/6162/4797 3737/6163/4798 3734/6159/4795
f  3735/6160/4796 3734/6159/4795 3738/6164/4799
f  3739/6165/4800 3740/6166/4801 3736/6162/4797
f  3740/6166/4801 3737/6163/4798 3736/6162/4797
f  3739/6165/4800 3736/6162/4797 3728/6150/4789
f  3728/6150/4789 3736/6162/4797 3729/6151/4790
f  3740/6167/4801 3739/6168/4800 3741/6169/4802
f  3741/6170/4802 3739/6165/4800 3728/6150/4789
f  3742/6171/4803 3740/6167/4801 3741/6169/4802
f  3743/6172/4804 3742/6171/4803 3741/6169/4802
f  3413/5723/4469 3743/6172/4804 3741/6169/4802
f  3413/5723/4469 3741/6169/4802 3744/6173/4805
f  3741/6169/4802 3745/6174/4806 3744/6173/4805
f  3741/6170/4802 3728/6150/4789 3726/6146/4787
f  3745/6175/4806 3741/6170/4802 3726/6146/4787
f  3413/5723/4469 3746/6176/4807 3743/6172/4804
f  3746/6176/4807 3747/6177/4808 3743/6172/4804
f  3743/6178/4804 3747/6179/4808 3748/6180/4809
f  3743/6172/4804 3749/6181/4810 3750/6182/4811
f  3749/6183/4810 3743/6178/4804 3751/6184/4812
f  3743/6172/4804 3750/6182/4811 3742/6171/4803
f  3743/6178/4804 3748/6180/4809 3751/6184/4812
f  3749/6183/4810 3751/6184/4812 3752/6185/4813
f  3751/6184/4812 3748/6180/4809 3753/6186/4814
f  3751/6184/4812 3753/6186/4814 3754/6187/4815
f  3752/6185/4813 3751/6184/4812 3754/6187/4815
f  3749/6183/4810 3752/6185/4813 3755/6188/4816
f  3755/6188/4816 3752/6185/4813 3756/6189/4817
f  3752/6185/4813 3757/6190/4818 3756/6189/4817
f  3752/6185/4813 3754/6187/4815 3757/6190/4818
f  3758/6191/4819 3757/6190/4818 3754/6187/4815
f  3759/6192/4820 3756/6189/4817 3757/6190/4818
f  3758/6191/4819 3760/6193/4821 3757/6190/4818
f  3757/6190/4818 3760/6193/4821 3759/6192/4820
f  3759/6194/4820 3760/6195/4821 3761/6196/4822
f  3759/6192/4820 3762/6197/4823 3756/6189/4817
f  3762/6198/4823 3759/6194/4820 3761/6196/4822
f  3762/6197/4823 3763/6199/4824 3756/6189/4817
f  3763/6200/4824 3762/6198/4823 3761/6196/4822
f  3763/6200/4824 3761/6196/4822 3764/6201/4825
f  3765/6202/4826 3763/6200/4824 3764/6201/4825
f  3766/6203/4827 3763/6199/4824 3765/6204/4826
f  3763/6199/4824 3766/6203/4827 3756/6189/4817
f  3767/6205/4828 3756/6189/4817 3766/6203/4827
f  3768/6206/4829 3767/6205/4828 3766/6203/4827
f  3768/6206/4829 3766/6203/4827 3769/6207/4830
f  3765/6204/4826 3769/6207/4830 3766/6203/4827
f  3742/6208/4803 3767/6205/4828 3768/6206/4829
f  3768/6206/4829 3769/6207/4830 3770/6209/4831
f  3771/6210/4832 3768/6206/4829 3770/6209/4831
f  3742/6208/4803 3768/6206/4829 3771/6210/4832
f  3771/6210/4832 3770/6209/4831 3738/6164/4799
f  3737/6163/4798 3771/6210/4832 3738/6164/4799
f  3772/6211/4833 3771/6210/4832 3737/6163/4798
f  3772/6211/4833 3742/6208/4803 3771/6210/4832
f  3742/6171/4803 3772/6212/4833 3740/6167/4801
f  3740/6166/4801 3772/6211/4833 3737/6163/4798
f  3773/6213/4834 3770/6209/4831 3769/6207/4830
f  3774/6214/4835 3738/6164/4799 3770/6209/4831
f  3770/6209/4831 3773/6213/4834 3774/6214/4835
f  3774/6215/4835 3773/6216/4834 3775/6217/4836
f  3774/6214/4835 3776/6218/4837 3738/6164/4799
f  3776/6219/4837 3774/6215/4835 3775/6217/4836
f  3735/6161/4796 3776/6219/4837 3775/6217/4836
f  3735/6161/4796 3775/6217/4836 3733/6158/4794
f  3777/6220/4838 3733/6158/4794 3775/6217/4836
f  3777/6220/4838 3775/6217/4836 3778/6221/4839
f  3773/6216/4834 3764/6201/4825 3775/6217/4836
f  3775/6217/4836 3764/6201/4825 3778/6221/4839
f  3779/6222/4840 3777/6220/4838 3778/6221/4839
f  3779/6222/4840 3778/6221/4839 3452/5772/4508
f  3452/5772/4508 3778/6221/4839 3450/5770/4506
f  3778/6221/4839 3764/6201/4825 3761/6196/4822
f  3778/6221/4839 3761/6196/4822 3450/5770/4506
f  3780/6223/4841 3777/6220/4838 3779/6222/4840
f  3781/6224/4842 3779/6222/4840 3452/5772/4508
f  3782/6225/4843 3783/6226/4844 3779/6222/4840
f  3779/6222/4840 3783/6226/4844 3780/6223/4841
f  3784/6227/4845 3782/6225/4843 3779/6222/4840
f  3781/6224/4842 3784/6227/4845 3779/6222/4840
f  3781/6224/4842 3785/6228/4846 3784/6227/4845
f  3786/6229/4847 3784/563/4845 3785/6230/4846
f  3782/6231/4843 3784/116/4845 3786/6232/4847
f  3786/6232/4847 3787/6233/4848 3788/6234/4849
f  3782/6231/4843 3786/6232/4847 3788/6234/4849
f  3786/6229/4847 3785/6230/4846 3789/6235/4850
f  3786/6229/4847 3789/6235/4850 3790/6236/4851
f  3787/6237/4848 3786/6229/4847 3790/6236/4851
f  3788/6234/4849 3787/6233/4848 3791/6238/4852
f  3790/6236/4851 3791/6239/4852 3787/6237/4848
f  3791/6238/4852 3792/6240/4853 3788/6234/4849
f  3791/6239/4852 3790/6236/4851 3793/6241/4854
f  3794/6242/4855 3791/6239/4852 3793/6241/4854
f  3791/6238/4852 3794/6243/4855 3792/6240/4853
f  3795/6244/4856 3796/6245/4857 3792/6240/4853
f  3797/6246/4858 3795/6244/4856 3792/6240/4853
f  3792/6240/4853 3798/6247/4859 3788/6234/4849
f  3792/6240/4853 3794/6243/4855 3797/6246/4858
f  3792/6240/4853 3796/6245/4857 3798/6247/4859
f  3796/6245/4857 3799/6248/4860 3798/6247/4859
f  3796/6245/4857 3800/6249/4861 3799/6248/4860
f  3801/6250/4862 3800/6249/4861 3796/6245/4857
f  3795/6244/4856 3801/6250/4862 3796/6245/4857
f  3802/6251/4863 3803/6252/4864 3801/6250/4862
f  3802/6251/4863 3801/6250/4862 3795/6244/4856
f  3803/6252/4864 3804/6253/4865 3801/6250/4862
f  3801/6250/4862 3804/6253/4865 3800/6249/4861
f  3805/6254/4866 3806/6255/4867 3803/6256/4864
f  3803/6252/4864 3806/4567/4867 3804/6253/4865
f  3805/6254/4866 3803/6256/4864 3802/6257/4863
f  3805/6258/4868 3807/626/4869 3808/6259/4870
f  3809/6260/4871 3805/6258/4868 3808/6259/4870
f  3805/6258/4868 3810/116/4872 3807/626/4869
f  3810/6261/4873 3805/6254/4866 3802/6257/4863
f  3805/6254/4866 3811/6262/4874 3806/6255/4867
f  3805/6254/4866 3809/6263/4875 3811/6262/4874
f  3811/6264/4874 3809/6265/4875 3812/6266/4876
f  3812/6267/4877 3809/6260/4871 3808/6259/4870
f  3813/6268/4878 3812/6267/4877 3808/6259/4870
f  3813/6268/4878 3814/6269/4879 3812/6267/4877
f  3815/6270/4880 3812/6266/4876 3814/6271/4881
f  3815/6270/4880 3811/6264/4874 3812/6266/4876
f  3816/6272/4882 3811/626/4874 3815/6273/4880
f  3814/6271/4881 3817/6274/4883 3815/6270/4880
f  3815/6273/4880 3817/6275/4883 3818/6276/4884
f  3816/6272/4882 3815/6273/4880 3818/6276/4884
f  3819/6277/4885 3816/6272/4882 3818/6276/4884
f  3806/4567/4867 3811/381/4874 3816/6278/4882
f  3806/4567/4867 3816/6278/4882 3804/6253/4865
f  3816/6278/4882 3819/6279/4885 3804/6253/4865
f  3820/6280/4886 3821/6281/4887 3819/6277/4885
f  3804/6253/4865 3819/6279/4885 3821/6282/4887
f  3819/6277/4885 3818/6276/4884 3820/6280/4886
f  3818/6276/4884 3822/6283/4888 3820/6280/4886
f  3822/6283/4888 3823/6284/4889 3820/6280/4886
f  3820/6280/4886 3823/6284/4889 3824/6285/4890
f  3825/6286/4891 3820/6280/4886 3824/6285/4890
f  3825/6286/4891 3821/6281/4887 3820/6280/4886
f  3824/6285/4890 3826/6287/4892 3827/6288/4893
f  3828/6118/4894 3824/6285/4890 3827/6288/4893
f  3828/6118/4894 3825/6286/4891 3824/6285/4890
f  3823/6284/4889 3826/6287/4892 3824/6285/4890
f  3800/6249/4861 3825/6289/4891 3828/6290/4894
f  3829/6233/4895 3828/6118/4894 3827/6288/4893
f  3828/6290/4894 3829/6291/4895 3799/6248/4860
f  3828/6290/4894 3799/6248/4860 3800/6249/4861
f  3830/6292/4896 3829/6233/4895 3827/6288/4893
f  3829/6291/4895 3830/6293/4896 3831/6294/4897
f  3829/6291/4895 3831/6294/4897 3799/6248/4860
f  3832/6295/4898 3831/6296/4897 3777/6220/4838
f  3777/6220/4838 3831/6296/4897 3833/6297/4899
f  3831/6294/4897 3832/4572/4898 3799/6248/4860
f  3830/6293/4896 3833/563/4899 3831/6294/4897
f  3777/6220/4838 3833/6297/4899 3834/6298/4900
f  3833/116/4899 3830/6292/4896 3835/6299/4901
f  3834/6300/4900 3833/116/4899 3835/6299/4901
f  3834/6298/4900 3733/6158/4794 3777/6220/4838
f  3834/6298/4900 3836/6301/4902 3733/6158/4794
f  3834/6300/4900 3835/6299/4901 3837/6302/4903
f  3836/6303/4902 3834/6300/4900 3837/6302/4903
f  3838/6304/4904 3837/6302/4903 3835/6299/4901
f  3837/6302/4903 3838/6304/4904 3839/6305/4905
f  3836/6303/4902 3837/6302/4903 3839/6305/4905
f  3714/6306/4775 3839/6305/4905 3840/6307/4906
f  3841/6308/4907 3840/6307/4906 3839/6305/4905
f  3841/6308/4907 3839/6305/4905 3838/6304/4904
f  3842/6309/4908 3836/6303/4902 3839/6305/4905
f  3714/6306/4775 3842/6309/4908 3839/6305/4905
f  3842/6310/4908 3714/6130/4775 3713/6129/4774
f  3836/6301/4902 3842/6310/4908 3713/6129/4774
f  3841/6308/4907 3843/6311/4909 3844/6312/4910
f  3844/6312/4910 3845/6313/4911 3841/6308/4907
f  3846/6314/4912 3843/6311/4909 3841/6308/4907
f  3846/6314/4912 3841/6308/4907 3823/6284/4889
f  3838/6304/4904 3826/6287/4892 3841/6308/4907
f  3826/6287/4892 3823/6284/4889 3841/6308/4907
f  3841/6308/4907 3845/6313/4911 3840/6307/4906
f  3845/6313/4911 3847/6315/4913 3848/6116/4914
f  3848/6116/4914 3849/6282/4915 3845/6313/4911
f  3844/6312/4910 3850/6316/4916 3845/6313/4911
f  3845/6313/4911 3850/6316/4916 3847/6315/4913
f  3849/6282/4915 3704/6290/4765 3845/6313/4911
f  3704/6290/4765 3840/6307/4906 3845/6313/4911
f  3851/626/4917 3847/6317/4913 3852/6318/4918
f  3847/6315/4913 3851/381/4917 3848/6116/4914
f  3847/6317/4913 3813/6319/4919 3852/6318/4918
f  3844/6320/4910 3813/6319/4919 3847/6317/4913
f  3847/6317/4913 3850/6321/4916 3844/6320/4910
f  3852/6318/4918 3853/6322/4920 3687/6095/4748
f  3853/6323/93 3852/6324/93 3808/6325/93
f  3808/6259/4870 3852/381/4921 3813/6268/4878
f  3852/6318/4918 3687/6095/4748 3851/626/4917
f  3853/6322/4920 3688/6093/4749 3687/6095/4748
f  3688/6326/93 3853/6323/93 3808/6325/93
f  3692/6101/4753 3851/6327/4917 3687/6092/4748
f  3851/626/4917 3692/381/4753 3697/6116/4758
f  3848/6328/4914 3851/626/4917 3697/6116/4758
f  3849/6281/4915 3848/6328/4914 3697/6116/4758
f  3704/6118/4765 3849/6281/4915 3697/6116/4758
f  3844/6320/4910 3843/6329/4909 3846/6330/4912
f  3846/6330/4912 3854/6331/4922 3844/6320/4910
f  3855/6332/4923 3846/6330/4912 3856/6333/4924
f  3822/6283/4888 3856/6334/4924 3846/6314/4912
f  3823/6284/4889 3822/6283/4888 3846/6314/4912
f  3846/6330/4912 3855/6332/4923 3854/6331/4922
f  3854/6335/4925 3855/6336/4926 3814/6269/4879
f  3857/6337/4927 3814/6271/4881 3855/6332/4923
f  3856/6333/4924 3857/6337/4927 3855/6332/4923
f  3857/6338/4927 3856/6334/4924 3822/6283/4888
f  3814/6271/4881 3857/6337/4927 3817/6274/4883
f  3817/6275/4883 3857/6338/4927 3818/6276/4884
f  3857/6338/4927 3822/6283/4888 3818/6276/4884
f  3844/6320/4910 3854/6331/4922 3813/6319/4919
f  3813/6268/4878 3854/6335/4925 3814/6269/4879
f  3840/6307/4906 3704/6290/4765 3705/6117/4766
f  3840/6307/4906 3705/6117/4766 3706/563/4767
f  3706/563/4767 3714/6306/4775 3840/6307/4906
f  3827/6288/4893 3838/6304/4904 3835/6299/4901
f  3826/6287/4892 3838/6304/4904 3827/6288/4893
f  3836/6301/4902 3713/6129/4774 3733/6158/4794
f  3830/6292/4896 3827/6288/4893 3835/6299/4901
f  3780/6223/4841 3832/6295/4898 3777/6220/4838
f  3832/4572/4898 3780/6339/4841 3798/6247/4859
f  3832/4572/4898 3798/6247/4859 3799/6248/4860
f  3821/6282/4887 3825/6289/4891 3800/6249/4861
f  3821/6282/4887 3800/6249/4861 3804/6253/4865
f  3858/6340/4928 3810/6261/4873 3802/6257/4863
f  3810/6341/4929 3858/6342/4930 3859/563/4931
f  3810/6341/4929 3859/563/4931 3807/6343/4932
f  3807/6344/93 3859/6345/93 3860/6346/93
f  3860/6347/4933 3859/381/4934 3861/6348/4935
f  3859/381/4934 3858/563/4936 3861/6348/4935
f  3862/6349/4937 3861/6350/4938 3858/6340/4928
f  3860/6347/4933 3861/6348/4935 3862/6351/4939
f  3863/6352/4940 3864/6353/4941 3862/6349/4937
f  3865/6354/4942 3862/6351/4939 3864/6355/4943
f  3858/6340/4928 3863/6352/4940 3862/6349/4937
f  3865/6354/4942 3860/6347/4933 3862/6351/4939
f  3866/6356/93 3860/6346/93 3865/6357/93
f  3867/6358/4944 3865/6354/4942 3864/6355/4943
f  3866/6356/93 3865/6357/93 3867/6359/93
f  3866/6360/4945 3868/6361/4946 3679/2659/4740
f  3866/6360/4945 3679/2659/4740 3684/6096/4745
f  3688/6093/4749 3866/6360/4945 3684/6096/4745
f  3866/6356/93 3688/6326/93 3860/6346/93
f  3866/6356/93 3867/6359/93 3869/6362/93
f  3866/6356/93 3870/6363/4947 3871/6364/4948
f  3866/6356/93 3871/6364/4948 3872/6365/93
f  3866/6356/93 3869/6362/93 3870/6363/4947
f  3866/6356/93 3872/6365/93 3873/6366/4949
f  3873/6366/4949 3874/6367/93 3866/6356/93
f  3874/6367/93 3868/6368/93 3866/6356/93
f  3874/6367/93 3591/6369/93 3868/6368/93
f  3591/6369/93 3875/6370/93 3868/6368/93
f  3868/6361/4946 3875/6371/4950 3680/6372/4741
f  3868/6361/4946 3680/6372/4741 3679/2659/4740
f  3876/6373/4951 3875/6371/4950 3667/6066/4726
f  3591/6369/93 3667/6374/93 3875/6370/93
f  3875/6371/4950 3876/6373/4951 3680/6372/4741
f  3876/6375/4951 3668/6376/4727 3670/6377/4729
f  3667/6066/4726 3668/116/4727 3876/6373/4951
f  3680/6084/4741 3876/6375/4951 3675/6087/4735
f  3876/6375/4951 3670/6377/4729 3675/6087/4735
f  3877/6378/4952 3878/626/4123 3874/6379/4953
f  3874/6367/93 3878/6380/93 3590/6381/93
f  3874/6367/93 3590/6381/93 3591/6369/93
f  3874/6379/4953 3873/6382/4954 3879/6383/4955
f  3874/6379/4953 3879/6383/4955 3877/6378/4952
f  3880/6384/4956 3879/6385/4957 3881/6386/4958
f  3872/6387/4959 3881/6388/4960 3879/6383/4955
f  3880/6384/4956 3877/6389/4961 3879/6385/4957
f  3873/6382/4954 3872/6387/4959 3879/6383/4955
f  3880/6384/4956 3881/6386/4958 3882/6390/4962
f  3880/6384/4956 3882/6390/4962 3883/6391/4963
f  3880/5507/4956 3884/5508/4964 3885/6392/4965
f  3884/6393/4964 3880/6384/4956 3886/6394/4966
f  3880/6384/4956 3883/6391/4963 3886/6394/4966
f  3880/5507/4956 3885/6392/4965 3887/6395/4967
f  3880/5507/4956 3887/6395/4967 3572/5936/4628
f  3572/5936/4628 3589/116/4645 3880/5507/4956
f  3880/6384/4956 3589/5954/4645 3587/5951/4643
f  3880/6384/4956 3587/5951/4643 3877/6389/4961
f  3884/5508/4964 3888/6396/4968 3885/6392/4965
f  3888/6396/4968 3497/5830/4553 3885/6392/4965
f  3885/6392/4965 3889/6397/4969 3887/6395/4967
f  3885/6392/4965 3497/5830/4553 3889/6397/4969
f  3887/6395/4967 3889/6397/4969 3575/5934/4631
f  3567/6398/4623 3575/5934/4631 3889/6397/4969
f  3889/6397/4969 3498/5831/4554 3567/6398/4623
f  3497/5830/4553 3498/5831/4554 3889/6397/4969
f  3890/5371/4970 3891/6399/4971 3888/6396/4968
f  3891/6399/4971 3495/5828/4551 3888/6396/4968
f  3884/5508/4964 3890/5371/4970 3888/6396/4968
f  3888/6396/4968 3495/5828/4551 3497/5830/4553
f  3890/6400/4970 3892/6401/4972 3893/6402/4973
f  3890/6400/4970 3893/6402/4973 3894/6403/4974
f  3863/6352/4940 3890/6400/4970 3894/6403/4974
f  3890/5371/4970 3863/5365/4940 3891/6399/4971
f  3890/6400/4970 3884/6393/4964 3895/6404/4975
f  3890/6400/4970 3895/6404/4975 3892/6401/4972
f  3896/6405/4976 3870/6406/4977 3892/6407/4978
f  3870/6406/4977 3893/6408/4979 3892/6407/4978
f  3896/6405/4976 3892/6407/4978 3895/6409/4980
f  3870/6363/4947 3896/6410/4981 3871/6364/4948
f  3897/6411/4976 3896/6405/4976 3895/6409/4980
f  3896/6410/4981 3897/6412/4982 3871/6364/4948
f  3898/6413/4983 3897/6411/4976 3899/6414/4984
f  3897/6412/4982 3898/6415/4985 3900/6416/4986
f  3897/6412/4982 3900/6416/4986 3871/6364/4948
f  3897/6411/4976 3895/6409/4980 3899/6414/4984
f  3884/6393/4964 3901/6417/4987 3899/6418/4988
f  3899/6414/4984 3901/6419/4989 3898/6413/4983
f  3884/6393/4964 3899/6418/4988 3895/6404/4975
f  3901/6419/4989 3902/626/4990 3898/6413/4983
f  3902/381/4990 3901/6420/4989 3903/6421/4991
f  3884/6393/4964 3903/6422/4992 3901/6417/4987
f  3904/6423/4993 3902/381/4990 3903/6421/4991
f  3884/6393/4964 3886/6394/4966 3903/6422/4992
f  3904/6423/4993 3903/6421/4991 3886/6424/4994
f  3898/6415/4985 3902/6425/4995 3904/6426/4996
f  3898/6415/4985 3904/6426/4996 3905/6427/4997
f  3905/6428/4994 3904/6423/4993 3886/6424/4994
f  3898/6415/4985 3905/6427/4997 3900/6416/4986
f  3900/6429/4998 3905/6428/4994 3883/6430/4999
f  3905/6428/4994 3886/6424/4994 3883/6430/4999
f  3871/6431/5000 3900/6429/4998 3882/6432/5001
f  3900/6429/4998 3883/6430/4999 3882/6432/5001
f  3869/6433/5002 3894/6434/5003 3893/6408/4979
f  3869/6433/5002 3867/6358/4944 3894/6434/5003
f  3867/6358/4944 3864/6355/4943 3894/6434/5003
f  3863/6352/4940 3894/6403/4974 3864/6353/4941
f  3870/6406/4977 3869/6433/5002 3893/6408/4979
f  3906/6435/5004 3494/5827/4550 3891/6399/4971
f  3891/6399/4971 3494/5827/4550 3495/5828/4551
f  3907/6436/5005 3908/6437/5006 3891/6399/4971
f  3908/6437/5006 3906/6435/5004 3891/6399/4971
f  3907/6436/5005 3891/6399/4971 3863/5365/4940
f  3863/5365/4940 3909/626/5007 3907/6436/5005
f  3907/6438/5005 3909/381/5007 3910/6439/5008
f  3908/6440/5006 3907/6438/5005 3911/6441/5009
f  3907/6438/5005 3910/6439/5008 3911/6441/5009
f  3910/6439/5008 3912/6442/5010 3911/6441/5009
f  3910/6443/5008 3909/626/5007 3802/6251/4863
f  3910/6443/5008 3802/6251/4863 3795/6244/4856
f  3795/6244/4856 3912/6444/5010 3910/6443/5008
f  3797/6246/4858 3912/6444/5010 3795/6244/4856
f  3912/6442/5010 3797/6445/4858 3911/6441/5009
f  3913/6446/5011 3911/6441/5009 3914/6447/5012
f  3908/6440/5006 3911/6441/5009 3913/6446/5011
f  3797/6445/4858 3914/6447/5012 3911/6441/5009
f  3913/6446/5011 3914/6447/5012 3915/6448/5013
f  3797/6445/4858 3794/6242/4855 3914/6447/5012
f  3915/6448/5013 3914/6447/5012 3793/6241/4854
f  3794/6242/4855 3793/6241/4854 3914/6447/5012
f  3906/6449/5004 3913/6446/5011 3915/6448/5013
f  3915/6448/5013 3793/6241/4854 3916/6450/5014
f  3917/6451/5015 3915/6448/5013 3916/6450/5014
f  3906/6449/5004 3915/6448/5013 3917/6451/5015
f  3918/6452/5016 3919/6453/5017 3917/6451/5015
f  3918/6452/5016 3917/6451/5015 3920/6454/5018
f  3917/6451/5015 3919/6453/5017 3906/6449/5004
f  3920/6454/5018 3917/6451/5015 3921/6455/5019
f  3917/6451/5015 3916/6450/5014 3921/6455/5019
f  3781/6456/4842 3921/6455/5019 3922/6457/5020
f  3921/6455/5019 3923/6458/5021 3922/6457/5020
f  3916/6450/5014 3923/6458/5021 3921/6455/5019
f  3920/6454/5018 3921/6455/5019 3924/6459/5022
f  3781/6456/4842 3925/6460/5023 3921/6455/5019
f  3925/6460/5023 3924/6459/5022 3921/6455/5019
f  3926/6461/5024 3920/6454/5018 3924/6459/5022
f  3926/6461/5024 3924/6459/5022 3927/6462/5025
f  3928/6463/5026 3927/6462/5025 3924/6459/5022
f  3925/6460/5023 3928/6463/5026 3924/6459/5022
f  3929/6464/5027 3930/6465/5028 3927/6462/5025
f  3931/6466/5029 3927/6462/5025 3930/6465/5028
f  3931/6466/5029 3926/6461/5024 3927/6462/5025
f  3928/6463/5026 3929/6464/5027 3927/6462/5025
f  3932/6467/5030 3929/6468/5027 3928/6469/5026
f  3929/6464/5027 3932/6470/5030 3930/6465/5028
f  3932/6470/5030 3933/116/5031 3934/6471/5032
f  3933/6472/5031 3932/6467/5030 3928/6469/5026
f  3932/6470/5030 3934/6471/5032 3930/6465/5028
f  3934/6473/5032 3933/563/5031 3935/6474/5033
f  3930/6465/5028 3934/6471/5032 3936/5852/5034
f  3934/6473/5032 3935/6474/5033 3937/6475/5035
f  3936/5846/5034 3934/6473/5032 3937/6475/5035
f  3938/6476/5036 3937/6475/5035 3935/6474/5033
f  3933/563/5031 3939/6477/5037 3935/6474/5033
f  3938/6476/5036 3935/6474/5033 3940/6478/5038
f  3939/6477/5037 3940/6478/5038 3935/6474/5033
f  3474/5799/4530 3938/6476/5036 3940/6478/5038
f  3474/5799/4530 3940/6478/5038 3472/5797/4528
f  3940/6478/5038 3941/6479/5039 3942/6480/5040
f  3939/6477/5037 3941/6479/5039 3940/6478/5038
f  3942/6480/5040 3472/5797/4528 3940/6478/5038
f  3471/6481/4527 3942/6482/5040 3452/5772/4508
f  3781/6224/4842 3452/5772/4508 3942/6482/5040
f  3942/6482/5040 3933/6472/5031 3781/6224/4842
f  3942/6480/5040 3471/5796/4527 3472/5797/4528
f  3942/6482/5040 3941/6483/5039 3939/6484/5037
f  3942/6482/5040 3939/6484/5037 3933/6472/5031
f  3483/6485/4539 3937/6475/5035 3938/6476/5036
f  3475/5800/4531 3483/6485/4539 3938/6476/5036
f  3475/5800/4531 3938/6476/5036 3474/5799/4530
f  3936/6445/5041 3936/5846/5034 3937/6475/5035
f  3936/5852/5034 3936/6486/5041 3930/6465/5028
f  3481/6487/4537 3479/381/4535 3936/6445/5041
f  3481/6487/4537 3936/6445/5041 3937/6475/5035
f  3936/6486/5041 3479/626/4535 3931/6466/5029
f  3936/6486/5041 3931/6466/5029 3930/6465/5028
f  3483/6485/4539 3481/6487/4537 3937/6475/5035
f  3933/6472/5031 3928/6469/5026 3781/6224/4842
f  3479/626/4535 3943/6488/5042 3931/6466/5029
f  3931/6466/5029 3943/6488/5042 3944/6489/5043
f  3944/6489/5043 3926/6461/5024 3931/6466/5029
f  3945/6490/5044 3944/6491/5043 3488/5821/4544
f  3945/6490/5044 3946/6492/5045 3944/6491/5043
f  3944/6489/5043 3946/6493/5045 3926/6461/5024
f  3944/6491/5043 3943/6494/5042 3479/5807/4535
f  3479/5807/4535 3480/5809/4536 3944/6491/5043
f  3944/6491/5043 3480/5809/4536 3488/5821/4544
f  3926/6461/5024 3946/6493/5045 3945/6495/5044
f  3918/6496/5016 3947/6497/5046 3945/6490/5044
f  3918/6496/5016 3945/6490/5044 3493/5826/4549
f  3945/6495/5044 3920/6454/5018 3926/6461/5024
f  3945/6495/5044 3947/6498/5046 3920/6454/5018
f  3945/6490/5044 3488/5821/4544 3493/5826/4549
f  3920/6454/5018 3947/6498/5046 3918/6452/5016
f  3928/6469/5026 3925/6499/5023 3781/6224/4842
f  3916/6450/5014 3790/6236/4851 3923/6458/5021
f  3923/6458/5021 3789/6235/4850 3922/6457/5020
f  3923/6458/5021 3790/6236/4851 3789/6235/4850
f  3785/6230/4846 3948/6500/5047 3922/6457/5020
f  3785/6230/4846 3922/6457/5020 3789/6235/4850
f  3948/6500/5047 3781/6456/4842 3922/6457/5020
f  3781/6224/4842 3948/6501/5047 3785/6228/4846
f  3906/6435/5004 3919/6502/5017 3918/6496/5016
f  3918/6496/5016 3493/5826/4549 3494/5827/4550
f  3906/6435/5004 3918/6496/5016 3494/5827/4550
f  3916/6450/5014 3793/6241/4854 3790/6236/4851
f  3906/6449/5004 3949/6503/5048 3913/6446/5011
f  3913/6446/5011 3949/6503/5048 3908/6440/5006
f  3908/6437/5006 3949/6504/5048 3906/6435/5004
f  3858/6340/4928 3802/6257/4863 3909/6505/5007
f  3858/6340/4928 3909/6505/5007 3863/6352/4940
f  3575/5934/4631 3572/5936/4628 3887/6395/4967
f  3871/6431/5000 3882/6432/5001 3881/6388/4960
f  3872/6387/4959 3871/6431/5000 3881/6388/4960
f  3877/6378/4952 3587/116/5049 3878/626/4123
f  3586/6506/4119 3590/6507/4120 3878/6508/4119
f  3587/563/4119 3586/6506/4119 3878/6508/4119
f  3808/6325/93 3807/6344/93 3860/6346/93
f  3688/6326/93 3808/6325/93 3860/6346/93
f  3783/6509/4844 3788/6234/4849 3798/6247/4859
f  3798/6247/4859 3780/6339/4841 3783/6509/4844
f  3783/6509/4844 3782/6231/4843 3788/6234/4849
f  3776/6218/4837 3735/6160/4796 3738/6164/4799
f  3950/6510/5050 3773/6213/4834 3769/6207/4830
f  3773/6216/4834 3950/6511/5050 3764/6201/4825
f  3765/6204/4826 3950/6510/5050 3769/6207/4830
f  3950/6511/5050 3765/6202/4826 3764/6201/4825
f  3767/6205/4828 3755/6188/4816 3756/6189/4817
f  3951/6512/5051 3755/6188/4816 3767/6205/4828
f  3742/6208/4803 3951/6512/5051 3767/6205/4828
f  3750/6182/4811 3951/6513/5051 3742/6171/4803
f  3951/6512/5051 3750/6514/4811 3755/6188/4816
f  3760/6195/4821 3758/6515/4819 3761/6196/4822
f  3952/6516/5052 3953/6517/5053 3761/6196/4822
f  3758/6515/4819 3952/6516/5052 3761/6196/4822
f  3761/6196/4822 3953/6517/5053 3450/5770/4506
f  3451/5771/4507 3953/6517/5053 3954/6518/5054
f  3450/5770/4506 3953/6517/5053 3451/5771/4507
f  3953/6517/5053 3952/6516/5052 3955/6519/5055
f  3953/6517/5053 3955/6519/5055 3954/6518/5054
f  3954/6520/5054 3955/6521/5055 3956/6522/5056
f  3956/6522/5056 3955/6521/5055 3952/6523/5052
f  3957/6524/5057 3958/6525/5058 3956/6522/5056
f  3748/6180/4809 3957/6524/5057 3956/6522/5056
f  3748/6180/4809 3956/6522/5056 3753/6186/4814
f  3952/6523/5052 3753/6186/4814 3956/6522/5056
f  3954/6520/5054 3956/6522/5056 3958/6525/5058
f  3959/6526/5059 3960/6527/5060 3958/6525/5058
f  3957/6524/5057 3959/6526/5059 3958/6525/5058
f  3961/6528/5061 3958/6525/5058 3960/6527/5060
f  3961/6528/5061 3954/6520/5054 3958/6525/5058
f  3954/6518/5054 3961/6529/5061 3451/5771/4507
f  3960/6527/5060 3962/6530/5062 3961/6528/5061
f  3451/5771/4507 3961/6529/5061 3962/6531/5062
f  3963/6532/5063 3962/6530/5062 3960/6527/5060
f  3451/5771/4507 3962/6531/5062 3963/6533/5063
f  3963/6532/5063 3960/6527/5060 3964/6534/5064
f  3446/5766/4502 3451/5771/4507 3963/6533/5063
f  3963/6533/5063 3965/6535/5065 3446/5766/4502
f  3965/6536/5065 3963/6532/5063 3964/6534/5064
f  3966/6537/5066 3967/6538/5067 3964/6534/5064
f  3967/6538/5067 3968/6539/5068 3964/6534/5064
f  3966/6537/5066 3964/6534/5064 3960/6527/5060
f  3965/6536/5065 3964/6534/5064 3968/6539/5068
f  3414/5724/4470 3411/5721/4467 3968/6539/5068
f  3411/5721/4467 3420/5733/4476 3968/6539/5068
f  3967/6538/5067 3414/5724/4470 3968/6539/5068
f  3445/6540/4501 3968/6539/5068 3420/5733/4476
f  3968/6539/5068 3445/6540/4501 3965/6536/5065
f  3413/6541/4469 3415/5725/4471 3966/6537/5066
f  3415/5725/4471 3967/6538/5067 3966/6537/5066
f  3969/6542/5069 3413/6541/4469 3966/6537/5066
f  3969/6542/5069 3966/6537/5066 3959/6526/5059
f  3959/6526/5059 3966/6537/5066 3960/6527/5060
f  3413/5723/4469 3969/6543/5069 3746/6176/4807
f  3746/6544/4807 3969/6542/5069 3959/6526/5059
f  3415/5725/4471 3414/5724/4470 3967/6538/5067
f  3965/6535/5065 3445/5765/4501 3446/5766/4502
f  3746/6544/4807 3959/6526/5059 3957/6524/5057
f  3747/6179/4808 3957/6524/5057 3748/6180/4809
f  3747/6179/4808 3746/6544/4807 3957/6524/5057
f  3952/6523/5052 3970/6545/5070 3753/6186/4814
f  3758/6515/4819 3970/6546/5070 3952/6516/5052
f  3970/6545/5070 3758/6191/4819 3754/6187/4815
f  3970/6545/5070 3754/6187/4815 3753/6186/4814
f  3750/6514/4811 3749/6183/4810 3755/6188/4816
f  3744/6547/4805 3745/6175/4806 3724/6144/4785
f  3745/6175/4806 3726/6146/4787 3724/6144/4785
f  3744/6547/4805 3724/6144/4785 3723/6143/4784
f  3744/6173/4805 3971/6548/5071 3972/6549/5072
f  3971/6550/5071 3744/6547/4805 3723/6143/4784
f  3744/6173/4805 3972/6549/5072 3973/6551/5073
f  3744/6173/4805 3973/6551/5073 3974/6552/5074
f  3744/6173/4805 3974/6552/5074 3412/5722/4468
f  3413/5723/4469 3744/6173/4805 3412/5722/4468
f  3975/6553/5075 3972/626/5072 3971/6550/5071
f  3972/381/5072 3975/6554/5075 3976/6555/5076
f  3972/6549/5072 3977/6556/5077 3973/6551/5073
f  3977/6557/5077 3972/381/5072 3976/6555/5076
f  3973/6558/5073 3977/6557/5077 3976/6555/5076
f  3975/6554/5075 3720/6139/4781 3976/6555/5076
f  3973/6558/5073 3976/6555/5076 3978/6559/5078
f  3720/6139/4781 3722/6140/4783 3976/6555/5076
f  3978/6559/5078 3976/6555/5076 3722/6140/4783
f  3979/6560/5079 3973/6558/5073 3978/6559/5078
f  3979/6560/5079 3978/6559/5078 3980/6561/5080
f  3980/6561/5080 3978/6559/5078 3981/6562/5081
f  3978/6559/5078 3722/6140/4783 3981/6562/5081
f  3980/6561/5080 3981/6562/5081 3982/6563/5082
f  3983/6564/5083 3982/6563/5082 3981/6562/5081
f  3717/6142/4778 3981/6562/5081 3722/6140/4783
f  3717/6142/4778 3716/6565/4777 3981/6562/5081
f  3981/6562/5081 3716/6565/4777 3983/6564/5083
f  3983/6566/5083 3716/6133/4777 3715/6132/4776
f  3983/6564/5083 3984/6567/5084 3982/6563/5082
f  3984/6568/5084 3983/6566/5083 3715/6132/4776
f  3984/6567/5084 3985/6569/5085 3986/6570/5086
f  3984/6567/5084 3986/6570/5086 3982/6563/5082
f  3985/6571/5085 3984/6568/5084 3715/6132/4776
f  3986/6570/5086 3985/6569/5085 3987/6572/5087
f  3987/6573/5087 3985/6571/5085 3988/6574/5088
f  3985/6571/5085 3715/6132/4776 3988/6574/5088
f  3989/6575/5089 3988/6574/5088 3990/6576/5090
f  3988/6574/5088 3989/6575/5089 3991/6577/5091
f  3990/6576/5090 3988/6574/5088 3992/6578/5092
f  3988/6574/5088 3715/6132/4776 3993/6579/5093
f  3988/6574/5088 3993/6579/5093 3992/6578/5092
f  3991/6577/5091 3987/6573/5087 3988/6574/5088
f  3994/563/5094 3992/6580/5092 3995/6581/5095
f  3992/6580/5092 3993/6582/5093 3995/6581/5095
f  3990/6576/5090 3992/6578/5092 3994/6583/5094
f  3994/6584/5096 3994/6585/5094 3996/6586/5097
f  3996/6587/5097 3994/563/5094 3995/6581/5095
f  3994/6583/5094 3994/6588/5096 3990/6576/5090
f  3997/6589/5098 3994/116/5096 3998/6590/5099
f  3994/6588/5096 3997/6591/5098 3990/6576/5090
f  3998/6592/5099 3994/6584/5096 3996/6586/5097
f  3997/6589/5098 3998/6590/5099 3999/6593/5100
f  3996/6586/5097 4000/6594/5101 3998/6592/5099
f  3999/6595/5100 3998/6592/5099 4000/6594/5101
f  4001/6596/5102 3999/6595/5100 4002/6597/5103
f  3999/6593/5100 4001/6598/5102 4003/6599/5104
f  3997/6589/5098 3999/6593/5100 4004/6600/5105
f  3999/6595/5100 4000/6594/5101 4002/6597/5103
f  3999/6593/5100 4003/6599/5104 4004/6600/5105
f  4003/6599/5104 4005/6601/5106 4004/6600/5105
f  4005/6601/5106 4006/6602/5107 4004/6600/5105
f  4007/6603/5108 4004/6600/5105 4006/6602/5107
f  4004/6600/5105 4007/6603/5108 3997/6589/5098
f  4008/6604/5109 4009/6605/5110 4005/6601/5106
f  4005/6601/5106 4009/6605/5110 4006/6602/5107
f  4010/6606/5111 4008/6604/5109 4005/6601/5106
f  4010/6606/5111 4005/6601/5106 4003/6599/5104
f  4011/6607/5112 4008/6604/5109 4010/6606/5111
f  4012/6608/5113 4011/6607/5112 4010/6606/5111
f  4012/6608/5113 4010/6606/5111 4013/6609/5114
f  4013/6609/5114 4010/6606/5111 4003/6599/5104
f  4011/6610/5112 4012/6611/5113 4014/6612/5115
f  4012/6611/5113 4015/6613/5116 4014/6612/5115
f  4015/6614/5116 4012/6608/5113 4013/6609/5114
f  4015/6613/5116 4016/6615/5117 4014/6612/5115
f  4017/6616/5118 4015/6614/5116 4013/6609/5114
f  4017/6616/5118 4016/626/5117 4015/6614/5116
f  4016/6615/5117 4018/6617/5119 4014/6612/5115
f  4019/6618/5120 4018/6619/5119 4016/6620/5117
f  4019/6618/5120 4016/6620/5117 4016/6621/5121
f  4020/6622/5122 4016/6623/5121 4016/626/5117
f  4020/6622/5122 4016/626/5117 4017/6624/5118
f  4017/6624/5118 4021/6625/5123 4020/6622/5122
f  4022/6626/5124 4016/381/5121 4020/6627/5122
f  4022/6626/5124 4020/6627/5122 4023/6628/5125
f  4023/6628/5125 4020/6627/5122 4021/6629/5123
f  4021/6629/5123 4024/6110/5126 4025/6630/5127
f  4024/6631/5126 4021/6625/5123 4026/6632/5128
f  4021/6629/5123 4025/6630/5127 4023/6628/5125
f  4021/6625/5123 4017/6624/5118 4026/6632/5128
f  4013/6609/5114 4026/6633/5128 4017/6616/5118
f  4001/6598/5102 4026/6633/5128 4013/6609/5114
f  4026/6632/5128 4001/6596/5102 4024/6631/5126
f  4024/6110/5126 4027/6634/5129 4025/6630/5127
f  4027/6634/5129 4028/6635/5130 4025/6630/5127
f  4029/6636/5131 4023/6628/5125 4025/6630/5127
f  4029/6636/5131 4025/6630/5127 4030/6637/5132
f  4030/6637/5132 4025/6630/5127 4028/6635/5130
f  4030/6637/5132 4028/6635/5130 4031/6638/5133
f  4031/6638/5133 4028/6635/5130 4032/6639/5134
f  4002/6112/5103 4032/6639/5134 4028/6635/5130
f  4027/6634/5129 4002/6112/5103 4028/6635/5130
f  4033/6640/5135 4030/6637/5132 4031/6638/5133
f  4033/6640/5135 4031/6638/5133 4034/6641/5136
f  4031/6638/5133 4032/6639/5134 4034/6641/5136
f  4035/6642/5137 4036/6643/5138 4034/6641/5136
f  4033/6640/5135 4034/6641/5136 4036/6643/5138
f  3993/6582/5093 4035/6642/5137 4034/6641/5136
f  3993/6582/5093 4034/6641/5136 3995/6581/5095
f  4034/6641/5136 4032/6639/5134 3995/6581/5095
f  4036/6643/5138 4035/6642/5137 4037/6644/5139
f  3715/6132/4776 4035/6645/5137 3993/6579/5093
f  3715/6132/4776 4037/6646/5139 4035/6645/5137
f  4037/6644/5139 3701/6113/4762 4036/6643/5138
f  4037/6644/5139 4038/6647/5140 3701/6113/4762
f  4038/6648/5140 4037/6646/5139 3715/6132/4776
f  3707/6125/4768 4038/6648/5140 3715/6132/4776
f  4038/6647/5140 3707/116/4768 3701/6113/4762
f  4033/6640/5135 4036/6643/5138 3701/6113/4762
f  4039/6649/5141 4040/6650/5142 4033/6640/5135
f  4033/6640/5135 4040/6650/5142 4041/6651/5143
f  3698/6108/4759 4033/6640/5135 3701/6113/4762
f  4039/6649/5141 4033/6640/5135 3698/6108/4759
f  4041/6651/5143 4030/6637/5132 4033/6640/5135
f  4039/6652/5141 4042/6653/5144 4041/6654/5143
f  4043/6655/5145 4042/6653/5144 4039/6652/5141
f  4041/6654/5143 4040/6656/5142 4039/6652/5141
f  3695/6104/4756 4043/6655/5145 4039/6652/5141
f  4039/6652/5141 4044/6657/5146 3695/6104/4756
f  3698/6108/4759 4044/6658/5146 4039/6649/5141
f  3695/6106/4756 4044/6658/5146 3698/6108/4759
f  4045/6659/5147 4019/6660/5148 4043/6661/5149
f  4019/6660/5148 4046/6662/5150 4043/6661/5149
f  4046/6662/5150 4042/6663/5151 4043/6661/5149
f  3694/6103/4755 4043/6655/5145 3695/6104/4756
f  4043/6661/5149 3694/116/5152 4045/6659/5147
f  4045/6659/5147 4047/626/5153 4014/6664/5154
f  4048/6665/201 4047/6666/5155 4045/6667/201
f  4045/6667/201 3694/6668/201 3691/6669/201
f  4048/6665/201 4045/6667/201 3690/6670/201
f  4045/6667/201 3691/6669/201 3690/6670/201
f  4045/6659/5147 4014/6664/5154 4018/6671/5156
f  4045/6659/5147 4018/6671/5156 4019/6660/5148
f  4049/6672/5157 4050/116/4934 4048/6673/5158
f  4048/6665/201 4050/6674/201 4047/6666/5155
f  4048/6673/5158 4051/6675/5159 4052/6676/5160
f  4051/6677/5161 4048/6665/201 3682/6678/201
f  4048/6665/201 3690/6670/201 3682/6678/201
f  4048/6673/5158 4052/6676/5160 4049/6672/5157
f  4049/6672/5157 4053/6679/5162 4050/116/4934
f  4053/6680/5163 4049/6681/5164 4052/6682/5165
f  4050/381/5166 4053/6679/5167 4054/6683/5168
f  4052/6682/5165 4055/6684/5169 4053/6680/5163
f  4011/6610/5112 4054/6685/5170 4053/6680/5163
f  4056/6686/5171 4011/6610/5112 4053/6680/5163
f  4055/6684/5169 4056/6686/5171 4053/6680/5163
f  4057/6687/5172 4056/381/5171 4055/5808/5169
f  4058/6688/5173 4059/6689/5174 4055/6684/5169
f  4059/6689/5174 4060/6690/5175 4055/6684/5169
f  4055/5808/5169 4060/5811/5175 4061/6691/5176
f  4055/5808/5169 4061/6691/5176 4057/6687/5172
f  4052/6682/5165 4058/6688/5173 4055/6684/5169
f  4062/6692/5177 4059/6693/5178 4058/6694/5179
f  4051/6675/5159 4058/6694/5179 4052/6676/5160
f  4051/6675/5159 4062/6692/5177 4058/6694/5179
f  4062/6692/5177 4063/6695/5180 4059/6693/5178
f  4063/6696/201 4062/6697/201 3682/6678/201
f  4062/6697/201 4051/6677/5161 3682/6678/201
f  4063/6695/5180 4064/6698/4979 4065/6699/5181
f  4064/6700/5182 4063/6696/201 3682/6678/201
f  4063/6695/5180 4065/6699/5181 4059/6693/5178
f  4065/6701/5183 4066/6702/5184 4060/6690/5175
f  4064/6698/4979 4066/6703/4978 4065/6699/5181
f  4059/6689/5174 4065/6701/5183 4060/6690/5175
f  4066/6702/5184 4067/6704/5185 4060/6690/5175
f  4068/6705/4980 4067/6706/5186 4066/6703/4978
f  4064/6698/4979 4068/6705/4980 4066/6703/4978
f  4068/6705/4980 4069/6707/4980 4067/6706/5186
f  4067/6704/5185 4070/6708/5187 3096/5279/4138
f  4069/6707/4980 4070/6709/5188 4067/6706/5186
f  4067/6704/5185 3096/5279/4138 4060/6690/5175
f  4071/6710/5189 4072/6711/5190 4069/6712/5191
f  4071/6710/5189 4069/6712/5191 4068/6713/5192
f  4072/6711/5190 4073/6714/5193 4069/6712/5191
f  4069/6707/4980 4073/6715/5194 4070/6709/5188
f  4073/6715/5194 4074/626/4989 4075/6716/5195
f  4076/6717/5196 4074/6718/5197 4073/6714/5193
f  4072/6711/5190 4077/6719/5198 4073/6714/5193
f  4077/6719/5198 4076/6717/5196 4073/6714/5193
f  4073/6715/5194 4075/6716/5195 4070/6709/5188
f  4078/6720/5199 4075/6721/5195 4074/116/4989
f  4075/6722/5200 4078/6723/5201 3096/5279/4138
f  4070/6708/5187 4075/6722/5200 3096/5279/4138
f  4078/6720/5199 4074/116/4989 4076/6724/4991
f  4078/6723/5201 3095/5277/4137 3096/5279/4138
f  4076/6724/4991 3095/6725/5202 4078/6720/5199
f  4076/6724/4991 4077/6726/5203 3095/6725/5202
f  4077/6726/5203 4072/6727/5204 3094/6728/5205
f  4077/6726/5203 3094/6728/5205 3095/6725/5202
f  4072/6727/5204 4071/6729/5206 3093/6730/5207
f  4072/6727/5204 3093/6730/5207 3094/6728/5205
f  4071/6729/5206 4079/6731/5208 3092/6732/5209
f  4079/6733/5210 4071/6710/5189 3682/6678/201
f  4071/6710/5189 4068/6713/5192 4064/6700/5182
f  4071/6710/5189 4064/6700/5182 3682/6678/201
f  4071/6729/5206 3092/6732/5209 3093/6730/5207
f  4079/6731/5208 4080/6734/5211 3087/5268/4129
f  4080/6735/5212 4079/6733/5210 3682/6678/201
f  4079/6731/5208 3087/5268/4129 3092/6732/5209
f  3084/5262/4121 4080/6735/5212 3682/6678/201
f  4080/6734/5211 3084/5263/4122 3087/5268/4129
f  4061/6691/5176 3115/5302/4157 3119/5309/4161
f  3115/5302/4157 4061/6691/5176 3098/5281/4140
f  4060/5811/5175 3098/5281/4140 4061/6691/5176
f  3119/5309/4161 4081/6736/5213 4061/6691/5176
f  4061/6691/5176 4081/6736/5213 4057/6687/5172
f  4082/6737/5214 4057/6738/5172 4081/6739/5213
f  4081/6739/5213 3120/5310/4162 4082/6737/5214
f  4081/6739/5213 3119/5311/4161 3120/5310/4162
f  4082/6737/5214 3120/5310/4162 3122/5313/4164
f  4082/6737/5214 3122/5313/4164 4083/5349/5215
f  4084/6740/5216 4057/6738/5172 4082/6737/5214
f  4085/6741/5217 4084/6740/5216 4082/6737/5214
f  4082/6737/5214 4083/5349/5215 4085/6741/5217
f  4008/6604/5109 4085/6742/5217 4083/5351/5215
f  4084/6743/5216 4085/6742/5217 4008/6604/5109
f  4086/6744/5218 4083/5349/5215 3122/5313/4164
f  4083/5351/5215 4086/6745/5218 4009/6605/5110
f  4083/5351/5215 4009/6605/5110 4008/6604/5109
f  4086/6744/5218 3122/5313/4164 3124/5315/4166
f  4087/2659/5219 4086/6744/5218 3124/5315/4166
f  4086/6745/5218 4087/6746/5219 4009/6605/5110
f  3124/5315/4166 4088/6747/5220 4087/2659/5219
f  4009/6605/5110 4087/6746/5219 4088/5358/5220
f  3124/5315/4166 3127/5318/4169 4088/6747/5220
f  4089/6748/5221 4088/6747/5220 3127/5318/4169
f  4088/5358/5220 4090/6749/5222 4009/6605/5110
f  4088/5358/5220 4089/6750/5221 4090/6749/5222
f  4090/6749/5222 4089/6750/5221 4091/6751/5223
f  4009/6605/5110 4090/6749/5222 4006/6602/5107
f  4092/6752/5224 4006/6602/5107 4090/6749/5222
f  4091/6751/5223 4093/6753/5225 4090/6749/5222
f  4090/6749/5222 4093/6753/5225 4092/6752/5224
f  4094/6754/5226 4092/6755/5224 3138/5332/4180
f  3138/5332/4180 4092/6755/5224 4093/6756/5225
f  4092/6752/5224 4094/6757/5226 4006/6602/5107
f  3990/6576/5090 4007/6758/5108 4094/6754/5226
f  4094/6757/5226 4007/6603/5108 4006/6602/5107
f  4094/6754/5226 3138/5332/4180 3990/6576/5090
f  3138/5332/4180 4093/6756/5225 3139/5333/4181
f  4091/6751/5223 3139/563/4181 4093/6753/5225
f  3127/5318/4169 3128/5319/4170 4091/6759/5223
f  4091/6759/5223 4089/6748/5221 3127/5318/4169
f  3136/6760/4178 4091/6759/5223 3128/5319/4170
f  3136/6760/4178 3139/116/4181 4091/6759/5223
f  4011/6607/5112 4056/381/5171 4084/6743/5216
f  4011/6607/5112 4084/6743/5216 4008/6604/5109
f  4084/6740/5216 4056/626/5171 4057/6738/5172
f  4060/5811/5175 3096/5278/4138 3098/5281/4140
f  4050/381/5166 4054/6683/5168 4047/626/4930
f  4047/626/5153 4054/381/5227 4014/6664/5154
f  4011/6610/5112 4014/6612/5115 4054/6685/5170
f  4046/6761/5228 4019/6618/5120 4022/6762/5124
f  4022/6762/5124 4095/6763/5229 4046/6761/5228
f  4095/6763/5229 4096/6764/5230 4046/6761/5228
f  4097/6765/5231 4046/6761/5228 4096/6764/5230
f  4046/6662/5150 4097/6766/5232 4042/6663/5151
f  4041/6654/5143 4097/6765/5231 4096/6764/5230
f  4042/6653/5144 4097/6765/5231 4041/6654/5143
f  4023/6628/5125 4095/6767/5229 4022/6626/5124
f  4096/6768/5230 4095/6767/5229 4023/6628/5125
f  4096/6768/5230 4023/6628/5125 4029/6636/5131
f  4029/6636/5131 4098/6769/5233 4096/6768/5230
f  4096/6764/5230 4098/6770/5233 4041/6654/5143
f  4041/6651/5143 4098/6769/5233 4029/6636/5131
f  4041/6651/5143 4029/6636/5131 4030/6637/5132
f  4032/6639/5134 4002/6112/5103 4000/6771/5101
f  3996/6587/5097 3995/6581/5095 4032/6639/5134
f  4032/6639/5134 4000/6771/5101 3996/6587/5097
f  4001/6596/5102 4027/6772/5129 4024/6631/5126
f  4002/6597/5103 4027/6772/5129 4001/6596/5102
f  4016/6621/5121 4022/6762/5124 4019/6618/5120
f  4001/6598/5102 4013/6609/5114 4003/6599/5104
f  3990/6576/5090 3997/6591/5098 4007/6758/5108
f  3991/6773/5091 4099/6774/5234 4100/6775/5235
f  3991/6773/5091 4100/6775/5235 4101/6776/5236
f  3987/6572/5087 3991/6773/5091 4101/6776/5236
f  3989/6575/5089 4099/6777/5234 3991/6577/5091
f  4100/6775/5235 4099/6774/5234 4102/6778/5237
f  3989/6575/5089 4102/6779/5237 4099/6777/5234
f  4103/6780/5238 4102/6779/5237 3989/6575/5089
f  4102/6778/5237 4103/6781/5238 4104/6782/5239
f  4102/6778/5237 4104/6782/5239 4100/6775/5235
f  4105/6783/5240 4106/6784/5241 4104/6782/5239
f  4106/6784/5241 4100/6775/5235 4104/6782/5239
f  4105/6783/5240 4104/6782/5239 4107/6785/5242
f  4103/6781/5238 4107/6785/5242 4104/6782/5239
f  4108/6786/5243 4105/6783/5240 4107/6785/5242
f  4108/6786/5243 4107/6785/5242 4109/6787/5244
f  4110/6788/5245 4109/6787/5244 4107/6785/5242
f  4103/6781/5238 4110/6788/5245 4107/6785/5242
f  4110/6788/5245 4111/6789/5246 4109/6787/5244
f  4110/6790/5245 4103/6780/5238 3989/6575/5089
f  4111/6791/5246 4110/6790/5245 3989/6575/5089
f  4109/6787/5244 4111/6789/5246 4112/6792/5247
f  4112/6793/5247 4111/6791/5246 3989/6575/5089
f  4113/6794/5248 4109/6787/5244 4112/6792/5247
f  4112/6792/5247 4114/6795/5249 4113/6794/5248
f  3989/6575/5089 4115/6796/5250 4112/6793/5247
f  4114/6797/5249 4112/6793/5247 4115/6796/5250
f  4114/6795/5249 4116/6798/5251 4113/6794/5248
f  4116/6799/5251 4114/6797/5249 4115/6796/5250
f  4116/6798/5251 4117/6800/5252 4113/6794/5248
f  4117/6800/5252 4116/6798/5251 4118/6801/5253
f  4118/6802/5253 4116/6799/5251 4119/6803/5254
f  4116/6799/5251 4115/6796/5250 4119/6803/5254
f  4120/6804/5255 4117/6800/5252 4121/6805/5256
f  4120/6804/5255 4122/6806/5257 4117/6800/5252
f  4118/6801/5253 4121/6805/5256 4117/6800/5252
f  4122/6806/5257 4113/6794/5248 4117/6800/5252
f  4122/6806/5257 4108/6786/5243 4113/6794/5248
f  4123/6807/5258 4108/6786/5243 4122/6806/5257
f  4124/6808/5259 4122/6806/5257 4120/6804/5255
f  4124/6808/5259 4123/6807/5258 4122/6806/5257
f  4123/6809/5258 4124/6810/5259 4125/6811/5260
f  4125/6812/5260 4124/6808/5259 4120/6804/5255
f  4123/6809/5258 4125/6811/5260 3974/6552/5074
f  4125/6812/5260 4120/6804/5255 4126/6813/5261
f  4127/6814/5262 4125/6812/5260 4126/6813/5261
f  4125/6811/5260 4127/6815/5262 3974/6552/5074
f  4127/6814/5262 4126/6813/5261 4128/6816/5263
f  3974/6817/5074 4127/6814/5262 4128/6816/5263
f  4128/6816/5263 4126/6813/5261 4129/6818/5264
f  4130/6819/5265 4128/6816/5263 4131/6820/5266
f  3974/6817/5074 4128/6816/5263 4130/6819/5265
f  4128/6816/5263 4129/6818/5264 4131/6820/5266
f  4132/6821/5267 4131/6820/5266 4129/6818/5264
f  4129/6818/5264 4133/6822/5268 4132/6821/5267
f  4133/6822/5268 4129/6818/5264 4121/6805/5256
f  4126/6813/5261 4121/6805/5256 4129/6818/5264
f  4132/6821/5267 4134/6823/5269 4131/6820/5266
f  4132/6824/5267 4133/6825/5268 4135/6826/5270
f  4136/6827/5271 4134/6828/5269 4132/6824/5267
f  4132/6824/5267 4135/6826/5270 4137/6829/5272
f  4137/6829/5272 4136/6827/5271 4132/6824/5267
f  4134/6823/5269 4136/6830/5271 4131/6820/5266
f  4136/6830/5271 4138/6831/5273 4131/6820/5266
f  4138/6831/5273 4136/6830/5271 4137/6832/5272
f  4139/6833/5274 4138/6831/5273 3190/5406/4232
f  4139/6833/5274 4130/6819/5265 4138/6831/5273
f  4137/6832/5272 3190/5406/4232 4138/6831/5273
f  4130/6819/5265 4131/6820/5266 4138/6831/5273
f  4140/6834/5275 4141/6835/5276 4139/6833/5274
f  4141/6835/5276 4130/6819/5265 4139/6833/5274
f  3192/5409/4234 4139/6833/5274 3190/5406/4232
f  4140/6834/5275 4139/6833/5274 3192/5409/4234
f  3974/6552/5074 4141/6836/5276 4140/6837/5275
f  4142/6838/5277 4140/6834/5275 3192/5409/4234
f  4140/6837/5275 4142/6839/5277 3412/5722/4468
f  3974/6552/5074 4140/6837/5275 3412/5722/4468
f  4142/6838/5277 3192/5409/4234 3193/5410/4235
f  3412/6840/4468 4142/6838/5277 3193/5410/4235
f  4141/6835/5276 3974/6817/5074 4130/6819/5265
f  4133/6825/5268 4119/6803/5254 4135/6826/5270
f  3181/5395/4223 4135/6826/5270 4119/6803/5254
f  3185/5399/4227 4135/6826/5270 3181/5395/4223
f  4135/6826/5270 3185/5399/4227 4137/6829/5272
f  4137/6832/5272 3187/5404/4229 3190/5406/4232
f  3187/5401/4229 4137/6829/5272 3185/5399/4227
f  4133/6825/5268 4143/6841/5278 4119/6803/5254
f  4143/6842/5278 4133/6822/5268 4121/6805/5256
f  4143/6841/5278 4118/6802/5253 4119/6803/5254
f  4118/6801/5253 4143/6842/5278 4121/6805/5256
f  4126/6813/5261 4120/6804/5255 4121/6805/5256
f  4144/6843/5279 4145/6844/5280 4123/6809/5258
f  4145/6844/5280 4146/6845/5281 4123/6809/5258
f  4123/6807/5258 4146/6846/5281 4108/6786/5243
f  4144/6843/5279 4123/6809/5258 3974/6552/5074
f  3973/6551/5073 3979/6847/5079 4144/6843/5279
f  3973/6551/5073 4144/6843/5279 3974/6552/5074
f  3979/6847/5079 4147/6848/5282 4144/6843/5279
f  4144/6849/5279 4147/6850/5282 4148/6851/5283
f  4144/6849/5279 4148/6851/5283 4149/6852/5284
f  4150/6853/5285 4144/6849/5279 4149/6852/5284
f  4144/6843/5279 4150/6854/5285 4145/6844/5280
f  4150/6853/5285 4149/6852/5284 4151/6855/5286
f  4145/6856/5280 4150/6853/5285 4151/6855/5286
f  4145/6856/5280 4151/6855/5286 4106/6784/5241
f  4151/6855/5286 4149/6852/5284 4101/6776/5236
f  4106/6784/5241 4151/6855/5286 4100/6775/5235
f  4151/6855/5286 4101/6776/5236 4100/6775/5235
f  4149/6852/5284 4148/6851/5283 3986/6570/5086
f  4149/6852/5284 3986/6570/5086 4101/6776/5236
f  4148/6851/5283 3982/6563/5082 3986/6570/5086
f  4148/6851/5283 3980/6561/5080 3982/6563/5082
f  4147/6850/5282 3980/6561/5080 4148/6851/5283
f  4147/6850/5282 3979/6560/5079 3980/6561/5080
f  4146/6846/5281 4145/6856/5280 4106/6784/5241
f  4146/6846/5281 4106/6784/5241 4105/6783/5240
f  4146/6846/5281 4105/6783/5240 4108/6786/5243
f  4119/6803/5254 4115/6796/5250 4152/6857/5287
f  3181/5395/4223 4119/6803/5254 4152/6857/5287
f  3137/5331/4179 4152/6857/5287 3138/5332/4180
f  4152/6857/5287 3990/6576/5090 3138/5332/4180
f  4152/6857/5287 3989/6575/5089 3990/6576/5090
f  4152/6857/5287 4115/6796/5250 3989/6575/5089
f  3181/5395/4223 4152/6857/5287 3137/5331/4179
f  4108/6786/5243 4109/6787/5244 4113/6794/5248
f  3987/6572/5087 4101/6776/5236 3986/6570/5086
f  3975/6553/5075 3971/6550/5071 3723/6143/4784
f  3720/6137/4781 3975/6553/5075 3723/6143/4784
f  3707/116/4768 3702/6114/4763 3701/6113/4762
f  3682/6678/201 3678/6082/201 3084/5262/4121
f  3678/6082/201 3313/6080/201 3084/5262/4121
f  3674/6074/4734 3327/5596/4383 3315/6072/4732
f  3327/6858/4383 3674/6075/4734 3642/6032/4701
f  3644/6034/4703 3642/6032/4701 3674/6075/4734
f  3662/6859/5288 3667/626/5289 3591/5956/4649
f  3663/6058/4722 4153/6860/5290 3664/6060/4723
f  4154/6861/5291 3664/6060/4723 4153/6860/5290
f  3664/6060/4723 4155/6862/5292 3660/6062/4719
f  4155/6863/5292 3664/6864/4723 3659/6054/4718
f  3664/6864/4723 4154/6865/5291 3607/5981/4666
f  3664/6864/4723 3607/5981/4666 3659/6054/4718
f  4153/6860/5290 4156/6866/5293 4154/6861/5291
f  3607/5981/4666 4154/6865/5291 4156/6867/5293
f  3604/5976/4663 3607/5981/4666 4156/6867/5293
f  4156/6867/5293 3598/5969/4657 3604/5976/4663
f  4156/6867/5293 4157/6868/5294 3598/5969/4657
f  4157/6869/5294 4156/6866/5293 4158/6870/5295
f  4153/6860/5290 4158/6870/5295 4156/6866/5293
f  4158/6870/5295 3595/5961/4654 3596/5963/4655
f  3595/6871/5296 4158/6872/5297 3663/6873/5298
f  4158/6870/5295 3596/5963/4655 4157/6869/5294
f  4158/6872/5297 4153/6874/5299 3663/6873/5298
f  3598/5969/4657 4157/6868/5294 3596/5965/4655
f  3660/6055/4719 4155/6863/5292 3659/6054/4718
f  3591/5956/4649 3595/6871/5296 3662/6859/5288
f  3595/6871/5296 3663/6873/5298 3662/6859/5288
f  3610/5984/4669 3659/6054/4718 3607/5981/4666
f  3327/6858/4383 3642/6032/4701 3640/6029/4699
f  3329/5600/4385 3327/6858/4383 3640/6029/4699
f  3329/5600/4385 3640/6029/4699 3330/5601/4386
f  3404/5712/4460 3628/6875/4687 3405/5713/4461
f  4159/6876/5300 3627/6007/4686 4160/6877/5301
f  4161/6878/5302 4160/6877/5301 3627/6007/4686
f  4159/6876/5300 3626/6006/4685 3627/6007/4686
f  3619/6003/4678 4161/6878/5302 3627/6007/4686
f  4162/6879/5303 3626/6006/4685 4159/6876/5300
f  4163/6880/5304 4159/6876/5300 4160/6877/5301
f  3406/6881/4462 4159/6876/5300 4163/6880/5304
f  3406/6881/4462 4162/6879/5303 4159/6876/5300
f  4162/6879/5303 3405/6010/4461 3626/6006/4685
f  3405/5713/4461 4162/6882/5303 3406/5714/4462
f  4163/6880/5304 4160/6877/5301 4164/6883/5305
f  4165/6884/5306 4163/6880/5304 4164/6883/5305
f  4166/6885/5307 4163/6880/5304 4165/6884/5306
f  4166/6885/5307 3406/6881/4462 4163/6880/5304
f  3406/5714/4462 4166/6886/5307 3427/5743/4483
f  4166/6886/5307 4167/6887/5308 3427/5743/4483
f  4167/6888/5308 4166/6885/5307 4165/6884/5306
f  3427/6889/4483 4167/6888/5308 4168/6890/5309
f  4167/6888/5308 4165/6884/5306 4169/6891/5310
f  4167/6888/5308 4169/6891/5310 4168/6890/5309
f  4168/6890/5309 4169/6891/5310 4170/6892/5311
f  4168/6890/5309 4170/6892/5311 3433/5750/4489
f  3427/6889/4483 4168/6890/5309 3430/5747/4486
f  3430/5747/4486 4168/6890/5309 3433/5750/4489
f  4169/6891/5310 4171/6893/5312 4170/6892/5311
f  4172/6894/5313 3433/5750/4489 4170/6892/5311
f  4173/6895/5314 4174/6896/5315 4170/6892/5311
f  4173/6895/5314 4170/6892/5311 4171/6893/5312
f  4174/6896/5315 4172/6894/5313 4170/6892/5311
f  3438/5758/4494 4172/6897/5313 4174/6898/5315
f  4175/6899/5316 3438/5758/4494 4174/6898/5315
f  4174/6898/5315 4173/6900/5314 4175/6899/5316
f  3545/5893/4601 4175/6899/5316 3618/5995/4677
f  4176/6901/5317 3618/5995/4677 4175/6899/5316
f  4173/6900/5314 4176/6901/5317 4175/6899/5316
f  3538/5886/4594 3438/5758/4494 4175/6899/5316
f  3538/5886/4594 4175/6899/5316 3545/5893/4601
f  4176/6901/5317 4177/6902/5318 3618/5995/4677
f  4177/6903/5318 4176/6904/5317 4171/6893/5312
f  4171/6893/5312 4176/6904/5317 4173/6895/5314
f  4178/6905/5319 4177/6903/5318 4179/6906/5320
f  4177/6903/5318 4171/6893/5312 4179/6906/5320
f  4177/6902/5318 4178/6907/5319 3618/5995/4677
f  3618/5995/4677 4178/6907/5319 4180/6908/5321
f  4178/6905/5319 4179/6906/5320 4164/6883/5305
f  4164/6883/5305 4180/6909/5321 4178/6905/5319
f  3618/5995/4677 4180/6908/5321 4181/6910/5322
f  4181/6911/5322 4180/6909/5321 4164/6883/5305
f  4161/6878/5302 4181/6911/5322 4160/6877/5301
f  3618/5995/4677 4181/6910/5322 4161/6912/5302
f  4181/6911/5322 4164/6883/5305 4160/6877/5301
f  4165/6884/5306 4164/6883/5305 4179/6906/5320
f  4169/6891/5310 4179/6906/5320 4171/6893/5312
f  4169/6891/5310 4165/6884/5306 4179/6906/5320
f  3438/5758/4494 3434/5757/4490 4172/6897/5313
f  3433/5750/4489 4172/6894/5313 3434/5751/4490
f  4161/6912/5302 3619/5996/4678 3618/5995/4677
f  3545/5893/4601 3618/5995/4677 3541/5889/4597
f  4182/6913/5323 3540/5888/4596 3617/5994/4676
f  3541/5889/4597 3617/5994/4676 3540/5888/4596
f  3617/5994/4676 4183/6914/5324 4184/6915/5325
f  3616/5993/4675 4183/6914/5324 3617/5994/4676
f  3617/5994/4676 4184/6915/5325 4182/6913/5323
f  4182/6913/5323 4185/6916/5326 3540/5888/4596
f  4182/6917/5323 4184/116/5325 4186/6918/5327
f  4182/6917/5323 4186/6918/5327 4187/6919/5328
f  4182/6917/5323 4187/6919/5328 4188/6920/5329
f  4185/6921/5326 4182/6917/5323 4188/6920/5329
f  4189/6922/5330 4185/6921/5326 4188/6920/5329
f  4185/6916/5326 4189/6923/5330 3540/5888/4596
f  3540/5888/4596 4189/6923/5330 3554/5909/4610
f  4189/6922/5330 4188/6920/5329 4190/6924/5331
f  4190/6924/5331 3554/6925/4610 4189/6922/5330
f  3584/5947/4640 4190/6924/5331 4188/6920/5329
f  4190/6924/5331 4191/6926/5332 4192/6927/5333
f  4192/6927/5333 3554/6925/4610 4190/6924/5331
f  4193/6928/5334 4190/6924/5331 3584/5947/4640
f  4193/6928/5334 4191/6926/5332 4190/6924/5331
f  4191/6929/5332 4193/5849/5334 4194/6930/5335
f  4193/5849/5334 4195/6931/5336 4194/6930/5335
f  3584/5947/4640 4195/6932/5336 4193/6928/5334
f  3579/5943/4635 4195/6932/5336 3584/5947/4640
f  4195/6931/5336 3579/5850/4635 3571/5929/4627
f  4195/6931/5336 3571/5929/4627 4194/6930/5335
f  3571/5929/4627 3565/5923/4621 4194/6930/5335
f  4194/6930/5335 3559/5917/4615 4192/6933/5333
f  4194/6930/5335 3560/5918/4616 3559/5917/4615
f  3565/5923/4621 3560/5918/4616 4194/6930/5335
f  4192/6933/5333 4191/6929/5332 4194/6930/5335
f  4192/6927/5333 3555/563/4611 3554/6925/4610
f  3556/5916/4612 3555/116/4611 4192/6933/5333
f  3556/5916/4612 4192/6933/5333 3559/5917/4615
f  3583/5946/4639 4188/6920/5329 4187/6919/5328
f  3583/5946/4639 3584/5947/4640 4188/6920/5329
f  4186/6918/5327 4196/6929/5337 4187/6919/5328
f  3602/5973/4661 3583/5946/4639 4187/6919/5328
f  4187/6919/5328 4196/6929/5337 3606/5980/4665
f  3606/5980/4665 3602/5973/4661 4187/6919/5328
f  3609/5983/4668 4196/6926/5337 4186/6934/5327
f  3609/5983/4668 3606/5979/4665 4196/6926/5337
f  4186/6934/5327 4184/563/5325 4183/6935/5324
f  4186/6934/5327 4183/6935/5324 3615/5991/4674
f  4186/6934/5327 3615/5991/4674 3609/5983/4668
f  4183/6935/5324 3616/5992/4675 3615/5991/4674
f  3599/5941/4658 3604/5976/4663 3598/5969/4657
f  3582/5945/4638 3583/5946/4639 3602/5973/4661
f  3591/5956/4649 3592/5957/4650 3595/6871/5296
f  3576/5937/4632 3589/626/4645 3577/5938/4633
f  3572/5936/4628 3577/6936/4633 3589/116/4645
f  3579/5850/4635 3570/5928/4626 3571/5929/4627
f  3567/6398/4623 4197/6937/5338 3575/5934/4631
f  3575/5933/4631 4197/6938/5338 3566/5924/4622
f  3566/5924/4622 4197/6938/5338 3567/5925/4623
f  3567/5925/4623 4198/6939/5339 3564/5922/4620
f  3502/5835/4558 4198/6940/5339 3567/6398/4623
f  3502/5835/4558 3567/6398/4623 3498/5831/4554
f  3564/5922/4620 4198/6939/5339 3502/6941/4558
f  3502/6941/4558 3506/5839/4562 3564/5922/4620
f  3564/5922/4620 3506/5839/4562 3553/5908/4609
f  3551/5906/4607 3557/5914/4613 3552/5907/4608
f  3506/5839/4562 3508/5844/4564 3553/5908/4609
f  3516/5855/4572 3543/6942/4599 3542/5896/4598
f  3536/5884/4592 3543/6942/4599 3516/5855/4572
f  3533/5879/4589 3439/5759/4495 3538/5886/4594
f  3439/5759/4495 3438/5758/4494 3538/5886/4594
f  3542/5896/4598 3517/5856/4573 3516/5855/4572
f  3515/5854/4571 3537/5885/4593 3516/5855/4572
f  3536/5884/4592 3516/5855/4572 3537/5885/4593
f  3515/5854/4571 3524/5866/4580 3537/5885/4593
f  3524/5866/4580 3528/5872/4584 3537/5885/4593
f  3449/5769/4505 3440/5760/4496 3533/5879/4589
f  4199/6943/5340 3449/5769/4505 3533/5879/4589
f  3530/5878/4586 4200/6944/5341 3533/5879/4589
f  4200/6944/5341 4201/6945/5342 3533/5879/4589
f  4201/6945/5342 4199/6943/5340 3533/5879/4589
f  3440/5760/4496 3439/5759/4495 3533/5879/4589
f  4199/6946/5340 4201/6947/5342 4202/6948/5343
f  4201/6947/5342 4203/6949/5344 4202/6948/5343
f  4201/6947/5342 4200/6950/5341 4203/6949/5344
f  4204/6951/5345 4203/6949/5344 3531/5875/4587
f  4200/6950/5341 3531/5875/4587 4203/6949/5344
f  4204/6951/5345 4202/6948/5343 4203/6949/5344
f  3520/6952/4576 4205/6953/5346 4204/6951/5345
f  4205/6953/5346 4206/6954/5347 4204/6951/5345
f  3520/6952/4576 4204/6951/5345 3529/5873/4585
f  3529/5873/4585 4204/6951/5345 3531/5875/4587
f  4204/6951/5345 4206/6954/5347 4202/6948/5343
f  4207/6955/5348 4208/6956/5349 4206/6954/5347
f  4205/6953/5346 4207/6955/5348 4206/6954/5347
f  4206/6954/5347 4208/6956/5349 4209/6957/5350
f  4206/6954/5347 4209/6957/5350 4202/6948/5343
f  4210/6958/5351 4202/6948/5343 4209/6957/5350
f  4211/6959/5352 4210/6958/5351 4209/6957/5350
f  4211/6959/5352 4209/6957/5350 4212/6960/5353
f  4208/6956/5349 4212/6960/5353 4209/6957/5350
f  4213/6961/5354 4214/6962/5355 4212/6960/5353
f  4215/6963/5356 4212/6960/5353 4214/6962/5355
f  4212/6960/5353 4216/6964/5357 4211/6959/5352
f  4215/6963/5356 4216/6964/5357 4212/6960/5353
f  4217/6965/5358 4213/6961/5354 4212/6960/5353
f  4208/6956/5349 4217/6965/5358 4212/6960/5353
f  3486/6966/4542 3485/6967/4541 4217/6965/5358
f  3485/6967/4541 4213/6961/5354 4217/6965/5358
f  4218/6968/5359 3486/6966/4542 4217/6965/5358
f  4218/6968/5359 4217/6965/5358 4208/6956/5349
f  3486/5819/4542 4218/6969/5359 3487/5820/4543
f  4207/6955/5348 4218/6968/5359 4208/6956/5349
f  4218/6969/5359 4207/6970/5348 3487/5820/4543
f  3485/6967/4541 3464/5787/4520 4213/6961/5354
f  4213/6961/5354 3461/5784/4517 4214/6962/5355
f  3464/5787/4520 3461/5784/4517 4213/6961/5354
f  4215/6971/5356 3454/5774/4510 3449/5769/4505
f  4216/6972/5357 4215/6971/5356 3449/5769/4505
f  3454/5782/4510 4215/6963/5356 4214/6962/5355
f  4211/6973/5352 4216/6972/5357 3449/5769/4505
f  3454/5782/4510 4214/6962/5355 3460/5783/4516
f  3461/5784/4517 3460/5783/4516 4214/6962/5355
f  4210/6974/5351 4211/6973/5352 3449/5769/4505
f  4199/6943/5340 4210/6974/5351 3449/5769/4505
f  4210/6958/5351 4199/6946/5340 4202/6948/5343
f  4207/6970/5348 4205/6975/5346 3487/5820/4543
f  4205/6975/5346 3520/5861/4576 3487/5820/4543
f  3531/5875/4587 4200/6950/5341 3530/5874/4586
f  3520/6952/4576 3529/5873/4585 3526/5869/4582
f  3521/5871/4577 3520/6952/4576 3526/5869/4582
f  3518/5857/4574 3524/5866/4580 3515/5854/4571
f  3505/5842/4561 3503/381/4559 3510/5846/4566
f  3502/6941/4558 3504/5840/4560 3506/5839/4562
f  3491/5824/4547 3490/5823/4546 3500/5833/4556
f  3467/5790/4523 3478/5805/4534 3468/5791/4524
f  3453/5773/4509 3471/6481/4527 3452/5772/4508
f  3458/5793/4514 3456/6976/4512 3463/5786/4519
f  3463/5786/4519 3456/6976/4512 3455/5779/4511
f  3443/6977/4499 3445/6540/4501 3420/5733/4476
f  3444/6978/4500 3443/6977/4499 3420/5733/4476
f  3419/5732/4475 4219/6979/5360 3444/6978/4500
f  3444/6978/4500 3420/5733/4476 3419/5732/4475
f  3444/5764/4500 4220/6980/5361 3442/5762/4498
f  3444/5764/4500 4219/6981/5360 4220/6980/5361
f  4220/6982/5361 4219/6979/5360 3422/5736/4478
f  4219/6979/5360 3419/5732/4475 3422/5736/4478
f  4221/6983/5362 4220/6982/5361 3423/5737/4479
f  4220/6980/5361 4221/6984/5362 3442/5762/4498
f  4220/6982/5361 3422/5736/4478 3423/5737/4479
f  3442/6985/4498 4221/6983/5362 3423/5737/4479
f  3432/5749/4488 3435/5752/4491 3442/6985/4498
f  3442/6985/4498 3423/5737/4479 3432/5749/4488
f  3425/5739/4481 3432/5749/4488 3423/5737/4479
f  3428/5745/4484 3427/6889/4483 3430/5747/4486
f  3406/5714/4462 3427/5743/4483 3407/5715/4463
f  3412/5722/4468 4222/6986/5363 3200/5422/4242
f  4222/6987/5363 3412/6840/4468 3193/5410/4235
f  4222/6987/5363 3193/5410/4235 3194/5411/4236
f  3200/5417/4242 4222/6987/5363 3194/5411/4236
f  3401/5708/4457 3395/5697/4451 3403/5710/4459
f  3403/5710/4459 3395/5697/4451 3394/5696/4450
f  3401/5708/4457 3396/5698/4452 3395/5697/4451
f  3398/5701/4454 3386/5682/4442 3392/5691/4448
f  4223/6988/5364 3385/5681/4441 3398/5701/4454
f  3398/5701/4454 3385/5681/4441 3386/5682/4442
f  3208/5702/4250 4223/6988/5364 3398/5701/4454
f  4224/6989/5365 4223/6990/5364 3208/5430/4250
f  4223/6988/5364 4224/6991/5365 3385/5681/4441
f  3209/5431/4251 3380/6992/4436 4224/6989/5365
f  3209/5431/4251 4224/6989/5365 3208/5430/4250
f  4224/6991/5365 3380/5675/4436 3381/5676/4437
f  4224/6991/5365 3381/5676/4437 3385/5681/4441
f  3351/5627/4407 3383/5689/4439 3349/5625/4405
f  3362/5643/4418 3224/5451/4266 3225/5452/4267
f  3353/5629/4409 3231/5458/4273 3230/5457/4272
f  3353/5629/4409 3354/5630/4410 3231/5458/4273
f  4225/6993/5366 3353/5629/4409 3230/5457/4272
f  4225/6993/5366 3346/5618/4402 3353/5629/4409
f  4226/6994/5367 3346/5618/4402 4225/6993/5366
f  4225/6993/5366 3230/5457/4272 4227/6995/5368
f  4228/6996/5369 4229/6997/5370 4225/6993/5366
f  4230/6998/5371 4228/6996/5369 4225/6993/5366
f  4229/6997/5370 4231/6999/5372 4225/6993/5366
f  4230/6998/5371 4225/6993/5366 4227/6995/5368
f  4225/6993/5366 4232/7000/5373 4226/6994/5367
f  4225/6993/5366 4231/6999/5372 4232/7000/5373
f  4231/7001/5372 4229/7002/5370 3299/5551/4344
f  4231/7001/5372 3299/5551/4344 3300/5552/4345
f  3300/5552/4345 4232/7003/5373 4231/7001/5372
f  4226/7004/5367 4232/7003/5373 3300/5552/4345
f  4233/7005/5374 4227/563/5368 4234/7006/5375
f  4235/7007/5376 4227/116/5368 4233/5346/5374
f  3230/5457/4272 4234/7008/5375 4227/6995/5368
f  4227/6995/5368 4235/7009/5376 4230/6998/5371
f  4236/7010/5377 4235/7007/5376 4233/5346/5374
f  4235/7009/5376 4237/7011/5378 4230/6998/5371
f  4237/7012/5378 4235/7007/5376 4236/7010/5377
f  4233/5346/5374 4238/5549/5379 4236/7010/5377
f  4238/5549/5379 3264/5545/4306 4236/7010/5377
f  3264/5545/4306 4239/7013/5380 4236/7010/5377
f  4239/7013/5380 4240/7014/5381 4236/7010/5377
f  4237/7012/5378 4236/7010/5377 4240/7014/5381
f  4239/7013/5380 4241/7015/5382 3271/5527/4313
f  3263/6067/4305 4241/7015/5382 4239/7013/5380
f  3264/5545/4306 3263/6067/4305 4239/7013/5380
f  3271/5527/4313 3280/5522/4322 4239/7013/5380
f  4239/7013/5380 3280/5522/4322 4240/7014/5381
f  3263/6067/4305 3262/626/4304 4241/7015/5382
f  3271/5512/4313 4241/7016/5382 3262/5510/4304
f  4230/7017/5371 4240/7014/5381 4242/7018/5383
f  3280/5522/4322 4242/7018/5383 4240/7014/5381
f  4230/7017/5371 4237/7012/5378 4240/7014/5381
f  3280/5522/4322 3279/5521/4321 4242/7018/5383
f  3279/5521/4321 4243/7019/5384 4242/7018/5383
f  4243/7019/5384 4244/7020/5385 4242/7018/5383
f  4242/7018/5383 4244/7020/5385 4245/7021/5386
f  4230/7017/5371 4242/7018/5383 4245/7021/5386
f  3279/5521/4321 3285/5532/4327 4243/7019/5384
f  3285/5532/4327 4246/7022/5387 4243/7019/5384
f  4243/7019/5384 4247/7023/5388 4244/7020/5385
f  4243/7019/5384 4246/7022/5387 4247/7023/5388
f  4244/7020/5385 4247/7023/5388 4248/7024/5389
f  4247/7023/5388 4249/7025/5390 4250/7026/5391
f  4247/7023/5388 4250/7026/5391 4248/7024/5389
f  4246/7022/5387 4249/7025/5390 4247/7023/5388
f  4244/7020/5385 4248/7024/5389 4245/7021/5386
f  4251/7027/5392 4245/7021/5386 4248/7024/5389
f  4228/7028/5369 4248/7024/5389 4250/7026/5391
f  4228/7028/5369 4251/7027/5392 4248/7024/5389
f  4252/7029/5393 4251/7030/5392 4228/6996/5369
f  4251/7027/5392 4252/7031/5393 4245/7021/5386
f  4245/7021/5386 4252/7031/5393 4230/7017/5371
f  4230/6998/5371 4252/7029/5393 4228/6996/5369
f  4253/7032/5394 4250/7026/5391 4249/7025/5390
f  4246/7022/5387 3292/5541/4334 4249/7025/5390
f  3293/5542/4335 4249/7025/5390 3292/5541/4334
f  3293/5542/4335 3297/7033/4342 4249/7025/5390
f  4249/7025/5390 3297/7033/4342 4254/7034/5395
f  4254/7034/5395 4253/7032/5394 4249/7025/5390
f  3299/5551/4344 4254/7035/5395 3297/5549/4342
f  4253/6933/5394 4254/7035/5395 3299/5551/4344
f  4253/7032/5394 4255/7036/5396 4250/7026/5391
f  4253/7032/5394 4256/563/5397 4255/7036/5396
f  4229/7002/5370 4256/116/5397 4253/6933/5394
f  4229/7002/5370 4253/6933/5394 3299/5551/4344
f  4228/6996/5369 4255/7037/5396 4256/7038/5397
f  4228/6996/5369 4256/7038/5397 4229/6997/5370
f  4250/7026/5391 4255/7036/5396 4228/7028/5369
f  3285/5532/4327 3286/5533/4328 4246/7022/5387
f  3286/5533/4328 3292/5541/4334 4246/7022/5387
f  4238/7033/5379 4233/7005/5374 3258/5492/4300
f  3264/5497/4306 4238/7033/5379 3258/5492/4300
f  4233/7005/5374 4234/7006/5375 3258/5492/4300
f  3258/5492/4300 4234/7006/5375 3259/5493/4301
f  3230/5457/4272 3259/7039/4301 4234/7008/5375
f  4226/7004/5367 3300/5552/4345 3301/5553/4346
f  3338/7040/4394 4226/7004/5367 3301/5553/4346
f  3338/7040/4394 4257/563/5398 4226/7004/5367
f  4226/6994/5367 4257/7041/5398 3346/5618/4402
f  4257/7041/5398 3342/5619/4398 3346/5618/4402
f  3342/5614/4398 4257/7042/5398 3338/5610/4394
f  3354/5630/4410 3225/5452/4267 3231/5458/4273
f  3344/5616/4400 3336/5608/4392 3347/5622/4403
f  3336/5608/4392 3335/5607/4391 3347/5622/4403
f  3302/5554/4347 4258/7043/5399 3341/6033/4397
f  3341/5613/4397 4258/7044/5399 3333/5605/4389
f  3341/6033/4397 3340/7045/4396 3301/5553/4346
f  3341/6033/4397 3301/5553/4346 3302/5554/4347
f  4258/7044/5399 3332/5604/4388 3333/5605/4389
f  4258/7044/5399 4259/6036/5400 3332/5604/4388
f  4259/6034/5400 4258/7043/5399 3302/5554/4347
f  4259/6034/5400 3302/5554/4347 3305/5557/4350
f  3305/5557/4350 4260/7046/5401 4259/6034/5400
f  3332/5604/4388 4259/6036/5400 4260/7047/5401
f  3319/7048/4373 4260/7046/5401 3305/5557/4350
f  4260/7047/5401 3319/5582/4373 3320/5584/4374
f  4260/7047/5401 3320/5584/4374 3332/5604/4388
f  3301/5553/4346 3340/7045/4396 3338/7040/4394
f  3320/5584/4374 3324/5590/4378 3332/5604/4388
f  3327/5596/4383 3316/5594/4381 3315/6072/4732
f  3311/7049/4359 3310/5007/4358 3319/7048/4373
f  3311/7049/4359 3319/7048/4373 3305/5557/4350
f  3313/6080/201 3082/5260/201 3084/5262/4121
f  3306/5558/4351 3311/7049/4359 3305/5557/4350
f  3282/5528/4324 3103/5286/4145 3089/5271/4131
f  3091/5273/4133 3282/5528/4324 3089/5271/4131
f  3102/5285/4144 3103/5286/4145 3275/5516/4317
f  3268/5506/4310 4261/7050/5402 4262/7051/5403
f  4262/7051/5403 3163/5373/4205 3268/5506/4310
f  3268/5506/4310 3267/5505/4309 4263/7052/5404
f  3268/5506/4310 4263/7052/5404 4264/7053/5405
f  3268/5506/4310 4264/7053/5405 4261/7050/5402
f  4261/7054/5402 4264/7055/5405 4265/7056/5406
f  4261/7054/5402 4265/7056/5406 4266/7057/5407
f  4262/7058/5403 4261/7054/5402 4266/7057/5407
f  4262/7058/5403 4266/7057/5407 4267/7059/5408
f  4266/7057/5407 4265/7056/5406 4268/7060/5409
f  4267/7059/5408 4266/7057/5407 4269/7061/5410
f  4266/7057/5407 4268/7060/5409 4269/7061/5410
f  4267/7059/5408 4269/7061/5410 4270/7062/5411
f  3180/7063/4222 4270/7062/5411 4269/7061/5410
f  4271/7064/5412 3180/7063/4222 4269/7061/5410
f  4271/7064/5412 4269/7061/5410 4268/7060/5409
f  3178/5392/4220 3180/5394/4222 4271/7065/5412
f  3178/5392/4220 4271/7065/5412 4272/7066/5413
f  4272/7067/5413 4271/7064/5412 4268/7060/5409
f  4273/7068/5414 4272/7067/5413 4268/7060/5409
f  4272/7066/5413 4273/7069/5414 3178/5392/4220
f  4274/7070/5415 3239/5467/4281 4273/7068/5414
f  4273/7068/5414 4268/7060/5409 4274/7070/5415
f  3178/5392/4220 4273/7069/5414 3239/5471/4281
f  3239/5467/4281 4274/7070/5415 3240/5468/4282
f  4265/7056/5406 4274/7070/5415 4268/7060/5409
f  4265/7056/5406 4275/7071/5416 4274/7070/5415
f  4275/7071/5416 3240/5468/4282 4274/7070/5415
f  4275/7071/5416 3242/5472/4284 3240/5468/4282
f  4264/7055/5405 3242/5472/4284 4275/7071/5416
f  4264/7055/5405 4275/7071/5416 4265/7056/5406
f  4276/7072/5417 4267/7059/5408 4270/7062/5411
f  3180/7063/4222 3176/7073/4218 4270/7062/5411
f  4277/7074/5418 4270/7062/5411 4278/7075/5419
f  4277/7074/5418 4276/7072/5417 4270/7062/5411
f  3176/7073/4218 4278/7075/5419 4270/7062/5411
f  4279/7076/5420 4267/7059/5408 4276/7072/5417
f  4280/7077/5421 4279/7076/5420 4276/7072/5417
f  4280/7077/5421 4276/7072/5417 4277/7074/5418
f  4279/7078/5420 4280/7079/5421 3163/5373/4205
f  3164/7080/4206 4280/7077/5421 4277/7074/5418
f  4280/7079/5421 3164/5372/4206 3163/5373/4205
f  4281/7081/5422 4279/7078/5420 3163/5373/4205
f  4279/7076/5420 4281/7082/5422 4267/7059/5408
f  4262/7051/5403 4281/7081/5422 3163/5373/4205
f  4281/7082/5422 4262/7058/5403 4267/7059/5408
f  4278/7075/5419 3176/7073/4218 3175/7083/4217
f  3175/7083/4217 4282/7084/5423 4278/7075/5419
f  4277/7074/5418 4278/7075/5419 4282/7084/5423
f  4283/7085/5424 4282/7084/5423 3171/5383/4213
f  3173/5385/4215 3171/5383/4213 4282/7084/5423
f  4283/7085/5424 4277/7074/5418 4282/7084/5423
f  3177/7086/4219 3173/5385/4215 4282/7084/5423
f  3175/7083/4217 3177/7086/4219 4282/7084/5423
f  3169/5380/4211 4283/7085/5424 3171/5383/4213
f  3164/7080/4206 4283/7085/5424 3169/5380/4211
f  3164/7080/4206 4277/7074/5418 4283/7085/5424
f  4264/7055/5405 4263/7087/5404 3242/5472/4284
f  4263/7087/5404 3267/7088/4309 3242/5472/4284
f  3267/7088/4309 3247/5479/4289 3243/5473/4285
f  3267/7088/4309 3243/5473/4285 3242/5472/4284
f  3250/5482/4292 3266/5501/4308 3251/5483/4293
f  3266/5501/4308 3256/5490/4298 3251/5483/4293
f  3260/7089/4302 3259/7039/4301 3230/5457/4272
f  3230/5457/4272 3254/7090/4296 3260/7089/4302
f  3230/5457/4272 3234/5461/4276 3254/7090/4296
f  3246/5476/4288 3233/5487/4275 3235/5477/4277
f  3204/5421/4246 4284/7091/5425 3188/5439/4230
f  4285/7092/5426 3204/5421/4246 3197/5414/4239
f  4285/7092/5426 4284/7091/5425 3204/5421/4246
f  3188/5402/4230 4284/7093/5425 4285/7094/5426
f  3196/5413/4238 4285/7092/5426 3197/5414/4239
f  4285/7094/5426 3196/7095/4238 3189/5403/4231
f  3188/5402/4230 4285/7094/5426 3189/5403/4231
f  3165/5382/4207 3164/7080/4206 3169/5380/4211
f  3108/5301/4150 3155/5354/4197 3112/5296/4154
f  3135/5328/4177 3136/6760/4178 3129/5320/4171
f  3136/6760/4178 3128/5319/4170 3129/5320/4171
f  3117/5304/4159 3113/5297/4155 3125/5316/4167
f  3104/5287/4146 3115/5302/4157 3099/5282/4141
f  3115/5302/4157 3098/5281/4140 3099/5282/4141

