# File produced by Open Asset Import Library (http://www.assimp.sf.net)
# (assimp v5.2.0)

mtllib calf.mtl

# 4286 vertex positions
v  0.00489196787 -0.212452993 0.0182669144
v  0.00934294518 -0.215816006 0.0175269246
v  0.00959495269 -0.215443 0.0173489433
v  0.00968799647 -0.215122893 0.0169979334
v  0.000279999978 -0.209205002 0.0182029568
v  0.00502196513 -0.212181002 0.0179129243
v  0.000115999981 -0.209463999 0.0185579658
v  0.000113999966 -0.209469005 0.0185619555
v  0.00468096696 -0.212825999 0.0184479337
v  0.00469396124 -0.212834001 0.0184469242
v  0.00185499201 -0.217696995 0.0191489439
v  -0.0029089679 -0.214280993 0.0193719249
v  -0.00576194376 -0.218815997 0.0196089149
v  0.00661394605 -0.220835999 0.0179539341
v  -0.00124194508 -0.222446993 0.0192969441
v  0.00939199887 -0.215847 0.0175119638
v  0.0110739805 -0.223260894 0.0151849333
v  0.00985494815 -0.225320905 0.0150709134
v  0.00351796113 -0.225773007 0.0177899525
v  0.0090159541 -0.226418003 0.0150679331
v  0.0136899697 -0.218637004 0.0152119342
v  0.0137569597 -0.218680993 0.0151529238
v  0.0139399497 -0.218225002 0.015034914
v  0.0139419697 -0.217810005 0.0147379637
v  0.0170369484 -0.220198005 0.0107369442
v  0.0170369484 -0.220199004 0.0107369442
v  0.0169549882 -0.219711006 0.0105629582
v  0.0137640005 -0.217550904 0.0143499337
v  0.0166549999 -0.219367996 0.0103319306
v  0.0169569589 -0.219715998 0.0105659384
v  0.0180859882 -0.220424995 0.00710696122
v  0.0181889795 -0.220924005 0.00720292516
v  0.0187929589 -0.221302003 0.00354391476
v  0.0177509487 -0.220056996 0.00697595021
v  0.0186799485 -0.220798001 0.00349891279
v  0.0183309596 -0.220421001 0.00343591115
v  0.00964996777 -0.214965001 0.0165509544
v  0.0185269397 -0.220542997 -0.000209031045
v  0.0183319785 -0.220420003 -0.00383799989
v  0.00504097901 -0.212068006 0.0174669642
v  0.000337999954 -0.209112003 0.0177459065
v  -0.0043649897 -0.206155002 0.0174669661
v  -0.00436194986 -0.206152007 -0.0178689845
v  0.00504294597 -0.212063998 -0.0178689864
v  -0.00445696013 -0.206217006 -0.0183139946
v  0.00033999997 -0.209107906 -0.0181479938
v  -0.0176539607 -0.197797999 -0.00383698335
v  -0.0089719519 -0.203253999 -0.0169520341
v  0.000281999964 -0.209199995 -0.0186009947
v  -0.00464596692 -0.206451997 -0.0186690036
v  -0.00913097803 -0.203288004 -0.0173990037
v  0.000280999986 -0.209200993 -0.0186040346
v  -0.00937899295 -0.203510001 -0.0177500136
v  -0.0133969998 -0.200619906 -0.015139034
v  -0.01308598 -0.200668007 -0.0147510022
v  -0.0159769803 -0.198851004 -0.0107330028
v  -0.0170739517 -0.198162004 -0.00737302983
v  -0.0164159704 -0.198730007 -0.0109640229
v  -0.0175549611 -0.198018998 -0.00750499358
v  -0.0164219905 -0.198730007 -0.0109670032
v  -0.0180489607 -0.198140994 -0.00760101667
v  -0.0168909617 -0.198866993 -0.0111380126
v  -0.0137709603 -0.200801998 -0.0154359844
v  -0.0168919712 -0.198868006 -0.0111380126
v  -0.0140319699 -0.201205999 -0.0156130139
v  -0.0141019402 -0.201164007 -0.0155540034
v  -0.0184219703 -0.198497996 -0.00763600459
v  -0.0172579512 -0.199228004 -0.0112010129
v  -0.019735001 -0.203204006 -0.0112010129
v  -0.0221500006 -0.203165993 -0.00397699513
v  -0.0190239716 -0.198119 -0.00397598138
v  -0.020130951 -0.20386 -0.0112010129
v  -0.0170659609 -0.205568001 -0.0155879743
v  -0.0193919707 -0.204885006 -0.0130799934
v  -0.0187520012 -0.205258995 -0.0126970336
v  -0.0181100015 -0.207043007 -0.0154730044
v  -0.0204959717 -0.204476997 -0.0112010129
v  -0.020645991 -0.204631999 -0.00852101482
v  -0.0214649606 -0.204155996 -0.00884299912
v  -0.0201289803 -0.204794005 -0.00987898372
v  -0.0234579612 -0.208087996 -0.00884299912
v  -0.0225879718 -0.208451003 -0.00851499476
v  -0.0206469502 -0.204631001 -0.00852101482
v  -0.0206479616 -0.204630002 -0.00852101482
v  -0.0213479605 -0.204224005 -0.00879698619
v  -0.020645991 -0.204631001 -0.00852101482
v  -0.0206499901 -0.204629004 -0.0085220281
v  -0.0206539817 -0.204627007 -0.00852298178
v  -0.020660961 -0.204622999 -0.00852602348
v  -0.0206759814 -0.204614893 -0.00853198208
v  -0.02070494 -0.204597995 -0.00854300894
v  -0.0207630005 -0.204564005 -0.00856601819
v  -0.0208799411 -0.204495996 -0.00861203112
v  -0.0209969506 -0.204428002 -0.00865900144
v  -0.0211139508 -0.204359993 -0.00870501623
v  -0.021230951 -0.204291895 -0.00875102915
v  -0.0206469502 -0.204631001 -0.00852000341
v  -0.020645991 -0.204631001 -0.00852000341
v  -0.0238909908 -0.206409007 -0.0042359787
v  -0.02392097 -0.208505005 -0.00798201002
v  -0.0237379912 -0.208533004 -0.00855397806
v  -0.0235939808 -0.208352998 -0.00876199827
v  -0.0238559414 -0.208589002 -0.00827198848
v  -0.0228519607 -0.208866999 -0.00823998079
v  -0.0227219611 -0.210521907 -0.00987701491
v  -0.0227149911 -0.208695993 -0.00843798742
v  -0.0229639616 -0.208920002 -0.0079719983
v  -0.0230300017 -0.208853006 -0.00769400271
v  -0.0237779804 -0.210429996 -0.00683498057
v  -0.0230030008 -0.206842005 -0.00409602653
v  -0.02386095 -0.206267998 -0.00397699559
v  -0.0229299814 -0.206518993 -0.00350403367
v  -0.0238569602 -0.208599001 -0.00350099383
v  -0.023900941 -0.209079996 -0.00439297687
v  -0.0233849511 -0.207004994 -0.000492031802
v  -0.0222980008 -0.204928905 -0.000492031453
v  -0.0231699515 -0.204437003 -0.000502998359
v  -0.0231319815 -0.204365999 -0.000200982322
v  -0.0222609807 -0.204859003 -0.000200982438
v  -0.0231699515 -0.204437003 9.99666518e-05
v  -0.0229289699 -0.206520006 0.00309890811
v  -0.0222980008 -0.204928905 8.99665756e-05
v  -0.0238619614 -0.206267998 0.00357294432
v  -0.0221500006 -0.203167006 0.00357395783
v  -0.0214659814 -0.204157993 0.00843996182
v  -0.0201319605 -0.203861997 0.0107989348
v  -0.0197339803 -0.203202993 0.0107989348
v  -0.0184209514 -0.198500007 0.00724190986
v  -0.0190239716 -0.198119894 0.00357491267
v  -0.0238919407 -0.206410006 0.0038319265
v  -0.0180449709 -0.198146001 0.00720590865
v  -0.0186490007 -0.197764903 0.00354391872
v  -0.0190260001 -0.198119 0.00356096565
v  -0.0192280002 -0.19799 -0.000191980274
v  -0.0188489705 -0.197638005 -0.000191980274
v  -0.0183439404 -0.197522894 -0.000191980158
v  -0.0186479911 -0.197763994 -0.00394498697
v  -0.0190249905 -0.198118001 -0.00396102015
v  -0.0181449801 -0.197648004 -0.00389903225
v  -0.0181460008 -0.197648004 0.00349891675
v  -0.0178489909 -0.197676003 -0.000191980274
v  -0.0176539607 -0.197798997 0.00343692792
v  -0.0159780011 -0.198853999 0.0103319325
v  -0.0170729905 -0.198164895 0.00697792089
v  -0.00897397846 -0.203256994 0.0165509563
v  -0.0175499506 -0.198023006 0.00710994471
v  -0.0164229516 -0.198732004 0.0105659422
v  -0.0168919712 -0.198869005 0.0107369479
v  -0.0164209809 -0.198732004 0.0105649289
v  -0.0172589608 -0.19923 0.0107989348
v  -0.0168989506 -0.198873907 0.0107389148
v  -0.0137769803 -0.200809002 0.0150369368
v  -0.0140329795 -0.201208994 0.0152119379
v  -0.00938495249 -0.203518003 0.0173519254
v  -0.0134009896 -0.200624004 0.0147399269
v  -0.0141029498 -0.201167002 0.0151519179
v  -0.0170639902 -0.205567002 0.0151859466
v  -0.0096579995 -0.203871995 0.0175119657
v  -0.0129439402 -0.208535999 0.0179549456
v  -0.00960595999 -0.203904003 0.017527936
v  -0.0190179516 -0.208792001 0.015067935
v  -0.0183949713 -0.207562998 0.0150719266
v  -0.0160509516 -0.213467002 0.0177909136
v  -0.00805094093 -0.211465001 0.0191489458
v  -0.0109889703 -0.216315001 0.0192979537
v  -0.0202089716 -0.205884904 0.0104519166
v  -0.0202499814 -0.205818996 0.0103189386
v  -0.0181129817 -0.207047001 0.0150689464
v  -0.0203059502 -0.205779001 0.0101819672
v  -0.0210209712 -0.205394998 0.0107979216
v  -0.0201319605 -0.204795003 0.00947595015
v  -0.0204619914 -0.205800995 0.00992691889
v  -0.0210879613 -0.205342993 0.0106349625
v  -0.0212529507 -0.205363005 0.0103609599
v  -0.0206469502 -0.205948994 0.00973695889
v  -0.0214449912 -0.205512002 0.0101579465
v  -0.0216189809 -0.205757007 0.0100779571
v  -0.0224779416 -0.209976003 0.00966191478
v  -0.0233369712 -0.209692001 0.0100779571
v  -0.0222959705 -0.207927004 0.0107979216
v  -0.0208170004 -0.206190005 0.0096639432
v  -0.0227249414 -0.210522994 0.00947195478
v  -0.0207379609 -0.206060007 0.00968093053
v  -0.0226769615 -0.216765895 0.00952291675
v  -0.0230219513 -0.213205904 0.00967395492
v  -0.0234979615 -0.211518005 0.00807792228
v  -0.0226239711 -0.212769002 0.0104599632
v  -0.0224060006 -0.210558996 0.0101409592
v  -0.0227259602 -0.212713003 0.0102469362
v  -0.0224809814 -0.210426003 0.0099239368
v  -0.0225900002 -0.208452001 0.00810992997
v  -0.0227159411 -0.208698004 0.00803494826
v  -0.0230259504 -0.208845004 0.00729495613
v  -0.0237789918 -0.210430995 0.00643092627
v  -0.0229649711 -0.208921 0.00756794494
v  -0.0228289515 -0.212722003 0.0100369491
v  -0.0229239613 -0.212817997 0.00984895602
v  -0.0229959711 -0.212991998 0.00971496291
v  -0.0228529815 -0.208867997 0.00783592835
v  -0.0230159909 -0.213095993 0.00967991725
v  -0.022512991 -0.210299999 0.009787919
v  -0.0235029608 -0.211355999 0.00798195787
v  -0.0235309806 -0.211239904 0.00783795305
v  -0.0225119814 -0.210139006 0.00969392434
v  -0.02446099 -0.211058006 0.00815296452
v  -0.0230019912 -0.206843004 0.00369191519
v  -0.0238999911 -0.209080905 0.00398791209
v  -0.0248309616 -0.208758995 0.00414091721
v  -0.0256939717 -0.211510003 0.00272494834
v  -0.0244449601 -0.211531907 0.00843894761
v  -0.0244289804 -0.211358994 0.00840395968
v  -0.0244329814 -0.211184993 0.00830394402
v  -0.0256119613 -0.214476004 0.00387794012
v  -0.0257999506 -0.213823006 0.00272494811
v  -0.0259319711 -0.212312907 9.89653636e-05
v  -0.0259279814 -0.212233007 -0.000203009578
v  -0.0242879614 -0.206576005 9.89662949e-05
v  -0.0247369613 -0.207980007 0.00272494904
v  -0.0256939717 -0.211509004 -0.00312900171
v  -0.0238569602 -0.208599001 0.00309592788
v  -0.0233849511 -0.207004994 8.99662846e-05
v  -0.0233530011 -0.206936002 -0.000201995834
v  -0.0242550001 -0.206504002 -0.000201995717
v  -0.0242879614 -0.206576005 -0.000502998708
v  -0.0247369613 -0.207978994 -0.00312900124
v  -0.0248299409 -0.208758995 -0.004545982
v  -0.0244599804 -0.211057007 -0.00855803117
v  -0.0235289503 -0.211236998 -0.0082440339
v  -0.0244319607 -0.211183995 -0.00870900974
v  -0.0244279709 -0.211356893 -0.00880902633
v  -0.0244439412 -0.21153 -0.00884401426
v  -0.0235119611 -0.211696997 -0.0085160099
v  -0.0234959908 -0.211515993 -0.00848203525
v  -0.0244480018 -0.211554006 -0.00884401426
v  -0.0256119613 -0.214475006 -0.00428300817
v  -0.0226729717 -0.216765001 -0.00992899574
v  -0.0235019512 -0.211355001 -0.00838601217
v  -0.0230300017 -0.213204995 -0.0100719854
v  -0.0236679502 -0.217392996 -0.00580203254
v  -0.023968 -0.216943994 -0.00491499621
v  -0.0234639812 -0.216312006 -0.0079269968
v  -0.0233919807 -0.215766996 -0.00854402594
v  -0.0233659912 -0.215990007 -0.00848799571
v  -0.0224849805 -0.217182904 -0.0101169851
v  -0.0226029903 -0.216756895 -0.0101089962
v  -0.0223779902 -0.217435002 -0.0101939961
v  -0.021716971 -0.219361007 -0.00996398553
v  -0.0211569909 -0.219754905 -0.0108960159
v  -0.0233699903 -0.216172904 -0.00835001096
v  -0.0234049708 -0.216285005 -0.00815099292
v  -0.0243239608 -0.216195002 -0.00879299268
v  -0.024325991 -0.216392905 -0.00864702091
v  -0.0243609715 -0.216516003 -0.00843798928
v  -0.0243549515 -0.215958998 -0.00884401612
v  -0.0244999714 -0.216483995 -0.00798201188
v  -0.0244219508 -0.216545895 -0.00820397958
v  -0.0245979615 -0.214378998 -0.00413900288
v  -0.0235370006 -0.216250002 -0.00772303017
v  -0.0247119814 -0.214036003 -0.00350403506
v  -0.0243609715 -0.216218993 -0.00351100834
v  -0.0248509813 -0.214592904 -0.00049399992
v  -0.0258739814 -0.214721993 -0.000504013966
v  -0.0252709612 -0.216634005 -0.00393002946
v  -0.0229169913 -0.221788004 -0.00393003039
v  -0.02461298 -0.217714995 -0.00599002559
v  -0.0220009908 -0.220167905 -0.0112029873
v  -0.0216089711 -0.220901996 -0.0112029873
v  -0.0219840016 -0.220180005 -0.0112299863
v  -0.0191149916 -0.221425995 -0.014869025
v  -0.0180079509 -0.221580997 -0.0159600265
v  -0.0192059502 -0.223065004 -0.013208976
v  -0.0188739505 -0.220167905 -0.0158250257
v  -0.0184069499 -0.218571007 -0.0167410262
v  -0.0135029703 -0.221429005 -0.0187489968
v  -0.0158509817 -0.225437894 -0.0151070282
v  -0.0171139408 -0.224517003 -0.0124329869
v  -0.0177600011 -0.225135997 -0.0127100255
v  -0.0146589503 -0.225336999 -0.0163649879
v  -0.0147259403 -0.225348994 -0.0162990075
v  -0.0165480003 -0.225666001 -0.0110229757
v  -0.018695971 -0.223838001 -0.010022996
v  -0.0138079701 -0.226444006 -0.0153450277
v  -0.0188219715 -0.224748999 -0.0112029873
v  -0.0203009415 -0.223988995 -0.0088450294
v  -0.0190069918 -0.224539906 -0.0112029873
v  -0.0214099512 -0.221246004 -0.0112029873
v  -0.0195929613 -0.225888997 -0.00393003086
v  -0.0194309503 -0.226008996 -0.00426500896
v  -0.0174609609 -0.227173001 -0.00798302889
v  -0.0177009907 -0.226730004 -0.0088450294
v  -0.0195519514 -0.223372906 -0.00862401538
v  -0.0170330014 -0.226014003 -0.00864201784
v  -0.0174989905 -0.226936907 -0.00876599364
v  -0.0173629709 -0.227191001 -0.0082650166
v  -0.0168019701 -0.226440996 -0.00780701498
v  -0.0167099405 -0.226456001 -0.00808000378
v  -0.0173749514 -0.227107003 -0.00855201483
v  -0.0167209711 -0.226374 -0.00835901499
v  -0.0148209501 -0.227477998 -0.0100530367
v  -0.0143099595 -0.228247002 -0.00865202956
v  -0.00963499025 -0.230737001 -0.0100530367
v  -0.0122819701 -0.229201004 -0.0102469865
v  -0.0147889396 -0.227445006 -0.0102410279
v  -0.0163779408 -0.226114005 -0.0102299973
v  -0.0168409515 -0.226209894 -0.0085670352
v  -0.0145469503 -0.228091002 -0.00857698917
v  -0.0147349397 -0.227999002 -0.0083740335
v  -0.0151689807 -0.227835998 -0.00762903644
v  -0.0151329795 -0.228878006 -0.00876802206
v  -0.0148909902 -0.229038 -0.0088450294
v  -0.0129889399 -0.230325893 -0.0088450294
v  -0.0133719603 -0.230936006 -0.00310003664
v  -0.0153289596 -0.228781 -0.00855898671
v  -0.0175369605 -0.227732003 -0.00455301907
v  -0.0168879814 -0.226976007 -0.00445699599
v  -0.0173599906 -0.226671904 -0.00350898365
v  -0.0182579905 -0.227254003 -0.00310003618
v  -0.0187219605 -0.225569993 -0.000497995876
v  -0.0194259509 -0.226281002 -0.000505028991
v  -0.0187799502 -0.225513905 -0.00020301179
v  -0.0194259509 -0.226281002 9.79631441e-05
v  -0.0194839407 -0.226225004 -0.000203011907
v  -0.0203320011 -0.223862007 9.096344e-05
v  -0.0187219605 -0.225569993 9.09632072e-05
v  -0.0203259811 -0.223868996 -0.00049203448
v  -0.0190429911 -0.225068003 0.00309795234
v  -0.0210770015 -0.224519998 9.79634351e-05
v  -0.0211299807 -0.224460006 -0.000203011557
v  -0.0203759912 -0.223812893 -0.000203011441
v  -0.0190409608 -0.225068003 -0.00350600388
v  -0.0210770015 -0.224519998 -0.000505028642
v  -0.0187250003 -0.225307003 -0.00417202571
v  -0.0195939709 -0.225888997 0.00352293323
v  -0.0229179412 -0.221789002 0.00352394697
v  -0.02461298 -0.217715994 0.00558394333
v  -0.0252719708 -0.216634005 0.00352394767
v  -0.0258739814 -0.214721993 9.79650067e-05
v  -0.0203019604 -0.223989993 0.00843793247
v  -0.0190069918 -0.224544004 0.0107969064
v  -0.0214109607 -0.221248001 0.0107969064
v  -0.0216109902 -0.220901996 0.0107969064
v  -0.0220020004 -0.220170006 0.0107969064
v  -0.0217199512 -0.219363004 0.009556951
v  -0.0219849516 -0.220182002 0.0108239073
v  -0.0211549606 -0.219756007 0.0104889292
v  -0.0191149916 -0.221430004 0.0144649129
v  -0.0192059502 -0.223067895 0.0128049236
v  -0.0180099811 -0.221585006 0.0155539438
v  -0.01887496 -0.220172003 0.0154209137
v  -0.0184069499 -0.218573004 0.0163379237
v  -0.0135009503 -0.221432 0.0183449332
v  -0.0158509817 -0.225440994 0.0147019643
v  -0.0203359909 -0.215247005 0.0151829142
v  -0.0222310014 -0.215295002 0.0130319539
v  -0.0190359503 -0.219864994 0.0153959338
v  -0.0203320011 -0.213352993 0.0151169263
v  -0.0222449508 -0.217604905 0.00998896547
v  -0.0227219611 -0.218245998 0.0110349637
v  -0.0228709802 -0.218128994 0.0107969064
v  -0.0233929902 -0.217455998 0.0100769419
v  -0.0231399704 -0.217903003 0.0103489179
v  -0.0236289706 -0.213602006 0.0107979197
v  -0.0232309904 -0.217801005 0.0102109332
v  -0.02233495 -0.217509001 0.00984496064
v  -0.0233209915 -0.217645004 0.0101129431
v  -0.02241995 -0.217362002 0.00974893756
v  -0.02248694 -0.217184007 0.00971192308
v  -0.0226059705 -0.216757998 0.00970393606
v  -0.0239559617 -0.213179007 0.0100769419
v  -0.02392097 -0.212937996 0.0101299323
v  -0.0236289706 -0.212631002 0.0106979627
v  -0.0238420013 -0.212749004 0.0102739371
v  -0.0237390008 -0.212642998 0.010474924
v  -0.0235399809 -0.212702006 0.010884935
v  -0.0235809907 -0.212658003 0.0107979197
v  -0.0219210014 -0.214309007 0.0135029554
v  -0.0212739911 -0.212686002 0.0141129456
v  -0.0200879816 -0.210346907 0.0147019662
v  -0.0231909901 -0.210457996 0.0107979197
v  -0.0233459715 -0.210172996 0.0103499331
v  -0.0233800001 -0.210052997 0.0102119483
v  -0.0233789906 -0.209882006 0.0101119298
v  -0.0191079602 -0.208689004 0.0149579663
v  -0.0209969506 -0.205446005 0.0108859558
v  -0.0171139408 -0.224518001 0.0120259542
v  -0.0177609511 -0.225139007 0.0123029333
v  -0.0146599598 -0.225341007 0.0159579441
v  -0.0147249904 -0.225352004 0.0158959627
v  -0.0138100004 -0.226447001 0.0149379335
v  -0.0135989999 -0.226232007 0.0160269123
v  -0.00872298423 -0.223526999 0.0189819317
v  -0.0131419497 -0.226585999 0.0160459224
v  -0.00872197095 -0.223525003 0.0189829431
v  -0.00476398412 -0.226926997 0.0183429029
v  -0.0101629701 -0.225816995 0.0179529116
v  -0.0113639403 -0.227727994 0.016154943
v  -0.0095529696 -0.228838995 0.016046932
v  -0.0113649601 -0.227728993 0.0161539223
v  -0.0136009604 -0.226701006 0.015570933
v  -0.0148429498 -0.226818994 0.0141279027
v  -0.0165469814 -0.225665003 0.0106229205
v  -0.0172099713 -0.226366907 0.0108839236
v  -0.0144829899 -0.228661999 0.0107969046
v  -0.0127089797 -0.229865998 0.0107969046
v  -0.0170330014 -0.226831004 0.0100769401
v  -0.0128009496 -0.230026007 0.0100759268
v  -0.0173229817 -0.226358995 0.0106329322
v  -0.0172629505 -0.226352006 0.0107969046
v  -0.0147909699 -0.227447003 0.00983595848
v  -0.0122839995 -0.229203001 0.00983995199
v  -0.00961996987 -0.230695993 0.00983595848
v  -0.00808497611 -0.232453004 0.0100769382
v  -0.0108519997 -0.230943993 0.0107959509
v  -0.0127029596 -0.229870006 0.0107969046
v  -0.00758995861 -0.232410997 0.0108849313
v  -0.0090279812 -0.230467007 0.0141379219
v  -0.00753398985 -0.232509002 0.0106329303
v  -0.00755395833 -0.232452005 0.0107969046
v  -0.00718995184 -0.231609002 0.0103609543
v  -0.00725098792 -0.231507003 0.0106189251
v  -0.00467398111 -0.232653007 0.00961691141
v  -0.00761296693 -0.232561007 0.0103559494
v  -0.00726499502 -0.231658906 0.0100949407
v  -0.00596698374 -0.231519893 0.0120269619
v  -0.0077219829 -0.231553003 0.00982790999
v  -0.00758995861 -0.231602997 0.0098439455
v  -0.00963594019 -0.230739996 0.00964695215
v  -0.0054369797 -0.233162001 0.0107969046
v  -0.00411596196 -0.234163001 0.00843793061
v  -0.0038859481 -0.233220905 0.00821792986
v  -0.00734897796 -0.232099995 0.0082359314
v  -0.00746294204 -0.231637999 0.00989693217
v  -0.00760998577 -0.232012004 0.00815993547
v  -0.00780996028 -0.231974006 0.00795292854
v  -0.00788798183 -0.231999904 0.00767290546
v  -0.00783398096 -0.232077003 0.00739991618
v  -0.0148239899 -0.227480993 0.00964695215
v  -0.01431097 -0.228248999 0.0082449317
v  -0.0098059997 -0.231205001 0.00723791029
v  -0.0101340003 -0.230891004 0.00796693563
v  -0.0105429497 -0.230616003 0.0082449317
v  -0.0102989897 -0.230762005 0.00816994812
v  -0.0129909702 -0.230327994 0.00843793154
v  -0.0110029802 -0.231481999 0.00843793154
v  -0.0148919402 -0.229038998 0.00843793154
v  -0.0133719603 -0.230936006 0.00269293739
v  -0.00867798179 -0.233299002 0.00414490607
v  -0.00793495122 -0.233740002 0.00269293692
v  -0.0105819898 -0.231766 0.00815194845
v  -0.0153299803 -0.228782997 0.00815194845
v  -0.0175379701 -0.227732003 0.004144907
v  -0.00655194372 -0.234369904 9.79618053e-05
v  -0.0182579905 -0.227254003 0.00269293785
v  -0.0107539501 -0.231630996 0.00836092234
v  -0.0151699996 -0.227836996 0.00722193671
v  -0.016888991 -0.226977006 0.0040499568
v  -0.0173609406 -0.226671904 0.00310194492
v  -0.0187259503 -0.225308001 0.00376492809
v  -0.0174619704 -0.227174893 0.00757592916
v  -0.016805971 -0.226439998 0.00740194321
v  -0.019431971 -0.226009995 0.00385892414
v  -0.0173639804 -0.227192894 0.00785791874
v  -0.0173759609 -0.227108002 0.0081449151
v  -0.0177019406 -0.226732001 0.00843793154
v  -0.0174999405 -0.226938993 0.00835895631
v  -0.0170339514 -0.226016 0.00823593233
v  -0.019552961 -0.223374993 0.00821793173
v  -0.0168419704 -0.226211995 0.00816094875
v  -0.0167219806 -0.226374999 0.00795292854
v  -0.0167119708 -0.226456001 0.0076739192
v  -0.0186969806 -0.223839894 0.00961691327
v  -0.0188240018 -0.224750906 0.0107969064
v  -0.0163799711 -0.226115003 0.00982791185
v  -0.0165679604 -0.225917906 0.00989693403
v  -0.0166619606 -0.225658998 0.0103609562
v  -0.0166740008 -0.225748003 0.0100939292
v  -0.0173349604 -0.226453006 0.0103559494
v  -0.0172249917 -0.226630002 0.0101489425
v  -0.0147359595 -0.228000894 0.00796693563
v  -0.0145479599 -0.228092 0.00817096233
v  -0.0151340002 -0.228880003 0.00836092234
v  -0.00779994577 -0.232678995 0.00310194399
v  -0.00621499913 -0.233428001 9.19619924e-05
v  -0.00827898923 -0.232385904 0.00404995587
v  -0.00562598603 -0.233498007 0.00309890392
v  -0.00597896473 -0.233316004 0.00376492692
v  -0.00820895284 -0.232987896 0.00757592777
v  -0.006304943 -0.234257907 0.00385892275
v  -0.00612594979 -0.234350994 0.00352394488
v  -0.00425197976 -0.235091999 9.79616889e-05
v  -0.00100597006 -0.235563904 0.00352394464
v  -0.00517996494 -0.233235002 0.0107969046
v  -0.00100597006 -0.235562995 -0.00393003225
v  0.00662896596 -0.235170007 9.79616889e-05
v  0.00338998996 -0.235328004 0.00558292773
v  0.00464699324 -0.235452995 0.00352394464
v  5.100001e-05 -0.234036997 0.0107969046
v  -0.00117995602 -0.233970895 0.0107969046
v  0.00670496188 -0.235146001 -0.000203013304
v  0.00630096206 -0.234193996 8.89618532e-05
v  0.00662896596 -0.235170007 -0.000504017342
v  0.00462797889 -0.234455004 0.00310391071
v  0.00832799729 -0.233302996 -0.000492990133
v  0.00832799729 -0.233302996 8.89619696e-05
v  0.00636694394 -0.234173998 -0.000203013187
v  0.00674495706 -0.233826905 0.00309795071
v  0.00740698585 -0.234715 0.00272494461
v  0.00673697004 -0.234827906 0.00387894968
v  0.00638595829 -0.233872995 0.00373494579
v  0.00382498512 -0.234415993 0.00447493698
v  0.00423995312 -0.233725995 0.00731694559
v  0.00444695912 -0.234695002 0.00757694198
v  0.00435796985 -0.234650999 0.007797956
v  0.00415394315 -0.233687893 0.00752091268
v  0.00342497788 -0.233169004 0.00952195935
v  0.00415197574 -0.233622998 0.00774490787
v  0.00423798617 -0.233542994 0.00794392824
v  0.00445196591 -0.234498993 0.00823992398
v  0.00435796985 -0.234583005 0.00803094916
v  0.00485697994 -0.234338 0.00843894389
v  0.00462899217 -0.234412 0.00838595629
v  0.00886497553 -0.232518002 0.00843894482
v  0.00461099111 -0.233389005 0.00813794136
v  0.00439999113 -0.233460993 0.00808292627
v  0.00833198987 -0.231738001 0.00810992625
v  0.00889495574 -0.232497007 0.00843894482
v  0.00931594428 -0.232317001 0.00815391541
v  0.0090330001 -0.232416004 0.00840395689
v  0.00945595466 -0.233613998 0.00272494485
v  0.0115479501 -0.231656998 0.00413393928
v  0.0088259941 -0.234180003 9.89618129e-05
v  0.0122149903 -0.231231004 0.00272494508
v  0.00945595466 -0.233612999 -0.00312900543
v  0.0132959802 -0.230205998 9.89624532e-05
v  0.00889596902 -0.234142005 -0.000202000258
v  0.0083909994 -0.233269006 -0.000202000025
v  0.0112730004 -0.230707005 0.00309491158
v  0.0125179598 -0.229579002 8.99625593e-05
v  0.0127589405 -0.228956893 0.00309890462
v  0.0139239701 -0.227691993 8.99629085e-05
v  0.01256797 -0.229518995 -0.000201999443
v  0.0139239701 -0.227691993 -0.000492035178
v  0.0139689799 -0.227630004 -0.00020199921
v  0.0147429397 -0.228266999 9.99627518e-05
v  0.0147899697 -0.228202 -0.00020199921
v  0.0154359704 -0.226809993 -0.00397598604
v  0.0147429397 -0.228266999 -0.0005030022
v  0.0127599603 -0.228956893 -0.00350302318
v  0.0133899804 -0.229688004 -0.00397699932
v  0.0132750003 -0.229775995 -0.00423598243
v  0.0125009697 -0.229163006 -0.0040969844
v  0.0115659498 -0.230122 -0.00884300284
v  0.0113839805 -0.230726004 -0.00798100047
v  0.0142599698 -0.226603001 -0.00884300284
v  0.0106939999 -0.230065003 -0.0076940055
v  0.00907096919 -0.230498001 -0.00987499766
v  0.00961998664 -0.231426999 -0.0067589879
v  0.0105959503 -0.230042905 -0.00797301345
v  0.0105969599 -0.229917005 -0.00824302249
v  0.0112799704 -0.230703995 -0.0082740169
v  0.0106939999 -0.229717001 -0.00844001584
v  0.0112809902 -0.230571002 -0.00855600648
v  0.0113839805 -0.230361 -0.00876301341
v  0.0108669698 -0.229489997 -0.00851499848
v  0.0131059596 -0.225676 -0.00987803563
v  0.0134759899 -0.226071998 -0.00852101855
v  0.0135509698 -0.225868896 -0.0112010166
v  0.0134799797 -0.226073995 -0.00852203183
v  0.0134779504 -0.226072997 -0.00852101855
v  0.0134839704 -0.226077005 -0.0085229855
v  0.0134770004 -0.226071998 -0.00852000713
v  0.0134770004 -0.226071998 -0.00852101855
v  0.0134770004 -0.226072997 -0.00852101855
v  0.0134909498 -0.226080999 -0.0085260272
v  0.0135049503 -0.226090997 -0.0085319858
v  0.0135319503 -0.226109996 -0.00854301266
v  0.0135879805 -0.226147994 -0.00856602192
v  0.0136999805 -0.226224005 -0.00861203484
v  0.0138119804 -0.226300001 -0.00865799189
v  0.0139239701 -0.226375893 -0.00870501995
v  0.01403597 -0.226451904 -0.00875103287
v  0.0141479699 -0.226527005 -0.00879698992
v  0.0120900003 -0.224637002 -0.0126970354
v  0.0127050001 -0.225051001 -0.0130799972
v  0.0139369704 -0.22529 -0.0112010166
v  0.0143649904 -0.224636003 -0.0112010166
v  0.0180329997 -0.221414998 -0.00764298206
v  0.0110769598 -0.223253995 -0.0155889969
v  0.0137599399 -0.218678996 -0.0155529864
v  0.016871959 -0.220682994 -0.0112010166
v  0.0170369484 -0.220204994 -0.0111380164
v  0.0139419697 -0.218228906 -0.0154380165
v  0.0136909802 -0.218632907 -0.0156140253
v  0.0093949791 -0.215845004 -0.017913036
v  0.00959698018 -0.215445906 -0.0177529957
v  0.0139449602 -0.217810005 -0.0151410066
v  0.00934294518 -0.215810999 -0.0179290064
v  0.00489298115 -0.212454006 -0.0186719857
v  0.00969097577 -0.215121999 -0.0174019858
v  0.00502399215 -0.212179005 -0.0183170363
v  0.0137669798 -0.217548996 -0.0147510059
v  0.00965294801 -0.214963004 -0.0169520359
v  0.0166559499 -0.219365999 -0.0107340161
v  0.0180859882 -0.220422998 -0.00751101738
v  0.0177509487 -0.220054999 -0.00737899216
v  0.0169579685 -0.219712004 -0.0109649859
v  0.0169589799 -0.219714001 -0.0109659955
v  0.0170379598 -0.220195994 -0.0111359861
v  0.0181889795 -0.220921904 -0.00760698179
v  0.0187939685 -0.221302003 -0.00394499069
v  0.0186369698 -0.221793994 -0.00397598557
v  0.0186369698 -0.221793994 0.00357490894
v  0.0154359704 -0.226811007 0.00357395387
v  0.0188419484 -0.221921995 -0.000209031277
v  0.0186389983 -0.221794993 -0.00396197848
v  0.0189939495 -0.221428007 -0.000209031161
v  0.0188789684 -0.220923007 -0.000209031045
v  0.0186379887 -0.221794993 0.00356096192
v  0.0186809599 -0.220798001 -0.00389998872
v  0.0180329997 -0.221416995 0.0072389259
v  0.0168709494 -0.220685005 0.0107989311
v  0.0143609997 -0.224640995 0.0107989311
v  0.0139359497 -0.225291997 0.0107989311
v  0.0127039896 -0.225052997 0.0126769543
v  0.0120839803 -0.224635005 0.0122979227
v  0.0135499602 -0.225870997 0.0107989311
v  0.0102019673 -0.224839002 0.0150679331
v  0.0131069701 -0.225678995 0.00947493315
v  0.0122920005 -0.226269007 0.0101809502
v  0.0121499598 -0.226236895 0.0104469061
v  0.00914899074 -0.226454005 0.0149569418
v  0.0129479505 -0.226744995 0.0107979178
v  0.0128909703 -0.226745993 0.010885952
v  0.0130239399 -0.226784006 0.0106329322
v  0.0112149399 -0.228997007 0.0107979178
v  0.0100559955 -0.230719 0.0100779533
v  0.00930497609 -0.230915993 0.0107979178
v  0.0128800003 -0.227443904 0.0100779533
v  0.00807896908 -0.228056997 0.0147009436
v  0.0121439397 -0.226906002 0.00966393948
v  0.0130249597 -0.227179006 0.0101579428
v  0.00943998154 -0.230055004 0.00966191292
v  0.0130769899 -0.226941004 0.0103599429
v  0.0123389699 -0.22642 0.00992691517
v  0.0122859804 -0.226650998 0.00973790884
v  0.00907096919 -0.230500907 0.00947093964
v  0.00929698907 -0.230166003 0.00969290733
v  0.00915399846 -0.230235904 0.00978595018
v  0.00975296553 -0.230912 0.010209918
v  0.00990495738 -0.230837002 0.0101109147
v  0.00962696131 -0.230933994 0.0103499293
v  0.00891295727 -0.230248004 0.0100939274
v  0.00903395377 -0.230252996 0.00992393494
v  0.00696799811 -0.231416002 0.0104539394
v  0.00647894107 -0.230145007 0.0141089521
v  0.00546196708 -0.229585007 0.0151169226
v  0.00743994722 -0.232192904 0.0108849313
v  0.00707898103 -0.231463999 0.0102489591
v  0.00529596815 -0.231432006 0.0134969335
v  0.00375798903 -0.230406895 0.0151829123
v  -6.20000064e-05 -0.230106995 0.0163359623
v  0.004547989 -0.232132003 0.0130299311
v  0.00667796098 -0.232657 0.010797916
v  0.00226197205 -0.233936995 0.0107969046
v  -0.00096597604 -0.231234998 0.0153919421
v  0.00209698686 -0.233855993 0.0110269114
v  0.00246295892 -0.233145997 0.0099889636
v  0.00258794986 -0.233184904 0.00984591246
v  0.00258097611 -0.234081998 0.0103489142
v  5.89999836e-05 -0.233095005 0.0104869604
v  0.0027129408 -0.234118894 0.0102109313
v  0.00289199315 -0.234132007 0.0101129413
v  0.0027569891 -0.233198002 0.0097489357
v  0.00294599496 -0.233179003 0.00971895456
v  0.00339994393 -0.233099893 0.00970691442
v  0.00309399376 -0.234116003 0.0100769382
v  0.00718996488 -0.232774004 0.0100769382
v  0.00676295813 -0.231955007 0.00966793112
v  0.00739297923 -0.232638001 0.01013094
v  0.00754198991 -0.232242003 0.0106989145
v  0.0075289961 -0.232484907 0.0102749467
v  0.00694397697 -0.231829002 0.00971495919
v  0.00706998119 -0.231687993 0.00984990411
v  0.00711599598 -0.231560007 0.0100389123
v  0.00757995807 -0.232345894 0.0104759336
v  0.00749794208 -0.232210904 0.010797916
v  0.000657999946 -0.233434007 0.009555934
v  -0.00130095403 -0.231222004 0.0154179335
v  -0.00233396189 -0.231986895 0.0144569222
v  -0.00294294301 -0.231055006 0.0155519228
v  3.49999755e-05 -0.234026998 0.0108219385
v  0.00327095995 -0.234338 0.00539594796
v  -0.000773989013 -0.234001905 0.0107969046
v  -0.00376494974 -0.232774004 0.012802951
v  -0.0062449798 -0.232372895 0.0123049524
v  -0.00734194368 -0.230792001 0.0146919433
v  -0.00775595754 -0.229720995 0.015904963
v  -0.00777097791 -0.229666993 0.015958963
v  -0.00914295763 -0.229375005 0.0149509236
v  -0.00904198829 -0.229094997 0.0160279218
v  -0.00945594162 -0.229310006 0.015563963
v  0.0106929904 -0.230066001 0.00728994561
v  0.00961998664 -0.231427997 0.00635492709
v  0.0105950003 -0.230045006 0.00756895589
v  0.00875297841 -0.231555 0.00783795025
v  0.00863597449 -0.231580004 0.00798195507
v  0.0106929904 -0.229718998 0.00803595781
v  0.0108659603 -0.229491994 0.00811290741
v  0.0105959503 -0.229919001 0.00783890486
v  0.00848797616 -0.231644005 0.00807791948
v  0.01138297 -0.230727002 0.00757795526
v  0.0112789599 -0.230704993 0.00786995888
v  0.0112799704 -0.230572894 0.00815194845
v  0.0113819605 -0.230362996 0.00835895538
v  0.0115649402 -0.230122998 0.00843995716
v  0.0132750003 -0.229776993 0.00383293652
v  0.01425895 -0.226604894 0.0084399581
v  0.0134759899 -0.226073995 0.00811696053
v  0.0133899804 -0.229689002 0.00357395341
v  0.0124989497 -0.229163006 0.00369292474
v  0.0108559402 -0.230958 0.00398093415
v  0.00919095334 -0.232345894 0.0083039403
v  0.00661597215 -0.220827907 -0.0183579866
v  0.00185594591 -0.217686996 -0.0195519868
v  0.00469294796 -0.212828904 -0.0188490059
v  0.00901696738 -0.226413995 -0.0154719874
v  0.00351998815 -0.225765005 -0.0181950275
v  0.00985494815 -0.225319996 -0.0154750273
v  -0.00123997801 -0.222437993 -0.0197020061
v  0.00546494685 -0.229581997 -0.015520988
v  0.00808099471 -0.228051007 -0.0151060186
v  -6.1000057e-05 -0.230102003 -0.0167429969
v  0.00914994534 -0.226450995 -0.0153610073
v  0.00375995599 -0.230403006 -0.0155879781
v  -0.00476296991 -0.226919994 -0.0187500082
v  -0.00293996185 -0.231051996 -0.0159580074
v  -0.00129994098 -0.231217995 -0.0158259775
v  0.00455097016 -0.232127994 -0.013437029
v  -0.000953995041 -0.231229007 -0.0158010069
v  0.00698599825 -0.231407896 -0.0108529869
v  0.00529698096 -0.231428996 -0.0139030181
v  0.00744197425 -0.232190996 -0.0112900082
v  0.00668195495 -0.232654005 -0.011202028
v  0.00309494697 -0.234114006 -0.0104830191
v  0.0022629858 -0.233934 -0.0112029891
v  0.00749895629 -0.232208997 -0.011202028
v  0.0071919919 -0.232771903 -0.0104820076
v  0.00754699716 -0.232243001 -0.0110940281
v  0.00708494196 -0.231468007 -0.0106450282
v  0.00711796293 -0.231563002 -0.010437008
v  0.00758097228 -0.232347995 -0.0108740274
v  0.00752798328 -0.232485995 -0.0106760189
v  0.00706896791 -0.231690004 -0.0102509782
v  0.00739196502 -0.232637003 -0.0105339885
v  0.00694296416 -0.231828004 -0.0101190191
v  0.00675997697 -0.231948003 -0.0100710373
v  0.00342396507 -0.233164996 -0.00992798805
v  0.00339994393 -0.233100995 -0.0101100188
v  0.00848898944 -0.231641993 -0.00848203897
v  6.09999988e-05 -0.233096004 -0.0108939987
v  0.000657999946 -0.233429998 -0.00996302813
v  0.00267395983 -0.233191997 -0.0101950075
v  0.00415495597 -0.233686 -0.00792700052
v  0.00382695207 -0.234414905 -0.00487899827
v  0.00415298901 -0.233621001 -0.0081499815
v  0.00440195808 -0.233460993 -0.00848698616
v  0.00423899898 -0.233541995 -0.00834900141
v  0.00461498508 -0.233399004 -0.00853699446
v  0.00833198987 -0.231735006 -0.00851601362
v  0.00327095995 -0.234336004 -0.00580203533
v  0.00294599496 -0.233184904 -0.0101190191
v  0.00280294381 -0.234127 -0.0105590187
v  0.00258294307 -0.234080002 -0.0107549988
v  0.0024619461 -0.233147994 -0.010385029
v  0.00209794007 -0.233853906 -0.0114340186
v  0.00338998996 -0.235327005 -0.0059890151
v  0.00464699324 -0.235452995 -0.00393003225
v  5.29999961e-05 -0.234035 -0.0112029891
v  3.69999616e-05 -0.234026 -0.011227008
v  -0.00077094906 -0.233999997 -0.0112029891
v  -0.00233294908 -0.231981903 -0.0148650371
v  -0.00376494974 -0.232770994 -0.0132110082
v  -0.00117894309 -0.233969003 -0.0112029891
v  -0.00518199103 -0.233232006 -0.0112029891
v  -0.00411494914 -0.234161004 -0.00884503126
v  -0.00543596596 -0.233160004 -0.0112029891
v  -0.00467195408 -0.232649997 -0.0100229979
v  -0.00388398115 -0.233219996 -0.00862401724
v  -0.00770499557 -0.233011007 -0.00884503126
v  -0.0082080001 -0.232987002 -0.00798302889
v  -0.006304943 -0.234256998 -0.00426602317
v  -0.00612594979 -0.234349996 -0.00393003225
v  -0.00597896473 -0.233316004 -0.00417202711
v  -0.00562598603 -0.233496994 -0.00350499107
v  -0.00425197976 -0.235091999 -0.000505030388
v  -0.0062159528 -0.233427003 -0.000497997156
v  -0.00779994577 -0.232677907 -0.00350898458
v  -0.003982984 -0.234135002 -0.000496983179
v  -0.00399097102 -0.234133005 8.59618885e-05
v  -0.00614096969 -0.233455002 -0.000203013071
v  -0.00417395681 -0.235113993 -0.000203013304
v  -0.00391896907 -0.234154001 -0.000203013187
v  -0.00655099098 -0.234369904 -0.000505030272
v  -0.0064759478 -0.234398007 -0.000203013187
v  -0.00793495122 -0.233740002 -0.00310003711
v  -0.00867798179 -0.233298004 -0.00455200626
v  -0.0098049799 -0.231204003 -0.00764501048
v  -0.00827898923 -0.232384995 -0.00445598271
v  -0.0105809802 -0.231764004 -0.00855898857
v  -0.00783099979 -0.232077003 -0.00780802919
v  -0.0101329898 -0.230890006 -0.0083740335
v  -0.0102979699 -0.230759993 -0.00857698917
v  -0.0107529899 -0.231628999 -0.00876802206
v  -0.0110019604 -0.231481001 -0.0088450294
v  -0.0105409799 -0.230614007 -0.0086529851
v  -0.00788595621 -0.231998995 -0.00808000565
v  -0.00826694909 -0.232905999 -0.00826501846
v  -0.007808947 -0.231973007 -0.00835901499
v  -0.00818499178 -0.232879907 -0.00855201483
v  -0.00760998577 -0.232010007 -0.0085670352
v  -0.00797899906 -0.232918993 -0.0087659955
v  -0.00734796375 -0.232097998 -0.00864303112
v  -0.00726499502 -0.231656998 -0.010497978
v  -0.00718899909 -0.231609002 -0.0107629877
v  -0.00746294204 -0.231635004 -0.0103019979
v  -0.0077219829 -0.231552005 -0.0102289878
v  -0.00596597092 -0.231519893 -0.0124339983
v  -0.00724496692 -0.231509998 -0.0110229775
v  -0.0080839619 -0.232451007 -0.0104830191
v  -0.00961896032 -0.230692998 -0.0102419779
v  -0.0127989799 -0.230023995 -0.0104830172
v  -0.0144839501 -0.228657007 -0.0112029873
v  -0.0127079701 -0.229864001 -0.0112029873
v  -0.01703199 -0.226829007 -0.0104830172
v  -0.0108529497 -0.230939999 -0.0112029873
v  -0.0127009898 -0.229867905 -0.0112029873
v  -0.00753196422 -0.232509002 -0.0110360384
v  -0.00758799165 -0.232409 -0.0112910178
v  -0.0090279812 -0.230462 -0.0145479981
v  -0.00755294506 -0.232449993 -0.0112029891
v  -0.00761398021 -0.232558995 -0.0107600074
v  -0.00781997293 -0.232537001 -0.0105560385
v  -0.00914099067 -0.229371995 -0.0153580271
v  -0.00945397466 -0.229305997 -0.0159720182
v  -0.0113629904 -0.227724999 -0.0165610276
v  -0.00776799768 -0.229663998 -0.0163649879
v  -0.0095499903 -0.228835896 -0.0164540373
v  -0.0090399608 -0.229091004 -0.0164350178
v  -0.00733997673 -0.230788007 -0.0150999986
v  -0.00775399059 -0.229714006 -0.0163150374
v  -0.00871994346 -0.223520905 -0.0193880182
v  -0.00872095674 -0.223523006 -0.0193869974
v  -0.0109919496 -0.216312006 -0.0197009966
v  -0.00576099101 -0.218814999 -0.020013025
v  -0.0057599768 -0.218812004 -0.020013025
v  -0.00805398077 -0.211463004 -0.019551985
v  -0.00290998118 -0.214275002 -0.0197750255
v  -0.0129459696 -0.208535001 -0.0183570348
v  -0.0096049495 -0.203899994 -0.0179290045
v  -0.00490196794 -0.206796005 -0.0188479945
v  -0.00488897506 -0.206805006 -0.0188500248
v  -0.00290795509 -0.214272007 -0.0197750255
v  -0.000113999995 -0.209830001 -0.0191370137
v  0.000115999981 -0.209464997 -0.0189630333
v  0.00468198117 -0.212822005 -0.0188500267
v  0.000117999996 -0.209460005 -0.0189599935
v  -0.01605298 -0.213465005 -0.0181940161
v  -0.00965495966 -0.203869 -0.0179130342
v  -0.0183840003 -0.207544997 -0.0154750235
v  -0.0190159902 -0.208789006 -0.0154719837
v  -0.0202189907 -0.205878004 -0.0108420141
v  -0.0203129817 -0.205773994 -0.0105770137
v  -0.0191069413 -0.208684996 -0.0153599847
v  -0.0210190006 -0.205393001 -0.0112020243
v  -0.0209959913 -0.205443993 -0.0112889931
v  -0.0204659905 -0.205800995 -0.0103250034
v  -0.0212559905 -0.205363005 -0.010758033
v  -0.0210919604 -0.205339 -0.0110270344
v  -0.0214459505 -0.205512002 -0.0105590131
v  -0.0216179714 -0.205754906 -0.0104820039
v  -0.02247997 -0.209974006 -0.0100560151
v  -0.0233359504 -0.209690005 -0.0104820039
v  -0.0208179504 -0.206186995 -0.0100589935
v  -0.0206479616 -0.205950007 -0.0101380236
v  -0.0222959705 -0.207928002 -0.0112020243
v  -0.0231899805 -0.210455999 -0.0112020243
v  -0.0200879816 -0.210345998 -0.0151050035
v  -0.0212729815 -0.212681994 -0.0145170037
v  -0.0203299709 -0.213349894 -0.0155219957
v  -0.0224099904 -0.210556999 -0.0105420239
v  -0.0226409603 -0.212782994 -0.0108479746
v  -0.0203339607 -0.215243906 -0.0155879762
v  -0.0219199806 -0.214304999 -0.0139070041
v  -0.0235389713 -0.212699994 -0.0112900045
v  -0.0227319803 -0.212708995 -0.0106440149
v  -0.0236279611 -0.213603005 -0.0112029854
v  -0.02222999 -0.215294003 -0.013434995
v  -0.0228699613 -0.218126997 -0.0112029854
v  -0.0227219611 -0.218244001 -0.0114390161
v  -0.0190329701 -0.219865993 -0.0157999955
v  -0.022246981 -0.217605993 -0.0103850253
v  -0.0231389608 -0.217901006 -0.010754995
v  -0.0232779607 -0.217722997 -0.010559015
v  -0.0233919807 -0.217454001 -0.0104830153
v  -0.0239549503 -0.213176996 -0.0104820039
v  -0.0239199605 -0.212937996 -0.0105339848
v  -0.0236319508 -0.212628007 -0.0110930149
v  -0.0238429513 -0.212750003 -0.0106760152
v  -0.0237409715 -0.212642998 -0.0108730141
v  -0.0228319913 -0.212721005 -0.0104359947
v  -0.0229249801 -0.212818995 -0.0102509744
v  -0.0229949504 -0.212991998 -0.0101179946
v  -0.02357997 -0.212656006 -0.0112020243
v  -0.0224859901 -0.210424006 -0.0103170145
v  -0.0233449508 -0.210170999 -0.0107539836
v  -0.0233789906 -0.210044995 -0.0106109846
v  -0.0225119814 -0.210292906 -0.0101870243
v  -0.0233769603 -0.209876001 -0.0105150249
v  -0.0225099511 -0.210134 -0.0100970138
v  -0.0101609398 -0.225813001 -0.018358998
v  -0.00624396699 -0.232371002 -0.0127119981
v  -0.0131399799 -0.226582006 -0.0164530184
v  -0.0113639403 -0.227724999 -0.0165600181
v  -0.0136009604 -0.226697996 -0.015976008
v  -0.0148439603 -0.226815894 -0.014531007
v  -0.0172089506 -0.226364002 -0.0112910178
v  -0.017260991 -0.226349995 -0.0112029873
v  -0.0166619606 -0.225657895 -0.0107639972
v  -0.0173229817 -0.226357907 -0.0110360365
v  -0.0173329916 -0.226453006 -0.0107600074
v  -0.0166729912 -0.225748003 -0.0104979761
v  -0.0172229614 -0.226630002 -0.0105560366
v  -0.0165660009 -0.225916997 -0.0103019979
v  -0.0135969697 -0.226228997 -0.0164329968
v  0.00462797889 -0.234455004 -0.00350999832
v  0.0063869711 -0.233872995 -0.00414001942
v  0.00674495706 -0.233826905 -0.00350403832
v  0.00630197488 -0.234207004 -0.00049102318
v  0.00740698585 -0.234715 -0.00313001825
v  0.00673697004 -0.234826997 -0.00428402424
v  0.0088259941 -0.234180003 -0.000504017225
v  0.00889698323 -0.232495993 -0.0088430047
v  0.00444797287 -0.234693006 -0.00798201561
v  0.00485799322 -0.234336004 -0.00884401798
v  0.00886598788 -0.232516006 -0.00884401798
v  0.00435898313 -0.234582007 -0.00843602419
v  0.00462994631 -0.234410003 -0.00879198313
v  0.00435898313 -0.234650001 -0.00820302963
v  0.00445298012 -0.234496996 -0.00864499807
v  0.00423798617 -0.233733997 -0.00772303296
v  0.00931695662 -0.232315004 -0.0085580349
v  0.00903395377 -0.232414007 -0.00880903006
v  0.00919196568 -0.232344002 -0.00870800018
v  0.00863597449 -0.231579006 -0.00838601589
v  0.00875399075 -0.231553003 -0.00824302435
v  0.0115489699 -0.231656998 -0.00453901291
v  0.01085696 -0.230958 -0.00438600779
v  0.0112739503 -0.230708003 -0.00349998381
v  0.0122149903 -0.231230006 -0.00312900497
v  0.0125179598 -0.229579002 -0.000492035411
v  0.0132969897 -0.230205998 -0.00050300255
v  0.0133479498 -0.230145007 -0.000200986513
v  0.00891694985 -0.230250999 -0.0104920175
v  0.00903794821 -0.230257004 -0.0103170164
v  0.0093059903 -0.230913907 -0.011202028
v  0.00962898694 -0.230931893 -0.0107539874
v  0.00647995528 -0.230141893 -0.0145150367
v  0.00915697776 -0.230233997 -0.010187028
v  0.00975695811 -0.230909005 -0.0106109865
v  0.009906983 -0.230834007 -0.0105150267
v  0.0100579625 -0.230717003 -0.0104820076
v  0.00943998154 -0.230052993 -0.0100650173
v  0.0128809502 -0.227441996 -0.0104820076
v  0.0112179797 -0.228992 -0.011202028
v  0.00929895602 -0.230162993 -0.0100970175
v  0.0121469805 -0.226906002 -0.0100589972
v  0.0122859804 -0.226651996 -0.0101389866
v  0.0130249597 -0.227180004 -0.0105590168
v  0.0123409899 -0.226422995 -0.0103239976
v  0.0122999903 -0.226273 -0.0105749872
v  0.0130779501 -0.226944998 -0.0107570272
v  0.0130289504 -0.226786003 -0.0110250078
v  0.0129489601 -0.226742998 -0.011202028
v  0.0121669499 -0.226229995 -0.0108420178
v  0.0128919799 -0.226743907 -0.0112889968
v  0.0102039929 -0.224834993 -0.0154719874
v  -0.00770595018 -0.233013004 0.00843793061
v  -0.00826694909 -0.232907996 0.00785791874
v  -0.0079799518 -0.232920006 0.00835990813
v  -0.00818594638 -0.232881993 0.00814592838
v  -0.00781997293 -0.232538894 0.0101499539
v  -0.00576397078 -0.218819007 0.0196089149
v  -0.0236679502 -0.217393905 0.00539696356
v  -0.023968 -0.216945007 0.00451094052
v  -0.0235379506 -0.216251999 0.00731694838
v  -0.0245979615 -0.214378998 0.00373292202
v  -0.0234650001 -0.216314003 0.00752192969
v  -0.0243619904 -0.216218993 0.00310391374
v  -0.0244229604 -0.216548994 0.00779795879
v  -0.0234059915 -0.216287002 0.00774491066
v  -0.024500981 -0.216486007 0.00757694477
v  -0.0243619904 -0.216517001 0.00803190656
v  -0.0243559703 -0.215960994 0.00843894668
v  -0.0243270006 -0.216395006 0.00824094005
v  -0.0233710017 -0.216175005 0.0079439301
v  -0.0233699903 -0.215992004 0.00808191486
v  -0.0243249703 -0.216196001 0.0083879251
v  -0.023407001 -0.215772003 0.00813192409
v  -0.0244489517 -0.211556002 0.00843894761
v  -0.0235139914 -0.211697906 0.00811094418
v  -0.0247119814 -0.214036003 0.00309795397
v  -0.0248659402 -0.214600995 8.49649659e-05
v  -0.0249240007 -0.212377995 8.79653962e-05
v  -0.0248610005 -0.214526996 -0.000203009928
v  -0.0258849412 -0.214643002 -0.000203009928
v  -0.0249279905 -0.212383002 -0.000490006641
v  -0.0249209609 -0.212311 -0.000203009578
v  -0.0257999506 -0.213823006 -0.00313001499
v  -0.0259319711 -0.212312907 -0.000504013617
v  -0.0237390008 -0.208534002 0.00814992562
v  -0.0235949904 -0.208354995 0.0083579449
v  -0.0238569602 -0.208590001 0.00786894932
v  -0.0239219815 -0.208507001 0.00757795898
v  -0.02345898 -0.208088905 0.00843996089
v  -0.0226759501 -0.212741002 0.0103519578
v  -0.0206479616 -0.204632893 0.00811696425
v  -0.0187479407 -0.205264002 0.0122979265
v  -0.0204969812 -0.204478994 0.0107989348
v  -0.019394001 -0.204887003 0.0126759373
v  -0.00290694088 -0.214276999 0.0193719249
v  -0.00489094201 -0.206808999 0.0184489451
v  -0.00490196794 -0.206801996 0.018446926
v  -0.00465097278 -0.206459895 0.0182709061
v  -0.00011600001 -0.209833995 0.0187359452
v  -0.00445999997 -0.206221893 0.017915966
v  -0.00913497061 -0.203291997 0.0170009155
v  -0.0130879497 -0.200671002 0.0143499374
v  0.000279999978 -0.209204003 0.0181999151
v  -0.0102969604 0.0180429816 -0.00533797219
v  -0.0100629497 0.0189379994 -0.00300898007
v  -0.00545396702 0.0235859714 -0.00530495029
v  -0.0058279857 0.0231869817 -0.00533797126
v  -0.00544997398 0.0235839412 -0.00533195119
v  -0.000146000006 0.0287159625 -0.0052729412
v  -0.000360999955 0.0288419705 -0.00300897844
v  -0.00571598904 0.0237299707 -0.00300897914
v  -0.01027699 0.0180329625 -0.00543798925
v  -0.00556495087 0.0229369923 -0.00619598012
v  -0.0106599499 0.0168799721 -0.00626095012
v  8.89999501e-05 0.0284569822 -0.00615795143
v  -0.00504895393 0.0224459711 -0.00679596048
v  0.000568999967 0.027928941 -0.00678296527
v  9.09999653e-05 0.0284559727 -0.00616099127
v  0.00390998088 0.0309069715 -0.00524498709
v  0.00398997078 0.0305789728 -0.00614298973
v  0.000568999967 0.027928941 -0.00678397948
v  0.00416097604 0.0298839826 -0.00677897222
v  0.00824395381 0.0298209712 -0.00677396543
v  0.0084349867 0.0305140018 -0.00612296304
v  0.00438294373 0.028977992 -0.00700898608
v  0.00118899997 0.0272439718 -0.00700898608
v  0.0111519396 0.0271329824 -0.00700898608
v  0.00799295865 0.0289129615 -0.00700898608
v  -0.004397952 0.0218279921 -0.00700898701
v  0.01118699 0.013346971 -0.00700898888
v  0.0129119502 0.0205489919 -0.00700898701
v  0.01296994 0.0241069719 -0.00700898701
v  0.0118159996 0.0278289914 -0.00676198443
v  0.0135669401 0.0203639828 -0.00689097075
v  0.01178494 0.013228951 -0.00691397861
v  0.0137979705 0.0202989522 -0.00678594783
v  0.0123539902 0.0131169511 -0.00661798287
v  0.0106449397 0.00595998857 -0.00692798709
v  0.0111839501 0.00590497348 -0.00667496631
v  0.0107559897 -0.00138896576 -0.00668897387
v  0.0100829965 0.00601697061 -0.00700898981
v  -0.00940897409 0.0159489512 -0.00700898794
v  -0.0117959604 -0.00401699357 -0.00700899167
v  0.00966999494 -0.00137394469 -0.00700899074
v  -0.0134179797 0.00943994615 -0.00700898888
v  -0.0100999698 0.0164629817 -0.00681396248
v  -0.0141420001 0.00979197118 -0.00683995057
v  -0.0159159508 0.00226694415 -0.00700899074
v  -0.0166579708 0.00243097614 -0.00685896538
v  -0.0169349518 -0.00139194576 -0.00720395846
v  -0.0156640001 -0.00516295247 -0.00778599782
v  -0.0154339904 -0.00640195468 -0.00800498575
v  -0.0166049805 -0.00523298746 -0.00788696855
v  -0.0158329811 -0.00896894746 -0.00871195644
v  -0.0153969703 -0.0065809465 -0.00803794712
v  -0.00767596904 -0.0103019392 -0.0070089926
v  -0.0113699604 -0.0127239777 -0.00803794712
v  -0.01376196 -0.0124499677 -0.00921698101
v  -0.0132319499 -0.0139439683 -0.00953497179
v  -0.0072489609 -0.019007979 -0.00803794898
v  -0.0109299598 -0.0195059683 -0.0107119828
v  -0.00355496304 -0.0165859982 -0.00700899353
v  0.000564999995 -0.0228709485 -0.00700899446
v  0.00982097443 -0.00875294115 -0.0070089926
v  0.01040796 -0.0160959885 -0.00700899353
v  0.0109079797 -0.00869595911 -0.00668694824
v  0.0114839999 -0.00258099893 -0.00582995266
v  0.0116289603 -0.00834595971 -0.00582399266
v  0.0116449902 -0.00865799002 -0.00582399266
v  0.01204798 -0.0140839787 -0.00581398048
v  0.01149699 -0.0159819685 -0.00668295706
v  0.0122309597 -0.0159039386 -0.00580998696
v  0.0126939705 -0.0198049489 -0.00579997431
v  0.0124239605 -0.0232319776 -0.00667699659
v  0.0113299796 -0.0233899876 -0.00700899446
v  0.0128479898 -0.0198159777 -0.00543799531
v  0.0122189801 -0.0141029889 -0.00541695347
v  0.0133569604 -0.0142109897 -9.00239684e-06
v  0.0118089598 -0.00837397389 -0.00540896552
v  0.0127949398 -0.00851195958 -0.00200697035
v  0.0116659701 -0.00261694007 -0.00541194435
v  0.0125529505 -0.00750899268 -0.00300898426
v  0.01279095 -0.00849294569 0.0019879695
v  0.0125309499 -0.00742399646 0.00304398569
v  0.01088998 -0.00216895225 -0.00300898356
v  0.0124569805 -0.00276595238 -0.00300898356
v  0.0126149999 0.00295799971 -0.00300898263
v  0.00751296291 0.00465798331 -0.0030089824
v  0.01088998 -0.00216895342 0.00304398639
v  0.0118459798 0.00314897299 -0.00542297075
v  0.0130949905 0.00865697861 -0.0030089817
v  0.0124239605 0.00887400005 -0.00543799065
v  0.0138999503 0.0143069606 -0.00301094772
v  0.0134179899 0.014507941 -0.00545896962
v  0.0140409805 0.0151079809 -0.00301094749
v  -0.00416996377 0.0143589908 -0.00300898077
v  0.001939988 0.00978696439 -0.00300898147
v  0.001939988 0.00978696346 0.00304398849
v  0.00751296291 0.00465798238 0.00304398756
v  0.0125979502 0.00297397259 0.00304398732
v  0.0130809899 0.00866997242 0.00304398825
v  0.01389095 0.0143139903 0.00304595637
v  0.0134169804 0.0145129487 0.00543997623
v  0.0124199698 0.00888395216 0.0054189954
v  0.0140329897 0.0151149603 0.0030459566
v  -0.00416996377 0.0143589899 0.00304398919
v  0.01498398 0.0196909904 0.0030459573
v  0.0150289796 0.0198889896 0.00304399012
v  0.0148459999 0.0190979801 0.00304696988
v  -0.000356999983 0.0288399998 0.00304399151
v  -0.00570698874 0.0237299707 0.00304399082
v  0.0146689704 0.0183039904 0.00304696988
v  0.0144989798 0.0175089799 0.00304696965
v  0.0143369697 0.0167119503 0.00304696965
v  0.0141809899 0.0159139596 0.0030459566
v  -0.0101979598 0.0190419499 -8.99698352e-06
v  -0.0100589599 0.01893395 0.00304398988
v  -0.00545098679 0.0235899594 0.00528494688
v  -0.00319596427 0.0258539896 0.00528494734
v  -0.00544699281 0.0235879999 0.00531296059
v  -0.000146000006 0.0287169795 0.00525395246
v  -0.00613196986 0.0228659492 0.00532398745
v  -0.0102929696 0.0180509593 0.00531796692
v  -0.0108029395 0.0183140002 -8.99709994e-06
v  -0.0143509703 0.011948999 0.00535295391
v  -0.0131119695 0.0118019488 0.00837097503
v  -0.00931998435 0.0179889686 0.00817499589
v  -0.00954593997 0.0176779591 0.00818399526
v  -0.00873395056 0.0175499879 0.0091289673
v  -0.00909295026 0.0178189781 0.00869695283
v  -0.0124559598 0.0114659593 0.0091879759
v  -0.01326897 0.0114819994 0.00838098861
v  -0.0149789602 0.00479697948 0.00923696905
v  -0.0115139699 0.0109829884 0.00949094631
v  -0.00838097185 0.0129689481 0.00949094631
v  -0.00781496707 0.016863998 0.00949094631
v  -0.00925996155 0.0114159482 0.00949094631
v  -0.0140389996 0.00453698449 0.00949094445
v  -0.0114069795 0.00653999858 0.00949094445
v  -0.01006098 0.0098279696 0.00949094631
v  -0.00828596298 0.0172149483 0.00940296985
v  -0.0107779698 0.008199987 0.00949094445
v  -0.0111709395 0.00645798258 0.00942395069
v  -0.0117109595 0.00477099279 0.00942395069
v  -0.0119509902 0.00484096864 0.00949094445
v  -0.0124079799 0.00310498266 0.00949094445
v  -0.0127709704 0.00135797064 0.00949094445
v  -0.0121639604 0.00304794172 0.00942395069
v  -0.0130479503 -0.000410001376 0.00949094445
v  -0.0125249801 0.0013129696 0.00942394882
v  -0.0127999997 -0.000442001387 0.00942394882
v  -0.0123449704 0.00127994863 0.00924096256
v  -0.01198598 0.00300597958 0.00924096443
v  -0.0129909702 -0.00220197532 0.00942394882
v  -0.0126179596 -0.000466001336 0.00924096256
v  -0.0132400002 -0.00218099449 0.00949094445
v  -0.0131049901 -0.00396597432 0.00942394882
v  -0.012809 -0.00221794937 0.00924096256
v  -0.0133549795 -0.00395596121 0.00949094258
v  -0.0152369896 -0.00231194543 0.00949094445
v  -0.01339598 -0.00573396729 0.00949094258
v  -0.0130599895 -0.0126850018 0.00949094258
v  -0.0152719794 -0.00931197591 0.00949094258
v  -0.0132869696 -0.00927394815 0.00949094258
v  -0.0159159508 -0.00935196877 0.00938395225
v  -0.0161710009 -0.0022349963 0.00925794989
v  -0.0133699998 -0.00750297448 0.00949094258
v  -0.0131209698 -0.00749498745 0.00942394882
v  -0.01315095 -0.0110479519 0.00949094258
v  -0.0129019795 -0.0110259606 0.00942394696
v  -0.0130369803 -0.00925898552 0.00942394696
v  -0.0129689798 -0.0128239915 0.00949094258
v  -0.0127219697 -0.012795982 0.00942496024
v  -0.0127199497 -0.012795981 0.00942394696
v  -0.0127199497 -0.0110089714 0.0092409607
v  -0.0128549496 -0.00924694631 0.0092409607
v  -0.0127879595 -0.00924295187 0.00899097882
v  -0.0128709897 -0.00748700043 0.00899098068
v  -0.0129379798 -0.00748896645 0.00924096256
v  -0.0128949499 -0.00614595553 0.00899098068
v  -0.0129629597 -0.0057349815 0.00924096256
v  -0.0128959604 -0.0057349815 0.00899098068
v  -0.0128549496 -0.00397694251 0.00899098068
v  -0.0129219498 -0.00397396134 0.00924096256
v  -0.0131459404 -0.00573396729 0.00942394882
v  -0.0127419401 -0.00222396944 0.00899098068
v  -0.0124859996 -1.00108196e-06 0.00749096973
v  -0.0128139397 -0.00319498824 0.00749096926
v  -0.0125519801 -0.000475001318 0.00899098068
v  -0.0123329898 0.000964998617 0.00899098068
v  -0.0123329898 0.00096499885 0.00749096973
v  -0.0122789899 0.00126796775 0.00899098068
v  -0.0119209504 0.00299095968 0.00899098255
v  -0.0118869701 0.0031349638 0.00749097019
v  -0.0114709903 0.0047009564 0.00899098255
v  -0.0103909597 0.00782394316 0.00749097113
v  -0.0109349703 0.00637495378 0.00899098255
v  -0.0115349498 0.00471997075 0.00924096443
v  -0.01043995 0.00770097785 0.00749097113
v  -0.0109979697 0.00619596103 0.00749097066
v  -0.0103779603 0.0076759439 0.00724098925
v  -0.00980694965 0.00918495469 0.00749097113
v  -0.0103909597 0.00782394316 0.00899098255
v  -0.00974597037 0.00915795378 0.00724098925
v  -0.0107609797 0.00611495785 0.00705794292
v  -0.0109339496 0.0061749802 0.00724098878
v  -0.00957996957 0.00908195786 0.00705794338
v  -0.00935199205 0.00897794776 0.00699094823
v  -0.0081249699 0.0119209792 0.00705794385
v  -0.00828399602 0.0120119993 0.00724098971
v  -0.00790795032 0.0117969494 0.00699094869
v  -0.00644394103 0.0146079594 0.00705794431
v  -0.00659497874 0.014710959 0.00724099018
v  -0.00665094797 0.0147489887 0.00749097206
v  -0.00476094382 0.0173229482 0.00749097252
v  -0.00470795482 0.0172809884 0.00724099064
v  -0.00706394808 0.0141299888 0.00749097206
v  -0.00706394808 0.0141299888 0.00899098255
v  -0.00795199815 0.012711999 0.00899098255
v  -0.00834199134 0.0120449588 0.00749097159
v  -0.00881894678 0.0111809894 0.00899098255
v  -0.00800999254 0.0127469795 0.00924096443
v  -0.00887896866 0.0112119894 0.00924096443
v  -0.00816699211 0.0128399692 0.00942395069
v  -0.00706698792 0.0142479492 0.00924096443
v  -0.00721999304 0.0143489791 0.00942395255
v  -0.00742795411 0.0144859478 0.00949094631
v  -0.00641997997 0.0159509685 0.00949094631
v  -0.00621696608 0.0158049986 0.00942395255
v  -0.00535394996 0.0173759982 0.00949094631
v  -0.00423999876 0.018760968 0.00949094631
v  -0.00515695708 0.0172219779 0.00942395255
v  -0.00501199905 0.0171099883 0.00924096629
v  -0.00404795306 0.0186019484 0.00942395255
v  -0.00606795494 0.0156979486 0.00924096629
v  -0.00495894998 0.0170689784 0.00899098441
v  -0.00601395313 0.0156589691 0.00899098441
v  -0.00390698807 0.0184849482 0.00924096629
v  -0.00385596696 0.0184419677 0.00899098441
v  -0.00275798887 0.0198269375 0.00924096629
v  -0.00289597409 0.0199479982 0.00942395255
v  -0.00308295386 0.0201129876 0.00949094817
v  -0.00250395387 0.0207099877 0.00942395255
v  -0.00274797622 0.0207659584 0.00949094817
v  -0.00308497995 0.0220979974 0.00949094817
v  -0.00328698102 0.0222079679 0.00949094817
v  -0.0031899442 0.0224209987 0.00943199918
v  -0.00276198285 0.0214999877 0.00949094817
v  -0.00252094213 0.0215659682 0.00942395255
v  -0.00292696897 0.022284979 0.00942794606
v  -0.0038919677 0.0224699881 0.00939200446
v  -0.00318899099 0.0224229582 0.0094309859
v  -0.0040779938 0.0227539483 0.00918797776
v  -0.00456096977 0.0226099379 0.00908694789
v  -0.00416895095 0.0225459877 0.00928996131
v  -0.00518795196 0.022594979 0.00861195847
v  -0.00500699179 0.022615958 0.00877098367
v  -0.00492396299 0.022770999 0.00864599273
v  -0.00510796206 0.0227349885 0.00848500058
v  -0.00489696208 0.022798948 0.00860695168
v  -0.00467696087 0.0228469875 0.00871596858
v  -0.00512196869 0.0232499801 0.00648097368
v  -0.00407596678 0.0228859689 0.00893894956
v  -0.00490596192 0.0232729875 0.00666497275
v  -0.00411298173 0.0232149884 0.00718997046
v  -0.00396498293 0.023179939 0.00726298569
v  -0.00395598309 0.0228789989 0.00897000358
v  -0.00396796409 0.0228729788 0.00899396464
v  -0.00311299507 0.0225879475 0.00926498696
v  -0.00280299084 0.0224309489 0.00924096629
v  -0.00307997409 0.0226599481 0.00904498622
v  -0.0028079981 0.0224249884 0.00925294682
v  -0.00311496202 0.0225839578 0.00927094743
v  -0.00353797572 0.0228139684 0.00904099271
v  -0.00323494617 0.022868989 0.00746999262
v  -0.00276097003 0.0224839989 0.00899098441
v  -0.00275995582 0.0224819686 0.00901297852
v  -0.00232394785 0.0217719581 0.00899098441
v  -0.00232394785 0.0217719581 0.00749097345
v  -0.00292094797 0.0226349775 0.00772796152
v  -0.00227996008 0.0216319486 0.00899098441
v  -0.00234397594 0.021613948 0.00924096629
v  -0.00224497216 0.0207249485 0.00899098441
v  -0.00232597487 0.0206679683 0.00924096629
v  -0.00292196218 0.0222899877 0.00942395255
v  -0.0022609462 0.0206529386 0.00899098441
v  -0.00270798104 0.0197829586 0.00899098441
v  -0.00270798104 0.0197829586 0.00749097299
v  -0.00224497216 0.0207249485 0.00749097299
v  -0.00217994396 0.0207119472 0.00724099111
v  -0.00265797321 0.0197379477 0.00724099111
v  -0.00252094213 0.0196169578 0.00705794524
v  -0.00456395093 0.017167978 0.00705794478
v  -0.00436695712 0.0170139577 0.00699094962
v  -0.00623699278 0.0144669991 0.00699094916
v  0.0100759631 0.00602096226 0.00699094776
v  -0.00233294908 0.0194519684 0.00699095009
v  -0.00175394898 0.0206299983 0.00699095009
v  -0.00181695109 0.0244369488 0.00699095102
v  -0.00208797399 0.0218549874 0.00705794571
v  -0.00199999707 0.0206769686 0.00705794524
v  -0.00185199908 0.0219389684 0.00699095055
v  -0.00275995582 0.0228259489 0.00705794571
v  -0.00225999299 0.0217939578 0.00724099157
v  -0.00281497091 0.0228719674 0.00705794571
v  -0.00259896414 0.0230169781 0.00699095055
v  -0.00287797395 0.0226859991 0.00724099157
v  -0.00293298904 0.0227319486 0.00724099157
v  -0.00292094797 0.0226349775 0.00749097345
v  -0.00297596399 0.0226809885 0.00749097345
v  -0.00321396487 0.0229039676 0.00729195355
v  -0.00405695289 0.023246998 0.00706098555
v  -0.00319697801 0.0229319874 0.0072289519
v  -0.0031549558 0.0229999982 0.00712994859
v  -0.00399597781 0.0233199485 0.00694398163
v  -0.003982984 0.0235639773 0.00677297683
v  -0.00393994898 0.0234299786 0.00685499283
v  -0.00481494609 0.0233590007 0.00651399372
v  -0.00310095493 0.0230869576 0.00705395266
v  -0.00306697981 0.0231409576 0.00702397153
v  -0.00265397923 0.0230629984 0.00699095055
v  -0.00297298282 0.0232939683 0.00699095055
v  -0.00389596075 0.0235579573 0.0068049836
v  -0.00245394604 0.0250919983 0.00676999614
v  0.000564999995 0.0279339477 0.00676600356
v  -0.0029499759 0.0256019793 0.00615594909
v  0.000568999967 0.0279289372 0.00676898379
v  0.00399098406 0.0305789709 0.00612400193
v  0.00416198978 0.0298819486 0.00676099677
v  0.00438294373 0.0289779883 0.00699095149
v  0.00118499994 0.0272529684 0.00699095149
v  0.00824395381 0.0298199579 0.0067549767
v  0.0118169505 0.0278299972 0.00674394984
v  0.00843599997 0.030514 0.00610498805
v  0.0111519396 0.0271339975 0.00699095102
v  0.00799397193 0.0289129578 0.00699095149
v  0.01291099 0.0205509588 0.00699095009
v  0.0129719703 0.0241089985 0.00699095055
v  0.0111839501 0.0133499494 0.00699094916
v  0.0117809502 0.013231989 0.00689599942
v  0.0106369602 0.00596398022 0.00690994505
v  0.0107459705 -0.00138497388 0.0066709891
v  0.0111769801 0.00590896513 0.00665698294
v  0.00966099463 -0.00136900006 0.00699094683
v  0.00980994664 -0.00874698162 0.00699094543
v  0.0116759902 0.00320494035 0.00579396635
v  0.0108960001 -0.00869095419 0.00666997442
v  0.0114739798 -0.00256198668 0.0058129793
v  0.0114849498 -0.0013949878 0.00581196696
v  0.0118399598 0.00316297938 0.00540296035
v  0.0116579803 -0.00259798765 0.00539199263
v  0.0117999604 -0.00835198164 0.00538895139
v  0.0116169797 -0.00832295511 0.00580797158
v  0.0124389799 -0.0027469995 0.00304398639
v  0.0116339605 -0.00865197182 0.00580695877
v  0.0120339701 -0.0140569806 0.00579795754
v  0.0122079598 -0.0140769407 0.00539497053
v  0.0122179696 -0.0158969704 0.0057949773
v  0.0114839999 -0.015974991 0.00666597905
v  0.0126789501 -0.0197759792 0.00578496279
v  0.0128359497 -0.0197869502 0.0054159509
v  0.0131419599 -0.0231189709 0.00577298226
v  0.0124109704 -0.0232239924 0.00665995805
v  0.0134989899 -0.0254759695 0.00576296775
v  0.0136259496 -0.0254799705 0.00545499055
v  0.0147470003 -0.0255249701 -9.00420127e-06
v  0.0145239504 -0.0311539695 0.00551495189
v  0.0147429397 -0.0254979692 -9.00420127e-06
v  0.013975 -0.0198759995 -9.00332816e-06
v  0.0142940003 -0.0303189699 0.00573495263
v  0.0135669401 -0.0304409824 0.00664797705
v  0.0144389598 -0.0311559997 0.00572994584
v  0.01486299 -0.0376330018 0.006631942
v  0.0154579598 -0.0368179604 0.00568696996
v  0.0155849801 -0.0375019908 0.00568196271
v  0.0154929496 -0.0368160009 0.0055929739
v  0.0153049501 -0.0375519916 0.00620195409
v  0.0156139405 -0.0311569497 -9.0051326e-06
v  0.0165359695 -0.0367449485 -9.00606392e-06
v  0.0161679685 -0.0405899808 0.00565597555
v  0.0166859888 -0.0447250009 0.00616297172
v  0.0165279787 -0.042459961 0.00563994097
v  0.0175069887 -0.0423479602 -9.00699524e-06
v  0.01654098 -0.0367769487 -9.00606392e-06
v  0.0169579685 -0.0446729586 0.00562193943
v  0.0176149886 -0.0481389686 0.00567993522
v  0.01852897 -0.0479930006 -9.00786836e-06
v  0.0175129492 -0.0423839614 -9.00699524e-06
v  0.01853594 -0.0480319783 -9.00786836e-06
v  0.0169669688 -0.0446849391 -0.00563695934
v  0.0176279899 -0.0481809899 -0.00569698215
v  0.0166959483 -0.0447369814 -0.00617900351
v  0.0165429395 -0.0424999483 -0.00565495901
v  0.0165519398 -0.0447649918 -0.00635799672
v  0.0153159797 -0.0375629589 -0.00621798402
v  0.0161209404 -0.0403029881 -0.00567397242
v  0.0173409898 -0.0486649796 -0.00638797786
v  0.0162519496 -0.0448229909 -0.00663098553
v  0.0148749705 -0.0376439616 -0.0066489852
v  0.0159049891 -0.0448899791 -0.00683495356
v  0.0143249901 -0.0377439782 -0.00692197401
v  0.0154739898 -0.0368559882 -0.00570198614
v  0.0144549897 -0.0311919972 -0.00574496016
v  0.01358 -0.030449979 -0.00666495832
v  0.0137489801 -0.037849959 -0.00700899726
v  0.0151019404 -0.0450440012 -0.00700899819
v  0.0156909488 -0.0449309908 -0.00691696955
v  0.0124749904 -0.0306369588 -0.0070089954
v  0.00468496094 -0.0291549489 -0.0070089954
v  0.00880495273 -0.0354399607 -0.00700899633
v  0.000990999863 -0.0315769911 -0.00803795084
v  0.00511095487 -0.0378609784 -0.00803795271
v  0.0129259499 -0.0417239591 -0.00700899726
v  0.00217697583 -0.0397849567 -0.0109119657
v  0.00629696809 -0.0460699648 -0.0109119676
v  0.00923196133 -0.0441460013 -0.00803795271
v  0.0104169613 -0.052353967 -0.0109119676
v  0.0133519499 -0.0504299887 -0.00803795457
v  0.0145379603 -0.0586379655 -0.0109119695
v  0.0178009588 -0.0564990006 -0.00785395689
v  0.0169609487 -0.0526689813 -0.00735995127
v  0.0174719989 -0.0567149483 -0.00803795457
v  0.0160139501 -0.0486849509 -0.00708499504
v  0.0175829791 -0.0525979884 -0.007086962
v  0.0183039587 -0.0564459488 -0.00756499218
v  0.0180639885 -0.0525689684 -0.00664398028
v  0.0186959784 -0.0564669892 -0.00717297336
v  0.018865969 -0.0602479503 -0.00838998146
v  0.0180099886 -0.0575359389 -0.00803795457
v  0.0184859894 -0.060198959 -0.00864497013
v  0.0188019592 -0.0636889935 -0.00999698043
v  0.0190269686 -0.0638169572 -0.00984396972
v  0.0185969789 -0.0648299977 -0.0109119695
v  0.0186289884 -0.0651589632 -0.0110969804
v  0.0185009595 -0.0649849698 -0.0111319702
v  0.0151659604 -0.0624999963 -0.0139409602
v  0.0174999498 -0.0649519488 -0.0124689601
v  0.0180749595 -0.0651800036 -0.0118300002
v  0.0181499384 -0.0653739497 -0.0118800104
v  0.0175379794 -0.0653659701 -0.01272198
v  0.0175309498 -0.065159969 -0.0126070101
v  0.0182049591 -0.0655639693 -0.0119150002
v  0.0175219495 -0.0655949712 -0.0128259901
v  0.018245969 -0.0657730103 -0.0119409803
v  0.0149490004 -0.0629670024 -0.014659971
v  0.0150919901 -0.0627200007 -0.0143359601
v  0.0130469501 -0.0596159548 -0.014609959
v  0.0128019797 -0.0596899875 -0.0152010005
v  0.0129519403 -0.059478987 -0.0146299899
v  0.008846974 -0.0533839352 -0.0150359496
v  0.00863198005 -0.0530549772 -0.0150359496
v  0.00833598431 -0.0532459579 -0.0158300102
v  0.00476894388 -0.0470709763 -0.0147989672
v  0.00439796411 -0.0464869663 -0.0147559866
v  0.00396994408 -0.0466769859 -0.0156419482
v  0.000779999944 -0.0407009646 -0.0141949859
v  -0.000288999989 -0.0400539562 -0.0149869584
v  0.000258999964 -0.0398509465 -0.0140949767
v  -0.00309696095 -0.0342569873 -0.0133469962
v  -0.00194295507 -0.0335009545 -0.0109119657
v  -0.00606294814 -0.0272159483 -0.0109119639
v  -0.00312896911 -0.0252919681 -0.00803794898
v  -0.00373997586 -0.033154957 -0.0131829549
v  -0.0044009909 -0.0333759673 -0.0140269659
v  -0.00680794613 -0.0277049486 -0.0122899655
v  -0.00751694292 -0.0263849385 -0.012055004
v  -0.00829597563 -0.0266199689 -0.0128039941
v  -0.0102479598 -0.0209739786 -0.0110129938
v  -0.01018395 -0.020931948 -0.0109119639
v  -0.0104809599 -0.0204779487 -0.0109119639
v  -0.0118239699 -0.0197349675 -0.011308983
v  -0.0143909603 -0.0166059677 -0.0104069933
v  -0.01284899 -0.0201559588 -0.0113429632
v  -0.0111349402 -0.0236429479 -0.0122199841
v  -0.0147279697 -0.0126359379 -0.0095929727
v  -0.0120039796 -0.0241399985 -0.0117509533
v  -0.0119979596 -0.0241539385 -0.0117549542
v  -0.0101769799 -0.0276129786 -0.0126340054
v  -0.00928994268 -0.0270789787 -0.013020955
v  -0.00533499569 -0.0338389762 -0.0143899564
v  -0.00823899359 -0.0310479887 -0.0134389643
v  -0.00747599453 -0.0323509462 -0.013725955
v  -0.00624796096 -0.0343979448 -0.0141559448
v  -0.00421198504 -0.0376839563 -0.0147930067
v  -0.00113894802 -0.0404989645 -0.0154609885
v  -0.0059169759 -0.0377529748 -0.013856966
v  -0.00878699869 -0.0378479846 -0.0114549659
v  -0.00658997195 -0.0446389876 -0.0116179883
v  -0.0038529858 -0.0444049761 -0.0140329879
v  -0.00204398483 -0.0410579965 -0.0153779685
v  -0.000826978008 -0.0428989455 -0.0156649575
v  -5.99999912e-05 -0.0440419875 -0.0158289876
v  -0.000472000043 -0.044084955 -0.0156979784
v  -0.00171294098 -0.0510019548 -0.0142029785
v  0.00150296697 -0.050527975 -0.0158769786
v  0.00350496778 -0.0569799468 -0.0160289705
v  0.00239697704 -0.047610987 -0.0162700079
v  0.0041929842 -0.0501169451 -0.0164929871
v  0.00628898107 -0.0529679544 -0.0166259706
v  0.0078019863 -0.0535939857 -0.0163899902
v  0.00324395904 -0.0470839664 -0.016189957
v  0.00852397736 -0.0558749959 -0.0165849607
v  0.0101419454 -0.0568009578 -0.0161739904
v  0.00710598193 -0.0540499575 -0.0166359805
v  0.00720295915 -0.056164965 -0.0167019591
v  0.00545696029 -0.0633459613 -0.0161300022
v  0.00896099769 -0.0624119565 -0.0168089494
v  0.00957599934 -0.0572039373 -0.0164839905
v  0.0118880002 -0.0600459464 -0.0160410106
v  0.0122659504 -0.0615339763 -0.0160629991
v  0.0121170003 -0.060316965 -0.0159780104
v  0.0125229703 -0.0599689372 -0.0156509504
v  0.0129949804 -0.0613419972 -0.0156969707
v  0.0147279799 -0.0632579923 -0.014936002
v  0.0138499504 -0.0679519698 -0.0161099713
v  0.0106559703 -0.0686789677 -0.0168469809
v  0.0183599889 -0.0657609701 -0.0117749814
v  0.0186029989 -0.0669179484 -0.0117810015
v  0.01535598 -0.0744249821 -0.0160770137
v  0.0122579597 -0.0749679804 -0.0167979933
v  0.00898394641 -0.0755689666 -0.0161030032
v  0.00726995524 -0.0694639608 -0.0161599815
v  0.00407097302 -0.0763799474 -0.0119799618
v  0.00587097416 -0.082323961 -0.0118669532
v  0.0105979796 -0.0817340016 -0.015955003
v  0.00754497014 -0.0882669613 -0.0116859935
v  0.01208195 -0.0879159495 -0.0157199856
v  0.0137409903 -0.0812679529 -0.0166569632
v  0.00506899413 -0.0881909728 -0.00608000765
v  0.00664094696 -0.0939739868 -0.00598195847
v  0.00907496177 -0.0942179486 -0.0114469845
v  0.00805894099 -0.0998119712 -0.00585899549
v  0.00713894423 -0.0995469615 -9.01630847e-06
v  0.0057239891 -0.0937729999 -9.01531894e-06
v  0.0057359701 -0.0938169882 -9.01537715e-06
v  0.00664595421 -0.09393996 0.00596293062
v  0.00506899413 -0.0881539509 0.00606098073
v  0.00806698762 -0.0997790024 0.00583895156
v  0.00906494912 -0.0941739604 0.0114399344
v  0.00753299007 -0.0882229805 0.0116759762
v  0.0134079801 -0.0940679908 0.0153989345
v  0.0104419952 -0.100164004 0.0111539531
v  0.0120669901 -0.0878689811 0.0157119855
v  0.0145990001 -0.100293003 0.0150179435
v  0.01507595 -0.0875479504 0.0164089352
v  0.0162899792 -0.0939009711 0.0160949454
v  0.0116399797 -0.106182002 0.010829946
v  0.0156289693 -0.106539004 0.0145789515
v  0.0173569582 -0.100275002 0.0157089438
v  0.02009896 -0.100311004 0.0150849428
v  0.0182739794 -0.106668003 0.0152599327
v  0.0191109497 -0.0937869474 0.0154389348
v  0.0209469497 -0.106852002 0.0146719329
v  0.0190379899 -0.113077 0.014756931
v  0.0164889991 -0.112801999 0.0140899513
v  0.01263496 -0.112223998 0.0104749389
v  0.0134029705 -0.118285999 0.0100949593
v  0.0171689689 -0.11908 0.0135559607
v  0.0139169404 -0.124360003 0.00970097072
v  0.0110619999 -0.117509998 0.00536395889
v  0.01152399 -0.123471998 0.00518395193
v  0.01052198 -0.123044997 -9.02009197e-06
v  0.0105239497 -0.123088002 -9.02015017e-06
v  0.0106209805 -0.128986999 -9.0210815e-06
v  0.0116629899 -0.129446 0.00500495918
v  0.0115029505 -0.123501003 -0.00520501705
v  0.0110429805 -0.117539003 -0.00538496207
v  0.0134059498 -0.118329003 -0.0100980196
v  0.010293996 -0.111598998 -0.00555698015
v  0.0126399705 -0.112267002 -0.0104779992
v  0.0100949761 -0.117164999 -9.01916064e-06
v  0.0100909835 -0.117122002 -9.01916064e-06
v  0.00936499797 -0.111270003 -9.01817111e-06
v  0.0103089567 -0.111569002 0.00553597882
v  0.00929997023 -0.105656996 0.00569595862
v  0.0093589779 -0.111226 -9.01817111e-06
v  0.00836298522 -0.105366997 -9.01723979e-06
v  0.00837097224 -0.105411001 -9.01723979e-06
v  0.00928798877 -0.105688997 -0.00571600534
v  0.0104499822 -0.100207999 -0.0111599863
v  0.0116469599 -0.106225997 -0.0108340178
v  0.0146109797 -0.100341 -0.0150209982
v  0.0134209702 -0.0941149518 -0.015404975
v  0.0150939496 -0.0875949785 -0.0164249856
v  0.0163069684 -0.0939479992 -0.0161109846
v  0.0173719786 -0.100322999 -0.0157239772
v  0.0191209596 -0.0938360021 -0.0154649951
v  0.0179949682 -0.0873299837 -0.0157490056
v  0.0201069396 -0.100359 -0.0151110068
v  0.0234869383 -0.0937959477 -0.0114069842
v  0.0224239491 -0.0870519802 -0.0115899742
v  0.0250769593 -0.0871149823 -0.006051993
v  0.0262049697 -0.0940209627 -0.00599399954
v  0.024429949 -0.100551002 -0.0111779869
v  0.0238599498 -0.0802579522 -0.00608298602
v  0.0248429496 -0.0802889988 -9.01316525e-06
v  0.0261069797 -0.0871669576 -9.0142712e-06
v  0.0261169989 -0.0872199535 -9.0142712e-06
v  0.0273009893 -0.0941439793 -9.01543535e-06
v  0.0262129586 -0.0939759612 0.00598194357
v  0.0250809491 -0.0870689675 0.00603892701
v  0.0273099896 -0.0941969678 -9.01543535e-06
v  0.0272259396 -0.100929998 -0.00591097027
v  0.0283919889 -0.101125002 -9.0165413e-06
v  0.0272379797 -0.100887999 0.00590094086
v  0.0252519585 -0.107322 -0.0109089985
v  0.0281379484 -0.107854001 -0.00580696156
v  0.0283999797 -0.101177 -9.0165413e-06
v  0.0293749887 -0.108116999 -9.01770545e-06
v  0.0281529687 -0.107813001 0.00579895545
v  0.0293819588 -0.108168997 -9.01770545e-06
v  0.0289569795 -0.114757001 0.00567897037
v  0.0252629798 -0.107280001 0.0108969323
v  0.0259709693 -0.114070997 0.0105959363
v  0.0265599787 -0.120878004 0.0102649499
v  0.0216559488 -0.113408998 0.0142059512
v  0.0222259499 -0.119979002 0.0136939399
v  0.0196449496 -0.119498998 0.0142039806
v  0.0200859588 -0.125927001 0.0136109702
v  0.0226489585 -0.126552895 0.0131439697
v  0.0270229895 -0.127698004 0.00991292484
v  0.0229119994 -0.133131996 0.0125749186
v  0.0203459598 -0.132358 0.0129989479
v  0.0179269593 -0.131653994 0.0124079678
v  0.0179579593 -0.137953907 0.0118459575
v  0.0203989483 -0.138800994 0.0123999175
v  0.0229919888 -0.139718994 0.0120199472
v  0.0202089883 -0.145251006 0.0118729565
v  0.0177139994 -0.144251004 0.0113599375
v  0.0136599904 -0.142579004 0.00865693204
v  0.0128809502 -0.148590997 0.00849796645
v  0.0171519797 -0.150534004 0.0110219158
v  0.00991795119 -0.147220001 0.00465793721
v  0.0085449582 -0.153123006 0.00469894428
v  0.0116939899 -0.154624 0.00852794666
v  0.00675097713 -0.159016997 0.00486196205
v  0.0100829965 -0.160634905 0.00879092142
v  0.0162289497 -0.156812996 0.0109069441
v  0.00456497725 -0.164757997 0.00515491795
v  0.00807098113 -0.166510001 0.00930197164
v  0.0149219902 -0.163053006 0.0110719223
v  0.00833395682 -0.173653007 0.0114749726
v  0.00567594822 -0.172233894 0.0100479219
v  0.0132399499 -0.169190004 0.0115379114
v  0.00356397592 -0.171131 0.00807095505
v  0.0144239999 -0.176939994 0.012608951
v  0.0112069603 -0.175200894 0.0122909602
v  0.0207209885 -0.165967003 0.0112149138
v  0.0193759482 -0.172382995 0.0116609428
v  0.017732 -0.178702995 0.0123879313
v  0.0123069603 -0.182984993 0.0135669094
v  0.00886294805 -0.18107 0.0132789593
v  0.0158279892 -0.184912995 0.0133479293
v  0.0208449699 -0.180344 0.0116309598
v  0.019162979 -0.186719999 0.0125959497
v  0.0178589486 -0.187987 0.01312894
v  0.0153389899 -0.186379001 0.0136009492
v  0.0152320005 -0.186312005 0.0136139393
v  0.0125619499 -0.184633002 0.0137859602
v  0.0177029688 -0.188220993 0.0131129697
v  0.01508197 -0.186543003 0.01359093
v  0.0175479986 -0.188392907 0.0129499491
v  0.020239979 -0.189881995 0.012207929
v  0.0186519884 -0.188499004 0.012899939
v  0.02040199 -0.189643994 0.0122119188
v  0.020330999 -0.189761907 0.0122299194
v  0.021529939 -0.190564007 0.0115799289
v  0.02143595 -0.190684006 0.0115619283
v  0.0213349797 -0.190779001 0.0115059596
v  0.0224599596 -0.191553995 0.0107249673
v  0.0225679595 -0.191459998 0.0107769426
v  0.0235009491 -0.192288905 0.00979894958
v  0.0236139596 -0.192196995 0.00984496437
v  0.0226649996 -0.191338003 0.0107909497
v  0.0217689592 -0.190557003 0.0114539284
v  0.0227329396 -0.191216007 0.0107679423
v  0.0237129591 -0.192074001 0.00985593162
v  0.0242739599 -0.192304999 0.00929892622
v  0.0237789489 -0.191948995 0.00983191095
v  0.0246579982 -0.192760006 0.00878096186
v  0.0245569684 -0.192883 0.00877392851
v  0.0247219484 -0.192632005 0.00875694118
v  0.0251039583 -0.193296 0.0080269631
v  0.0252059996 -0.193173006 0.00802994333
v  0.0252689384 -0.193045005 0.00800490938
v  0.0248329993 -0.189734906 0.00898695551
v  0.0267789699 -0.190739006 0.0062389439
v  0.0257679485 -0.193470001 0.00720191514
v  0.0257039983 -0.193592995 0.0072339233
v  0.0261329692 -0.193893 0.0064909514
v  0.02559999 -0.193710998 0.00723994337
v  0.0261939485 -0.193986997 0.00635594735
v  0.02798298 -0.191348001 0.00323093566
v  0.0260239597 -0.194195002 0.0064349235
v  0.0264689587 -0.194755003 0.00556094013
v  0.0263109487 -0.194881007 0.0057029184
v  0.02608696 -0.194953993 0.00575793348
v  0.0261789896 -0.195828006 0.0053739599
v  0.0263549984 -0.195827007 0.00527191674
v  0.0258809589 -0.195079997 0.00564796338
v  0.0259649493 -0.195951894 0.00537592685
v  0.0259709693 -0.195809007 0.00539893378
v  0.0260439795 -0.196805 0.00529593788
v  0.0262029488 -0.196834996 0.00518692099
v  0.0260459483 -0.196805 0.00529492367
v  0.025582999 -0.198138997 0.00532496488
v  0.0257749893 -0.198177904 0.00528491102
v  0.0258529484 -0.196768001 0.00533396471
v  0.0201039594 -0.193161994 0.00533396518
v  0.0205029584 -0.192524999 0.00537592778
v  0.0143549796 -0.189556003 0.00533396611
v  0.0250099599 -0.200874999 0.00530595053
v  0.0147539703 -0.188918993 0.00537592825
v  0.00860497914 -0.185949996 0.00533396658
v  0.00730595598 -0.197595999 0.00525695598
v  0.00900498591 -0.185313001 0.00537592871
v  0.00285599194 -0.182344005 0.00533396704
v  -0.00441094488 -0.180908993 0.00531495363
v  0.001526988 -0.193972006 0.00525695644
v  -0.00597997801 -0.183045 0.00529594021
v  -0.00518997805 -0.181981996 0.00530494004
v  -0.00364597887 -0.179828003 0.00532496767
v  -0.00457795803 -0.180788904 0.0052709654
v  -0.0038119778 -0.179710999 0.00528091984
v  -0.00305994693 -0.178624004 0.00529194716
v  -0.00394996302 -0.179613993 0.00515896874
v  -0.00261899084 -0.177996904 0.00533396797
v  -0.00246199314 -0.178123996 0.00537593011
v  -0.00306096021 -0.178623006 0.00529194716
v  -0.00289299386 -0.178737894 0.00533396751
v  -0.00319697801 -0.178529993 0.00517291715
v  -0.00319697801 -0.178528994 0.00517291715
v  -0.00281294482 -0.177797005 0.00504196528
v  -0.00328394119 -0.178469002 0.00499595003
v  -0.00186999899 -0.175256997 0.00312192133
v  -0.00515194982 -0.180437997 0.00341594964
v  -0.00403394597 -0.179554 0.00497896271
v  0.00199798308 -0.170337006 0.00557197118
v  -0.000934981043 -0.175733998 0.00609094743
v  -0.00157698302 -0.176810995 0.00620693807
v  0.000719999953 -0.169750005 -9.02771717e-06
v  -0.00218697684 -0.175097004 -9.02859028e-06
v  0.000738999923 -0.169712007 -9.02771717e-06
v  0.00106299995 -0.169872001 0.00286395336
v  -0.00169398694 -0.176838905 0.00603295211
v  -0.00224795192 -0.177169994 0.00537593011
v  -0.00274195615 -0.177882999 0.00521791819
v  -0.00222899811 -0.177327007 0.00551492814
v  -0.00214394182 -0.177499995 0.00559593085
v  -0.0017289751 -0.177054003 0.00610292796
v  -0.00167700008 -0.177276999 0.0061149681
v  -0.00129898707 -0.177045003 0.00678593712
v  -0.00123497203 -0.176809996 0.00676597003
v  -0.000818990986 -0.176921993 0.00746793393
v  -0.000897967024 -0.177162006 0.00746191386
v  -0.00126095908 -0.177285001 0.0067429631
v  -0.000866972026 -0.177404895 0.00738693122
v  -0.000485000084 -0.177337006 0.00810993463
v  -0.00046099996 -0.177579895 0.00801993161
v  -3.50000337e-05 -0.177789003 0.0086279586
v  -5.10000391e-05 -0.177550003 0.00872994401
v  -3.40000261e-05 -0.177790001 0.00862694625
v  -0.000395999989 -0.177094907 0.00812596921
v  -5.00000315e-05 -0.177548006 0.00872994401
v  4.19999706e-05 -0.177306995 0.00875092484
v  0.000211999955 -0.177390903 0.00896997191
v  0.000680999947 -0.176579997 0.00884193927
v  0.00292495498 -0.177790895 0.0109889507
v  0.00214097509 -0.178405002 0.0108829215
v  0.00578097114 -0.179361895 0.0124769211
v  0.00458798418 -0.179791003 0.0123339314
v  0.00248995982 -0.178597003 0.0111419614
v  0.00446394691 -0.180026993 0.0123019218
v  0.00203094492 -0.178645 0.0108539518
v  0.0044099451 -0.180237994 0.0121469498
v  0.00707796821 -0.181577995 0.0131879505
v  0.005353963 -0.180239007 0.0126499608
v  0.0020109769 -0.178870007 0.0107179377
v  0.00444099912 -0.180363998 0.0119129401
v  0.00208596 -0.179021001 0.0105129555
v  0.00699797925 -0.181776002 0.0130239204
v  0.00973895844 -0.183200002 0.0136359408
v  0.00699398527 -0.181883007 0.0127759594
v  0.00963900145 -0.183388993 0.0134689193
v  0.00404695282 -0.180444002 0.00847292785
v  0.00960794743 -0.183480993 0.0132159609
v  0.0155459996 -0.187656894 0.00847292691
v  0.0122479498 -0.185126007 0.0133339204
v  0.00979695283 -0.184051007 0.00847292691
v  0.0123009998 -0.185046002 0.01359093
v  0.0148739498 -0.186789006 0.0131659489
v  0.0174459498 -0.188446894 0.0126929283
v  0.0149490004 -0.186719999 0.0134239197
v  0.0124169905 -0.184863999 0.0137579497
v  0.0118499696 -0.184189007 0.0137829203
v  0.00987795647 -0.182969004 0.0136669297
v  0.00842497312 -0.182079002 0.0134699401
v  0.00721094618 -0.181345001 0.01321996
v  0.0212949794 -0.191263005 0.00847292598
v  0.01991597 -0.190081 0.0118039288
v  0.0199739598 -0.190081999 0.01193095
v  0.0200559795 -0.190046996 0.0120539684
v  0.0231699683 -0.192340001 0.00951093994
v  0.0240789987 -0.193009004 0.00847292505
v  0.0212609489 -0.191317007 0.0077219666
v  0.0210729595 -0.190865904 0.0111759286
v  0.0221629497 -0.191623002 0.010412937
v  0.0155119598 -0.187711 0.00772196706
v  0.0212099887 -0.191397995 0.00697494159
v  0.0246069692 -0.193412006 0.0077549275
v  0.0246289689 -0.193430007 0.00772196613
v  0.0211049598 -0.191566005 0.00624991069
v  0.02511397 -0.193846002 0.00697494112
v  0.0154609997 -0.187792003 0.00697494205
v  0.0250899494 -0.193823904 0.00701290928
v  0.0252029598 -0.193854004 0.00709492527
v  0.0253419597 -0.193846002 0.00716895424
v  0.0247149784 -0.193444997 0.00784493051
v  0.0248499792 -0.193436995 0.00793094002
v  0.0257699788 -0.194315001 0.0064139422
v  0.0249819495 -0.193385005 0.00799292885
v  0.025475949 -0.193797007 0.00721794926
v  0.0255139787 -0.194308907 0.00629896531
v  0.0255419891 -0.194349006 0.00624991022
v  0.0208719689 -0.191937998 0.00564891659
v  0.02584395 -0.194959894 0.00571591221
v  0.0151229799 -0.188332006 0.00564891705
v  0.01535598 -0.187959999 0.00624991115
v  0.00960598048 -0.184354007 0.00624991208
v  0.00971195754 -0.184185997 0.00697494298
v  0.00937298499 -0.184725001 0.00564891752
v  0.00385699281 -0.180748001 0.00624991255
v  0.00396195613 -0.180580005 0.00697494345
v  -0.000915967044 -0.177520007 0.00697494391
v  0.00401297817 -0.180499002 0.00772196846
v  -0.000439000025 -0.177706003 0.00772196893
v  8.6999964e-05 -0.177959993 0.00847292878
v  -0.000732981018 -0.177581996 0.00726295309
v  -0.000331999967 -0.177755997 0.00788391568
v  0.0097619649 -0.184104994 0.007721968
v  -0.001127981 -0.177468002 0.0066479533
v  -0.00140597706 -0.177445993 0.00624991301
v  -0.0019509421 -0.177623004 0.00564891892
v  0.00362399779 -0.181118995 0.00564891845
v  -0.00154795509 -0.177460998 0.00606591301
v  -0.00245996611 -0.178121999 0.00537694292
v  0.0032549859 -0.181706995 0.00537592918
v  -0.00200697081 -0.177661002 0.00560493115
v  0.0244379994 -0.192974001 0.00873393379
v  0.0243099593 -0.193028003 0.00866491161
v  0.0233809687 -0.192347005 0.00972194038
v  0.0241809785 -0.193039 0.00857091509
v  0.0232629497 -0.192364007 0.00961793028
v  0.0222439487 -0.191639006 0.0105289277
v  0.0223499797 -0.191615 0.0106409248
v  0.0212349594 -0.190844998 0.0114159584
v  0.0201459788 -0.189978004 0.0121469498
v  0.0211419798 -0.190874904 0.0112979393
v  0.00328597985 -0.164186001 -9.02684405e-06
v  0.0033019539 -0.164147004 -9.02678585e-06
v  0.00457594404 -0.164812997 -0.00516598299
v  0.00106199994 -0.169919997 -0.0028809798
v  0.00202194392 -0.170399994 -0.00557898404
v  0.00359097682 -0.171195999 -0.00808601454
v  0.00806895457 -0.166556001 -0.00934998691
v  0.00675198995 -0.159066007 -0.004876005
v  0.010080969 -0.160679907 -0.00882797129
v  0.0149179399 -0.163096994 -0.0111059975
v  0.0132339904 -0.169233993 -0.0115839671
v  0.00832096301 -0.173693001 -0.0115600079
v  0.00567499408 -0.172280997 -0.0101079773
v  0.000721999968 -0.176653996 -0.00885402225
v  0.0029259678 -0.177838996 -0.0110630281
v  0.0021829959 -0.178426996 -0.0109540094
v  0.0057649971 -0.179400995 -0.0125849694
v  0.00462899217 -0.179804996 -0.0124509782
v  0.00251195394 -0.178607002 -0.011211019
v  0.00450495491 -0.180041 -0.0124189686
v  0.00536099728 -0.180233002 -0.0127519798
v  0.00727394829 -0.181373 -0.0133179892
v  0.00713995704 -0.181606993 -0.0132870004
v  0.0084349867 -0.182078004 -0.0135369804
v  0.00885299407 -0.181113005 -0.0133510102
v  0.0111989705 -0.175243005 -0.0123489983
v  0.0144189904 -0.176984996 -0.0126319993
v  0.0123009998 -0.183029994 -0.0135909803
v  0.00994995795 -0.183008999 -0.0137140006
v  0.00980899297 -0.183239907 -0.0136840194
v  0.0118589699 -0.184193999 -0.013801029
v  0.0126429498 -0.184683993 -0.0137950107
v  0.0124979904 -0.184913903 -0.0137669891
v  0.0153209902 -0.186370999 -0.0135850199
v  0.0151690003 -0.186601907 -0.0135620106
v  0.0158229787 -0.184958905 -0.0133359898
v  0.0177269895 -0.178747997 -0.0123849995
v  0.0208479483 -0.180393904 -0.01162301
v  0.0191679895 -0.186773002 -0.0125769805
v  0.0179529488 -0.188052997 -0.0130720008
v  0.0153469797 -0.186388001 -0.0135810208
v  0.0177969597 -0.188287005 -0.0130569804
v  0.0186679699 -0.188514993 -0.0128710102
v  0.0205109399 -0.189719006 -0.0121819805
v  0.0204399489 -0.189836994 -0.0121989716
v  0.0203499496 -0.189956993 -0.0121760201
v  0.0217219889 -0.190523997 -0.0115550011
v  0.0216519497 -0.190643996 -0.0115749706
v  0.0218209885 -0.190589994 -0.0114959907
v  0.0228039883 -0.191427007 -0.010806011
v  0.0215579588 -0.190763995 -0.01155602
v  0.0227069594 -0.191548005 -0.0107909925
v  0.0226009786 -0.191642895 -0.010739021
v  0.0214589592 -0.190860003 -0.0114989709
v  0.0213609692 -0.190926 -0.0114080217
v  0.0202579796 -0.190053895 -0.0121149905
v  0.0224919599 -0.191705003 -0.0106540211
v  0.0201689899 -0.190123007 -0.0120209903
v  0.0223879497 -0.191729993 -0.0105400011
v  0.0212689992 -0.190956995 -0.0112879705
v  0.0212019999 -0.190950006 -0.0111650117
v  0.020088939 -0.190158993 -0.0118970107
v  0.0223089792 -0.191715002 -0.0104229916
v  0.0213429593 -0.191293001 -0.0084919855
v  0.0200319588 -0.190158993 -0.0117710102
v  0.0175389983 -0.188512996 -0.0126370117
v  0.0155959399 -0.187687904 -0.0084919855
v  0.0149579998 -0.186846003 -0.0131379813
v  0.0150339901 -0.186779007 -0.0133960117
v  0.0176419895 -0.188458994 -0.0128940213
v  0.0123799797 -0.185095996 -0.0135990307
v  0.0096729761 -0.183519006 -0.0132629704
v  0.0123239504 -0.185175002 -0.0133430194
v  0.00970694982 -0.183429003 -0.0135170091
v  0.00704798708 -0.181909993 -0.012872979
v  0.0070559741 -0.181805 -0.0131230205
v  0.00448296126 -0.180381 -0.0120299906
v  0.0044509531 -0.180252999 -0.0122650098
v  0.00213799486 -0.179047003 -0.0105910189
v  0.00205794582 -0.178893998 -0.0107930191
v  0.00410095509 -0.180478007 -0.0084919855
v  4.19999706e-05 -0.177837998 -0.00864397548
v  0.000163999968 -0.178009003 -0.00849198364
v  0.00406697998 -0.180531994 -0.00774102611
v  -0.000356000033 -0.177759007 -0.00774102518
v  -0.000254000013 -0.177805007 -0.00789402984
v  -0.000384000014 -0.177632004 -0.00803201459
v  -0.000787995989 -0.177457005 -0.00740002701
v  -0.000409000029 -0.177390903 -0.00812297128
v  -0.000653945026 -0.177633002 -0.00727998326
v  -0.000819944078 -0.177215904 -0.0074729831
v  -0.000836991007 -0.177569002 -0.00699400017
v  -0.00118496304 -0.177329004 -0.00675599789
v  -0.00105597905 -0.177515 -0.00666098902
v  -0.00122197799 -0.177089006 -0.00679998705
v  -0.001333975 -0.177490994 -0.00626902794
v  -0.00160797697 -0.177322 -0.00613402389
v  -0.00148095994 -0.177505001 -0.00608300185
v  -0.00165995292 -0.177102 -0.00612400984
v  -0.00189098006 -0.177661002 -0.00566702196
v  -0.00208100025 -0.177536994 -0.00561498711
v  0.00367800007 -0.181152895 -0.00566702243
v  0.00330898818 -0.181740895 -0.00539498683
v  -0.00240298407 -0.178158 -0.00539599871
v  -0.00194599514 -0.177696005 -0.00562398694
v  0.00290999375 -0.182376996 -0.0053530247
v  0.00865695532 -0.185982004 -0.00535302516
v  0.0090569621 -0.185346007 -0.0053949873
v  0.00942496117 -0.184757993 -0.00566702336
v  0.01517299 -0.188363001 -0.00566702383
v  0.0154059799 -0.187990993 -0.00626902981
v  0.0096579548 -0.184386 -0.00626902934
v  0.0148039805 -0.188951001 -0.00539498776
v  0.0211529396 -0.191596001 -0.00626903027
v  0.0209199488 -0.191967994 -0.00566702429
v  0.0144049805 -0.189586893 -0.00535302563
v  0.0201519392 -0.193192005 -0.00535302656
v  0.0205509998 -0.192554995 -0.00539498823
v  0.0260129888 -0.195981994 -0.00539600197
v  0.0259409901 -0.195116907 -0.00566601055
v  0.0258999784 -0.196796998 -0.00535302702
v  0.0260939896 -0.196833998 -0.00531297317
v  0.0260179993 -0.195851997 -0.00541602913
v  0.0262309592 -0.195870906 -0.00538998237
v  0.0262549799 -0.196865007 -0.00519900909
v  0.0264079887 -0.195870906 -0.00528197922
v  0.026379969 -0.194933996 -0.00570499292
v  0.0261559784 -0.195004895 -0.00576602761
v  0.0260959584 -0.196834996 -0.00531100621
v  0.0258249994 -0.198207006 -0.00530200638
v  0.0256289598 -0.198167995 -0.00534301437
v  0.0253469683 -0.199536994 -0.00533300079
v  0.0255449694 -0.199579 -0.00529097952
v  0.0259879492 -0.198239997 -0.005185002
v  0.0261639692 -0.197898 -0.00501500908
v  0.0260919593 -0.198259994 -0.00501101604
v  0.0262569487 -0.196865007 -0.00519799627
v  0.0257089492 -0.199612007 -0.00517200865
v  0.02657995 -0.198111996 -0.00353800599
v  0.025812 -0.199633002 -0.00499498285
v  0.0255199987 -0.201003999 -0.00498002162
v  0.0254179593 -0.200983003 -0.00515901484
v  0.02494899 -0.202314004 -0.00526999915
v  0.02511397 -0.202350006 -0.00514697516
v  0.0252529699 -0.200947002 -0.00528102554
v  0.0246319491 -0.203676 -0.0052599851
v  0.0247969888 -0.203714997 -0.00513398089
v  0.0252159592 -0.202372 -0.00496500218
v  0.024944989 -0.204771906 -0.00383001054
v  0.0248979591 -0.203737006 -0.00494998228
v  0.0246819593 -0.204630002 -0.00494002877
v  0.0245649498 -0.205099002 -0.00493502151
v  0.0244659483 -0.205075994 -0.00512098754
v  0.0242999494 -0.205035001 -0.00524901878
v  0.0241179783 -0.206432894 -0.00510900747
v  0.0239519794 -0.206389993 -0.00523799146
v  0.0242169797 -0.206458002 -0.00492000161
v  0.023753969 -0.207787007 -0.00509601412
v  0.0237519499 -0.207785994 -0.00509798108
v  0.0234579798 -0.208849996 -0.00506502017
v  0.0235619899 -0.208863005 -0.00486898003
v  0.0238509495 -0.207811996 -0.00490498124
v  0.0231579896 -0.210795 -0.00409799442
v  0.0253459495 -0.204984993 -9.03347973e-06
v  0.0229959786 -0.211381003 -0.00351702748
v  0.0230129696 -0.210803002 -0.00440001162
v  0.0231689494 -0.210666001 -0.00423800573
v  0.0231689494 -0.211165994 -0.00344103156
v  0.0233309586 -0.211476997 -0.00136702857
v  0.0232469793 -0.211399004 -0.00245701848
v  0.0233129598 -0.209850997 -0.0046970211
v  0.0232129991 -0.211667001 -0.00136798248
v  0.0230729897 -0.211638004 -0.00246798643
v  0.022876 -0.211814895 -0.00135302148
v  0.0227909982 -0.211740002 -0.00245397957
v  0.0227229893 -0.211475998 -0.00353997573
v  0.0230249483 -0.211787 -0.0013610085
v  0.0231579896 -0.211714998 -0.00136601552
v  0.022845 -0.211839005 -9.03458567e-06
v  0.02306596 -0.211813003 -9.03458567e-06
v  0.0230239891 -0.211787 0.00134296541
v  0.0230249483 -0.211787 0.00134296541
v  0.0231579896 -0.211715907 0.00134796544
v  0.0232549589 -0.211693004 -9.03458567e-06
v  0.0232129991 -0.211667001 0.00134996546
v  0.0233729798 -0.211503997 -9.03452747e-06
v  0.0232429784 -0.211393997 0.00243294565
v  0.0233309586 -0.211476997 0.00134996546
v  0.0230689999 -0.211630002 0.00245094532
v  0.0227069594 -0.211468905 0.00352591556
v  0.0229799487 -0.211374 0.00350696151
v  0.0229359586 -0.211701006 0.00244891946
v  0.0231529791 -0.211158007 0.00343394559
v  0.0231309794 -0.210807994 0.00405693334
v  0.0253579896 -0.204937905 -9.03347973e-06
v  0.023271 -0.209834903 0.00469094794
v  0.0231399797 -0.210648999 0.00423091976
v  0.0229819696 -0.210786 0.00438791793
v  0.0235169791 -0.208836004 0.00486594811
v  0.0238069594 -0.207781002 0.00490093604
v  0.0249409992 -0.204715997 0.00378996576
v  0.0269929487 -0.198323995 -9.03237378e-06
v  0.0270029586 -0.198276907 -9.03237378e-06
v  0.0265779793 -0.198057994 0.00350195658
v  0.0284029599 -0.191607997 -9.03126784e-06
v  0.0279839896 -0.191400006 -0.00326400343
v  0.0284119584 -0.191560999 -9.03126784e-06
v  0.0268289801 -0.190821007 -0.00630097929
v  0.0291859787 -0.184648007 -0.00302200718
v  0.0262049697 -0.193909004 -0.00655400055
v  0.02960697 -0.184853002 -9.03016189e-06
v  0.0262899697 -0.194043905 -0.00635200087
v  0.0265349485 -0.194809005 -0.00556098763
v  0.0265319683 -0.195850998 -0.00510602631
v  0.0290509798 -0.177310005 -0.0054100058
v  0.0296149589 -0.184807003 -9.03016189e-06
v  0.0250259992 -0.175313994 -0.00955699943
v  0.0298479497 -0.170503005 -0.00513200881
v  0.0313899815 -0.171240002 -9.02795e-06
v  0.0261969883 -0.183164001 -0.00833599828
v  0.0280409791 -0.184086993 -0.00580697367
v  0.0306049883 -0.178058997 -9.02905595e-06
v  0.0306119584 -0.178012997 -9.02905595e-06
v  0.0290299989 -0.177247003 0.00537092285
v  0.0291859787 -0.184597999 0.00299293501
v  0.0280059893 -0.184015006 0.00575692207
v  0.0313939787 -0.171194002 -9.02795e-06
v  0.0298379995 -0.170448005 0.00510091521
v  0.0250109695 -0.175255999 0.00952596217
v  0.0261419695 -0.183080003 0.00826395303
v  0.0319549814 -0.164426997 -9.02684405e-06
v  0.0304229595 -0.163699999 -0.00497798948
v  0.0319589712 -0.164380997 -9.02684405e-06
v  0.0267549492 -0.161945894 -0.00882397965
v  0.0307789799 -0.156781003 -0.00493799383
v  0.0323039629 -0.157486007 -9.02573811e-06
v  0.0260189492 -0.168641999 -0.00907098129
v  0.0304219387 -0.163652003 0.00495494436
v  0.0323049724 -0.157438904 -9.02573811e-06
v  0.030785 -0.156736001 0.00492097111
v  0.0324349701 -0.150398999 -9.02457396e-06
v  0.030932989 -0.149692997 0.00497795455
v  0.0272439383 -0.155109003 0.0087829344
v  0.0267559588 -0.161898002 0.00880391523
v  0.0309219696 -0.149734005 -0.00498996722
v  0.0324359797 -0.150350004 -9.02457396e-06
v  0.0323509909 -0.143327996 -9.0234098e-06
v  0.0308549684 -0.142710999 -0.00510202348
v  0.0308699887 -0.142672002 0.00509293284
v  0.0323499814 -0.143279001 -9.0234098e-06
v  0.0275029894 -0.141403005 -0.00922797248
v  0.0306009986 -0.13572 -0.00524698105
v  0.0320679918 -0.136283904 -9.02224565e-06
v  0.0274809897 -0.148268893 -0.00895397365
v  0.032064952 -0.136234 -9.02224565e-06
v  0.0306179784 -0.135682002 0.00523991929
v  0.0316099785 -0.129237995 -9.0211397e-06
v  0.0302029587 -0.128693894 0.00539393909
v  0.0273489691 -0.134526998 0.00955493748
v  0.0275149699 -0.141362995 0.009215964
v  0.0301839393 -0.128731996 -0.00539998477
v  0.0316059887 -0.129187003 -9.0211397e-06
v  0.0309989788 -0.122199997 -9.01997555e-06
v  0.0296249688 -0.121756002 -0.00554899499
v  0.0309939682 -0.122148 -9.01997555e-06
v  0.0296429694 -0.121716999 0.0055429507
v  0.0302510001 -0.115176998 -9.0188114e-06
v  0.0289399885 -0.114795998 -0.00568596553
v  0.03024498 -0.115125 -9.0188114e-06
v  0.0259579699 -0.114111997 -0.0106069781
v  0.0265459698 -0.120918997 -0.0102759991
v  0.0216609593 -0.113456003 -0.0142339785
v  0.0222289898 -0.120025001 -0.0137209687
v  0.019655969 -0.119547002 -0.01421896
v  0.0200949591 -0.125973895 -0.0136260204
v  0.0226509888 -0.126599997 -0.0131709911
v  0.0176619589 -0.125411004 -0.0129880104
v  0.0179319698 -0.131699994 -0.0124090109
v  0.0203529894 -0.132404998 -0.0130140018
v  0.0179619491 -0.137998894 -0.0118499827
v  0.0229129493 -0.133176997 -0.0126010012
v  0.0204049684 -0.138846904 -0.0124149732
v  0.0229919888 -0.139763996 -0.0120439921
v  0.02021298 -0.145297006 -0.011888003
v  0.0177159589 -0.144296005 -0.0113689732
v  0.0136579601 -0.142620996 -0.00867001712
v  0.0128789898 -0.148633003 -0.00851701386
v  0.0171519797 -0.150578007 -0.0110379849
v  0.0108559402 -0.141385004 -0.00473396387
v  0.00990495738 -0.147256002 -0.00467501627
v  0.0140719702 -0.136565 -0.00895397179
v  0.01143 -0.135453001 -0.0048609809
v  0.0141509501 -0.130482003 -0.00931398198
v  0.00972495135 -0.140870005 -9.02300235e-06
v  0.0103559848 -0.134973004 -9.02207103e-06
v  0.0116419503 -0.129475996 -0.00502501195
v  0.00973097142 -0.140829995 -9.02300235e-06
v  0.0139189698 -0.124402002 -0.00970397145
v  0.010358965 -0.134931996 -9.02207103e-06
v  0.0106209805 -0.129029006 -9.0210815e-06
v  0.0114499601 -0.135422006 0.00484092627
v  0.0141500002 -0.130439907 0.00930894911
v  0.01407299 -0.136522993 0.00894595683
v  0.0108729899 -0.141351894 0.00471492019
v  0.0176549889 -0.125365004 0.0129889399
v  0.00872794446 -0.146663994 -9.02399188e-06
v  0.00871995743 -0.146703005 -9.02399188e-06
v  0.0073169833 -0.152542993 -9.0249232e-06
v  0.00730595598 -0.152583003 -9.0249232e-06
v  0.00853798445 -0.153165907 -0.00471501239
v  0.00549796829 -0.158421904 -9.02585452e-06
v  0.0054839612 -0.158461004 -9.02591273e-06
v  0.01169095 -0.154668003 -0.0085559953
v  0.016226979 -0.156856999 -0.0109309945
v  0.0197329801 -0.151743993 -0.0115079749
v  0.02244398 -0.152972907 -0.0112119745
v  0.0217399895 -0.159528002 -0.0110819768
v  0.0272379797 -0.155154005 -0.00880001672
v  0.0228499491 -0.146366999 -0.011557024
v  0.0207169987 -0.166012004 -0.0112249665
v  0.0193709396 -0.172428995 -0.011664968
v  0.0171769597 -0.119126998 -0.0135549698
v  0.0164979994 -0.1128489 -0.0140889678
v  0.0190499686 -0.113124996 -0.0147719793
v  0.0209539793 -0.106899999 -0.0146990176
v  0.0182879884 -0.106716 -0.0152759869
v  0.0156399887 -0.106586002 -0.0145799872
v  0.0273349583 -0.134565994 -0.00956599228
v  0.0270089786 -0.127737895 -0.00992397033
v  0.0274909493 -0.148227006 0.00893993489
v  0.0228509586 -0.146320894 0.0115359556
v  0.0197309591 -0.151697904 0.0114909448
v  0.0224459488 -0.152927905 0.0111929253
v  0.0217439793 -0.159483001 0.0110669248
v  0.0260129888 -0.168589994 0.00904495642
v  0.0237649996 -0.181863993 0.0102339461
v  0.0223009884 -0.188401893 0.0111289583
v  0.0216009896 -0.190443903 0.0115599688
v  0.0249109585 -0.189833894 -0.00907801837
v  0.0223369896 -0.188473895 -0.0111730006
v  0.0228729583 -0.191303998 -0.0107829999
v  0.0239349883 -0.192044005 -0.0098559726
v  0.0243729688 -0.192357004 -0.00939100236
v  0.0254119895 -0.193131 -0.00801598281
v  0.0248819888 -0.192728907 -0.00876998343
v  0.0237889588 -0.181927994 -0.0102709997
v  0.0248189885 -0.192857996 -0.00879501738
v  0.0253489893 -0.193259999 -0.00804203004
v  0.0252469499 -0.193382993 -0.00804000534
v  0.0247179586 -0.192982003 -0.00878899731
v  0.0238689482 -0.192169994 -0.00988101214
v  0.0257199686 -0.193786994 -0.0072489907
v  0.0255959891 -0.193872005 -0.0072280108
v  0.0251239892 -0.193472996 -0.00800698437
v  0.0259969495 -0.194330007 -0.00644200388
v  0.0258619487 -0.194376007 -0.00642102258
v  0.0254589599 -0.193921 -0.00718098274
v  0.0252249595 -0.193915993 -0.00699400296
v  0.0253179986 -0.193927005 -0.00711100688
v  0.0249899887 -0.193524003 -0.00794702023
v  0.0248539783 -0.193531007 -0.00786297955
v  0.02446899 -0.193127006 -0.00868200511
v  0.0245979689 -0.193073004 -0.00875001401
v  0.0236569997 -0.192386001 -0.00982402079
v  0.0235369485 -0.192443997 -0.0097470209
v  0.0243389886 -0.193137005 -0.00858902186
v  0.0247429889 -0.193497002 -0.00777398841
v  0.0242349785 -0.193105906 -0.00849198736
v  0.0234199483 -0.192460999 -0.00964199193
v  0.0233279783 -0.192438006 -0.00953399204
v  0.024766 -0.193515003 -0.00774102798
v  0.0213089883 -0.191347003 -0.00774102705
v  0.01556197 -0.187741905 -0.00774102705
v  0.0155109502 -0.187822893 -0.00699400203
v  0.0212579686 -0.191428006 -0.00699400203
v  0.00976297911 -0.184219003 -0.0069940011
v  0.00391099509 -0.180781007 -0.00626902841
v  0.00401595794 -0.180613905 -0.0069940011
v  0.00981399976 -0.184137002 -0.00774102611
v  0.00984797534 -0.184083 -0.0084919855
v  0.0252019484 -0.193893999 -0.00703399675
v  0.0237699486 -0.192293003 -0.00986998156
v  0.0256019495 -0.194368005 -0.00630801264
v  0.0256229993 -0.194399998 -0.00626903074
v  0.0259089787 -0.195004895 -0.00573097961
v  0.0261189695 -0.194253996 -0.00643699663
v  0.0258229692 -0.193667993 -0.00724100368
v  0.0258849598 -0.193544 -0.00721000927
v  0.0263619684 -0.196884006 -0.00502597727
v  0.0263109487 -0.196854994 0.00501895463
v  0.0261229593 -0.197822005 0.00500894105
v  0.0260419585 -0.198229998 0.00500393379
v  0.0264799893 -0.195806995 0.00510293804
v  0.0257629491 -0.199603006 0.00498891342
v  0.0254719593 -0.200974002 0.00497395219
v  0.02516797 -0.202342004 0.0049599451
v  0.0262049697 -0.196834996 0.00518495403
v  0.0259369891 -0.198209003 0.00517291389
v  0.0254959799 -0.199549004 0.00527495658
v  0.0256579798 -0.199581996 0.00515991915
v  0.0252049901 -0.200917006 0.00526494253
v  0.0253679492 -0.200951904 0.00514793815
v  0.0250649787 -0.202319995 0.00513494387
v  0.02490196 -0.202282995 0.00525391474
v  0.0245849788 -0.203645006 0.00524396077
v  0.0247489493 -0.203683004 0.0051229638
v  0.02464596 -0.204555005 0.00493592443
v  0.0248509999 -0.203706995 0.00494492473
v  0.0244179685 -0.205044001 0.0051109232
v  0.0242539998 -0.205004007 0.00523394765
v  0.0245189983 -0.205068007 0.0049299635
v  0.0240709484 -0.206401005 0.0050989422
v  0.0239069797 -0.206358999 0.00522292033
v  0.0241709687 -0.206426993 0.00491595641
v  0.0237069391 -0.207754999 0.00508594792
v  0.0237059891 -0.207754001 0.00508791488
v  0.0234119594 -0.208821997 0.00505590811
v  0.0235439893 -0.207710996 0.00521195307
v  0.0232429784 -0.208785996 0.00518095773
v  0.023146959 -0.209867001 0.00488591474
v  0.0229539592 -0.209861904 0.00500792591
v  0.02302799 -0.208759993 0.0052199401
v  0.0227289498 -0.209821001 0.00503695291
v  0.0227409899 -0.210843995 0.00446993345
v  0.0177019592 -0.206699997 0.00502795354
v  0.0182779692 -0.205780998 0.00522393361
v  0.0230359696 -0.208735004 0.00522196619
v  0.0235429686 -0.207709998 0.00521296589
v  0.0233429987 -0.207654998 0.00525695411
v  0.0237079598 -0.206306905 0.00526690856
v  0.0188639499 -0.204845995 0.00525695458
v  0.02470598 -0.202239007 0.00529593695
v  0.0130849797 -0.201221004 0.00525695551
v  0.0243879892 -0.203599006 0.0052859229
v  0.0240549799 -0.204954997 0.0052769226
v  0.0124989497 -0.202156007 0.00522393407
v  0.00671998318 -0.198532 0.005223935
v  0.0119219702 -0.203075007 0.005027954
v  0.0172039587 -0.207493007 0.0044619469
v  0.0114249904 -0.203868002 0.00446194783
v  0.00614295015 -0.199450001 0.00502795447
v  0.00564596709 -0.200242907 0.00446194829
v  0.000363999978 -0.195825905 0.00502795493
v  0.00093999994 -0.194906995 0.00522393547
v  -0.00425197976 -0.190347001 0.00525695691
v  -0.00483896583 -0.191282004 0.00522393594
v  -0.00541498605 -0.192201003 0.00502795586
v  -0.00995995011 -0.188069001 0.0052239364
v  -0.00925096218 -0.187211007 0.00525695784
v  -0.00995094981 -0.188058004 0.00522494921
v  -0.00759496633 -0.185144007 0.00527591165
v  -0.00776197761 -0.185012907 0.00522894366
v  -0.00941797346 -0.187074006 0.0052089165
v  -0.00941898674 -0.187074006 0.00520796282
v  -0.0101149902 -0.187913001 0.00517696841
v  -0.0102409897 -0.187792003 0.00503993733
v  -0.00955094956 -0.186964005 0.00507295877
v  -0.00789698306 -0.184904903 0.00509596569
v  -0.00628294796 -0.182815 0.00512094004
v  -0.00955196004 -0.186964005 0.00507093174
v  -0.00852098409 -0.185534 0.00489193853
v  -0.00797399227 -0.184843004 0.00490195258
v  -0.00636299793 -0.182752997 0.00493193418
v  -0.00874795765 -0.185409993 0.00372994668
v  -0.00548496097 -0.180311993 -9.0294634e-06
v  -0.00905098766 -0.185246006 -9.0302201e-06
v  -0.00546094077 -0.180277005 -9.0294634e-06
v  -0.0116729895 -0.189087003 0.00397492107
v  -0.00962693989 -0.186901003 0.00487292465
v  -0.0103069702 -0.187716007 0.00483793626
v  -0.01047095 -0.187905997 0.00481296238
v  -0.0104109803 -0.187987998 0.00501591619
v  -0.0106369397 -0.188093007 0.00477791531
v  -0.0109689403 -0.188452005 0.00466091093
v  -0.0115349498 -0.188981995 0.00418991502
v  -0.0102889696 -0.188115999 0.00515193399
v  -0.0104539599 -0.188036993 0.00500894245
v  -0.0103329597 -0.188166007 0.00514591439
v  -0.0104969898 -0.188087001 0.00499994215
v  -0.01055397 -0.187999994 0.00479692826
v  -0.0105839595 -0.188183993 0.00498092826
v  -0.0109379496 -0.188569993 0.00486291107
v  -0.0104660001 -0.188319996 0.00511694606
v  -0.0103769498 -0.188216999 0.00513691315
v  -0.0101929503 -0.188344002 0.00518394122
v  -0.0103559699 -0.188191995 0.00513792736
v  -0.0102149397 -0.188369006 0.00518292841
v  -0.0101699401 -0.188317001 0.00519294245
v  -0.01012595 -0.188264996 0.00519896206
v  -0.0106799798 -0.188901007 0.00503493007
v  -0.0113349697 -0.189591005 0.00446093688
v  -0.00591196911 -0.192993894 0.00446194969
v  -0.0115109896 -0.189409003 0.00443292316
v  -0.0103049502 -0.188473895 0.00516194711
v  -0.0106749702 -0.188895002 0.00503695616
v  -0.01177694 -0.189945906 0.003506965
v  -0.0113529703 -0.189607993 0.004435963
v  -0.0120109497 -0.189475998 0.00345594296
v  -0.0115769701 -0.189180002 0.00434292015
v  -0.0119639803 -0.189746007 0.00348193105
v  -0.0108329803 -0.188728005 0.00499696238
v  -0.011992 -0.190016001 0.00241792807
v  -0.0117909499 -0.189953998 0.00345790992
v  -0.0121789798 -0.189808995 0.00240994105
v  -0.0119959898 -0.190016001 0.00238496694
v  -0.0122659998 -0.189784005 0.00132896903
v  -0.0122669498 -0.189781994 0.00132896903
v  -0.0122229597 -0.189530998 0.00241691526
v  -0.0123110004 -0.189504996 0.0013389691
v  -0.0123110004 -0.189505905 0.0013389691
v  -0.0122289797 -0.189232007 -9.03091859e-06
v  -0.0123399701 -0.189487904 -9.03091859e-06
v  -0.00907798856 -0.185279995 -9.03027831e-06
v  -0.0121869603 -0.189257994 -0.0013660118
v  -0.0122009702 -0.189248994 0.00134196912
v  -0.0122979498 -0.189513996 -0.00136297196
v  -0.0121149598 -0.189276904 0.00240392098
v  -0.0119149899 -0.189229995 0.00338894827
v  -0.01219799 -0.189548999 -0.00243901508
v  -0.0120889703 -0.189292997 -0.0024260208
v  -0.0116319796 -0.189124003 -0.00398700684
v  -0.0118769603 -0.189254895 -0.00341098756
v  -0.0119709596 -0.189502999 -0.00347702997
v  -0.0119239902 -0.189771995 -0.00349902362
v  -0.0121529903 -0.189825997 -0.00243001408
v  -0.0114580002 -0.189444005 -0.00444602175
v  -0.0115239797 -0.189216003 -0.00436197966
v  -0.0114839897 -0.189016894 -0.00421302766
v  -0.0108769704 -0.188611999 -0.00488101691
v  -0.0107729603 -0.188769907 -0.00500898762
v  -0.0100529995 -0.187957004 -0.00519298762
v  -0.0101769799 -0.187837005 -0.00506102294
v  -0.0109089799 -0.188492998 -0.00468497677
v  -0.00935598463 -0.187117904 -0.00522600813
v  -0.0102449795 -0.187759906 -0.00486402959
v  -0.00948896259 -0.187009007 -0.00509398337
v  -0.00948699564 -0.187010005 -0.00509499712
v  -0.00873395056 -0.18547 -0.00374501152
v  -0.00956495013 -0.186945006 -0.00490003033
v  -0.00848396868 -0.185607001 -0.00491898414
v  -0.0079119429 -0.184884995 -0.00492899818
v  -0.00783398096 -0.184948996 -0.00511800451
v  -0.00710197585 -0.183844 -0.00494401762
v  -0.00514294999 -0.180493996 -0.00343101332
v  -0.00630297605 -0.182794005 -0.00495897885
v  -0.00702198595 -0.183907002 -0.00513099786
v  -0.00622096006 -0.182857007 -0.00514297886
v  -0.00688698189 -0.184011906 -0.00525801489
v  -0.00769998878 -0.185055003 -0.00524800224
v  -0.00753494352 -0.185185 -0.00529300328
v  -0.00672294991 -0.184138998 -0.00530301686
v  -0.00935497228 -0.187119007 -0.00522702141
v  -0.00919099897 -0.187252894 -0.0052739908
v  -0.00989099033 -0.188100904 -0.00523798866
v  -0.00482895272 -0.191291004 -0.00524001615
v  -0.00989898015 -0.188111007 -0.00523697585
v  -0.00540497201 -0.192209005 -0.00504397647
v  -0.01061799 -0.188935906 -0.00504498882
v  -0.0106199598 -0.188938007 -0.00504397601
v  -0.005901956 -0.193001002 -0.00447803084
v  -0.0112819895 -0.189622894 -0.0044749896
v  -0.0113039799 -0.189642996 -0.00444500893
v  -0.0117369499 -0.189970002 -0.00352298468
v  -0.00618394511 -0.193452001 -0.00352298561
v  -0.00012500002 -0.196623996 -0.0044780313
v  -0.000406999956 -0.197074994 -0.00352298608
v  -0.00627895491 -0.193601996 -0.00243597548
v  0.00614897022 -0.199456006 -0.00504397787
v  0.00565198716 -0.200248003 -0.00447803177
v  0.00037199998 -0.195832998 -0.00504397741
v  0.000947999943 -0.194914907 -0.00524001662
v  0.00672498904 -0.198538005 -0.00524001708
v  0.00731096324 -0.197604001 -0.0052739922
v  0.00153396092 -0.193979993 -0.00527399173
v  0.0250549596 -0.200903997 -0.00532298768
v  0.01308796 -0.201226994 -0.00527399266
v  0.0188649595 -0.204851002 -0.00527399359
v  0.0125019904 -0.202161998 -0.00524001801
v  0.0247489493 -0.202268004 -0.00531398691
v  0.0244309586 -0.203628004 -0.00530397426
v  0.0240979493 -0.204984993 -0.00529402075
v  0.0237489697 -0.206337005 -0.00528400671
v  0.023383949 -0.207684904 -0.00527399406
v  0.0182779692 -0.205785006 -0.00524001848
v  0.0230759699 -0.208762005 -0.00523697911
v  0.0235879701 -0.207741007 -0.00522797927
v  0.0232879799 -0.208813995 -0.00519400416
v  0.0235889889 -0.207742006 -0.00522702513
v  0.0231899898 -0.209887996 -0.00489401398
v  0.0230679791 -0.208789006 -0.00523602497
v  0.0229939483 -0.209885001 -0.0050200182
v  0.0227709692 -0.210860997 -0.00448703347
v  0.0227629896 -0.209845006 -0.00504898606
v  0.0227559488 -0.209870905 -0.00503998622
v  0.0224469583 -0.211409003 -0.00352203473
v  0.0225109793 -0.210822895 -0.00447600754
v  0.0225109793 -0.210821003 -0.00447702035
v  0.0172059797 -0.207495004 -0.00447803317
v  0.0169229787 -0.207945004 -0.00352298794
v  0.0111459801 -0.204321995 -0.00352298701
v  0.0168289896 -0.208095998 -0.00243597804
v  0.0110519798 -0.204472005 -0.00243597734
v  0.0114289802 -0.203870997 -0.00447803224
v  0.00536999712 -0.200699002 -0.00352298655
v  0.00527498731 -0.200848907 -0.00243597687
v  -0.000501953997 -0.197225004 -0.00243597617
v  -0.000513994019 -0.197246 -0.00133299222
v  0.00526199304 -0.200868994 -0.00133299292
v  0.00525597297 -0.200865 0.00131396716
v  -0.000522994087 -0.197240993 0.00131396786
v  -0.00629099505 -0.193621904 -0.00133299152
v  -0.0119669596 -0.190033004 -0.00243597501
v  -0.0120679904 -0.189998999 -0.00133299106
v  -0.0121090002 -0.189972907 -6.03101216e-06
v  -0.00630196184 -0.193616003 0.00131396833
v  -0.00628998177 -0.193596005 0.00241792738
v  -0.0120820003 -0.189990893 0.00131396903
v  -0.000510954065 -0.197219998 0.00241792668
v  -0.00619497197 -0.193444997 0.00350595056
v  -0.000416000024 -0.197070003 0.00350594986
v  -0.000133000023 -0.196619004 0.00446194876
v  0.00526896724 -0.200845003 0.00241792621
v  0.00536296424 -0.200694993 0.0035059494
v  0.00526199304 -0.200868994 0.00131396716
v  0.0110479901 -0.204469994 0.00241792575
v  0.011035 -0.204490006 0.00131396658
v  0.0168139692 -0.208114997 0.001313966
v  0.0110389898 -0.204493001 -0.00133299339
v  0.00526294718 -0.200868994 -0.00133299292
v  0.0168159883 -0.208115906 -0.00133299408
v  0.0225079991 -0.211665004 -0.0024359785
v  0.0225929897 -0.211739004 -0.00133299455
v  0.0226339996 -0.211765006 -9.03458567e-06
v  0.0228039883 -0.211813003 -0.00134801446
v  0.022508949 -0.211667001 -0.00242203055
v  0.0225929897 -0.211740002 0.00131396542
v  0.0225069784 -0.211656004 0.00241792435
v  0.022508949 -0.211658001 0.00240296451
v  0.0228039883 -0.211813003 0.00132996542
v  0.0227889698 -0.211730003 0.00243896549
v  0.0228749793 -0.211815998 0.00133496546
v  0.0168269593 -0.208094999 0.00241792505
v  0.0224309899 -0.211401895 0.00350696151
v  0.0224319994 -0.211410001 0.00348395342
v  0.0169209596 -0.207944006 0.003505948
v  0.0111419903 -0.204319999 0.0035059487
v  0.0224839784 -0.210803002 0.00446093362
v  0.0224829596 -0.210810006 0.00445395941
v  0.022720959 -0.209848896 0.00502795307
v  0.0224469583 -0.211417004 -0.00350099429
v  -0.0122529501 -0.189793006 -0.00135099213
v  -0.0122949695 -0.189763993 -8.03091098e-06
v  -0.0122539597 -0.189789996 -0.00135099213
v  -0.0119719701 -0.190033004 -0.00240098708
v  -0.0117529798 -0.189979002 -0.00346999569
v  0.0119259702 -0.203079 -0.00504397834
v  0.0177029688 -0.206703007 -0.0050439788
v  -0.00424297992 -0.190357 -0.00527399126
v  -0.00435396284 -0.180946007 -0.00533299753
v  -0.00513198273 -0.182019994 -0.00532298489
v  -0.00592198269 -0.183083996 -0.00531297084
v  -0.00608595507 -0.182959005 -0.00526898308
v  -0.00529595511 -0.181897894 -0.00527899573
v  -0.00451799482 -0.180828005 -0.00529002259
v  -0.00375398295 -0.179748997 -0.00530098937
v  -0.00388994114 -0.179653004 -0.00518201943
v  -0.00465395395 -0.18073 -0.00516902516
v  -0.00475999014 -0.180696994 -0.00498997234
v  -0.0047389497 -0.180667907 -0.00498997234
v  -0.00543197291 -0.181797996 -0.00515597174
v  -0.00397499697 -0.179591998 -0.00500600645
v  -0.00186594611 -0.175308004 -0.00313799549
v  -0.00322499219 -0.178506002 -0.00502299285
v  -0.00220795814 -0.175133005 -9.02859028e-06
v  -0.00275298301 -0.177835003 -0.00507699512
v  -0.00218697684 -0.177210003 -0.00539999269
v  -0.00162597804 -0.176887006 -0.00605498813
v  -0.00152095512 -0.176860005 -0.00620697998
v  -0.000897967024 -0.175806895 -0.00609498285
v  -0.002165996 -0.177366003 -0.00553601095
v  -0.00268098013 -0.177921996 -0.00524597382
v  -0.00255998317 -0.178035006 -0.00535701774
v  -0.00313796895 -0.178567007 -0.00519602606
v  -0.00313796895 -0.178567007 -0.00519501185
v  -0.00300296396 -0.178660005 -0.00531100342
v  -0.00300195115 -0.178660005 -0.00531201623
v  -0.00358899683 -0.179864004 -0.00534301158
v  -0.00240298407 -0.178158894 -0.00539599871
v  -0.00283797923 -0.178772002 -0.00535302423
v  -0.00115694909 -0.176853001 -0.00678001903
v  -0.000741981086 -0.176976994 -0.00747900316
v  -0.000322000065 -0.177149996 -0.00813900493
v  0.000114999973 -0.177356005 -0.00876497291
v  2.39999499e-05 -0.177597001 -0.00874500535
v  2.29999714e-05 -0.177598998 -0.00874399208
v  0.000274999969 -0.177433997 -0.00897698663
v  4.09999629e-05 -0.177836999 -0.00864498876
v  0.00207397901 -0.178666994 -0.0109259989
v  -0.00551494304 -0.181734994 -0.00497501297
v  -0.00614698976 -0.182918996 0.00524992496
v  -0.00549294893 -0.181757003 0.00513393432
v  -0.00557496492 -0.181694999 0.00494796829
v  -0.00535597699 -0.181858003 0.00525993807
v  -0.0047149891 -0.180690005 0.00514591578
v  -0.00479795784 -0.180629 0.00496292859
v  -0.00479497807 -0.180625007 0.00496292859
v  0.0253019594 -0.199507996 0.00531495037
v  0.0244379994 -0.100506999 0.0111649837
v  0.0234919488 -0.09375 0.0113939848
v  0.0224259794 -0.0870049521 0.0115749463
v  0.0238609593 -0.0802089497 0.00606795587
v  0.0212509893 -0.0803049803 0.0116999373
v  0.0179829895 -0.087282002 0.0157259256
v  0.0167229492 -0.0808100104 0.0159339476
v  0.0199799892 -0.0736529827 0.0117629375
v  0.0153409597 -0.0743759796 0.0160559583
v  0.0137219699 -0.0812199712 0.0166399665
v  0.0122369798 -0.0749209523 0.0167809371
v  0.0105829602 -0.0816869736 0.0159439668
v  0.00896797236 -0.0755219981 0.0160889886
v  0.00585797988 -0.0822779536 0.0118539575
v  0.00405595312 -0.0763349533 0.0119639877
v  0.00334898196 -0.0823729634 0.00612994423
v  0.00245997915 -0.0823929906 -9.0135145e-06
v  0.00415698299 -0.0880579874 -9.01438762e-06
v  0.00150594697 -0.0765869617 0.00616397941
v  0.00244597206 -0.0823479816 -9.01345629e-06
v  0.00335297594 -0.0824129507 -0.00614795554
v  0.00151399395 -0.0766279623 -0.0061819898
v  0.000628999958 -0.0766760111 -9.01258318e-06
v  0.00061399996 -0.0766319633 -9.01252497e-06
v  -0.000347000023 -0.0710549876 -0.00617996184
v  0.00221697101 -0.0705849528 -0.0120219905
v  -0.00035799999 -0.0710159466 0.00616195332
v  -0.00121196406 -0.0711919591 -9.01165185e-06
v  -0.00122597103 -0.0711509511 -9.01165185e-06
v  -0.00233098213 -0.0653389618 0.00612494024
v  -0.00316496985 -0.0655969903 -9.01077874e-06
v  -0.00231596082 -0.0653839707 -0.00614300556
v  -0.00468196813 -0.0587229691 -0.00607600994
v  -0.00197794288 -0.058166977 -0.0119070094
v  -0.00317999022 -0.0655530021 -9.01072053e-06
v  0.000260999979 -0.0647229478 -0.0119949803
v  -0.00431396905 -0.0513649471 -0.0117749777
v  -0.00718899909 -0.0517149493 -0.00598797249
v  -0.00557895796 -0.0588559508 -9.00967279e-06
v  -0.00811799709 -0.05182999 -9.00850864e-06
v  -0.00813498348 -0.0517819487 -9.00850864e-06
v  -0.00962295011 -0.0448309705 -0.0058879545
v  -0.0106149502 -0.0448489711 -9.0074027e-06
v  -0.0105999904 -0.0448929593 -9.0074027e-06
v  -0.01198598 -0.0378719494 -0.00578799611
v  -0.00964298006 -0.0447839387 0.00587096857
v  -0.00720896572 -0.051664941 0.00596997049
v  -0.00660797302 -0.0445939787 0.0115929525
v  -0.00880398694 -0.0378059708 0.0114299934
v  -0.0120049901 -0.0378279611 0.00577095291
v  -0.0108399596 -0.0309679527 0.0112779457
v  -0.00751599018 -0.032278005 0.0136869848
v  -0.00593497697 -0.0377140045 0.0138269942
v  -0.00749196857 -0.0323179923 0.0136959851
v  -0.00540395873 -0.0357739925 0.0144069437
v  -0.00449695485 -0.0352169834 0.0146109741
v  -0.00661494583 -0.0317279622 0.0139679536
v  -0.00423695892 -0.0376439653 0.0147619527
v  -0.00322296517 -0.0392379723 0.0150479339
v  -0.00231894199 -0.0386799537 0.0151759628
v  -0.000980996061 -0.0426689945 0.0156079829
v  -0.000835978077 -0.042887982 0.0156409424
v  -9.0000045e-05 -0.0421189629 0.0156549439
v  -0.00387295382 -0.0443619452 0.0140029434
v  -8.80000298e-05 -0.0440029539 0.0158019923
v  0.00219098292 -0.045544982 0.0160379633
v  0.000744999968 -0.0416749753 0.0151529536
v  -0.00142999808 -0.0382219553 0.0147239827
v  -0.00293197483 -0.0345339738 0.0133659542
v  -0.00356497709 -0.0347499847 0.0142189544
v  0.000561999972 -0.0403439924 0.0141319931
v  -0.000855945982 -0.0380159654 0.013844993
v  -0.00223394483 -0.0330649614 0.0108989738
v  -0.00335999625 -0.033803992 0.013257945
v  0.00194499502 -0.0394379385 0.0108989738
v  0.000700999983 -0.0311409812 0.00802097004
v  -0.00347694103 -0.0247679912 0.00802097097
v  -0.00641199294 -0.0266919713 0.0108989757
v  -0.00495596975 -0.031032972 0.0128289759
v  -0.00691195577 -0.0275089722 0.0122339446
v  -0.00564798014 -0.0312569737 0.0136439446
v  -0.00766398758 -0.0277400017 0.0129989646
v  -0.0071069831 -0.0271479413 0.0121699851
v  -0.00866194908 -0.0282070022 0.0132449549
v  -0.00959093962 -0.0241949521 0.0122809671
v  -0.00877698604 -0.0239619613 0.0115819871
v  -0.0104679596 -0.020505961 0.0108989757
v  -0.00765498821 -0.0183949415 0.00802097283
v  -0.0105629703 -0.0203019921 0.0108569562
v  -0.0105290003 -0.0203759614 0.0108719766
v  -0.0114009595 -0.0206049625 0.0114899557
v  -0.0118329702 -0.0120219514 0.00802097283
v  -0.0121419597 -0.0133559713 0.00858095754
v  -0.0120629901 -0.0168550014 0.0101159569
v  -0.0121319499 -0.0167489611 0.0101159569
v  -0.0130549902 -0.016964972 0.0106329657
v  -0.00395795004 -0.0159710012 0.00699094404
v  -0.00813695136 -0.00959795807 0.00699094543
v  -0.0122419801 -0.0122900009 0.00827798806
v  -0.0122569995 -0.0121189905 0.00823298655
v  -0.0123219695 -0.0112769613 0.00801995955
v  -0.01234998 -0.0108709913 0.00792494975
v  -0.011992 -7.3001007e-05 0.00699094683
v  -0.0123149902 -0.00322496891 0.00699094636
v  -0.0124629904 -0.00834196899 0.0074289795
v  -0.0124599496 -0.00579696894 0.00710896309
v  -0.0125639597 -0.00320994901 0.00705794152
v  -0.0125629501 -0.00320994901 0.00705698831
v  -0.0126809701 -0.00578898191 0.00719294604
v  -0.0127469497 -0.00319898198 0.00724098738
v  -0.0128389802 -0.00577294873 0.00737295207
v  -0.0126569495 -0.00833499525 0.00752798375
v  -0.0122389998 -3.70010093e-05 0.00705794198
v  -0.0124199595 -1.00010411e-05 0.00724098785
v  -0.0127479602 -0.00319898198 0.00724194152
v  -0.0118219396 0.00311898999 0.00724098831
v  -0.0116439601 0.00307696918 0.00705794245
v  -0.0114009595 0.00301796012 0.00699094729
v  -0.0105239898 0.00603395607 0.00699094776
v  -0.0127910003 -0.00831496809 0.00769797573
v  -0.0125169903 -0.010861991 0.00802997313
v  -0.0126289902 -0.0108369505 0.00818893872
v  -0.0124099404 -0.0121079609 0.00833997689
v  -0.0126719698 -0.0107989907 0.00837794505
v  -0.0128399897 -0.00828397274 0.00790694915
v  -0.01251294 -0.0120799514 0.00849196874
v  -0.0125519801 -0.0120389406 0.00867096148
v  -0.0126529504 -0.0110039711 0.00899097882
v  -0.0124719897 -0.0127669508 0.00899097882
v  -0.0125369597 -0.0127750011 0.00923899375
v  -0.0124129802 -0.0132679911 0.0090009924
v  -0.0122399498 -0.0148800006 0.00937197171
v  -0.0122329798 -0.0148809506 0.00935599767
v  -0.0123749599 -0.0133119812 0.00883296691
v  -0.0123349596 -0.0133279506 0.00875697099
v  -0.0122199804 -0.0150099909 0.00939295068
v  -0.0121169901 -0.0161280017 0.00978097878
v  -0.0123589803 -0.0148679614 0.00953594409
v  -0.0125109702 -0.0149629721 0.00965395942
v  -0.0125309397 -0.0148739815 0.00963995233
v  -0.0137209501 -0.0131179616 0.00965396129
v  -0.0140399495 -0.0126319518 0.00965396129
v  -0.0138519602 -0.0130749922 0.00969294272
v  -0.0138089797 -0.0131759616 0.0097029563
v  -0.0147219496 -0.0132589918 0.00986895524
v  -0.0140879899 -0.0173619911 0.0105889775
v  -0.0155639807 -0.0135029517 0.00963894092
v  -0.0132679502 -0.0215239525 0.0110319555
v  -0.0124369403 -0.021038942 0.0115499757
v  -0.0148779899 -0.0178039614 0.0100009777
v  -0.0152149992 -0.0169279519 0.00976297632
v  -0.0161499605 -0.0237450004 0.00559696928
v  -0.0131339598 -0.0218119621 0.0111109857
v  -0.0126279797 -0.0240640026 0.0111459754
v  -0.0120179802 -0.0241039917 0.0117239654
v  -0.0114759998 -0.0251659714 0.0119999964
v  -0.01061197 -0.024650991 0.012439996
v  -0.00954797026 -0.0287439823 0.0128859561
v  -0.00825496763 -0.0310139619 0.013408985
v  -0.0142069599 -0.0308199506 0.00567797106
v  -0.0130299497 -0.0378379785 -9.00623854e-06
v  -0.0152779995 -0.0308109503 -9.00507439e-06
v  -0.01528998 -0.0307739899 -9.00507439e-06
v  -0.0141909895 -0.0308609586 -0.00569495233
v  -0.0130159399 -0.0378789902 -9.00623854e-06
v  -0.0161359515 -0.0237819478 -0.00561496196
v  -0.0126149803 -0.0240989886 -0.0111709442
v  -0.0108249998 -0.0310059674 -0.0113029648
v  -0.0131249595 -0.0218389574 -0.0111329742
v  -0.0136779696 -0.020634938 -0.0108029433
v  -0.0151769696 -0.0170399472 -0.00980194286
v  -0.0176809616 -0.0166039988 -0.00554897776
v  -0.0152079603 -0.0169589482 -0.0097789932
v  -0.0172879901 -0.0236399695 -9.00391024e-06
v  -0.0188729912 -0.0164049808 -9.00274608e-06
v  -0.018604951 -0.00932198577 -0.00549497548
v  -0.01886799 -0.0164349601 -9.00274608e-06
v  -0.0164559707 -0.0133349784 -0.00877799839
v  -0.0157189611 -0.0129609685 -0.00943198241
v  -0.0167729408 -0.00921696238 -0.00846096128
v  -0.0174439717 -0.00955694728 -0.0077879657
v  -0.0174529701 -0.00951295812 -0.00777699845
v  -0.0180849601 -0.00557595259 -0.00686296076
v  -0.0174689516 -0.00538098672 -0.00755795138
v  -0.0182459503 -0.00207799487 -0.00621499866
v  -0.017693961 -0.00140899268 -0.00681199785
v  -0.0185770001 -0.00198894599 -0.0054489593
v  -0.01822998 -0.00147396186 -0.00612499565
v  -0.0177189913 0.00266397023 -0.00577797554
v  -0.0172939505 0.00257098721 -0.00642695138
v  -0.0172890015 0.00256997417 -0.00643094443
v  -0.0170849711 0.00516396808 -0.00574495411
v  -0.0162389502 0.00641095731 -0.00639798306
v  -0.0166699514 0.00243294309 -0.00685395859
v  -0.0172069911 0.00520694302 -0.00540896319
v  -0.0166449714 0.00655299472 -0.00572099304
v  -0.0197139606 -0.00166499591 -9.00035957e-06
v  -0.0150859496 0.0122599602 -8.99808947e-06
v  -0.0143549601 0.0119359409 -0.00537194824
v  -0.0151249999 0.0102699911 -0.00563897612
v  -0.0181820001 0.00554996682 -8.99913721e-06
v  -0.0181769915 0.00556695415 -8.99913721e-06
v  -0.0142929703 0.011907991 -0.00559594203
v  -0.0147479996 0.0100869508 -0.00635494711
v  -0.0131989904 0.0138119413 -0.00554497959
v  -0.0128549496 0.0135979606 -0.00630696584
v  -0.0109719802 0.0171129722 -0.00545998337
v  -0.0172049608 0.00522595504 0.005389967
v  -0.0185789615 -0.00196397374 0.00542996032
v  -0.0150789795 0.0122720003 -8.99808947e-06
v  -0.01688697 -0.00217598723 0.00861195475
v  -0.0156809911 0.0049909926 0.00853900053
v  -0.0157509614 0.00472295051 0.00854394678
v  -0.0169049706 -0.00240796921 0.00861296803
v  -0.018610971 -0.0092929611 0.00547597464
v  -0.0169259515 -0.00941598509 0.00860897359
v  -0.0164769515 -0.00938796997 0.00908497535
v  -0.0169119406 -0.00963395927 0.00860998593
v  -0.01620497 -0.0137589509 0.00905094109
v  -0.0176909715 -0.0165709797 0.00553098833
v  -0.0162089709 -0.00937098265 0.00925699435
v  -0.0198029503 -0.00908595324 -9.00152372e-06
v  -0.0198039617 -0.00905895233 -9.00152372e-06
v  -0.0197170004 -0.00168698991 -9.00035957e-06
v  -0.01080795 0.0183069706 -8.99709994e-06
v  -0.0172789916 -0.0236739498 -9.00391024e-06
v  -0.0122829899 -0.0133419605 0.00868896209
v  -0.0125379702 -0.0127750011 0.0092409607
v  -0.0128949499 -0.00614595506 0.00763795385
v  -0.0128959604 -0.00575298071 0.00760296592
v  0.0103969928 -0.0160889626 0.00699094404
v  0.000219999987 -0.0223439913 0.0069909431
v  0.01131895 -0.023381941 0.0069909431
v  0.00439796411 -0.0287169814 0.00699094217
v  0.0124639599 -0.0306269526 0.00699094171
v  0.00857595168 -0.0350899585 0.00699094124
v  0.01373896 -0.0378399417 0.00699094078
v  0.01431295 -0.0377339683 0.00690397806
v  0.0127549497 -0.0414629504 0.00699093984
v  0.0150949704 -0.0450329706 0.00699093938
v  0.00905797537 -0.0438869484 0.00802096818
v  0.00487998687 -0.0375139713 0.00802096911
v  0.00612298213 -0.04581099 0.0108989719
v  0.0103009697 -0.0521839783 0.0108989719
v  0.00559399091 -0.0483629741 0.0148639325
v  0.00341597805 -0.0449319445 0.014607992
v  0.00460199127 -0.0468080044 0.014760932
v  0.00296095619 -0.0451209545 0.015496932
v  0.00126099994 -0.0414789952 0.0142619833
v  0.00520596514 -0.0485489927 0.0157279633
v  0.00452098809 -0.0489459634 0.0162949823
v  0.00689396914 -0.0523299538 0.0163899921
v  0.00416097604 -0.0500759445 0.0164709315
v  0.00370994816 -0.0494539738 0.0164229516
v  0.00148400001 -0.0504829846 0.0158529524
v  0.00132799987 -0.0460799932 0.0160749834
v  -0.000488999998 -0.0440439545 0.0156739634
v  -0.00173296814 -0.0509569645 0.014175972
v  0.00348696718 -0.0569349527 0.0160059612
v  0.00616297731 -0.0528009534 0.0166039709
v  0.00627199421 -0.0529469848 0.0166069493
v  0.00717995223 -0.0561229549 0.0166819301
v  0.00848797616 -0.0558359623 0.0165709499
v  0.00869194325 -0.0560939945 0.016555991
v  0.0113199698 -0.0593580045 0.016161941
v  0.00893799122 -0.0623689853 0.0167909507
v  0.00543997297 -0.0633009598 0.0161099695
v  0.000243999966 -0.0646779537 0.0119739398
v  0.00725296699 -0.0694189593 0.0161419678
v  0.00220099697 -0.0705419704 0.0120039787
v  -0.00199797098 -0.0581179783 0.0118839405
v  -0.00433399575 -0.0513179787 0.0117509607
v  -0.00470098201 -0.0586719513 0.00605794508
v  -0.0055609569 -0.0589069687 -9.00967279e-06
v  0.0106339799 -0.0686339736 0.0168289784
v  0.0122489603 -0.0614889823 0.0160439797
v  0.0138339698 -0.0679039881 0.0160909481
v  0.0140119502 -0.0624889731 0.0152689405
v  0.0129569499 -0.0613019429 0.0156919602
v  0.0118829897 -0.0600379743 0.0160229392
v  0.0168570001 -0.0651979968 0.013453979
v  0.0142829698 -0.0621839724 0.0149719305
v  0.0169229787 -0.0649549887 0.0132949594
v  0.0144649502 -0.061924994 0.0146039389
v  0.0120989997 -0.058700975 0.0153539404
v  0.0117759397 -0.0589949451 0.0158369802
v  0.0093059903 -0.0556739531 0.0162679814
v  0.00976697169 -0.0553449951 0.0157199707
v  0.00747898826 -0.0519649945 0.0158179607
v  0.00873396453 -0.0532109737 0.0150179509
v  0.00779799186 -0.0517779551 0.0150019825
v  0.0100129601 -0.055150982 0.0149869602
v  0.0144789498 -0.0585569702 0.0108989701
v  0.0122699505 -0.0584959947 0.0147419814
v  0.0180109497 -0.0575429685 0.00802096538
v  0.0174139496 -0.0566329882 0.00802096538
v  0.0132359602 -0.0502599403 0.00802096725
v  0.0129899699 -0.0595329925 0.0146019701
v  0.01455996 -0.0617079735 0.0141579695
v  0.0185999591 -0.0648429915 0.0108989701
v  0.0187599994 -0.0642739534 0.0103589576
v  0.01857296 -0.060770981 0.00878897123
v  0.01892999 -0.0608299896 0.00854494981
v  0.0189489387 -0.0644179508 0.0102429651
v  0.0192139484 -0.0609119497 0.00824895222
v  0.0187059995 -0.0650689602 0.0109249596
v  0.0191049892 -0.0645659491 0.0101139825
v  0.0192429684 -0.0647299811 0.00995894894
v  0.0189189594 -0.0654199719 0.0107859652
v  0.0188189484 -0.0652369782 0.0108639803
v  0.0183619596 -0.0657669902 0.0117589496
v  0.018312959 -0.0655620024 0.0117479805
v  0.0183639787 -0.0657659695 0.0117569789
v  0.0185949486 -0.0668669865 0.0117629394
v  0.0176299494 -0.0656439587 0.0126919392
v  0.0176379997 -0.0654189512 0.012597939
v  0.0182489492 -0.0653730035 0.0117259789
v  0.0176239889 -0.0652129576 0.0124919601
v  0.0175879896 -0.0650069714 0.0123659596
v  0.0181659795 -0.0651829764 0.0116909388
v  0.0169549882 -0.0647339821 0.01311698
v  0.0185689591 -0.0649009869 0.0109749697
v  0.0169549882 -0.0645200014 0.0129089598
v  0.0211849492 -0.0663849711 0.00603195745
v  0.0194349587 -0.0610209703 0.00788894016
v  0.0206969697 -0.0592809916 -9.009731e-06
v  0.0198079683 -0.059506949 0.00596895628
v  0.0225699898 -0.0733989999 0.00606497703
v  0.02070597 -0.0593299791 -9.009731e-06
v  0.0220849793 -0.0662439987 -9.01083695e-06
v  0.0198159497 -0.0595539808 -0.00598999998
v  0.0186559893 -0.0536929891 -0.00590696977
v  0.0195639394 -0.0534849688 -9.00879968e-06
v  0.018646989 -0.0536519811 0.00588497426
v  0.0183879398 -0.0525829718 -0.00604400039
v  0.0185679495 -0.0537119508 -0.00618895888
v  0.0180759691 -0.0507109687 -0.00585696148
v  0.0189769585 -0.0565239713 -0.00666496251
v  0.0193349384 -0.059677951 -0.007454962
v  0.0193949696 -0.0604229495 -0.00769600412
v  0.019162979 -0.0603209697 -0.00808099099
v  0.0193689801 -0.064103961 -0.00947096944
v  0.0192099493 -0.0639500022 -0.00967499055
v  0.0188229997 -0.0655170009 -0.0109899901
v  0.0187319797 -0.0653289482 -0.0110509694
v  0.02119199 -0.0664369985 -0.00605097692
v  0.0199849885 -0.073702991 -0.0117810015
v  0.02257297 -0.0734499618 -0.00608298508
v  0.0220959485 -0.0662989616 -9.01089516e-06
v  0.0234989785 -0.0733539984 -9.0120011e-06
v  0.0235099494 -0.0734080002 -9.0120011e-06
v  0.0248329993 -0.0802359506 -9.01316525e-06
v  0.02125296 -0.080352962 -0.011715984
v  0.01673696 -0.080858998 -0.0159560144
v  0.0177099388 -0.0486339889 -0.00571796298
v  0.0195559599 -0.0534459911 -9.00879968e-06
v  0.0177309792 -0.04877799 0.00570997503
v  0.0180549882 -0.0506169684 0.00583293941
v  0.0173669793 -0.0488079712 0.00637295796
v  0.0176349599 -0.0528919585 0.00709894113
v  0.0181149598 -0.0528659783 0.00665298058
v  0.0167979896 -0.0488839708 0.0068479469
v  0.016547 -0.0447520018 0.00633695768
v  0.0162419993 -0.0448109508 0.00661393953
v  0.0158909895 -0.0448789485 0.00681897951
v  0.0159590002 -0.04847496 0.00705894781
v  0.0160869695 -0.0489989482 0.00708195521
v  0.0170259792 -0.0529589616 0.0073709772
v  0.0156819504 -0.0449189506 0.00689896941
v  0.0177789591 -0.056393981 0.00781896524
v  0.0178829692 -0.0568999611 0.00790396146
v  0.0183749497 -0.0568899512 0.00762393884
v  0.0187609494 -0.056915991 0.00723495847
v  0.0185589492 -0.0536709987 0.00616595009
v  0.0193309486 -0.0596289597 0.00742193824
v  0.0190349501 -0.0569779798 0.00674196845
v  0.0184339583 -0.0528829582 0.00606295327
v  0.00416896306 -0.0881009623 -9.01444582e-06
v  0.00714895688 -0.0995909497 -9.01630847e-06
v  0.0135149704 -0.0255089886 -0.0057779802
v  0.0143059799 -0.0303279683 -0.00574996695
v  0.0136389397 -0.0255129877 -0.00547799002
v  0.0145369498 -0.0311899688 -0.00553700002
v  0.0131539404 -0.0231259987 -0.00578799378
v  0.0155059397 -0.0368529484 -0.0056159771
v  0.0156089999 -0.0311269704 -9.0051326e-06
v  0.0155959399 -0.0375120007 -0.00569698028
v  0.0139719602 -0.0198529903 -9.00332816e-06
v  0.0133549897 -0.01419097 -9.00239684e-06
v  0.0129389502 -0.00914996769 0.00106899848
v  0.0129409702 -0.00915795472 -0.00108595961
v  0.01300696 -0.00949394703 -9.00164014e-06
v  0.0119109498 0.00583398202 0.00576398568
v  0.0116179902 0.00586396316 0.00625495007
v  0.01231799 0.00891697314 0.00570295146
v  0.0123499902 0.0131199891 0.00660000229
v  0.0127949398 0.0130319493 0.00613300037
v  0.01379696 0.0203009788 0.0067669563
v  0.0141770002 0.0201959591 0.00649796007
v  0.0146099599 0.0245459601 0.00604997203
v  0.0139079401 0.0243589785 0.00673995633
v  0.0135649797 0.0203659479 0.00687197922
v  0.01231799 0.0283550005 0.00606296677
v  0.0125299403 0.0285779797 0.00511894841
v  0.00854096375 0.0308259707 0.0051919641
v  0.00852296408 0.03083097 0.00519297831
v  0.00390998088 0.0309069697 0.00522695202
v  0.00849196874 0.0310260002 0.00304399198
v  0.00379399117 0.0310859606 0.00304399198
v  -0.000144999998 0.0287159607 0.00525895972
v  8.39999993e-05 0.0284630004 0.00614098972
v  0.00391099509 0.0309069697 0.00522695202
v  8.59999855e-05 0.0284609701 0.00614599558
v  0.0125719598 0.0286839604 0.00304399151
v  0.0149940001 0.0246279798 0.00304399082
v  0.0149009498 0.0246229693 0.00509600015
v  0.01256797 0.0285409596 0.00511799473
v  0.0144849699 0.0201099496 0.00614396809
v  0.0149099501 0.0245899502 0.00509695429
v  0.0148189999 0.0200119596 0.0052629523
v  0.0146169998 0.0200739503 0.00591896009
v  0.0137619702 0.0160619598 0.00544999074
v  0.0150289796 0.0198879801 0.00304399012
v  0.0150289796 0.0198859498 0.00304399012
v  0.0150269605 0.0198759995 0.00304494426
v  0.0150179602 0.0198389795 0.00304494426
v  0.0133969504 0.014520999 0.00551597215
v  0.0130599504 0.0129789691 0.00557694817
v  -0.0051169619 0.0234119799 0.00617198274
v  -0.00475397008 0.0235069897 0.0063999705
v  -0.00550194876 0.0232599899 0.00589094684
v  -0.00553598301 0.0231939498 0.00595496269
v  -0.00557997078 0.0231419802 0.00602499768
v  -0.00568594784 0.0224389974 0.00805399939
v  -0.00701096002 0.0142109888 0.00899098255
v  -0.0090399608 0.0112979989 0.00942395069
v  -0.00966896024 0.00964295678 0.00924096443
v  -0.0098349601 0.00972098019 0.00942395069
v  -0.00960894022 0.00961398892 0.00899098255
v  -0.01031496 0.00800996926 0.00899098255
v  -0.0103769498 0.00803595595 0.00924096443
v  -0.0105469404 0.00810497813 0.00942395069
v  -0.0109979697 0.00639796071 0.00924096443
v  0.0141889798 0.0159079991 -0.00301196054
v  0.01434395 0.0167069994 -0.0030119603
v  0.01376596 0.0160659514 -0.00546797039
v  0.0133989798 0.0145159913 -0.00553395273
v  0.0127990004 0.0130299907 -0.00615097955
v  0.0146179497 0.020066971 -0.00593896583
v  0.0148189999 0.0200119615 -0.00528194383
v  0.01467398 0.0182999894 -0.00301196007
v  0.0145049402 0.0175039694 -0.0030119603
v  0.0148509499 0.0190949999 -0.00301196007
v  0.0149869602 0.0196889602 -0.00301094679
v  0.0150329797 0.0198839903 -0.00300999288
v  0.0150329797 0.0198869705 -0.00300897984
v  0.01502195 0.0198369604 -0.00300999288
v  0.0125719598 0.0286859795 -0.00300897844
v  0.01499495 0.0246279798 -0.00300897914
v  0.0150309503 0.0198739693 -0.00300999288
v  0.0150329797 0.0198859498 -0.00300897984
v  0.00379196415 0.0310889408 -0.00300897798
v  0.0148999402 0.0246209521 -0.00511498982
v  0.0125669604 0.0285409614 -0.00513597019
v  0.0125299403 0.028576972 -0.00513698347
v  0.00849095639 0.0310299899 -0.00300897798
v  0.00854096375 0.0308259726 -0.0052109519
v  0.01231799 0.0283550024 -0.00608094223
v  0.0146099599 0.0245440025 -0.00606794888
v  0.0139059704 0.0243569613 -0.00675894599
v  0.0144849699 0.0201050024 -0.00616498571
v  0.0149089405 0.0245890021 -0.00511498982
v  0.0141779501 0.0201919619 -0.0065169516
v  0.00852194987 0.0308309719 -0.0052109519
v  -0.000144999998 0.0287159625 -0.00527699431
v  0.0130639998 0.0129779512 -0.00559498789
v  0.0123229902 0.00890696049 -0.00572099257
v  0.0116249602 0.00585997198 -0.00627299212
v  0.0119179804 0.00582998991 -0.00578196906
v  0.0116829602 0.00318998122 -0.00581099652
v  0.0114939502 -0.00139999192 -0.00582899805
v  -0.000839972054 -0.182575002 -0.00151001592
v  -0.00176294905 -0.182742998 -0.005332998
v  -0.00176294905 -0.182742998 -0.00151001592
v  -0.000513994019 -0.183266893 -0.00151001592
v  -0.000513994019 -0.183266893 -0.00533401081
v  -0.000839972054 -0.182575002 -0.00533699198
v  5.59999608e-05 -0.183852002 -0.005332998
v  0.00310794078 -0.182502002 -0.0053530247
v  0.00911299046 -0.185380906 -0.0053949873
v  0.00350794801 -0.181865007 -0.00539498683
v  -0.00205894606 -0.178372994 -0.00539200613
v  0.00136899995 -0.184753001 -0.00533299847
v  0.00270894775 -0.185594007 -0.00533299847
v  0.00405398617 -0.186437994 -0.00533299847
v  0.00539896498 -0.187280998 -0.00533299893
v  0.00871399604 -0.186018005 -0.00535302516
v  -0.00249698106 -0.178985998 -0.00535302423
v  0.01471797 -0.188896999 -0.00539498776
v  0.0150869805 -0.188308999 -0.00566702383
v  0.00948098954 -0.184792906 -0.00566702336
v  0.0153199704 -0.187937006 -0.00626902981
v  0.00971499737 -0.184421003 -0.00626902934
v  0.00387594709 -0.181277007 -0.00566702243
v  0.0209249593 -0.191452995 -0.00626903027
v  0.021029979 -0.191284999 -0.00699400203
v  0.0154250003 -0.187769994 -0.00699400203
v  0.0210809391 -0.191203997 -0.00774102705
v  0.0250809491 -0.193713993 -0.00774102798
v  0.0254889391 -0.194079906 -0.00699298875
v  0.0257689692 -0.194483906 -0.00626599183
v  0.0252899788 -0.193887994 -0.00738298288
v  0.0257199686 -0.194305003 -0.00691699376
v  0.0254149698 -0.194003001 -0.00751399389
v  0.0255809687 -0.194194004 -0.0067840158
v  0.0206919592 -0.191825002 -0.00566702429
v  0.025812 -0.195042998 -0.00567501178
v  0.0259609483 -0.194654003 -0.00630401867
v  0.0257959682 -0.194554999 -0.00615798775
v  0.0258009695 -0.195131004 -0.00561600272
v  0.025924949 -0.195150003 -0.00567000452
v  0.0260379594 -0.195188001 -0.00576102082
v  0.0259589888 -0.195890993 -0.00549798599
v  0.0261169989 -0.195241004 -0.00587599771
v  0.0260659792 -0.195919007 -0.00562500302
v  0.0260319393 -0.194821 -0.00646799151
v  0.02615395 -0.195304006 -0.00600498263
v  0.0261239689 -0.195944995 -0.00578200212
v  0.0261269491 -0.195966005 -0.00594800105
v  0.0261479896 -0.195372894 -0.00613801973
v  0.0260929801 -0.195356995 -0.0062979986
v  0.0259909891 -0.195014998 -0.00661098259
v  0.0257509686 -0.194673002 -0.00714098802
v  0.0246909596 -0.193786994 -0.00884699263
v  0.0225499589 -0.192267001 -0.0109950211
v  0.0261019785 -0.195435002 -0.0062510306
v  0.026082959 -0.195978001 -0.00609200634
v  0.0211769696 -0.197679907 -0.0118440334
v  0.0250899494 -0.199805006 -0.00666403165
v  0.0259749591 -0.196650997 -0.00605898537
v  0.0237299483 -0.193090007 -0.00997000188
v  0.0215549786 -0.191356003 -0.0116010215
v  0.0214849394 -0.191544995 -0.0117030013
v  0.0226529595 -0.192338005 -0.0109170023
v  0.0227109492 -0.192148 -0.0108190123
v  0.0237749498 -0.192897007 -0.00987803191
v  0.0226979591 -0.191993997 -0.0106630214
v  0.023746999 -0.192737907 -0.00973599218
v  0.0247249883 -0.193592995 -0.0087619964
v  0.0236509796 -0.192637995 -0.00956802256
v  0.0226179697 -0.191903993 -0.0104780123
v  0.0246819593 -0.193426996 -0.00863700546
v  0.0246819593 -0.193427995 -0.00863700546
v  0.0245709699 -0.193316907 -0.00849198736
v  0.0251129586 -0.193886906 -0.00820898451
v  0.0250649787 -0.193719 -0.00808900036
v  0.025468979 -0.194174007 -0.00763201108
v  0.0254399497 -0.194371 -0.00771599403
v  0.0250839889 -0.194083005 -0.00828998722
v  0.0257809497 -0.194475994 -0.00704401033
v  0.0211149789 -0.191149995 -0.0084919855
v  0.0249469597 -0.193605006 -0.00795298256
v  0.0214929897 -0.191126004 -0.0112339705
v  0.01550999 -0.187634006 -0.0084919855
v  0.0177629888 -0.188644007 -0.0127320215
v  0.0190449692 -0.189484999 -0.0123479813
v  0.0202989895 -0.190319002 -0.0118520111
v  0.0203469694 -0.190391004 -0.0120640304
v  0.0215579588 -0.191208005 -0.0114340112
v  0.0203289688 -0.190534994 -0.0122390315
v  0.0190779883 -0.189548001 -0.0125700105
v  0.0190469883 -0.189688995 -0.0127510317
v  0.0202489793 -0.190723002 -0.0123429801
v  0.018957939 -0.189878002 -0.0128549803
v  0.0155699598 -0.194545001 -0.0143499821
v  0.0163169783 -0.188174993 -0.0135430004
v  0.0174209792 -0.188883007 -0.0133060105
v  0.0176459886 -0.189027995 -0.0132490303
v  0.00956598483 -0.191147 -0.0151010025
v  0.00687996112 -0.197139993 -0.0163519923
v  0.0149760004 -0.187321007 -0.01375602
v  0.0132779805 -0.200871006 -0.0155849941
v  0.00365397893 -0.195235997 -0.0163320228
v  0.000540999987 -0.200949997 -0.0175899733
v  0.00398395117 -0.203041002 -0.0175679848
v  0.0073579913 -0.205077007 -0.0173250344
v  0.0037669898 -0.210582003 -0.0184370242
v  0.00219694385 -0.209597006 -0.0185580142
v  -0.0027229418 -0.206505001 -0.0186999943
v  0.000882999972 -0.208772004 -0.0186310336
v  0.0036159521 -0.210816994 -0.0183979739
v  0.00204596482 -0.209831998 -0.0185190346
v  0.00348994695 -0.210989997 -0.0182139743
v  0.001923954 -0.210007995 -0.0183340237
v  0.00035799999 -0.209024996 -0.0184190143
v  0.000476999965 -0.208847001 -0.0186030138
v  0.000626999943 -0.208610997 -0.0186420046
v  -0.00109299307 -0.207861006 -0.018653024
v  -0.00120999699 -0.208040997 -0.0184690244
v  -0.00282099098 -0.207123905 -0.0182080138
v  -0.00125595205 -0.208105996 -0.018198004
v  -0.00277998298 -0.207055002 -0.0184799936
v  -0.00437095109 -0.206152007 -0.0181640349
v  -0.00433798879 -0.206076995 -0.0184360035
v  -0.00266697304 -0.206872001 -0.018663995
v  -0.00745495502 -0.204217002 -0.0178159941
v  -0.00591798872 -0.205182001 -0.0180439837
v  -0.00589599507 -0.205099002 -0.0183160249
v  -0.0180729814 -0.197556004 -0.00421201624
v  -0.0160519704 -0.198824003 -0.0110469926
v  -0.0118129402 -0.201482996 -0.0161319841
v  -0.00897594634 -0.203263 -0.0174419843
v  -0.00744899362 -0.204124004 -0.0180860031
v  -0.00422998611 -0.205889896 -0.0186210144
v  -0.00579395192 -0.204906002 -0.0185000245
v  -0.00408097403 -0.205650002 -0.0186570249
v  -0.00564696686 -0.204664007 -0.0185350142
v  -0.00631895009 -0.204240993 -0.0184510238
v  -0.00286694709 -0.198879004 -0.0172820017
v  -0.00721099274 -0.203678995 -0.0183020141
v  -0.00621499913 -0.196844906 -0.0163389929
v  0.000477999973 -0.193360999 -0.015977012
v  -0.0130299497 -0.200019002 -0.0155370124
v  -0.0117009496 -0.200853005 -0.0165600143
v  -0.0130789503 -0.199987993 -0.0154930223
v  -0.00922396127 -0.195021003 -0.0144089926
v  -0.00876798481 -0.202698007 -0.0179179832
v  -0.0102659604 -0.201754004 -0.0173519738
v  -0.00987394992 -0.202001005 -0.0175229833
v  -0.00262697786 -0.191529006 -0.0150380023
v  -0.00182994513 -0.184616998 -0.0120460298
v  -0.00541999191 -0.189889997 -0.0132300109
v  0.00362298498 -0.187731996 -0.0146520007
v  0.0041309949 -0.180657998 -0.0126119703
v  0.00546399411 -0.181440994 -0.0131239798
v  0.0064819809 -0.182050005 -0.0134119894
v  0.00681397924 -0.182249993 -0.0134900101
v  0.00817099772 -0.183074996 -0.0137360003
v  0.00952998362 -0.183910996 -0.0138889998
v  0.00965396222 -0.183724001 -0.0137910098
v  0.0108949905 -0.184756905 -0.013966009
v  0.00829998311 -0.182889894 -0.0136380102
v  0.00839898642 -0.182774007 -0.01344602
v  0.0070559741 -0.181954995 -0.01320301
v  0.0069469572 -0.182065994 -0.01339297
v  0.00572494324 -0.181154996 -0.0128419902
v  0.00560197793 -0.181259006 -0.0130299795
v  0.00580195198 -0.181152895 -0.0126079805
v  0.00451294193 -0.180391997 -0.0121120103
v  0.00441596517 -0.180381998 -0.0123389792
v  0.00328896008 -0.179685995 -0.0114629697
v  0.00316796312 -0.179663002 -0.0116799884
v  0.00427696714 -0.180479005 -0.0125210192
v  0.00301096402 -0.179752007 -0.0118530281
v  0.00285694608 -0.179929003 -0.0119389798
v  0.00181595096 -0.179087907 -0.0110000186
v  0.00199297699 -0.179008007 -0.0108389687
v  0.000914999982 -0.178430006 -0.00981996953
v  0.000718999945 -0.178503007 -0.00996599905
v  0.00147200003 -0.179165006 -0.0109249782
v  0.00165394496 -0.179263994 -0.0110789984
v  0.00108599989 -0.178478003 -0.00963900983
v  0.000150999986 -0.178001001 -0.00849198364
v  -4.00000135e-05 -0.177943006 -0.00864999555
v  -4.20000288e-05 -0.177943006 -0.00865100883
v  0.00429997407 -0.180602998 -0.0084919855
v  0.00213894807 -0.179042906 -0.0106379893
v  0.00711599598 -0.181943998 -0.0129639991
v  0.00990495738 -0.184118003 -0.0084919855
v  0.0098709818 -0.184173003 -0.00774102611
v  0.00426498614 -0.180656999 -0.00774102611
v  -0.000351000053 -0.177763 -0.00774102518
v  0.00421497785 -0.180738002 -0.0069940011
v  -0.000788950012 -0.177596003 -0.00699298596
v  0.00981996115 -0.184254006 -0.0069940011
v  0.00410894211 -0.180905893 -0.00626902841
v  0.0154759604 -0.187687904 -0.00774102705
v  -0.00119199709 -0.177582994 -0.00626902794
v  -0.000570976059 -0.177671 -0.00737600634
v  -0.000778996036 -0.177600995 -0.00751899695
v  -0.00112398807 -0.177489907 -0.00691800378
v  -0.000908993999 -0.177572995 -0.00677799294
v  -0.00160797697 -0.177843004 -0.00567298196
v  -0.00125696603 -0.177598998 -0.00615399098
v  -0.001355969 -0.177524999 -0.00621597981
v  -0.00147595315 -0.177484006 -0.00629698299
v  -0.00188800006 -0.177728996 -0.00575201772
v  -0.00176396302 -0.177799001 -0.00566702196
v  -0.00165595894 -0.177891999 -0.00562499976
v  -0.00220795814 -0.178320006 -0.00541298697
v  -0.00233497517 -0.178234905 -0.00549398875
v  -0.00274696294 -0.178811997 -0.00545602152
v  -0.00243397895 -0.178178996 -0.00561802695
v  -0.00284197181 -0.178747997 -0.00558101246
v  -0.00437595695 -0.180899993 -0.00555401156
v  -0.00422998611 -0.181005001 -0.0053920066
v  -0.00269194692 -0.178849906 -0.00541298743
v  -0.0028969869 -0.178709999 -0.00573598454
v  -0.00595899671 -0.183017001 -0.00552897807
v  -0.00444396585 -0.180852994 -0.0057830126
v  -0.00602795975 -0.182967007 -0.00575201865
v  -0.00765594095 -0.185047001 -0.00572197838
v  -0.00758697931 -0.185100004 -0.00550400419
v  -0.00581695884 -0.183125004 -0.00537001295
v  -0.00404097885 -0.181143895 -0.00533299753
v  -0.007446968 -0.185210004 -0.00534897251
v  -0.00563194696 -0.183265999 -0.00531297084
v  -0.00467195408 -0.187775999 -0.00529002398
v  -0.00262095826 -0.178899005 -0.00537597248
v  -0.00208696024 -0.178409904 -0.00538699888
v  -0.00726797478 -0.185352996 -0.00529401749
v  -0.00894298498 -0.187408 -0.0052739908
v  -0.00568594784 -0.189447001 -0.00527601689
v  -0.00467195408 -0.187775999 -0.00151001662
v  -0.00626697391 -0.190385893 -0.0052440092
v  -0.00772698969 -0.192695007 -0.00243698852
v  -0.00762995426 -0.192543998 -0.00352399843
v  -0.00684299413 -0.191303998 -0.00504397647
v  -0.00966496952 -0.188253894 -0.00524001569
v  -0.0090549821 -0.187316 -0.00529598491
v  -0.0098139802 -0.188205004 -0.00525801582
v  -0.00970598031 -0.188299999 -0.00523602171
v  -0.0104429899 -0.189045995 -0.00504397601
v  -0.0106009403 -0.189004004 -0.0050489828
v  -0.0104969898 -0.189095005 -0.00501900166
v  -0.00734397117 -0.192094997 -0.00447999733
v  -0.0112359701 -0.189656004 -0.00448100967
v  -0.0118039399 -0.189925 -0.00352399796
v  -0.011256 -0.189667895 -0.00445800275
v  -0.0114699798 -0.189539999 -0.0045570056
v  -0.0117939897 -0.189922005 -0.00354897184
v  -0.0107119903 -0.188925996 -0.00512098474
v  -0.00992496964 -0.188114002 -0.00533097284
v  -0.0100139603 -0.188045993 -0.00544201583
v  -0.0108089596 -0.188878998 -0.00522499578
v  -0.011678 -0.189538002 -0.00472598476
v  -0.0108859697 -0.188862994 -0.00535201281
v  -0.0100749899 -0.188007995 -0.00558101386
v  -0.00932999793 -0.187092006 -0.00578200025
v  -0.0101019898 -0.188002005 -0.00573997991
v  -0.00932397693 -0.187095895 -0.00569402333
v  -0.00931098405 -0.187105998 -0.00562100811
v  -0.00962200016 -0.187478006 -0.00591801899
v  -0.0100939497 -0.188026994 -0.0058839838
v  -0.0109369904 -0.188881904 -0.00549500482
v  -0.0109549901 -0.188929006 -0.00562500162
v  -0.00918897334 -0.187722996 -0.00727801817
v  -0.0118209897 -0.189662904 -0.00491600484
v  -0.0131929703 -0.192641005 -0.00790499896
v  -0.01739599 -0.197297007 -0.00790702738
v  -0.0172209907 -0.197404996 -0.00847798027
v  -0.0141389603 -0.192081004 -0.0040280153
v  -0.0168179516 -0.197656006 -0.00963299349
v  -0.00763698667 -0.188607007 -0.0105370209
v  -0.0115799503 -0.193601996 -0.0114700124
v  -0.0161019713 -0.198100001 -0.0112929828
v  -0.0162289906 -0.198357001 -0.0112759918
v  -0.01694097 -0.197911993 -0.00961898267
v  -0.0155559992 -0.19844 -0.0123249833
v  -0.0153659796 -0.198895007 -0.0128409732
v  -0.0152369896 -0.198639005 -0.0128599927
v  -0.0143449502 -0.199533001 -0.0142729823
v  -0.0142119704 -0.199278995 -0.0142950322
v  -0.0143509703 -0.199792996 -0.0141450018
v  -0.0131659703 -0.200271994 -0.0155140031
v  -0.0131889796 -0.200521007 -0.0153679736
v  -0.0118399402 -0.201104 -0.0165350344
v  -0.0118829804 -0.201341003 -0.0163739845
v  -0.0104089603 -0.202003002 -0.0173240248
v  -0.01047095 -0.202226907 -0.0171520039
v  -0.00891198963 -0.202943996 -0.0178869832
v  -0.0089899525 -0.203155905 -0.0177090038
v  -0.00735797826 -0.203922004 -0.0182679836
v  -0.0104299998 -0.202350006 -0.0168940332
v  -0.0130899698 -0.200681001 -0.0151480343
v  -0.0142269898 -0.199967995 -0.0139530227
v  -0.0152139803 -0.199349001 -0.0125669725
v  -0.0153579907 -0.199160904 -0.0127310026
v  -0.0162099805 -0.198627993 -0.0111840218
v  -0.0169139709 -0.198185995 -0.00954400189
v  -0.0167459417 -0.198387995 -0.00943201222
v  -0.0174829513 -0.197830006 -0.00783502497
v  -0.0175159816 -0.197554007 -0.00789498724
v  -0.0178489909 -0.197016001 -0.00611900724
v  -0.017966941 -0.197273001 -0.0061089932
v  -0.0179299917 -0.197549894 -0.00606399123
v  -0.0182969812 -0.197068006 -0.00428997818
v  -0.0181789603 -0.196812004 -0.00431101909
v  -0.0183939505 -0.196678907 -0.00245099608
v  -0.0181809813 -0.196811005 -0.00429599918
v  -0.0185019616 -0.196612 -9.03208274e-06
v  -0.0185089912 -0.196936995 -0.00244801608
v  -0.0184929613 -0.196618006 -0.000595027115
v  -0.0186079908 -0.196875006 -0.000594014185
v  -0.0185549408 -0.197160006 0.00128496776
v  -0.018597981 -0.196880907 0.00129296782
v  -0.01856496 -0.197154 -0.000587994233
v  -0.01846697 -0.197215006 -0.0024290022
v  -0.0182569809 -0.197346002 -0.00425803009
v  -0.0182810016 -0.197424993 -0.00240301527
v  -0.0183779802 -0.197364002 -0.00058102014
v  -0.0182509609 -0.197445005 0.00312394393
v  -0.018367961 -0.197371006 0.00127396779
v  -0.0184359699 -0.197234005 0.00315392483
v  -0.0180259515 -0.197585896 0.00495994603
v  -0.017223971 -0.198090002 0.00852495991
v  -0.0158399511 -0.198957995 0.0118049365
v  -0.00656899111 -0.204776004 0.0177759565
v  -0.000260000001 -0.208734006 0.0181489568
v  -0.00343295187 -0.206743002 0.0180999655
v  -0.00184699206 -0.207737997 0.0181489568
v  -0.00180795102 -0.207669005 0.0184199158
v  0.00186899898 -0.210067004 -0.0180640146
v  0.00291196117 -0.210724995 0.0180319566
v  -0.000215000007 -0.208667904 0.0184199158
v  0.00132699998 -0.209729999 0.0181109253
v  -0.00500395196 -0.205757007 0.0179819465
v  -0.0034009451 -0.206669003 0.0183709264
v  -0.00329294102 -0.206481904 0.0185559355
v  -0.00498094503 -0.205677003 0.0182529055
v  -0.00169494108 -0.207486004 0.0186039153
v  -0.00655796379 -0.204686895 0.0180469155
v  -0.00487896102 -0.205485001 0.0184369665
v  -0.00646396773 -0.204488903 0.0182289463
v  -0.00811894983 -0.203803003 0.0174579564
v  -0.00812395662 -0.203703001 0.0177259464
v  -0.00964398962 -0.202846006 0.0169979353
v  -0.0124859996 -0.201063007 0.0155489482
v  -0.0111009702 -0.201930895 0.0163739379
v  -0.00966794975 -0.202733904 0.0172609668
v  -0.00959695969 -0.202518001 0.017436916
v  -0.0111489501 -0.201803997 0.0166269559
v  -0.00803997368 -0.203498006 0.0179059468
v  -0.0110919699 -0.201576993 0.0167969465
v  -0.00990696996 -0.201986 0.0172969066
v  -0.00789495558 -0.203253001 0.0179399252
v  -0.00945296232 -0.202271 0.0174689256
v  -0.00290497392 -0.198853001 0.017112907
v  -0.00624200003 -0.196824998 0.0161419474
v  0.000444999954 -0.193333 0.0158319492
v  0.00360999117 -0.195201904 0.0162599087
v  0.000489999948 -0.200916007 0.0175089259
v  -0.00636198372 -0.204218999 0.018256966
v  -0.00154694205 -0.207248002 0.0186429564
v  -0.00277897017 -0.206474006 0.0186099354
v  4.89999657e-05 -0.208250895 0.0186439157
v  0.00392798195 -0.203004003 0.0175629258
v  0.00682899915 -0.197100893 0.0163439475
v  0.0155209601 -0.194501907 0.0144049581
v  0.00951997004 -0.191107005 0.0150899291
v  0.0132219503 -0.200828999 0.0156569481
v  0.00729695614 -0.205037996 0.0173809566
v  0.0210719388 -0.197601005 0.0117729269
v  0.0201369785 -0.190645903 0.0123769697
v  0.0148859899 -0.187260002 0.0137929283
v  0.0173749588 -0.188847005 0.0133479293
v  0.0175519884 -0.188960999 0.0133029297
v  0.0162239987 -0.188109905 0.0135959387
v  0.018858999 -0.189807996 0.012899939
v  0.0163259786 -0.187921003 0.01349294
v  0.0149940001 -0.187071994 0.0136919599
v  0.0150559898 -0.186939999 0.0135009289
v  0.016378969 -0.187786907 0.0133049488
v  0.017647 -0.188771993 0.0131989084
v  0.0150570003 -0.186893895 0.0132649597
v  0.0163699687 -0.187736005 0.0130719598
v  0.0176889598 -0.188635007 0.0130139589
v  0.017667979 -0.188577995 0.0127859097
v  0.0189769585 -0.189478904 0.0126159191
v  0.0189479887 -0.189620003 0.0127969384
v  0.0202159584 -0.190457895 0.0122729596
v  0.0213579796 -0.191460997 0.0117179193
v  0.021424979 -0.191271007 0.0116159301
v  0.0202309787 -0.190312997 0.0120999198
v  0.021424979 -0.191120997 0.0114509501
v  0.0213589985 -0.191037998 0.0112529397
v  0.020179959 -0.190238997 0.0118889194
v  0.0210399888 -0.191102996 0.00847292598
v  0.0189419687 -0.189413995 0.0123959184
v  0.0244099796 -0.193215996 0.00847292505
v  0.0210059583 -0.191156998 0.0077219666
v  0.0234889686 -0.192537993 0.00953496061
v  0.0154359704 -0.187586993 0.00847292691
v  0.0224669892 -0.191808 0.0104679521
v  0.0154019902 -0.187641993 0.00772196706
v  0.0137289502 -0.186050996 0.0133769494
v  0.0123929698 -0.185209006 0.0134199299
v  0.00983098708 -0.184072003 0.00847292691
v  0.0209550001 -0.191238001 0.00697494159
v  0.0153509704 -0.187722996 0.00697494205
v  0.00979695283 -0.184126005 0.007721968
v  0.00974599086 -0.184208006 0.00697494298
v  0.0152449897 -0.187891006 0.00624991115
v  0.0208499692 -0.191405997 0.00624991069
v  0.0206169784 -0.191778004 0.00564891659
v  0.0150119998 -0.188262001 0.00564891705
v  0.0096409684 -0.184375003 0.00624991162
v  0.00940797292 -0.184746996 0.00564891752
v  0.0040359851 -0.180859998 0.00624991255
v  0.00414094888 -0.180692002 0.00697494345
v  -0.000438000017 -0.177707002 0.00772196893
v  0.00419197092 -0.180610999 0.00772196846
v  -0.000870966003 -0.177548006 0.00697494391
v  6.99999509e-05 -0.177949995 0.00847292878
v  -0.00065299205 -0.177617997 0.00736392429
v  -0.000302999979 -0.177769005 0.00793195609
v  -0.000860952074 -0.177548006 0.00750596216
v  -0.000502967043 -0.177706003 0.00808394793
v  -0.00108196598 -0.177612007 0.00762594631
v  -0.000717960997 -0.177772 0.00820595957
v  -0.000119999982 -0.177892998 0.00863391999
v  -0.000121000048 -0.177892998 0.00863391999
v  -0.000329000002 -0.177959993 0.00876296498
v  0.000853999984 -0.178390995 0.0097949598
v  0.00101999985 -0.178437993 0.0096089337
v  0.00177094899 -0.179064006 0.010930961
v  0.00194398197 -0.178982005 0.0107669327
v  0.000661999977 -0.178466007 0.00994396955
v  0.00208697282 -0.179015905 0.0105629656
v  0.0042259451 -0.180556998 0.00847292785
v  0.00706294831 -0.181917995 0.0128689408
v  0.00575599726 -0.181134 0.0124889594
v  0.00447098026 -0.180375904 0.0119849499
v  0.00324497186 -0.179667994 0.0113489702
v  0.00312594185 -0.179646999 0.0115679502
v  0.0043739439 -0.180366904 0.0122129302
v  0.00555298291 -0.181240007 0.0129109602
v  0.00567797385 -0.181135997 0.0127239302
v  0.00423494587 -0.180464 0.0123949703
v  0.0069999462 -0.181927994 0.013107961
v  0.00644699298 -0.182037994 0.0133149698
v  0.00688699493 -0.182037994 0.013297921
v  0.00541398488 -0.181421906 0.0130039509
v  0.0035949708 -0.187702 0.0145279188
v  0.00408796081 -0.180644006 0.01248491
v  -0.00187595992 -0.184575006 0.011970941
v  0.00281796511 -0.179913893 0.0118279513
v  0.00297096977 -0.179736003 0.0117419418
v  -0.00264897197 -0.191507906 0.0148689188
v  -0.000503980089 -0.178136006 0.00882692076
v  -0.00548597472 -0.182574004 0.00663692504
v  -0.00775595754 -0.188522905 0.0105309561
v  0.00142599992 -0.179139003 0.0108639617
v  0.00161097001 -0.179241002 0.0110109504
v  0.000494999986 -0.178642005 0.0100159124
v  -0.0054779877 -0.189845994 0.0131449085
v  -0.000331000076 -0.177961007 0.00876391865
v  -0.000894987024 -0.177948996 0.00826794654
v  -0.00160595111 -0.177687004 0.00711596804
v  -0.00125994603 -0.177791998 0.00769192819
v  -0.00243999902 -0.178003997 0.00610793522
v  -0.00193896203 -0.177674994 0.00658793095
v  -0.00187494711 -0.177568004 0.00652796915
v  -0.00143095199 -0.177499995 0.00703293923
v  -0.00449397508 -0.180823997 0.00599593762
v  -0.00294896308 -0.178681001 0.0060299118
v  -0.00257094996 -0.178160995 0.00606496027
v  -0.00224896614 -0.177820995 0.00622893218
v  -0.00222399086 -0.177734002 0.00611294108
v  -0.00259097712 -0.178121001 0.00591791514
v  -0.00216098921 -0.177672997 0.00597495725
v  -0.00177999598 -0.177483007 0.00644893292
v  -0.00166996603 -0.177438006 0.00636596326
v  -0.00120296399 -0.177440003 0.00690294104
v  -0.00155194907 -0.177434996 0.00628192117
v  -0.00206997292 -0.177655905 0.0058459132
v  -0.00127299898 -0.177531004 0.00625092629
v  -0.00143196504 -0.177475005 0.00620193128
v  -0.00195797626 -0.177681997 0.00573391514
v  -0.00183495192 -0.177751005 0.00564993313
v  -0.00240495102 -0.178189903 0.00546891289
v  -0.00250496808 -0.178132996 0.00559295109
v  -0.00213094894 -0.178327993 0.00537092285
v  -0.00172694807 -0.177844003 0.00560797099
v  -0.00227894681 -0.178274006 0.0053899372
v  -0.00168099313 -0.177796006 0.00565291289
v  -0.00269296113 -0.178854004 0.00535792857
v  -0.00215794891 -0.178363994 0.00536496285
v  -0.00276299613 -0.178806007 0.0053929165
v  -0.00281699793 -0.178767994 0.00543595152
v  -0.00430395501 -0.180958003 0.00537294941
v  -0.00411596196 -0.181096002 0.00531495363
v  -0.00589194195 -0.183075994 0.00535196811
v  -0.00603397982 -0.182968006 0.00550694019
v  -0.00444897311 -0.180852994 0.00553292874
v  -0.00176294905 -0.182742998 0.00531394035
v  -0.00467195408 -0.187775999 0.00527191814
v  -0.000839972054 -0.182575002 0.00531894714
v  -0.00570996897 -0.183216006 0.00529594021
v  -0.00256898301 -0.178940997 0.00533396751
v  -0.00176294905 -0.182742998 0.00149097014
v  -0.00467195408 -0.187775999 0.00149096933
v  -0.00568594784 -0.189447001 0.00525695737
v  -0.00734695047 -0.185301006 0.00527591165
v  -0.00902398676 -0.187353998 0.00525695737
v  -0.00626697391 -0.190385893 0.00522494875
v  -0.00974996947 -0.188200995 0.0052239364
v  -0.00913395826 -0.187261894 0.00527793821
v  -0.00989296008 -0.188148007 0.005241937
v  -0.00919696037 -0.187209994 0.00531095965
v  -0.0075239772 -0.185158998 0.00533092674
v  -0.00924595445 -0.187169999 0.00534892781
v  -0.00766297523 -0.185048893 0.00548291858
v  -0.0100029903 -0.188058004 0.00531191332
v  -0.00933297817 -0.187098995 0.0054579447
v  -0.01009198 -0.187992007 0.00542092929
v  -0.00938894693 -0.187052995 0.00559694273
v  -0.0107849399 -0.188876003 0.00510395225
v  -0.0108809695 -0.188828006 0.00520492205
v  -0.01015295 -0.187952906 0.00555694709
v  -0.0117399897 -0.189494997 0.00470394501
v  -0.0109579703 -0.188811004 0.00532991299
v  -0.0118829804 -0.189614996 0.00489193806
v  -0.0110299801 -0.188871995 0.00560194906
v  -0.0133179603 -0.192558005 0.00790596567
v  -0.0101819802 -0.187944993 0.00571293337
v  -0.0101749497 -0.187966004 0.00585491117
v  -0.00928898994 -0.187650993 0.00727296527
v  -0.0117259799 -0.193507999 0.0114689488
v  -0.0173699409 -0.197310999 0.00848395191
v  -0.0177829415 -0.197055906 0.00689793192
v  -0.0141879497 -0.192045003 0.00400794204
v  -0.01813199 -0.196840003 0.00504893577
v  -0.0179019812 -0.197312996 0.00688791787
v  -0.0178659707 -0.197591007 0.00684094988
v  -0.0182489902 -0.197098002 0.00504196202
v  -0.0173979606 -0.197883993 0.00861794315
v  -0.0174289513 -0.197607905 0.00868094526
v  -0.0176859703 -0.197799996 0.00677091395
v  -0.018209951 -0.197375998 0.00500894105
v  -0.0184779912 -0.196955994 0.00317395292
v  -0.0184830017 -0.196623996 0.00129396794
v  -0.0183629617 -0.196697995 0.00317794573
v  -0.0182389803 -0.196774006 0.00429195678
v  -0.0144609995 -0.191890001 -9.03132604e-06
v  -0.0144579597 -0.191887006 -9.03132604e-06
v  -0.0127189895 -0.190071002 -0.00256299204
v  -0.0123839602 -0.189991996 -0.00389497681
v  -0.0124239502 -0.190008 -0.00378798693
v  -0.0122419801 -0.189864904 -0.00370102376
v  -0.0120149404 -0.189833894 -0.003616028
v  -0.0125269499 -0.189928994 -0.00253897207
v  -0.0122969896 -0.189890996 -0.00250601
v  -0.0126389395 -0.189889997 -0.00135999196
v  -0.0124079799 -0.189852998 -0.00134801096
v  -0.01242097 -0.189844996 0.00132696901
v  -0.0126399603 -0.189890996 -0.00135999196
v  -0.0126529504 -0.189881995 0.00133596896
v  -0.0126519995 -0.189881995 0.00133596896
v  -0.0123239895 -0.189873904 0.00248391088
v  -0.0125539498 -0.189910993 0.0025149649
v  -0.0127449799 -0.190052003 0.00253993901
v  -0.0128439795 -0.190023005 0.001340969
v  -0.0122879902 -0.189836994 0.00367993698
v  -0.0124709802 -0.18998 0.00376391993
v  -0.0128720002 -0.190006003 -9.03103501e-06
v  -0.0128299799 -0.190031007 -0.00136601203
v  -0.0120609598 -0.189805999 0.00359696802
v  -0.0124319997 -0.189962 0.00387496408
v  -0.0115319695 -0.189498007 0.00453895982
v  -0.0118399402 -0.189894006 0.00353491888
v  -0.0118499603 -0.189897001 0.00350595103
v  -0.00772698969 -0.192695007 0.00241792761
v  -0.00762995426 -0.192543998 0.00350595056
v  -0.0113019496 -0.189613894 0.00446194969
v  -0.0120989904 -0.189949006 0.00245392881
v  -0.0121039897 -0.189949006 0.00241792807
v  -0.00773897115 -0.192713007 0.00149096851
v  -0.0121949501 -0.189919993 0.00131396903
v  -0.0124199595 -0.189844996 0.001325969
v  -0.01218196 -0.189927906 -0.00133299106
v  -0.0124059496 -0.189852998 -0.00134801096
v  -0.0120769897 -0.189964995 -0.00243698806
v  -0.00773897115 -0.192713007 -0.00151001755
v  -0.0120719895 -0.189965993 -0.00247000903
v  -0.00635399669 -0.193582997 -0.00133299152
v  -0.00635298388 -0.193582997 -0.00151001755
v  -0.000525974086 -0.197238997 -0.00133299222
v  -0.00052496104 -0.197237998 -0.00151001825
v  0.00529596815 -0.200890005 0.00131396716
v  -0.000534975086 -0.197233006 0.00131396786
v  0.00530097494 -0.200893 -0.00133299292
v  0.00530294189 -0.200893894 -0.00151001895
v  0.00530294189 -0.200893894 -0.00133299292
v  0.00530097494 -0.200893894 0.00131396716
v  0.0111259501 -0.204547003 0.00131396658
v  0.0111309597 -0.204549998 -0.00133299339
v  0.0169559401 -0.208204001 0.001313966
v  0.0111259501 -0.204547003 0.00149096665
v  0.0169589799 -0.208205 -0.00133299408
v  0.0111309597 -0.204549998 -0.00151001941
v  0.0169589799 -0.208205 -0.00151002011
v  0.0228259899 -0.211886004 -9.03458567e-06
v  0.0227869488 -0.211860999 -0.00133299455
v  0.0185509585 -0.209204003 -0.00151002011
v  0.0227009989 -0.211778894 -0.00243699155
v  0.0229439493 -0.212018996 -0.00134801446
v  0.0229839999 -0.212044001 -9.03464388e-06
v  0.0228319485 -0.211890906 -0.00277202949
v  0.0229449589 -0.212019995 -0.00134801446
v  0.0230169594 -0.212228 -0.00135999569
v  0.0229029991 -0.212098002 -0.00281399139
v  0.0230169594 -0.212229997 -0.00135999569
v  0.0230579693 -0.212255999 -9.03464388e-06
v  0.0230169594 -0.212228 0.0013419654
v  0.0230169594 -0.212229997 0.0013419654
v  0.0229909699 -0.212451905 0.00134896534
v  0.0229909699 -0.212451905 -0.0013670288
v  0.0230309684 -0.212477997 -9.03470209e-06
v  0.0224399883 -0.214067906 -9.03493492e-06
v  0.0192219894 -0.220331997 0.00375890918
v  0.0224389695 -0.214073002 -9.03493492e-06
v  0.0191599391 -0.220292002 0.00419593044
v  0.0220959485 -0.213870004 0.00394791598
v  0.0228669997 -0.212311998 0.00284195226
v  0.0221119784 -0.213884994 -0.00398200378
v  0.0192449987 -0.220347002 -0.00372200971
v  0.0194069482 -0.220451996 -0.00187098794
v  0.0194629692 -0.220488995 -9.03598266e-06
v  0.0194049794 -0.220450893 0.00187891803
v  0.0192169882 -0.220642 0.00187492499
v  0.0192739684 -0.220679 -9.03604086e-06
v  0.0192189496 -0.220642999 -0.00186699396
v  0.0189599693 -0.220707998 0.00186091801
v  0.018778 -0.220593005 0.00372094009
v  0.0190339983 -0.220524997 0.00374990818
v  0.018463999 -0.220394999 0.00555795617
v  0.0187189896 -0.220322996 0.00560194394
v  0.0180099886 -0.220109001 0.00735396286
v  0.0182619989 -0.220032007 0.00741493795
v  0.0189049598 -0.220127001 0.00561493821
v  0.0184469484 -0.219831005 0.00743293902
v  0.0181859396 -0.219664007 0.0082519073
v  0.021036949 -0.213254005 0.00774091715
v  0.0176639892 -0.219650999 0.00915992446
v  0.0178449489 -0.219445005 0.00917995162
v  0.0174149591 -0.219733998 0.00908196159
v  0.0166709684 -0.219265893 0.0107309241
v  0.0169139784 -0.219173998 0.0108269472
v  0.0171719491 -0.219670996 0.00896895118
v  0.0164359491 -0.219209999 0.0105929393
v  0.0177609585 -0.220039994 0.00726694008
v  0.0145169804 -0.218006 0.0134799443
v  0.00915095769 -0.214638993 0.0170209333
v  0.0185229499 -0.220517904 0.00368094607
v  0.0182109792 -0.220322996 0.00549394032
v  0.00605294714 -0.212695003 0.0177169442
v  0.00761297904 -0.213673994 0.0174339339
v  0.00769898901 -0.213632002 0.017700905
v  0.0120289605 -0.216444001 0.0156569444
v  0.0106239598 -0.215562895 0.0164419338
v  0.00925598107 -0.214608997 0.0172839146
v  0.0107519897 -0.215546995 0.0166959148
v  0.0078429943 -0.213467002 0.017882945
v  0.00941297971 -0.214451 0.0174619537
v  0.0121829798 -0.216445997 0.0158969145
v  0.0123739596 -0.216308996 0.0160579048
v  0.0109249698 -0.215398997 0.0168679338
v  0.00957194623 -0.214217007 0.0174969435
v  0.0110959699 -0.215171903 0.0168959443
v  0.0110859601 -0.215166003 0.0169009548
v  0.0139169404 -0.209019005 0.0158189554
v  0.0125389397 -0.216077998 0.0160889644
v  0.0138939898 -0.216931894 0.0150629245
v  0.0168689787 -0.210786 0.013916906
v  0.01409599 -0.21706 0.0148829147
v  0.0137259699 -0.217159003 0.0150339548
v  0.0135169905 -0.217282996 0.0148859546
v  0.0147209503 -0.218039006 0.0136729442
v  0.0149439899 -0.217926994 0.0138049144
v  0.0160079896 -0.218600005 0.0123879239
v  0.0157729704 -0.218701005 0.0122739654
v  0.0155519601 -0.218655005 0.0121089146
v  0.0161829889 -0.218382999 0.0124149341
v  0.0165139697 -0.218594 0.0118909441
v  0.0192969795 -0.212228999 0.0111269355
v  0.0170919597 -0.218962997 0.0108509641
v  0.0232269485 -0.206558004 0.00717896549
v  0.0191359799 -0.204244003 0.0128529668
v  0.0250139497 -0.199743003 0.00660592737
v  0.0248069484 -0.202123001 0.00599193992
v  0.0260139387 -0.195364997 0.00625295006
v  0.0253739692 -0.199367002 0.00602293434
v  0.0252719782 -0.199881002 0.00601691427
v  0.0258929394 -0.196602002 0.00605392968
v  0.0260009486 -0.195919007 0.00608796393
v  0.0259379484 -0.196609005 0.00590694463
v  0.0254170001 -0.199373007 0.0057799262
v  0.0259429496 -0.196609005 0.00580996787
v  0.02604899 -0.195908993 0.00594395865
v  0.0260499399 -0.195888907 0.00577491987
v  0.0259329993 -0.196606904 0.00573295867
v  0.0253419597 -0.199357003 0.00554496516
v  0.0259929597 -0.195864007 0.00561494194
v  0.0258699991 -0.196593896 0.00556993997
v  0.0251639783 -0.199320003 0.0053769392
v  0.024766 -0.202110007 0.00552094402
v  0.0257539488 -0.196573004 0.00543994177
v  0.0248449799 -0.202129006 0.00575095788
v  0.0242169797 -0.204871997 0.00572193041
v  0.0241369884 -0.204851002 0.0054959096
v  0.0245909989 -0.202070996 0.0053559579
v  0.0249299686 -0.199273005 0.00531495037
v  0.0243599694 -0.202020004 0.00529593695
v  0.0239629485 -0.204807907 0.00533491746
v  0.0208879393 -0.203878894 0.00527096167
v  0.0237349588 -0.204752997 0.0052769226
v  0.0208879393 -0.203878894 0.00149096665
v  0.022615999 -0.198324993 0.00149096758
v  0.0201889593 -0.205677003 0.00525695458
v  0.022615999 -0.198324993 0.00531191193
v  0.023048969 -0.207470998 0.00525695411
v  0.0197489597 -0.206704006 0.00522494642
v  0.0185619891 -0.209182993 0.00241792481
v  0.0192959588 -0.207699001 0.00502592698
v  0.0227619689 -0.208593994 0.00522393314
v  0.0231919587 -0.207508996 0.00527996197
v  0.0226989686 -0.208869904 0.00519794598
v  0.0228379685 -0.208906993 0.00522393314
v  0.0232729595 -0.207531005 0.00531494897
v  0.0229749996 -0.208949 0.00529992906
v  0.0233349483 -0.207548007 0.00535494415
v  0.022615999 -0.210251004 0.0048829345
v  0.0227299593 -0.210306004 0.0049599437
v  0.0230779983 -0.208987996 0.00541496603
v  0.0234449785 -0.207578003 0.00547194807
v  0.0231399797 -0.209019005 0.00555795804
v  0.0228099488 -0.210369006 0.00506091351
v  0.0235119797 -0.207597002 0.00561893312
v  0.0235269982 -0.207600996 0.00569391577
v  0.0235299785 -0.207602993 0.00578493206
v  0.0237019993 -0.206820995 0.00593996421
v  0.0241849683 -0.204866007 0.00596094551
v  0.0234999992 -0.207596004 0.00593096297
v  0.0231219791 -0.209049001 0.00586092798
v  0.0231529791 -0.209040001 0.00571793597
v  0.0228209794 -0.210556999 0.00543290656
v  0.0228559691 -0.210501999 0.00531393569
v  0.0228539389 -0.210435003 0.00518095726
v  0.0227869488 -0.211561993 0.00419396441
v  0.0228949487 -0.212089002 0.00280392449
v  0.0227059387 -0.211372003 0.0040689134
v  0.0227509495 -0.211768001 0.0043229484
v  0.0225769598 -0.211492002 0.00350594753
v  0.022524979 -0.211236998 0.00397593062
v  0.0228239596 -0.211881906 0.00275892252
v  0.0224839784 -0.210804895 0.00446296018
v  0.0229439493 -0.212018996 0.00132996542
v  0.0226949789 -0.211776003 0.00241792435
v  0.0229449589 -0.212019995 0.00132996542
v  0.0226649996 -0.211726993 0.00271392148
v  0.0227869488 -0.211860999 0.00131396542
v  0.0185509585 -0.209204003 0.00149096583
v  0.0169569589 -0.208204001 0.00149096595
v  0.0186439492 -0.209024996 0.003505948
v  0.0188869592 -0.208547994 0.0044619469
v  0.0224909484 -0.210214004 0.00484395353
v  0.02254197 -0.209736004 0.00502693979
v  0.0220949985 -0.197239906 0.00531691778
v  0.0220949985 -0.197239906 0.00149096781
v  0.0215689894 -0.197243005 0.00149096781
v  0.0215689894 -0.197243005 0.00531495083
v  0.0209889691 -0.197025999 0.00531393802
v  0.0198489688 -0.193002 0.00533396518
v  0.01996997 -0.196420997 0.00531393802
v  0.0209889691 -0.197025999 0.00149096781
v  0.00529596815 -0.200890005 0.00149096723
v  0.01996997 -0.196420997 0.00149096793
v  -0.000533960992 -0.197233006 0.00149096781
v  0.0179899596 -0.195179 0.00149096816
v  0.00270894775 -0.185594007 0.00149096968
v  0.0160099603 -0.193937004 0.00149096828
v  0.0013629999 -0.184750006 0.00149096991
v  5.59999608e-05 -0.183852002 0.00149096991
v  -0.000513994019 -0.183266893 0.00149097014
v  -0.00636395114 -0.193575993 0.0014909684
v  -0.00636496395 -0.193577006 0.00131396833
v  -0.000513994019 -0.183266893 0.00531495316
v  -0.000839972054 -0.182575002 0.00149097014
v  5.59999608e-05 -0.183852002 0.00531394035
v  0.00303498516 -0.182456002 0.00533396704
v  0.00136899995 -0.184753001 0.00531393988
v  0.00270894775 -0.185594007 0.00531393988
v  0.00405398617 -0.186437994 0.00531393988
v  0.00903896149 -0.185334995 0.00537592871
v  0.00863996707 -0.185971007 0.00533396658
v  0.00539896498 -0.187280998 0.00531393941
v  0.00343397912 -0.181819007 0.00537592918
v  0.0146439997 -0.188850001 0.00537592825
v  0.00380299101 -0.181232005 0.00564891845
v  0.0142439902 -0.189486995 0.00533396611
v  0.0202479698 -0.192365006 0.00537592778
v  0.0160099603 -0.193937004 0.00531393848
v  0.0140299499 -0.192695007 0.00531393895
v  0.0179899596 -0.195179 0.00531393848
v  0.0120499404 -0.191452995 0.00531393895
v  0.0140299499 -0.192695007 0.00149096851
v  0.0120499404 -0.191452995 0.00149096875
v  0.0100699421 -0.190210894 0.00149096898
v  0.0100699421 -0.190210894 0.00531393895
v  0.00405398617 -0.186437994 0.00149096956
v  0.00808898173 -0.188969001 0.00531393941
v  0.00808898173 -0.188969001 0.00149096921
v  0.00674394425 -0.188124999 0.00531393941
v  0.00674394425 -0.188124999 0.00149096921
v  0.00539896498 -0.187280998 0.00149096944
v  0.0257309992 -0.194987997 0.00565195642
v  0.0255929492 -0.195786998 0.00536793983
v  0.0256059486 -0.195726007 0.00537592731
v  0.0254529398 -0.196517006 0.00533396471
v  0.0256029684 -0.196545005 0.00535893999
v  0.0257409494 -0.195809007 0.00539792096
v  0.0256909393 -0.196560994 0.00539696682
v  0.0258489586 -0.195085004 0.0056559504
v  0.0258859694 -0.195837006 0.00548393093
v  0.025961969 -0.195123002 0.00574994646
v  0.0260389782 -0.195176005 0.00586796319
v  0.025863979 -0.194591001 0.00630295835
v  0.0256769992 -0.194424003 0.00624693045
v  0.0256999396 -0.194492906 0.00615192018
v  0.0256049894 -0.194230005 0.00690895831
v  0.0259329993 -0.194757894 0.00646991143
v  0.0260639489 -0.195311993 0.00613391912
v  0.0260739587 -0.195241004 0.00599992834
v  0.0256629884 -0.194399998 0.00704193627
v  0.0258879997 -0.194951996 0.0066119493
v  0.0252819993 -0.193920001 0.00750393234
v  0.0253329594 -0.194091007 0.00762594352
v  0.0256289598 -0.194598004 0.00714195333
v  0.0253019594 -0.194288 0.00771093927
v  0.0249619801 -0.193794996 0.00819790922
v  0.0249159597 -0.193626001 0.00807595812
v  0.0249299686 -0.193990007 0.00828093849
v  0.02456096 -0.193491906 0.00874895416
v  0.0245249588 -0.193685994 0.00883395039
v  0.0236149691 -0.1928 0.00984293781
v  0.0245199483 -0.193325907 0.00862193666
v  0.0235859491 -0.192640007 0.00970191322
v  0.0225489493 -0.1919 0.0106509384
v  0.0235699695 -0.192992002 0.00993496738
v  0.0225639697 -0.192056 0.0108049568
v  0.0224609692 -0.192213997 0.0109409075
v  0.022508949 -0.192246005 0.0109029375
v  0.024799969 -0.193513006 0.00793493353
v  0.0249399897 -0.193625003 0.00772196613
v  0.0253679492 -0.194010004 0.0069759544
v  0.0251579583 -0.193805903 0.00736791408
v  0.0254669487 -0.194120005 0.00676996028
v  0.0260149594 -0.195374995 0.00624693045
v  0.0257229488 -0.195067003 0.00559896836
v  0.0151159503 -0.217704996 0.0138329249
v  0.01333699 -0.217264995 0.0146679245
v  0.00775597105 -0.213081002 0.0179699641
v  0.0106609799 -0.207064003 0.016882956
v  0.00482497225 -0.211246997 0.0184009653
v  0.00641099224 -0.212239996 0.018206954
v  0.00625798712 -0.212475002 0.0181699339
v  0.00612494908 -0.212644905 0.0179869533
v  0.00467297994 -0.211482003 0.0183619261
v  0.00454697618 -0.211656004 0.0181789342
v  0.00308898697 -0.210489005 0.0184869152
v  0.00429699384 -0.210915998 0.0184489451
v  0.00323895179 -0.210253 0.0185259562
v  0.00164399098 -0.209252998 0.0186049361
v  0.00149399985 -0.209489003 0.0185659565
v  0.000819999957 -0.208735004 0.0186299663
v  0.00296697579 -0.210665002 0.0183029156
v  0.001376 -0.209666997 0.0183809362
v  -0.000100000005 -0.208488002 0.0186049361
v  0.00448498689 -0.211712003 0.0179079138
v  0.00799796544 -0.213231996 0.0179189444
v  0.0187609494 -0.220668003 -9.03604086e-06
v  0.0187039692 -0.220632002 0.00184196397
v  0.0185449384 -0.220532 -0.00365400082
v  0.00805596076 -0.213948995 -0.0172409955
v  0.0190179683 -0.220743999 -9.03604086e-06
v  0.0189619996 -0.220708996 -0.00185399991
v  0.0187059995 -0.220633 -0.00183600001
v  0.0188009497 -0.220606998 -0.00368898874
v  0.0182789899 -0.220364004 -0.00545400195
v  0.0185329597 -0.220438004 -0.00550800283
v  0.0190569498 -0.220539004 -0.00371402269
v  0.0187889598 -0.220367 -0.00554603105
v  0.0191809796 -0.220304996 -0.00423299987
v  0.0189759396 -0.220171005 -0.00555801205
v  0.018403979 -0.220119998 -0.0073530064
v  0.01858899 -0.219918996 -0.00736802584
v  0.0183219593 -0.219745904 -0.00834399089
v  0.0211519897 -0.213329002 -0.00782101974
v  0.0194949787 -0.212357 -0.0112669952
v  0.0233219583 -0.206625894 -0.00724702561
v  0.0180749595 -0.219586998 -0.00911801681
v  0.0231949985 -0.209092006 -0.00586503325
v  0.0228819586 -0.210585997 -0.0054370123
v  0.0235759895 -0.207645997 -0.00593202887
v  0.0232219994 -0.209082007 -0.00572299492
v  0.0236009695 -0.207652003 -0.00578701124
v  0.0237759687 -0.206878006 -0.00594102871
v  0.0235959589 -0.207649007 -0.00569897518
v  0.0235949494 -0.207649007 -0.00569802104
v  0.0235949494 -0.207650006 -0.00569897518
v  0.0235099494 -0.207625002 -0.00548201427
v  0.0235789698 -0.207644895 -0.00562500488
v  0.0242039897 -0.204897895 -0.00550698768
v  0.0242879689 -0.204918995 -0.00572698843
v  0.0248359796 -0.202157006 -0.00553202117
v  0.0249169786 -0.202177003 -0.00575702917
v  0.0242629983 -0.204915002 -0.00596302235
v  0.0252359789 -0.199367002 -0.00539302267
v  0.0254129488 -0.199404001 -0.00555699458
v  0.0246609785 -0.202117994 -0.00537198316
v  0.0250049494 -0.199321002 -0.00533300079
v  0.0244339388 -0.202068001 -0.00531398691
v  0.0240319688 -0.204854995 -0.00535100279
v  0.0208879393 -0.203878894 -0.00529002631
v  0.0238079689 -0.204800993 -0.00529402075
v  0.02311996 -0.207518905 -0.00527399406
v  0.0233389493 -0.207578003 -0.00532900915
v  0.0201889593 -0.205677003 -0.00527601968
v  0.0197489597 -0.206704006 -0.00524401153
v  0.0232599694 -0.207556993 -0.00529598817
v  0.0233389493 -0.207579002 -0.00532900915
v  0.0228319485 -0.208636895 -0.00524001895
v  0.022903949 -0.208949 -0.00524001895
v  0.0230389498 -0.208989993 -0.00531398784
v  0.0234009884 -0.207595006 -0.00536799012
v  0.0233399589 -0.207578003 -0.00533002196
v  0.0235099494 -0.207626 -0.00548201427
v  0.0231419485 -0.209027007 -0.00542598497
v  0.0226719696 -0.210280001 -0.00490402756
v  0.0227839686 -0.210336998 -0.00497799739
v  0.0228639599 -0.2104 -0.00507503329
v  0.0232049488 -0.209059 -0.005564983
v  0.0227329396 -0.211385995 -0.00407898054
v  0.0229079388 -0.210466996 -0.00519102439
v  0.0227819998 -0.211778894 -0.00433200272
v  0.0228159688 -0.211576 -0.00420099171
v  0.0227979682 -0.212004006 -0.00390499458
v  0.0228749793 -0.212320998 -0.00284802564
v  0.0225949585 -0.211501002 -0.00352400169
v  0.0225509685 -0.211252004 -0.00399201736
v  0.022524979 -0.210831001 -0.0044810134
v  0.0186449587 -0.209024996 -0.00352400122
v  0.0185619891 -0.209182993 -0.00243699108
v  0.0226739999 -0.211732998 -0.00272899447
v  0.0208879393 -0.203878894 -0.00151001941
v  0.0192959588 -0.207699001 -0.00504499208
v  0.022615999 -0.198324993 -0.00151001848
v  0.0215689894 -0.197243005 -0.00151001825
v  0.0215689894 -0.197243005 -0.00533401314
v  0.0220949985 -0.197239906 -0.00151001825
v  0.0209889691 -0.197025999 -0.00533300033
v  0.0209889691 -0.197025999 -0.00151001825
v  0.0220949985 -0.197239906 -0.00533598009
v  0.022615999 -0.198324993 -0.00533097424
v  0.0199239589 -0.193048999 -0.00535302656
v  0.025528999 -0.196565002 -0.00535302702
v  0.0256709792 -0.195841998 -0.00538497511
v  0.01996997 -0.196420997 -0.00533300033
v  0.0179899596 -0.195179 -0.00533299986
v  0.01431897 -0.189532906 -0.00535302563
v  0.0203229487 -0.192412004 -0.00539498823
v  0.01996997 -0.196420997 -0.00151001802
v  0.0179899596 -0.195179 -0.00151001802
v  0.0160099603 -0.193937004 -0.00533299986
v  0.0160099603 -0.193937004 -0.00151001778
v  0.0140299499 -0.192695007 -0.0053329994
v  0.0120499404 -0.191452995 -0.0053329994
v  0.0140299499 -0.192695007 -0.00151001755
v  0.0120499404 -0.191452995 -0.00151001732
v  0.0100699421 -0.190210894 -0.0053329994
v  0.00270894775 -0.185594007 -0.00151001639
v  0.00405398617 -0.186437994 -0.00151001639
v  0.0100699421 -0.190210894 -0.00151001709
v  0.00808898173 -0.188969001 -0.00533299893
v  0.00808898173 -0.188969001 -0.00151001685
v  0.00674394425 -0.188124999 -0.00151001685
v  0.00539896498 -0.187280998 -0.00151001662
v  0.00674394425 -0.188124999 -0.00533299893
v  0.0013629999 -0.184750006 -0.00151001615
v  5.59999608e-05 -0.183852002 -0.00151001615
v  0.0256849788 -0.195775002 -0.00539200893
v  0.0258159898 -0.195862994 -0.00541501632
v  0.0258259494 -0.196619004 -0.00545501104
v  0.0256769992 -0.196592003 -0.00537597528
v  0.0257629491 -0.196608007 -0.00541400304
v  0.0259409901 -0.196640998 -0.00558202807
v  0.0259419996 -0.196640998 -0.00558298221
v  0.0260069687 -0.196654007 -0.00574099412
v  0.0260179993 -0.196657002 -0.00581800332
v  0.025491979 -0.199421003 -0.00578700984
v  0.026015969 -0.196657002 -0.00591200031
v  0.02535096 -0.199943006 -0.00602101767
v  0.0254549701 -0.199415997 -0.00602697767
v  0.0248869993 -0.202171996 -0.00599503005
v  0.0227659699 -0.208913997 -0.00521498499
v  0.0226039588 -0.209774002 -0.00504397927
v  0.0188869592 -0.208547994 -0.00448000012
v  0.0225509685 -0.210237995 -0.00486600073
v  0.0172239896 -0.219365999 -0.0107790157
v  0.01740399 -0.219154999 -0.0108010061
v  0.0178919695 -0.219791993 -0.00910001807
v  0.0167459585 -0.218733996 -0.0120519958
v  0.016547 -0.218606994 -0.0123780258
v  0.0163719989 -0.218824998 -0.0123529956
v  0.0151079604 -0.218280002 -0.0136359856
v  0.0161339995 -0.218924895 -0.0122420155
v  0.0153309405 -0.218165904 -0.0137680061
v  0.0139089497 -0.217526004 -0.0148190167
v  0.0141149499 -0.217399001 -0.0149689857
v  0.0155029604 -0.217942998 -0.0137960259
v  0.0142829698 -0.217171997 -0.014998015
v  0.0142799905 -0.21717 -0.0149999764
v  0.0127609698 -0.216547996 -0.0159400068
v  0.0129249403 -0.216317996 -0.0159709956
v  0.017023949 -0.210886002 -0.0140179936
v  0.0114819696 -0.215412006 -0.0167280361
v  0.0113209803 -0.215645 -0.0166940056
v  0.0111929504 -0.215231001 -0.0168530252
v  0.014002 -0.209075004 -0.0157859847
v  0.0111499699 -0.215794995 -0.0165219866
v  0.00983098708 -0.214710996 -0.017262036
v  0.0125729805 -0.216688007 -0.0157760363
v  0.01373199 -0.217510894 -0.0145959761
v  0.0124239605 -0.216690004 -0.0155330263
v  0.0110249799 -0.215811998 -0.0162659865
v  0.00967398938 -0.214868993 -0.017083995
v  0.00956997927 -0.214899004 -0.0168210156
v  0.00814399682 -0.213909 -0.0175080262
v  0.00828895625 -0.213745996 -0.0176889859
v  0.00659898529 -0.212940007 -0.0178199951
v  0.00673494302 -0.212771997 -0.0180029757
v  0.00782594644 -0.213124007 -0.0178630259
v  0.00844500121 -0.213511005 -0.0177259967
v  0.00688896189 -0.212537006 -0.0180399958
v  0.0107249897 -0.207105905 -0.0167930033
v  0.00532898912 -0.211559996 -0.0182700064
v  0.0043619629 -0.210954994 -0.0183790233
v  0.005175984 -0.211795002 -0.0182310268
v  0.00504598627 -0.211965993 -0.0180479866
v  0.00497899111 -0.212018996 -0.0177780353
v  0.0065229889 -0.212987006 -0.0175509956
v  0.00342998514 -0.211046904 -0.0179440342
v  0.00998899899 -0.214477003 -0.0172970258
v  0.0173919499 -0.219807997 -0.0089309793
v  0.0159089901 -0.218877003 -0.0120810159
v  0.0149039896 -0.218246907 -0.0134420358
v  0.01789698 -0.220125005 -0.00722503429
v  0.0181489885 -0.220194906 -0.00730001694
v  0.0176399685 -0.219873995 -0.00903099403
v  0.0167379696 -0.219396994 -0.0105619952
v  0.0169769786 -0.219456002 -0.0106909759
v  0.01926497 -0.204333007 -0.0129380133
v  -0.00734397117 -0.192095906 0.00446194969
v  -0.0105719697 -0.189043 0.0050049494
v  -0.0113179898 -0.189623997 0.0044449633
v  -0.0105219698 -0.188997 0.00502694305
v  -0.00978496019 -0.188240007 0.00521892915
v  -0.00684299413 -0.191304997 0.00502592977
v  -0.0167809911 -0.198271006 0.0103349127
v  -0.0168049503 -0.197996005 0.0104159173
v  -0.0173069406 -0.197349995 0.00869292393
v  -0.0166159514 -0.198470995 0.0102129616
v  -0.0159899816 -0.198765904 0.0119569264
v  -0.0160019603 -0.198496893 0.012059927
v  -0.0150159802 -0.199377 0.0134399571
v  -0.0148859797 -0.199555904 0.0132549368
v  -0.01376196 -0.200261995 0.0145099182
v  -0.0125609795 -0.200918004 0.0157869477
v  -0.0138649503 -0.200099006 0.0147249065
v  -0.0125219403 -0.200679004 0.0159459077
v  -0.0138449902 -0.199847907 0.0148679577
v  -0.0109509397 -0.201327994 0.0168259162
v  -0.0131579796 -0.199939996 0.0153809171
v  -0.0123819895 -0.200427994 0.0159719568
v  -0.00929494947 -0.194973007 0.0143129285
v  -0.0137079498 -0.199595004 0.0148919281
v  -0.0148799596 -0.198861003 0.0135849081
v  -0.0157269407 -0.198331997 0.0123289265
v  -0.015013 -0.199116006 0.0135639273
v  -0.0158729702 -0.198240906 0.0120779276
v  -0.0166789517 -0.197740003 0.0104309358
v  -0.00772096962 -0.185007006 0.0059309667
v  -0.009394967 -0.187050894 0.00589991268
v  -0.00970300008 -0.187418893 0.00589192519
v  -0.00608595507 -0.182932004 0.00596291618
v  -0.00940998737 -0.187037006 0.00575596746
v  -0.00773396436 -0.184994906 0.00569791254
v  -0.00610395614 -0.182916 0.00572694093
v  -0.00571598904 -0.182450995 0.00596994907
v  -0.00451799482 -0.180803999 0.00575793581
v  -0.00297894422 -0.178659007 0.00588191347
v  -0.00297894422 -0.178657994 0.00578994351
v  -0.00296797697 -0.178664997 0.00571192056
v  -0.00256898301 -0.178109005 0.00574696902
v  -0.00291194813 -0.178702995 0.00555891544
v  -0.0094039673 -0.187041894 0.00566894468
v  -0.00133194798 -0.177548006 0.006141969
v  -0.000988983084 -0.177523002 0.00676495722
v  0.00945494231 -0.183868006 0.0138429403
v  0.0067539569 -0.182221994 0.0133929309
v  0.00810197555 -0.183038995 0.0136679392
v  0.00957897864 -0.183680996 0.013745971
v  0.00822994672 -0.182852998 0.0135719199
v  0.00833294448 -0.182736903 0.01337892
v  0.00838295184 -0.182721004 0.0131389499
v  0.0096729761 -0.183560997 0.0135529693
v  0.00971195754 -0.183538005 0.0133109093
v  0.0110239703 -0.184400007 0.0136419609
v  0.0109389704 -0.184523895 0.0138349608
v  0.0108169597 -0.184710994 0.0139329508
v  0.0118610002 -0.185360998 0.0139529109
v  0.0122959903 -0.185370997 0.0138519406
v  0.0137189897 -0.186091006 0.01361496
v  0.0136479503 -0.186221004 0.0138069391
v  0.0135349901 -0.186408907 0.0139079094
v  0.0121779805 -0.185559005 0.0139509495
v  0.0123749701 -0.185245007 0.0136589408
v  0.0110529996 -0.184369996 0.0134009197
v  -0.00314494316 -0.206242993 0.0185939651
v  -0.00473197596 -0.205245003 0.0184739251
v  -0.00631799595 -0.204245999 0.0182649456
v  0.000306999951 -0.209086999 -0.0181479938
v  -0.0177499801 -0.197758004 -0.00599699607
v  -0.0173079614 -0.198035002 -0.00774597609
v  -0.00540699903 -0.182638004 -0.00664602872
v  -0.00763895363 -0.185062006 -0.00595699949
v  -0.00042700005 -0.178186998 -0.00884198211
v  -0.00238694996 -0.178075001 -0.00612400984
v  -0.00441696495 -0.180874005 -0.00602202723
v  -0.00152596098 -0.177738994 -0.00713097071
v  -0.00564297289 -0.182511002 -0.00599699374
v  -0.00600697892 -0.182984993 -0.00598900672
v  -0.000253000006 -0.178011 -0.00877898
v  0.000549999939 -0.178679004 -0.0100359786
v  -0.000813984079 -0.178002998 -0.00828002952
v  -0.000636958051 -0.177825004 -0.00821899436
v  -0.00117798906 -0.177846 -0.00770502398
v  -0.000251999998 -0.178010002 -0.00877898
v  -0.000421000004 -0.177759007 -0.00809698366
v  -0.00100096408 -0.177664906 -0.00763999531
v  -0.000219999987 -0.177820995 -0.00794701837
v  -0.00135096209 -0.177551001 -0.00704800198
v  -0.00159397011 -0.177487001 -0.00638299296
v  -0.00170394115 -0.177532002 -0.00646900199
v  -0.00179895095 -0.177618995 -0.00655000471
v  -0.00199898425 -0.177702993 -0.0058659818
v  -0.00208994094 -0.177720994 -0.00599699281
v  -0.00215198891 -0.177782997 -0.00613599084
v  -0.00251897518 -0.178168997 -0.00594400382
v  -0.00249799388 -0.178156003 -0.00577401184
v  -0.00217499584 -0.177871004 -0.00625198195
v  -0.00186099892 -0.177726999 -0.00661002705
v  -0.00290694088 -0.178705007 -0.00590800354
v  -0.00290795509 -0.178703994 -0.0058150203
v  -0.00249799388 -0.178211004 -0.00609098887
v  -0.00287397997 -0.178728893 -0.00605600141
v  -0.00931199733 -0.187107995 -0.00592701836
v  -0.00925495476 -0.187151998 -0.00547998352
v  -0.00916799158 -0.187223002 -0.00536798686
v  -0.00911798421 -0.187262997 -0.00532900589
v  0.0124679497 -0.185256004 -0.0134349894
v  0.0111250002 -0.184413999 -0.0134330299
v  0.00844500121 -0.182753995 -0.0132059902
v  0.00977996644 -0.183577001 -0.0133569706
v  0.0110980002 -0.184443995 -0.0136740096
v  0.01244995 -0.185292006 -0.0136750191
v  0.0138009498 -0.186144993 -0.0136049911
v  0.0123739596 -0.185420007 -0.013868019
v  0.01373199 -0.186275005 -0.0137969702
v  0.0150840003 -0.187132999 -0.0136539806
v  0.0136199901 -0.186463997 -0.0138980001
v  0.0122579597 -0.185608998 -0.0139679797
v  0.0119089801 -0.185389906 -0.0139739998
v  0.01101497 -0.184569001 -0.0138670094
v  0.00974396523 -0.183603004 -0.0135980099
v  0.0151439598 -0.187000006 -0.0134640206
v  0.0164709985 -0.187850997 -0.0132520106
v  0.0164199788 -0.187987 -0.0134410113
v  0.0151420003 -0.186952993 -0.0132290013
v  0.0164599698 -0.187799007 -0.0130209811
v  0.0138090001 -0.186103001 -0.0133680012
v  0.0177409984 -0.188839003 -0.0131460316
v  0.0177829582 -0.188701004 -0.01296
v  -0.00251796097 -0.206634 -0.0187020246
v  -0.000943982042 -0.207624003 -0.0186920036

# 7095 UV coordinates
vt 0.25575 0.33978501 0
vt 0.507637024 0.00173598505 0
vt 0.510281026 0.33978501 0
vt 0.510281026 0.65971899 0
vt 3.99999999e-06 0.657531023 0
vt 0.25575 0.65971899 0
vt 3.99999999e-06 0.33978501 0
vt 3.99999999e-06 0.335426986 0
vt 0.25575 0.00177395297 0
vt 0.256458998 0.00175899197 0
vt 0.193476006 0.245550007 0
vt 0.003445982 0.490884006 0
vt 0.000205999982 0.245550007 0
vt 0.193476006 0.001509964 0
vt 0.000208999991 0.244871005 0
vt 0.385987997 0.0099919429 0
vt 0.193476006 0.490884006 0
vt 0.386110008 0.245550007 0
vt 0.00353097892 0.493506998 0
vt 0.193476006 0.742371023 0
vt 0.274405986 0.742371023 0
vt 0.386110008 0.490884006 0
vt 0.320455998 0.734817982 0
vt 0.0140139395 0.742371023 0
vt 0.510281026 0.00171899702 0
vt 0.752700984 0.00146496203 0
vt 0.0142019903 0.746764004 0
vt 0.756914973 0.33978501 0
vt 0.756914973 0.00161194801 0
vt 0.756914973 0.65971899 0
vt 0.999997973 0.340525001 0
vt 0.999997973 0.33978501 0
vt 0.999997973 0.65971899 0
vt 0.756914973 0.993954003 0
vt 0.999997973 0.99407202 0
vt 0.000165999998 0.658905029 0
vt 0.000341000006 0.999257982 0
vt 0.000167999999 0.662514985 0
vt 0.999997973 0.656134009 0
vt 0.165971905 0.658905029 0
vt 0.165971905 0.341077 0
vt 4.50000007e-05 0.341077 0
vt 0.331943989 0.341077 0
vt 0.165971905 0.997189999 0
vt 0.331943989 0.658905029 0
vt 0.398676991 0.00537699414 0
vt 0.206569001 0.0514619909 0
vt 0.300065994 0.0213219505 0
vt 0.331943989 0.999952972 0
vt 0.0333289504 0.244018003 0
vt 0.500298977 0.999776006 0
vt 0.601319015 0.00536197377 0
vt 0.500231028 1.99999999e-06 0
vt 0.00779896881 0.370723009 0
vt 0.510281026 0.994113028 0
vt 0.25575 0.993966997 0
vt 0.0946499705 0.130910903 0
vt 3.99999999e-06 0.99396801 0
vt 0.00779896881 0.629275978 0
vt 0.992201984 0.629266024 0
vt 2.59999979e-05 0.499985993 0
vt 0.992200971 0.370723009 0
vt 0.255766004 0.65971899 0
vt 0.255766004 0.993960977 0
vt 3.99999999e-06 0.99396503 0
vt 0.999974012 0.500011981 0
vt 0.601302028 0.994642019 0
vt 0.966666996 0.755997002 0
vt 0.510317028 0.994098008 0
vt 7.0000001e-06 0.65971899 0
vt 0.255766004 0.33978501 0
vt 0.510317028 0.65971899 0
vt 7.0000001e-06 0.657543004 0
vt 1 0.993997991 0
vt 0.999984026 0.660048008 0
vt 0.999984026 0.662208021 0
vt 0.510317028 0.33978501 0
vt 0.756963015 0.65971899 0
vt 0.756963015 0.993984997 0
vt 1 0.994050026 0
vt 0.793402016 0.948552012 0
vt 0.90534699 0.869094014 0
vt 0.699832976 0.978699982 0
vt 1.99999999e-06 0.662832975 0
vt 0.165855005 0.999939024 0
vt 1.99999999e-06 0.999629021 0
vt 0.999970973 0.65971899 0
vt 0.165855005 0.658901989 0
vt 0.999970973 0.655817986 0
vt 1.99999999e-06 0.658901989 0
vt 0.165855005 0.34107399 0
vt 9.99999997e-07 0.34107399 0
vt 0.756963015 0.33978501 0
vt 0.999949992 0.340368986 0
vt 0.999949992 0.33978501 0
vt 0.752704978 0.00147294905 0
vt 0.756963015 0.00164097501 0
vt 9.99999997e-07 0.340487003 0
vt 0.165855005 7.19999953e-05 0
vt 0 3.00000011e-06 0
vt 0.999940991 0.00177496602 0
vt 0.570483029 0.999997973 0
vt 0.996931016 0.831223011 0
vt 0.993007004 1 0
vt 0.501290023 0.666855991 0
vt 0.999221027 0.666855991 0
vt 0.331052005 8.6e-05 0
vt 0.0142039601 0.746810019 0
vt 0.193476006 0.990971982 0
vt 0.0247849803 1 0
vt 0.501290023 0.999997973 0
vt 0.228391007 0.891128004 0
vt 0.221073002 0.988606989 0
vt 0.992766023 0.999328971 0
vt 0 1 0
vt 0.999734998 0 0
vt 0.994800985 0 0
vt 0.0024989841 0.462579012 0
vt 0.162570998 0.000465999969 0
vt 0.254689008 0.744973004 0
vt 0.246856004 0.986020982 0
vt 0.998880982 0.999881029 0
vt 0.00116097904 1 0
vt 0.436453015 0.886821985 0
vt 0.436437994 0.999997973 0
vt 0.999945998 0.675831974 0
vt 0.000110000001 0.998248994 0
vt 0.998896003 3.00000011e-06 0
vt 0.997182012 1 0
vt 0.999888003 0.802362978 0
vt 0.782606006 0.756874979 0
vt 0.999916017 0.756874979 0
vt 0.997771025 1 0
vt 0.998326004 1 0
vt 0.996672988 0 0
vt 0.997784972 0 0
vt 0.998340011 0 0
vt 0.996661007 1 0
vt 0.000110000001 0 0
vt 0.142863005 0 0
vt 0.143762007 1 0
vt 0.998604 1 0
vt 0.998847008 0.99998498 0
vt 0.998618007 0 0
vt 0.998861015 0 0
vt 0.994449973 0 0
vt 0.994440019 1 0
vt 0.990004003 0 0
vt 0.989998996 1 0
vt 0.981113017 0 0
vt 0.98111701 1 0
vt 0.963329017 0 0
vt 0.963352978 1 0
vt 0.927762985 0 0
vt 0.92782402 1 0
vt 0.856629014 0 0
vt 0.856765985 1 0
vt 0.713876009 0 0
vt 0.714164972 1 0
vt 0.571123004 0 0
vt 0.571564019 1 0
vt 0.428368986 0 0
vt 0.428963989 1 0
vt 0.28561601 0 0
vt 0.286363006 1 0
vt 0.998742998 1 0
vt 0.998757005 0 0
vt 0.998826981 0 0
vt 0.99881202 1 0
vt 0.998829007 0.999997973 0
vt 0.998835027 0 0
vt 0.998820007 1 0
vt 0.998844028 0 0
vt 0.190985993 0.678357005 0
vt 0.050226979 0.886821985 0
vt 0.00673496723 0.847001016 0
vt 0.00654298021 0.873372018 0
vt 0.999943972 0.00652599288 0
vt 2.20000002e-05 0.258473992 0
vt 5.99999985e-05 0 0
vt 0.0245199706 0.883035004 0
vt 8.49999997e-05 0.860369027 0
vt 0.999451995 0.503651023 0
vt 5.99999985e-05 0.503651023 0
vt 3.6999998e-05 0.746740997 0
vt 0.670979977 0.802362978 0
vt 0.758662999 0.747951984 0
vt 0.768671989 0.754381001 0
vt 0.755069017 0.739308 0
vt 0.999575973 0.258439004 0
vt 0.999568999 0.746740997 0
vt 0.758135021 0.730432987 0
vt 1 0.995167017 0
vt 0.670979977 0.703323007 0
vt 0.861782014 0.618400991 0
vt 0.00186896301 0.50571698 0
vt 0.997375011 0 0
vt 0.997331023 0.50571698 0
vt 0.00117099204 0.000667999964 0
vt 5.99999985e-05 1 0
vt 0.00179100002 0.540154994 0
vt 0.997112989 0.58732897 0
vt 0.766058028 0.600274026 0
vt 0.878544986 0.600274026 0
vt 0.741048992 0.627588987 0
vt 0.850189984 0.508834004 0
vt 0.96321702 0.508834004 0
vt 0.00117099204 1 0
vt 1 0.999903977 0
vt 0.371226996 0.513278008 0
vt 0.203539997 0.666855991 0
vt 0.377903014 0.499985009 0
vt 0.999863982 0.499972999 0
vt 0 0.499972999 0
vt 1.89999992e-05 0.00142896106 0
vt 0.999826014 0 0
vt 1.89999992e-05 0.997157991 0
vt 0.371226996 0.486730993 0
vt 0.998039007 0.412506014 0
vt 0.00118595304 0 0
vt 1 0.000195999994 0
vt 0.00180494704 0.459818989 0
vt 0.999925971 1 0
vt 0.501290023 0.33317101 0
vt 0.203562006 0.33317101 0
vt 0.436453015 0.113187 0
vt 0.501290023 7.0000001e-06 0
vt 0.570882976 1.99999999e-06 0
vt 0.996924996 0.168437004 0
vt 0.999221027 0.33317101 0
vt 0.191016003 0.321676999 0
vt 0.669162989 8.80000007e-05 0
vt 0.834271014 0.34107399 0
vt 0.668541014 0.34107399 0
vt 0.834271014 5.29999998e-05 0
vt 0.668541014 9.00000014e-05 0
vt 1 0.499599993 0
vt 0.999226987 0.333784014 0
vt 0.500124991 0.34107399 0
vt 0.500124991 0.000304999994 0
vt 0.500124991 0.658901989 0
vt 0.331710011 0.34107399 0
vt 0.331710011 8.80000007e-05 0
vt 0.999226987 0.666203976 0
vt 0.331710011 0.658901989 0
vt 0.668541014 0.658901989 0
vt 0.500124991 0.999737024 0
vt 0.331710011 0.99931097 0
vt 0.398669004 0.994638026 0
vt 0.499754012 0.999998987 0
vt 0.668541014 0.999912977 0
vt 0.206569001 0.948539019 0
vt 0.299984008 0.978649974 0
vt 0.0333329998 0.755999029 0
vt 0.834271014 0.997236013 0
vt 0.834271014 0.658901989 0
vt 0.999660015 0.99921602 0
vt 0.999834001 0.658901989 0
vt 0.999954998 0.34107399 0
vt 0.999834001 0.660299003 0
vt 1.99999999e-06 0.345382988 0
vt 1.99999999e-06 0.660049021 0
vt 1.99999999e-06 0.658671975 0
vt 0.999996006 0 0
vt 0.999956012 0.335920006 0
vt 0.243521005 0.340303004 0
vt 1.99999999e-06 0.340303004 0
vt 0.247817904 0.00907194614 0
vt 0.490287989 0.340303004 0
vt 0.243521005 0.660049021 0
vt 0.243521005 0.00901794434 0
vt 0.742370009 0.19348 0
vt 0.742370009 0.0141939502 0
vt 0.746837974 0.0143929701 0
vt 0.493642986 0.00372898509 0
vt 0.490287989 0.0090289712 0
vt 0.490884006 0.19348 0
vt 0.490884006 0.00363898207 0
vt 0.493063003 0.00904399063 0
vt 0.734872997 0.320502013 0
vt 0.742370009 0.274574012 0
vt 0.490884006 0.386114001 0
vt 0.245551005 0.19348 0
vt 0.245551005 0.386114001 0
vt 0.881241977 0.0113049699 0
vt 0.943988025 0.165105894 0
vt 0.801916003 0.0113649899 0
vt 0.946718991 0.169581994 0
vt 0.914795995 0.0114139896 0
vt 0.745050013 0.254893005 0
vt 0.999825001 0.256368995 0
vt 0.997685015 0 0
vt 0.999175012 0.128993005 0
vt 0.947890997 0.174174994 0
vt 0.000407000014 0.110412002 0
vt 0.999922991 0.197876006 0
vt 0.944415987 0.182742998 0
vt 6.99999946e-05 0.256368995 0
vt 0.000192000007 0.501097977 0
vt 0.999825001 0.501097977 0
vt 0.998869002 0.744323015 0
vt 0.00025099999 0.744323015 0
vt 0.89941901 0.995769978 0
vt 0.986681998 0.608433008 0
vt 0.950785995 0.887305021 0
vt 0.998785973 0.229249001 0
vt 0.000630999974 0 0
vt 0.994956017 1 0
vt 0.000630999974 0.996004999 0
vt 0.485078007 0.00028800001 0
vt 0.134129003 0.995769978 0
vt 0.998252988 1 0
vt 0.00020699999 0.998584986 0
vt 1 0.000372999988 0
vt 0.919516981 0.191548005 0
vt 0.670979977 0.197876006 0
vt 0.702202976 0.191505998 0
vt 0.998432994 0.869610012 0
vt 0.927264988 0.190983996 0
vt 0.330287993 0.197876006 0
vt 0.523994982 0.191548005 0
vt 0.614041984 0.244215995 0
vt 0.548484027 0.165124997 0
vt 0.670979977 0.175441995 0
vt 0.551387012 0.172246903 0
vt 0.677736998 0.182733998 0
vt 0.782606006 0.243166 0
vt 0.768670022 0.245609894 0
vt 0.758644998 0.269457012 0
vt 0.670979977 0.296736002 0
vt 0.755060017 0.260699004 0
vt 0.550701022 0.179275006 0
vt 0.545252979 0.185589999 0
vt 0.535663009 0.190145001 0
vt 0.758659005 0.252045989 0
vt 0.530010998 0.191341907 0
vt 0.684382975 0.187270895 0
vt 0.622658014 0.247312993 0
vt 0.628795028 0.251980007 0
vt 0.693121016 0.190413997 0
vt 0.996294975 0.18716 0
vt 0.00107896305 4.80000017e-05 0
vt 0.998607993 0 0
vt 0.861808002 0.381635994 0
vt 0.741086006 0.372456014 0
vt 0.00160395994 0.503745973 0
vt 0.997310996 0.503745973 0
vt 0.49831599 0.333032012 0
vt 0.545346975 0.0173389893 0
vt 0.77046001 0.251785994 0
vt 0.49831599 0.000180999996 0
vt 0.515595019 0.00227999594 0
vt 0.53283 0.00830894709 0
vt 2.40000008e-05 0.66772002 0
vt 0.997403979 0.999401987 0
vt 2.20000002e-05 1 0
vt 0.214506 0.266903996 0
vt 0.277951986 0.333032012 0
vt 0.421824992 0.482849002 0
vt 0.429410011 0.499998987 0
vt 0.992415011 0.482849002 0
vt 0.848536015 0.333032012 0
vt 0.49831599 0.666985989 0
vt 0.00103694201 0.678174019 0
vt 0.997473001 0.617778003 0
vt 1 0.999929011 0
vt 0.00107896305 1 0
vt 0.76611203 0.399791986 0
vt 0.878594995 0.399791986 0
vt 0.850189984 0.49120599 0
vt 0.96321702 0.49120599 0
vt 0.999934971 0.500001013 0
vt 1.39999993e-05 0.00106096198 0
vt 0.99988699 0 0
vt 0.853926003 0.500024021 0
vt 0.999798 0.999738991 0
vt 0 0.500018001 0
vt 1.39999993e-05 1 0
vt 0.992415011 0.517150998 0
vt 0.999998987 0.499980986 0
vt 1 0 0
vt 0.000997999916 0.321830988 0
vt 0.00103998103 1.49999996e-05 0
vt 0.848519027 0.666985989 0
vt 0.996599972 0.382364005 0
vt 0.00156098604 0.496306002 0
vt 0.770411015 0.748260975 0
vt 0.996474028 0.496306002 0
vt 0.545346975 0.982661009 0
vt 0.996344984 0.812811017 0
vt 0.00103998103 0.999817014 0
vt 0.996495008 0.00284999609 0
vt 2.79999986e-05 0.332255006 0
vt 2.20000002e-05 0 0
vt 0.998920023 1 0
vt 0.515596986 0.997721016 0
vt 0.532828987 0.991689026 0
vt 0.49831599 0.999818981 0
vt 1 0.996071994 0
vt 4.50000007e-05 0.958720982 0
vt 0.998403013 0.660739005 0
vt 0.214485005 0.733115017 0
vt 0.495932996 0.999812007 0
vt 2.29999987e-05 0.660739005 0
vt 0.330287993 0.802362978 0
vt 0.614039004 0.755774975 0
vt 0.604323983 0.756874979 0
vt 0.622659981 0.752681971 0
vt 0.997195005 0.332255006 0
vt 0.628890991 0.748088002 0
vt 0.523998022 0.808416009 0
vt 0.305009007 0.67028898 0
vt 0.330287993 0.64309001 0
vt 0.358846992 0.736895978 0
vt 0.387015015 0.756874979 0
vt 0.375135988 0.755003989 0
vt 0.306616992 0.808492005 0
vt 0.330287993 0.808426976 0
vt 0.292340994 0.810980976 0
vt 0.182981998 0.802362978 0
vt 0.155076995 0.833298981 0
vt 0.365543991 0.750472009 0
vt 0.359872013 0.744051993 0
vt 9.79999968e-05 0.207789004 0
vt 0.999077976 0.207789004 0
vt 0.997992992 0.41128999 0
vt 7.19999953e-05 0.41128999 0
vt 0.997500002 0.610316992 0
vt 0.000169000006 0.610316992 0
vt 0.0140299704 0.987959981 0
vt 0.0571149513 0.999812007 0
vt 0.0335399508 0.996720016 0
vt 0.00255894591 0.975443006 0
vt 0.00770097878 0.948359013 0
vt 0.000476000016 0.961507976 0
vt 0.000138000003 0.804738998 0
vt 0.998288989 0.499462008 0
vt 0.000378999976 0.000859000022 0
vt 0.994989991 0 0
vt 0.998320997 0.994015992 0
vt 0.000131999986 1 0
vt 0.000544999959 0.499462008 0
vt 0.362544 0.730432987 0
vt 0.464482993 0.619632006 0
vt 0.99623698 0.586736977 0
vt 0.369776994 0.600274026 0
vt 0.482362002 0.600274026 0
vt 0.454598993 0.508834004 0
vt 0.99673003 0.186486006 0
vt 0.0115149599 0.000179999988 0
vt 0.999758005 0 0
vt 0.0132609596 0.204871997 0
vt 0.990541995 0.273649991 0
vt 0.499886006 0.664708972 0
vt 0.99484998 0.513274014 0
vt 0.867312014 0.664708972 0
vt 0.789718986 0.756653011 0
vt 0.0101079904 0.329209 0
vt 0.962149978 0.597440004 0
vt 0.983914018 0.329209 0
vt 0.585290015 1 0
vt 0.0267459694 0.657872975 0
vt 0.52749002 1 0
vt 0.773404002 0.682402015 0
vt 0.792925 0.655404985 0
vt 0.773772001 0.683788002 0
vt 0.0275639798 0.659655988 0
vt 0.974119008 0.659655988 0
vt 0.529064 0.916989982 0
vt 0.709142983 0.490884006 0
vt 0.961845994 1 0
vt 0.792925 0.490884006 0
vt 0.682135999 0.433266014 0
vt 0.0967459604 0.996290028 0
vt 3.79999983e-05 1 0
vt 0.58474499 0.490884006 0
vt 0.651941001 0.490884006 0
vt 0.58474499 0.245551005 0
vt 0.792925 0.299358994 0
vt 0.488613009 0.181248993 0
vt 0.999768019 0.507749975 0
vt 0.0705899522 0.507749975 0
vt 0.853996992 0.408751011 0
vt 0.997016013 0 0
vt 0.962949991 0.00969499256 0
vt 0.755936027 0.245551005 0
vt 0.805561006 0.825518012 0
vt 0.956005991 0.793887973 0
vt 0.878198028 0.871282995 0
vt 0.666800976 0.964377999 0
vt 0.752317011 0.997395992 0
vt 0.00426494982 0.705103993 0
vt 0.993852973 0.821852028 0
vt 0.00587397814 0.999975026 0
vt 0.292569995 0.886822999 0
vt 0.216481999 1 0
vt 0.197111994 1 0
vt 0.887129009 0.480129004 0
vt 0.882246017 0.490884006 0
vt 0.801773012 0.641568005 0
vt 0.499886006 1 0
vt 0.158837005 0.664708972 0
vt 0.146290004 0.679602981 0
vt 0.00520694209 0.847001016 0
vt 0.0387639888 0.886822999 0
vt 0.992455006 0.999975026 0
vt 0.993649006 0 0
vt 4.89999984e-05 0.998646975 0
vt 4.89999984e-05 0 0
vt 0.999880016 1 0
vt 0.999625981 0.00429499103 0
vt 4.1999996e-05 0.254651994 0
vt 9.99999975e-06 0 0
vt 7.30000029e-05 0.859960973 0
vt 0.0191809498 0.883165002 0
vt 0.999746025 0.99633503 0
vt 7.0000001e-06 0.75405997 0
vt 0.999670029 0.75405997 0
vt 9.99999975e-06 1 0
vt 0.00494098617 0.873228014 0
vt 1.10000001e-05 0.506612003 0
vt 0.999692976 0.506612003 0
vt 0.666800976 0.793887973 0
vt 0.780031025 0.723953009 0
vt 0.776320994 0.732263982 0
vt 0.780113995 0.740836024 0
vt 0.618322015 0.749637008 0
vt 0.333532989 0.793887973 0
vt 0.499938011 0.799957991 0
vt 0.666800976 0.799935997 0
vt 0.779833972 0.799818993 0
vt 0.791034997 0.747247994 0
vt 0.805755973 0.749628007 0
vt 0.633347988 0.747322023 0
vt 0.644050002 0.741086006 0
vt 0.666800976 0.718418002 0
vt 0 0.497305989 0
vt 0.999931991 0.497305989 0
vt 9.99999975e-06 0.994334996 0
vt 0.999922991 0.0048729768 0
vt 0.999961972 1 0
vt 0.999557018 0.000719999953 0
vt 6.60000005e-05 0.499837995 0
vt 5.49999968e-05 0 0
vt 0.500050008 0.665242016 0
vt 0.655456007 0.99980998 0
vt 0.500050008 0.99980998 0
vt 0.689231992 0.982658982 0
vt 0.674932003 0.995185971 0
vt 0.000307999988 0.999678016 0
vt 0.99811101 0.902651012 0
vt 0.998440027 1 0
vt 0.000442999968 0.496910006 0
vt 0.842934012 0.748579979 0
vt 0.999773979 0.496901006 0
vt 0.999926984 0.377543986 0
vt 0.000288999989 0.31803599 0
vt 0.897596002 0.665242016 0
vt 0.999782979 0.000131999986 0
vt 0.000307999988 0 0
vt 0.994816005 0.517150998 0
vt 6.00000021e-06 0.997852027 0
vt 0.999898016 0.499879986 0
vt 1 1 0
vt 0.994816005 0.482849002 0
vt 1 0.499998987 0
vt 0 0.499989003 0
vt 0.995642006 0.491450012 0
vt 0.876812994 0.508583009 0
vt 0.880868018 0.500014007 0
vt 6.00000021e-06 0.00226199604 0
vt 0.999992013 0 0
vt 0.876812994 0.491450012 0
vt 0.995194018 0.508430004 0
vt 0.998614013 0.407763004 0
vt 0.000309999974 0.000691999972 0
vt 0.992595971 0 0
vt 0.907724977 0.403669 0
vt 0.999974012 0.989745975 0
vt 0 0.500014007 0
vt 0.999679983 0.500014007 0
vt 4.99999987e-06 1 0
vt 0.998968005 0.500015974 0
vt 0.907680988 0.596373975 0
vt 1 0.0103659602 0
vt 4.99999987e-06 0 0
vt 0.000295000005 0.999279022 0
vt 0.998782992 0.592028022 0
vt 0.992797971 1 0
vt 0.286440015 0.513274014 0
vt 0.291590005 0.5 0
vt 0.000451 0.546122015 0
vt 0.789175987 0.596373975 0
vt 0.88823998 0.61590302 0
vt 0.999596 0.501558006 0
vt 0.000295000005 0.000515000022 0
vt 0.999755025 0 0
vt 0.761409998 0.624152005 0
vt 0.00046999997 0.501558006 0
vt 0.000468999991 0.453814 0
vt 0.286440015 0.486726999 0
vt 0.499886006 0.335317999 0
vt 0.158859998 0.335317999 0
vt 0.789731026 0.243364006 0
vt 0.867335975 0.335317999 0
vt 0.99484998 0.486726999 0
vt 0.292569995 0.113178 0
vt 0.216303006 9.99999997e-07 0
vt 0.499886006 0 0
vt 0.527622998 0 0
vt 0.585289001 9.99999997e-07 0
vt 0.963337004 0.402693987 0
vt 0.0268089697 0.34215799 0
vt 0.0276309792 0.340368986 0
vt 0.0101289703 0.670836985 0
vt 0.655538976 0.792922974 0
vt 0.682458997 0.77344799 0
vt 0.683848977 0.773817003 0
vt 0.979991972 0.340368986 0
vt 0.530955017 0.0828879997 0
vt 0.490884006 0.709164023 0
vt 0.490884006 0.792922974 0
vt 0.433355004 0.682223022 0
vt 0.96419102 0 0
vt 0.0966519713 0.00365197589 0
vt 0.154938906 0.167098895 0
vt 0 0 0
vt 0.490884006 0.58474499 0
vt 0.490884006 0.65200597 0
vt 0.245551005 0.58474499 0
vt 0.299412012 0.792922974 0
vt 0.638251007 0.52750802 0
vt 0.742370009 0.58474499 0
vt 0.502460003 0.645112991 0
vt 0.677765012 0.472930014 0
vt 0.117022999 0.0043129921 0
vt 0.282146007 0.182733998 0
vt 0.00366598298 0.126938 0
vt 1 0.00145196903 0
vt 0.982032001 1 0
vt 0.742370009 0.716045976 0
vt 0.000386 0.0827049613 0
vt 0.755065024 0.718491018 0
vt 0 0.000501999981 0
vt 0.134277001 0.997255981 0
vt 0.0481309816 0.623939991 0
vt 0.824236989 0.000195999994 0
vt 0.875630975 0.58474499 0
vt 0.00286197593 0 0
vt 0.0689039826 0.813542008 0
vt 1.39999993e-05 0.669438004 0
vt 0.996953011 0.669438004 0
vt 1.29999989e-05 0.983061016 0
vt 0.996222973 1 0
vt 1.10000001e-05 0.343912005 0
vt 0.998245001 0.343912005 0
vt 0.288020998 0.187469006 0
vt 0.296555012 0.190629005 0
vt 1.29999989e-05 0 0
vt 0.0989639685 0.94847703 0
vt 0.306589007 0.191776007 0
vt 0.000149999993 0.999979973 0
vt 0.991693974 0.890954971 0
vt 0.98735702 0.999979973 0
vt 0.330287993 0.191844895 0
vt 0.000149999993 0.00216895295 0
vt 0.990603983 0 0
vt 8.49999997e-05 1 0
vt 0.998965979 0.889989018 0
vt 1 0.992129982 0
vt 0.998000026 0.79075402 0
vt 0.000146000006 0.79075402 0
vt 0.899524987 0.997255981 0
vt 0.997892022 0.140046 0
vt 0.975983024 0.727317989 0
vt 0.942276001 0.924816012 0
vt 7.09999949e-05 0.589564025 0
vt 0.996737003 0.589564025 0
vt 3.6999998e-05 0.392738014 0
vt 0.996110976 0.392738014 0
vt 0.995261014 0.449820012 0
vt 0.995453 0.198108003 0
vt 7.30000029e-05 0.198108003 0
vt 0.000487999991 0.0217689797 0
vt 0.000203999996 0.107741997 0
vt 0.993394017 0.000501999981 0
vt 0.89031601 0.554087996 0
vt 0.894806981 0.554489017 0
vt 0.994226992 0 0
vt 0.335532993 0.414786994 0
vt 0.987968028 0.995453 0
vt 0.742370009 0.544157982 0
vt 0.999557018 0 0
vt 0.518198013 0.0103459898 0
vt 0.404388011 0.00893294811 0
vt 0.547142029 0.768863022 0
vt 0.979452014 0.0445619784 0
vt 0.742370009 0.386114001 0
vt 0.742370009 0.479032993 0
vt 0.931962013 0.479858994 0
vt 0.000633999996 0.0852819607 0
vt 0.00371599104 0 0
vt 0 0.000289999996 0
vt 0.962431014 0.386114001 0
vt 0.0479509793 0.622932017 0
vt 0.999361992 0.667638004 0
vt 1.6e-05 0.980403006 0
vt 1.89999992e-05 0.667638004 0
vt 0.0992589518 0.948558986 0
vt 0.0687029883 0.812400997 0
vt 0.982178986 0.00180297997 0
vt 0.998898029 0.338272989 0
vt 1.89999992e-05 0.338272989 0
vt 0.998875022 0.0296880007 0
vt 1.6e-05 0 0
vt 0.742370009 0.319891989 0
vt 0.936676979 0.0298709795 0
vt 1 0.994890988 0
vt 0.997011006 0 0
vt 0.977006018 0.285477996 0
vt 0.000384999992 0.0242919903 0
vt 0.981404006 0.28490299 0
vt 0.999737978 0.492255986 0
vt 0.487825006 0.818984985 0
vt 0.0704029724 0.492255986 0
vt 0.408852011 0.854021013 0
vt 0.99436003 1 0
vt 0.245551005 0.755904019 0
vt 0.961838007 0.990723014 0
vt 0.878167987 0.128847003 0
vt 0.666800976 0.0356329605 0
vt 0.752282023 0.00260299398 0
vt 0.666800976 0.000607000024 0
vt 0.0306479894 0.584836006 0
vt 0.242698997 0.753764987 0
vt 0.164322004 0.775754988 0
vt 0.187547997 0.769550025 0
vt 0.03063499 0.58474499 0
vt 0.58474499 0.0305059496 0
vt 0.58474499 0.245550007 0
vt 0.58465302 0.0304919407 0
vt 0.68857801 0.0494749509 0
vt 0.049626939 0.688647985 0
vt 0.792864025 0.0769929811 0
vt 0.0771059915 0.792922974 0
vt 0.775498986 0.164665893 0
vt 0.792925 0.0770120025 0
vt 0.184437007 0.792922974 0
vt 0.245551005 0.838288009 0
vt 0.0771239921 0.792984009 0
vt 0.30547601 0.386985987 0
vt 1 0.997641981 0
vt 0.998479009 0.203973994 0
vt 0.388871014 0.921558022 0
vt 0.245551005 0.974391997 0
vt 0.764486015 0.0989339873 0
vt 0.156559005 1 0
vt 0.685320973 0.000270999997 0
vt 0.951536 0.997398973 0
vt 0.500020981 0.997581005 0
vt 0.999414027 0.228691906 0
vt 0.996761978 0 0
vt 0.392529011 0.923740029 0
vt 0.500670016 0 0
vt 0.00158697297 0.499951988 0
vt 0.997871995 0.202268004 0
vt 0.999450028 0.499951988 0
vt 0.99841398 0.796885014 0
vt 0.00102794101 1 0
vt 0.048409991 0.997398973 0
vt 0.315683007 0.000329999981 0
vt 0.00102794101 0 0
vt 0.500020981 0 0
vt 0.974340022 0.245550007 0
vt 0.921301007 0.389364988 0
vt 0.837777019 0.245550007 0
vt 0.999915004 0.156696007 0
vt 0.000565999944 0.228695005 0
vt 0.00318395998 0 0
vt 0.923482001 0.393027008 0
vt 1.70000003e-05 0.753327012 0
vt 0.999867022 0.753327012 0
vt 0.000120000004 0.90021503 0
vt 0.000142999997 0.987276971 0
vt 0.998667002 1 0
vt 0.190255895 0.182980999 0
vt 0.0440329909 0.206281006 0
vt 0.194627002 0.174639896 0
vt 4.99999987e-05 0.502779007 0
vt 0.999912024 0.502779007 0
vt 0.193878993 0.191579893 0
vt 0.121710002 0.128790006 0
vt 0.21999 0.200213999 0
vt 0.212255001 0.199699894 0
vt 0.333532989 0.206281006 0
vt 0.00426197005 0.705129981 0
vt 0.990495026 0.821830988 0
vt 0.00586998416 0.999975026 0
vt 0.999772012 0.507506013 0
vt 0.989755988 0.999975026 0
vt 0.194066003 0.250375003 0
vt 0 0.250304997 0
vt 0.204973906 0.197956994 0
vt 0.999468982 0.250748008 0
vt 5.19999958e-05 0.00310897804 0
vt 0.999351978 0.125306994 0
vt 0.999257982 0 0
vt 0.208863005 0.25275299 0
vt 0.219795004 0.259162992 0
vt 0.223585993 0.267738998 0
vt 0.219794005 0.276080012 0
vt 0.499938011 0.200234994 0
vt 0.666800976 0.206281006 0
vt 0.618323028 0.250380993 0
vt 0.333532989 0.200227007 0
vt 0.333532989 0.281143993 0
vt 0.355774999 0.258947015 0
vt 0.381502002 0.250380993 0
vt 0.366501004 0.252685994 0
vt 1 0.000588999945 0
vt 0.999557018 0.999271989 0
vt 6.60000005e-05 0.500162005 0
vt 9.99999975e-06 0.995335996 0
vt 0.999850988 0.497343004 0
vt 0.999786019 1 0
vt 5.49999968e-05 1 0
vt 0.655456007 0.000189999992 0
vt 0.500050008 0.334776998 0
vt 0.500050008 0.000189999992 0
vt 0.344543993 0.000189999992 0
vt 0.157023996 0.25147301 0
vt 0.102393001 0.334776998 0
vt 0.310768008 0.0173409507 0
vt 0.689231992 0.0173409507 0
vt 0.842963994 0.251462013 0
vt 0.00518399384 0.482849002 0
vt 0.897607982 0.334776998 0
vt 0.000299999985 0.999818981 0
vt 0.998804986 0.904724002 0
vt 0.998818994 1 0
vt 0.000430999993 0.496856004 0
vt 0.325051993 0.00482296897 0
vt 1 0.00268894411 0
vt 0 0.497343004 0
vt 0.000459999981 0.503139973 0
vt 0.998497009 0.0973179936 0
vt 0.999809027 0.503139973 0
vt 0.999936998 0.62251699 0
vt 0.000318000006 0.000222000002 0
vt 0.000299000007 0.681971014 0
vt 0.789211988 0.403669 0
vt 0.88827002 0.384131014 0
vt 0.999783993 0.999859989 0
vt 0.761440992 0.375889987 0
vt 0.000309999974 0.999565005 0
vt 0.999460995 0.498396993 0
vt 0.999502003 1 0
vt 0.780224979 0.276012987 0
vt 0.000488999998 0.498396993 0
vt 0.146309003 0.320419014 0
vt 0.00520694209 0.152999893 0
vt 0.999675989 0.00306296302 0
vt 2.59999979e-05 0.245957002 0
vt 0.00494295312 0.126771003 0
vt 2.40000008e-05 0.140040904 0
vt 0.0387639888 0.113178 0
vt 6.29999995e-05 0.745378971 0
vt 0.999844015 0.99564898 0
vt 0.993327022 1 0
vt 4.89999984e-05 0.00137197901 0
vt 0.999967992 0 0
vt 4.89999984e-05 1 0
vt 0.0191949606 0.116848998 0
vt 0.99979502 0.745378971 0
vt 2.29999987e-05 0.493425012 0
vt 0.999790013 0.493425012 0
vt 0.791028976 0.252739012 0
vt 0.805757999 0.250380993 0
vt 0.780120015 0.259162992 0
vt 0.776386976 0.267737001 0
vt 0.999894023 0.245957002 0
vt 0.990566015 0.178169996 0
vt 0.00586295081 0 0
vt 0.989884019 0 0
vt 0.955937028 0.206281006 0
vt 1 0.250304013 0
vt 0.0042569628 0.294856995 0
vt 0.779833972 0.200213999 0
vt 0.794865012 0.197960004 0
vt 0.805561006 0.174514994 0
vt 0.809632003 0.182979003 0
vt 0.806001008 0.191590995 0
vt 2.99999992e-05 0.995350003 0
vt 0.999484003 0.74921 0
vt 0.99911201 1 0
vt 2.99999992e-05 0.497146994 0
vt 0.999903977 0.497125 0
vt 3.9999999e-05 0.74921 0
vt 0.993395984 0.613997996 0
vt 0.975399971 0.897713006 0
vt 0.999872029 0.246635005 0
vt 1.10000001e-05 0.246635005 0
vt 0.000167999999 0.01312094 0
vt 0.998817027 0 0
vt 0.666800976 0.200231001 0
vt 0.99950403 0.000516999979 0
vt 0.480230987 0.887152016 0
vt 0.490884006 0.882314026 0
vt 0.197111994 9.99999997e-07 0
vt 0.666800976 0.281614006 0
vt 0.644050002 0.258947015 0
vt 0.998544991 0 0
vt 0.633349001 0.25267899 0
vt 0 0.502673984 0
vt 1 0.996707976 0
vt 0.999864995 0.502673984 0
vt 9.99999975e-06 0.00575095415 0
vt 0.999831021 0 0
vt 0.674929023 0.00481295493 0
vt 0.000281999994 0.31804201 0
vt 0.999967992 0.377471 0
vt 0.999258995 0.000123999998 0
vt 0.000299999985 0 0
vt 0.999948025 0.496856004 0
vt 0.122933999 0.491423994 0
vt 0.0921069905 0.403669 0
vt 0.210692003 0.403669 0
vt 0.111575998 0.384121001 0
vt 0.238463894 0.375896007 0
vt 0.999201 0.501522005 0
vt 0.000338999991 0.000329999981 0
vt 0.000532999984 0.501522005 0
vt 0.000510999991 0.546135008 0
vt 0.998359978 0.592109025 0
vt 0.853712022 0.320405006 0
vt 0.707430005 0.113179997 0
vt 0.994792998 0.153000996 0
vt 0.841153979 0.335312009 0
vt 0.000338999991 0.999342978 0
vt 0.713559985 0.486728013 0
vt 0.500665009 0.335312009 0
vt 0.784247994 1.99999999e-06 0
vt 0.500665009 0.664716005 0
vt 0.00514996005 0.486728013 0
vt 0.210229903 0.243396893 0
vt 0.132691994 0.335312009 0
vt 0.414761007 3.00000011e-06 0
vt 0.500665009 3.00000011e-06 0
vt 1.29999989e-05 0.500014007 0
vt 1 0.997262001 0
vt 1.10000001e-05 1 0
vt 0.00514996005 0.513275027 0
vt 0.997157991 0.186377004 0
vt 0.0114449803 7.9999998e-05 0
vt 0.999710023 0 0
vt 0.0132189896 0.204875007 0
vt 0.545433998 0.491205007 0
vt 0.432401001 0.508835018 0
vt 0.432401001 0.491205007 0
vt 0.541926026 0.500028014 0
vt 0.517430007 0.399792999 0
vt 0.630077004 0.399792999 0
vt 0.999768019 0.500014007 0
vt 0.996100008 0.587256014 0
vt 0.000299000007 0.652855992 0
vt 0.000398999982 0.499583006 0
vt 0.998227 0.499583006 0
vt 0.98032701 1 0
vt 0.535383999 0.380353004 0
vt 0.668664992 0.358011991 0
vt 0.637494981 0.269576997 0
vt 0.000311999989 0.000846999988 0
vt 0.994893014 0 0
vt 0.000136999995 0.804781973 0
vt 0.998893023 0.99406898 0
vt 0.000130999993 1 0
vt 0.998149991 0.804781973 0
vt 0.641084015 0.263089001 0
vt 0.668664992 0.19788 0
vt 0.640073001 0.255944014 0
vt 0.997958004 0.610414028 0
vt 0.634436011 0.249522001 0
vt 7.19999953e-05 0.411421001 0
vt 0.998274028 0.411421001 0
vt 0.000167999999 0.610414028 0
vt 0.99237901 0.0516409799 0
vt 0.997559011 0.0246329904 0
vt 0.999597013 0.0385310017 0
vt 0.942960024 0.000187999991 0
vt 0.966768026 0.00334399892 0
vt 0.986178994 0.0121289399 0
vt 0.000467000005 0 0
vt 0.996022999 0.999783993 0
vt 0.000467000005 1 0
vt 0.999168992 0.207886904 0
vt 0.000130999993 0.000644000014 0
vt 0.785582006 0.266856998 0
vt 9.49999958e-05 0.207886904 0
vt 0.504108012 0.000187999991 0
vt 0.972791016 2.29999987e-05 0
vt 5.29999998e-05 0.937066972 0
vt 2.20000002e-05 0.999800026 0
vt 0.500473022 0.00020699999 0
vt 0.454688996 0.0173389893 0
vt 0.484403998 0.00228798296 0
vt 0.500473022 0.333032995 0
vt 2.29999987e-05 0.660345018 0
vt 0.229023904 0.252182007 0
vt 0.722100019 0.333032995 0
vt 0.578221023 0.482849002 0
vt 0.151489004 0.333032995 0
vt 0.500473022 0.666984975 0
vt 0.00758498907 0.482849002 0
vt 0.570635974 0.499998987 0
vt 0.99921602 0.499985993 0
vt 1 0.000365000014 0
vt 0 0.499985993 0
vt 0.000311999989 0.999980986 0
vt 0.999945998 0.998646975 0
vt 0.428723007 0.500029981 0
vt 0.996708989 0.382169992 0
vt 0.000628999958 0.321839988 0
vt 1 0.000170999992 0
vt 0.00121897401 0.495429009 0
vt 0.00067899999 0 0
vt 0.149819002 0.491205007 0
vt 0.121445 0.399792999 0
vt 0.234417006 0.399792999 0
vt 0.0367859602 0.491205007 0
vt 1.29999989e-05 0.997326016 0
vt 0.999939978 0.499877989 0
vt 0.999888003 1 0
vt 0.0367859602 0.508835018 0
vt 0.146006003 0.500024021 0
vt 0.0331179388 0.500034988 0
vt 0.999871016 0.499985993 0
vt 1.89999992e-05 0 0
vt 0.99989599 0.000209999984 0
vt 0.00108194305 0.999992013 0
vt 0.998668015 0.587312996 0
vt 1 0.999998987 0
vt 0.99979502 0.998381972 0
vt 0.500509977 0.666857004 0
vt 0.628516972 0.486734986 0
vt 0.62183702 0.500010014 0
vt 0.628516972 0.513282001 0
vt 1.89999992e-05 1 0
vt 0.997748017 0.412941009 0
vt 0.00161397399 0.460200995 0
vt 0.001065969 0.000107 0
vt 0.796350002 0.666857004 0
vt 0.808924019 0.678363025 0
vt 0.998057008 0.494724989 0
vt 0.00168597605 0.494724989 0
vt 0.949720025 0.886822999 0
vt 0.993239999 0.847002029 0
vt 0.563250005 0.886822999 0
vt 0.997574985 0.999981999 0
vt 0.001065969 0.999979973 0
vt 0.327744007 0.802358985 0
vt 0.241879895 0.730463028 0
vt 0.327744007 0.700969994 0
vt 0.138217002 0.618430972 0
vt 0.245617002 0.739395022 0
vt 0.999594986 0.254563987 0
vt 6.09999988e-05 0 0
vt 1 1.99999995e-05 0
vt 0.241899997 0.748070002 0
vt 3.79999983e-05 0.254563987 0
vt 0.999453008 0.498778999 0
vt 0.231721893 0.754462004 0
vt 6.09999988e-05 0.498778999 0
vt 2.29999987e-05 0.743609011 0
vt 0.999531984 0.743609011 0
vt 0.217407003 0.756909013 0
vt 0.999924004 0.998588979 0
vt 0.000111999994 0.802358985 0
vt 8.39999921e-05 0.756909013 0
vt 0.999805987 0.99999702 0
vt 0.000243999995 0.000381999969 0
vt 0.997552991 0 0
vt 6.09999988e-05 1 0
vt 0.0024989841 0.537420988 0
vt 0.998880982 0.000119000004 0
vt 0.999948025 0.323846996 0
vt 0.995356023 1 0
vt 0.997581005 1 0
vt 0.989998996 0 0
vt 0.994440019 0 0
vt 0.996661007 0 0
vt 0.990907013 1 0
vt 0.00116097904 0 0
vt 0.999527991 1 0
vt 0.999770999 1 0
vt 0.998604 0 0
vt 0.998847008 1.49999996e-05 0
vt 0.999248981 1 0
vt 0.997771025 0 0
vt 0.998326004 0 0
vt 0.998692989 1 0
vt 0.98111701 0 0
vt 0.98200798 1 0
vt 0.964210987 1 0
vt 0.92782402 0 0
vt 0.963352978 0 0
vt 0.928617001 1 0
vt 0.856765985 0 0
vt 0.857428014 1 0
vt 0.714164972 0 0
vt 0.714564025 1 0
vt 0.571564019 0 0
vt 0.571699977 1 0
vt 0.428835988 1 0
vt 0.286363006 0 0
vt 0.428963989 0 0
vt 0.285971999 1 0
vt 0.000243999995 1 0
vt 0.143762007 0 0
vt 0.143107995 1 0
vt 0.999666989 1 0
vt 0.998742998 0 0
vt 0.999736011 1 0
vt 0.99881202 0 0
vt 0.998829007 1.99999999e-06 0
vt 0.999745011 1 0
vt 0.998820007 0 0
vt 0.999752998 1 0
vt 0.994800985 1 0
vt 0.162499994 0.999534011 0
vt 0.891179025 0.228204995 0
vt 0.988570988 0.221634001 0
vt 0.98605603 0.246672004 0
vt 0.500509977 0.999997973 0
vt 0.563265026 0.999997973 0
vt 0.429719001 0.999997973 0
vt 0.990987003 0.19348 0
vt 0.00311994506 0.83157903 0
vt 0.746899009 0.0143959504 0
vt 1 0.0249779802 0
vt 0.00709396601 1 0
vt 9.99999975e-06 0.340299994 0
vt 0.243472904 0.00900995731 0
vt 0.243472904 0.340299994 0
vt 0.247830003 0.00904399063 0
vt 8.39999921e-05 0.00906699803 0
vt 0.49368 0.00373095204 0
vt 0.490253001 0.340299994 0
vt 0.490253001 0.00900095701 0
vt 0.243472904 0.660048008 0
vt 0.493065 0.00901394989 0
vt 0.744298995 0.340299994 0
vt 0.490253001 0.660048008 0
vt 0.744298995 0.660048008 0
vt 0.243472904 0.994000971 0
vt 0.490253001 0.994121015 0
vt 0.966660023 0.243980005 0
vt 0.793429017 0.0514649712 0
vt 0.744298995 0.994004011 0
vt 0.905340016 0.130898997 0
vt 0.834326982 0.658905029 0
vt 0.999662995 0.999363005 0
vt 0.834326982 0.997246027 0
vt 0.999777019 0.660374999 0
vt 0.700003982 0.0213489495 0
vt 7.79999973e-05 0.994175971 0
vt 2.0999998e-05 0.660048008 0
vt 0.999777973 0.658905029 0
vt 9.99999975e-06 0.345337003 0
vt 2.0999998e-05 0.658599019 0
vt 0.834326982 0.341077 0
vt 0.999885023 0.341077 0
vt 0.668654025 0.341077 0
vt 0.669284999 7.9999998e-05 0
vt 0.834326982 5.29999998e-05 0
vt 0.000789999962 0.666857004 0
vt 0.000789999962 0.33317101 0
vt 0.500509977 0.33317101 0
vt 0 0.500386 0
vt 0.000783999974 0.666234016 0
vt 0.668654025 8.09999983e-05 0
vt 0.500298977 0.341077 0
vt 0.500298977 0.000297999999 0
vt 0.500298977 0.658905029 0
vt 0.331943989 8.2999999e-05 0
vt 0.331306994 8.19999987e-05 0
vt 0.000783999974 0.333802998 0
vt 0.668654025 0.658905029 0
vt 0.668654025 0.999909997 0
vt 0.165971905 5.40000001e-05 0
vt 0.00311696506 0.168586999 0
vt 4.99999987e-06 9.99999997e-07 0
vt 0.430177987 0 0
vt 0.00709396601 1.6e-05 0
vt 0.193476006 0.990957975 0
vt 0.500509977 1.10000001e-05 0
vt 0.228053004 0.891166985 0
vt 0.221476004 0.988561988 0
vt 0.997501016 0 0
vt 0.00249797106 0.463245988 0
vt 0.162321001 0.00191795803 0
vt 0.246522993 0.98605299 0
vt 0.254565001 0.745092988 0
vt 0.997022986 0.997514009 0
vt 0.999091983 0 0
vt 0.0852319524 0.01138895 0
vt 7.6999997e-05 0.19788 0
vt 8.39999921e-05 0.103355996 0
vt 0.0523159504 0.174160004 0
vt 0.0567119718 0.165246993 0
vt 0.118934996 0.0112669403 0
vt 0.998712003 0.00474900007 0
vt 0.995185018 1 0
vt 0.934603989 0.969922006 0
vt 0.198143005 0.0113089597 0
vt 0.000407000014 0.890814006 0
vt 0.997669995 1 0
vt 0.000284999987 0.977190971 0
vt 0.999844015 0.743376017 0
vt 6.29999995e-05 0.743376017 0
vt 0.00669199182 0.000230999984 0
vt 0.514268994 0.000228999997 0
vt 0.00120997406 0.230890006 0
vt 0.285252988 0.977010012 0
vt 0.386110008 0.962392986 0
vt 0.284671009 0.981410027 0
vt 0.86589098 0.995769978 0
vt 1 0.000230999984 0
vt 0.100588001 0.995769978 0
vt 0.386110008 0.742371023 0
vt 0.480666012 0.931586027 0
vt 0.31983 0.742371023 0
vt 0.998374999 0.00210696389 0
vt 0.00025099999 0.255396992 0
vt 0.000205999982 0 0
vt 0.000302 0.999410987 0
vt 0.995855987 0.000172 0
vt 0.999989986 1 0
vt 0.0133859497 0.609124005 0
vt 0.0491569601 0.887004018 0
vt 0.000302 0 0
vt 0.000194000007 0.498434991 0
vt 0.999828994 0.498434991 0
vt 0.998894989 0.255367011 0
vt 0.0558149815 0.182708994 0
vt 0.0660019517 0.189059004 0
vt 0.0804879591 0.191506997 0
vt 0.327744007 0.19788 0
vt 0.297816008 0.191466004 0
vt 0.307635009 0.190403894 0
vt 1.6e-05 0.998705983 0
vt 0.998776019 0.661927998 0
vt 0.998602986 1 0
vt 0.31626901 0.187310904 0
vt 1.79999988e-05 0.332239002 0
vt 0.999320984 0.332239002 0
vt 1.6e-05 0.661927998 0
vt 0.952069998 0.622909009 0
vt 0.900341988 0.949814022 0
vt 0.930790007 0.815699995 0
vt 1.49999996e-05 0.0106969401 0
vt 0.000632999989 0.914727986 0
vt 0.981352985 0.965322971 0
vt 0.00372296502 1 0
vt 0.983685017 0.999059021 0
vt 0.452587008 0.165362 0
vt 0.327744007 0.176993996 0
vt 0.322283 0.182692006 0
vt 0.545506001 0.232190996 0
vt 0.481826007 0.0102880001 0
vt 9.89999971e-05 0.976841986 0
vt 0.997430027 0.801800013 0
vt 0.992282987 1 0
vt 0.98317802 0.00472897198 0
vt 0.334275991 0.583772004 0
vt 0.999628007 1 0
vt 0.448415995 0.172144994 0
vt 0.59552002 0.00885397103 0
vt 0.47331199 0.677443027 0
vt 0.52778703 0.63786298 0
vt 0.58474499 0.742371023 0
vt 0.544534981 0.742371023 0
vt 0.58474499 0.875541985 0
vt 0.718733013 0.754670024 0
vt 0.645457983 0.502120018 0
vt 0.716354012 0.742371023 0
vt 0.0035229919 0.874356985 0
vt 1 0.998551011 0
vt 0.000386 0.917246997 0
vt 0.979948997 0 0
vt 0.997102022 0.330428988 0
vt 1.6e-05 0.0168939792 0
vt 0.996425986 0 0
vt 0.00286698295 1 0
vt 0.717899024 0.182692006 0
vt 0.845100999 0.167117998 0
vt 0.712011993 0.187422007 0
vt 0.883552015 0.00440794183 0
vt 1.70000003e-05 0.330428988 0
vt 9.00000032e-06 0.655973017 0
vt 0.998317003 0.655973017 0
vt 0.703462005 0.190571994 0
vt 1 0.999224007 0
vt 0.693426013 0.191506997 0
vt 0.668664992 0.191694006 0
vt 0.991953015 0.113853 0
vt 0.000128 0.000161000004 0
vt 0.987764001 0 0
vt 1.29999989e-05 1 0
vt 0.000128 0.998768985 0
vt 0.100477003 0.995723009 0
vt 0.173424006 0.000296999991 0
vt 0.865715981 0.995723009 0
vt 1 0.000757000002 0
vt 0.951860011 0.623076975 0
vt 0.931122005 0.812491 0
vt 0.901058972 0.947322011 0
vt 0.985104978 1 0
vt 0.996617973 0.00447899103 0
vt 0.000151999993 0.209079996 0
vt 8.69999931e-05 0 0
vt 0.0021429651 0.138393894 0
vt 0.0239729807 0.725800991 0
vt 0.0577139817 0.92317301 0
vt 0.999821007 0.209079996 0
vt 0.998641014 0.410223007 0
vt 7.39999959e-05 0.410223007 0
vt 0.454528987 0.185518995 0
vt 0.449084014 0.179187998 0
vt 0.464138001 0.190083995 0
vt 0.998061001 0.607089996 0
vt 3.89999987e-05 0.607089996 0
vt 7.59999966e-05 0.801800013 0
vt 0.00470697787 0.448190987 0
vt 0.476036012 0.191810995 0
vt 0.00020699999 0.890990973 0
vt 0.00660997583 0.000757000002 0
vt 0.554480016 0.889998019 0
vt 0.554883003 0.89448899 0
vt 0.817067981 0.19788 0
vt 0.903295994 0.00370997097 0
vt 0.526857018 0.917033017 0
vt 0.97854799 0.659853995 0
vt 0.961664021 1 0
vt 0.0273769405 0.659853995 0
vt 0.962125003 0.597525001 0
vt 0.652063012 0.490884006 0
vt 0.682121992 0.433494002 0
vt 0.694971025 0.329762012 0
vt 0.01003897 0.329255998 0
vt 0.984341025 0.329255998 0
vt 0.0266180001 0.658191025 0
vt 0.991465986 0.271479994 0
vt 0.70946902 0.490884006 0
vt 0.792925 0.655402005 0
vt 0.773552001 0.682314992 0
vt 0.472351998 3.00000011e-06 0
vt 0.773895979 0.683606982 0
vt 0.801979005 0.64123702 0
vt 0.886915982 0.480599999 0
vt 0.882242978 0.490884006 0
vt 0.853703976 0.409226 0
vt 0.792925 0.300269991 0
vt 0.755303979 0.245550007 0
vt 0.995314002 0 0
vt 0.485264987 0.182374999 0
vt 0.967356026 0.00794899371 0
vt 0.070594959 0.507506013 0
vt 0.753467023 0.243107006 0
vt 0.333532989 0.0352059603 0
vt 0.247566894 0.00257897307 0
vt 0.333532989 0.000559999957 0
vt 0.769351006 0.187628001 0
vt 1 0.00225895597 0
vt 0.99921 0.798310995 0
vt 0.307833999 0.614786983 0
vt 0.761807024 0.899550974 0
vt 0.999176025 1 0
vt 0.368790001 0 0
vt 0.792925 0.185104996 0
vt 0.479346991 0.742371023 0
vt 0.241857007 0.269569993 0
vt 0.327744007 0.299093008 0
vt 0.245626003 0.260630012 0
vt 0.371228009 0.251946986 0
vt 0.377398014 0.247297004 0
vt 0.231729999 0.245533004 0
vt 0.217416003 0.243049994 0
vt 0.241914004 0.251937002 0
vt 0.385939002 0.244186893 0
vt 6.09999988e-05 0.999324977 0
vt 0.999508023 0.745389998 0
vt 3.79999983e-05 0.745389998 0
vt 0.999181986 0.501160026 0
vt 6.09999988e-05 0.501160026 0
vt 0.993239999 0.153014004 0
vt 0.993318021 0.126539007 0
vt 0.999894023 0.139598995 0
vt 2.29999987e-05 0.256348997 0
vt 0.999041975 0.256348997 0
vt 0.949720025 0.113194004 0
vt 0.975265026 0.116925001 0
vt 0.808920979 0.321653008 0
vt 0.563250005 0.113194004 0
vt 0.999325991 0.00149095 0
vt 0.000243999995 0 0
vt 0.997344971 1 0
vt 0.000243999995 0.999601007 0
vt 0.99723202 0.676587999 0
vt 0.00116097904 0.999754012 0
vt 0.563265026 1.79999988e-05 0
vt 0.999535024 1.39999993e-05 0
vt 0.997413993 1 0
vt 8.39999921e-05 0.243131906 0
vt 0.796335995 0.33317101 0
vt 0.997457981 9.60000034e-05 0
vt 0.00170195103 0.505321026 0
vt 0.00108194305 0 0
vt 0.999004006 0.505321026 0
vt 0.00162899401 0.539892018 0
vt 0.138208002 0.381588012 0
vt 0.259526998 0.372640014 0
vt 0.996980011 0.802941978 0
vt 0.996891975 0.495429009 0
vt 0.00067899999 1 0
vt 0.998883009 0.999925017 0
vt 0.997901022 0.331660986 0
vt 0.998724997 0.660345018 0
vt 0.395700008 0.243131906 0
vt 2.79999986e-05 0.331660986 0
vt 2.20000002e-05 0.00116795301 0
vt 0.997520983 0 0
vt 0.467148006 0.00834196806 0
vt 4.50000007e-05 0.340333998 0
vt 1 0.00179499295 0
vt 1 9.99999997e-07 0
vt 0.99988699 0.335967988 0
vt 0.245551005 0.00042299999 0
vt 0.743731022 0.00863397121 0
vt 0.734844029 0.320585996 0
vt 0.742370009 0.274655014 0
vt 0.67750603 0.473383009 0
vt 0.742370009 0.319963008 0
vt 0.637923002 0.527872026 0
vt 0.433627009 0.682160974 0
vt 0.490884006 0.652052999 0
vt 0.502399981 0.645184994 0
vt 0.999765992 0 0
vt 0.982510984 0.997559011 0
vt 0.334556013 0.41604501 0
vt 0.481781006 0.989705026 0
vt 0.451543987 0.834959984 0
vt 0.595528007 0.991140008 0
vt 0.742370009 0.544614971 0
vt 0.890019 0.554567993 0
vt 0.875639975 0.58474499 0
vt 0.172918007 1 0
vt 0.865715981 0.00274199201 0
vt 0.754718006 0.718788981 0
vt 0.894509971 0.55497098 0
vt 0.100474998 0.00274199201 0
vt 0.00188994396 0.847858012 0
vt 0.0066079488 1 0
vt 0.00020699999 0.0986689925 0
vt 0.991151989 0.197932005 0
vt 6.60000005e-05 0.197932005 0
vt 0.000100999998 0.0118209701 0
vt 0.448258996 0.828024983 0
vt 0.449113011 0.821017981 0
vt 0.988707006 0 0
vt 3.9999999e-05 0.392621011 0
vt 0.993377984 0.392621011 0
vt 7.39999959e-05 0.589592993 0
vt 0.995471001 0.589592993 0
vt 0.454643011 0.814724982 0
vt 0.000146999999 0.790850997 0
vt 0.0245949607 0.267724007 0
vt 0.00508397818 0.541148007 0
vt 0.0581489801 0.0736839697 0
vt 0.997689009 0.790850997 0
vt 1 0.996393025 0
vt 8.69999931e-05 1 0
vt 0.476033986 0.808533013 0
vt 0.464208007 0.810189009 0
vt 0.668664992 0.802358985 0
vt 0.989310026 0.886215985 0
vt 0.000126999992 0.000986999949 0
vt 0.99032402 0 0
vt 0.668664992 0.808477998 0
vt 0.385948002 0.755807996 0
vt 0.844953001 0.833267987 0
vt 0.817009985 0.802358985 0
vt 0.70768702 0.811028004 0
vt 0.641088009 0.736921012 0
vt 0.668664992 0.641993999 0
vt 0.640079975 0.74405998 0
vt 0.624849975 0.754984975 0
vt 0.634443998 0.750478983 0
vt 0.613049984 0.756596982 0
vt 0.395700008 0.756909013 0
vt 0.694966972 0.670280993 0
vt 0.69342798 0.808543026 0
vt 9.99999997e-07 0.507992983 0
vt 0.99612999 0.0039699669 0
vt 0.999137998 0.507992983 0
vt 1.29999989e-05 0.996568024 0
vt 0.717899024 0.817348003 0
vt 0.996667981 1 0
vt 1 0.000296999991 0
vt 0.000386 0.0827679634 0
vt 0.00286495592 0 0
vt 0.951861024 0.376246005 0
vt 0.916293979 0.107438996 0
vt 0.00355094601 0.125845 0
vt 0.982196987 1 0
vt 0.882969975 0.995727003 0
vt 0.742370009 0.716400027 0
vt 0.994023979 0.728531003 0
vt 0.0100749703 0.670710981 0
vt 0.987511992 0.670710981 0
vt 0.966381013 0.402334005 0
vt 0.0132609596 0.795056999 0
vt 0.0267059803 0.341773987 0
vt 0.210229903 0.756606996 0
vt 0.132714003 0.664716005 0
vt 0.414759994 1 0
vt 0.0274549704 0.340139002 0
vt 0.655534029 0.792922974 0
vt 0.682398975 0.773602009 0
vt 0.683668971 0.773940027 0
vt 0.472220004 1 0
vt 0.490884006 0.709478021 0
vt 0.500665009 1 0
vt 0.641306996 0.802016973 0
vt 0.784430981 1 0
vt 0.707430005 0.886822999 0
vt 0.480702013 0.886937976 0
vt 0.802883983 1 0
vt 0.993712008 0.178147003 0
vt 0.00426995708 0.294871986 0
vt 0.00587999821 0 0
vt 0.992258012 0 0
vt 6.80000012e-05 0.00098500005 0
vt 0.993035972 1 0
vt 6.80000012e-05 1 0
vt 0.994792998 0.847002029 0
vt 0.961236 0.886822999 0
vt 0.85373801 0.679624975 0
vt 0.841176987 0.664716005 0
vt 0.00049299997 0.45390299 0
vt 0.999538004 0.498522013 0
vt 0.000513999956 0.498522013 0
vt 0.99870801 0.407864004 0
vt 0.000325000001 0.000651999959 0
vt 0.713559985 0.513275027 0
vt 0.0921449587 0.596373975 0
vt 0.123011999 0.508583009 0
vt 0.210729003 0.596373975 0
vt 0.0041829939 0.508583009 0
vt 0.111611001 0.615917981 0
vt 0.992726982 0 0
vt 0.00459897518 0.49159199 0
vt 0.118969001 0.500019014 0
vt 0.999983013 0.99032402 0
vt 0.999678016 0.499938011 0
vt 0.000807999982 0.500016987 0
vt 0.999894023 0.49991101 0
vt 6.00000021e-06 0.00187498296 0
vt 0 0.499998987 0
vt 6.00000021e-06 0.998081982 0
vt 0.999669015 1 0
vt 0.00518399384 0.517150998 0
vt 0.000272999983 0.681950986 0
vt 0.999588013 0.999884009 0
vt 0.000289999996 1 0
vt 0.102404997 0.665242016 0
vt 0.99999702 0.622439027 0
vt 0.00041399998 0.503094971 0
vt 0.157054007 0.748567998 0
vt 0.998411 0.095308952 0
vt 0.999921024 0.503094971 0
vt 0.310768008 0.982658982 0
vt 0.000289999996 0.000280999986 0
vt 0.219687894 0.72398901 0
vt 0.333532989 0.718887985 0
vt 0.355774999 0.741086006 0
vt 0.998721004 0 0
vt 0.238496006 0.624146998 0
vt 0.366501987 0.74731499 0
vt 0 0.50267601 0
vt 0.999953985 0.995729029 0
vt 0.999948978 0.50267601 0
vt 9.99999975e-06 0.00455898 0
vt 0.344543993 0.99980998 0
vt 0.325049013 0.995176017 0
vt 0.999948025 0 0
vt 1 0.999417007 0
vt 0.381502002 0.749652028 0
vt 0.223535001 0.732264996 0
vt 0.999410987 0.0029459591 0
vt 2.7e-05 0.245969996 0
vt 0.999764979 0.245969996 0
vt 0.000325000001 0.999581993 0
vt 0.999668002 1 0
vt 0.219800994 0.740836024 0
vt 2.29999987e-05 0.493452996 0
vt 0.999791026 0.493452996 0
vt 0.208886996 0.747263014 0
vt 6.39999998e-05 0.745418012 0
vt 0.999906003 0.745418012 0
vt 0.999952972 0.996861994 0
vt 0.995055974 0.873230994 0
vt 0.980802 0.883153021 0
vt 0.194066003 0.749652028 0
vt 0.0439639613 0.793887973 0
vt 1.10000001e-05 0.74969101 0
vt 0.999975979 0.859961987 0
vt 1 0.00943899062 0
vt 0.992367029 1 0
vt 0.708410025 0.500001013 0
vt 0.193909004 0.808574975 0
vt 0.190194994 0.817140996 0
vt 0.205001995 0.802217007 0
vt 0.21999 0.799818993 0
vt 0.999733984 0.49248901 0
vt 0.194262996 0.825518012 0
vt 0.121687002 0.87134701 0
vt 2.90000007e-05 0.996459007 0
vt 0.999954998 0.749256015 0
vt 0.999916017 1 0
vt 0.998435974 0.203126997 0
vt 0.00102698803 0 0
vt 1 0.000403000013 0
vt 0.333532989 0.799960017 0
vt 0.00158596004 0.500047982 0
vt 0.999394 0.500047982 0
vt 0.500020981 0.00241994811 0
vt 0.685688972 1 0
vt 0.500724018 1 0
vt 0.951591015 0.00260096695 0
vt 0.316038013 1 0
vt 0.0484649502 0.00260096695 0
vt 0.99781698 0.797640979 0
vt 0.00102698803 1 0
vt 0.500020981 1 0
vt 0.000577999977 0.764998972 0
vt 0.389485002 0.921316981 0
vt 0.245551005 0.97438401 0
vt 0.245551005 0.837701976 0
vt 0.156887993 0.99990797 0
vt 0.00323796202 1 0
vt 0.393146008 0.923497021 0
vt 0.996290982 0 0
vt 9.69999965e-05 0.095112972 0
vt 0.000123000005 0.00763898995 0
vt 0.308910996 0.384525001 0
vt 0.998297989 0.998637974 0
vt 0.998282015 0.246684 0
vt 9.99999975e-06 0.246684 0
vt 0.00672096014 0.382737994 0
vt 2.99999992e-05 0.497274011 0
vt 0.0246520005 0.101791002 0
vt 0.999499977 0.497274011 0
vt 3.9999999e-05 0.749266028 0
vt 0.999831975 0.201653004 0
vt 0.762885988 0.100245997 0
vt 0.077121973 0.792922974 0
vt 0.185227007 0.792922974 0
vt 0.333532989 0.964805007 0
vt 0.247531995 0.997420013 0
vt 0.333532989 0.999440014 0
vt 0.368779987 1 0
vt 0.164833993 0.77553302 0
vt 0.243275002 0.753498971 0
vt 0.187785 0.769388974 0
vt 0.486932009 0.817822993 0
vt 0.997902989 1 0
vt 0.971758008 0.992591023 0
vt 0.03067296 0.58474499 0
vt 0.245551005 0.755212009 0
vt 0.0306839906 0.584820986 0
vt 0.584668994 0.0304559395 0
vt 0.386110008 0.245551005 0
vt 0.386110008 0.00996798184 0
vt 0.58474499 0.0304679796 0
vt 0.0101889903 0.386227012 0
vt 0.385996997 0.00995898154 0
vt 0.0101819597 0.386114001 0
vt 0.193476006 0.245551005 0
vt 0.00154697802 0.193642005 0
vt 0.193476006 0.00149297703 0
vt 0.00344496896 0.490884006 0
vt 0.000205999982 0.245551005 0
vt 0.256473988 0.00175797904 0
vt 0.255766004 0.00177299895 0
vt 0.507637978 0.00174295902 0
vt 0.193313003 0.00148695696 0
vt 0.00401198817 0.000322999986 0
vt 7.0000001e-06 0.335451007 0
vt 0 0.00171494402 0
vt 0.999969006 0.340299994 0
vt 0.744298995 0.00849896576 0
vt 0.999953985 0.00901698973 0
vt 7.0000001e-06 0.33978501 0
vt 0.999969006 0.344603002 0
vt 0.245003 0.000432999979 0
vt 0.00154697802 0.19348 0
vt 0.000509999983 0.00420898106 0
vt 0.00353199197 0.493541002 0
vt 0.273847997 0.742371023 0
vt 0.320363998 0.734794974 0
vt 0.943988025 0.834933996 0
vt 0.914888978 0.988586009 0
vt 0.882236004 0.988690019 0
vt 0.801917017 0.988629997 0
vt 0.947853029 0.826009989 0
vt 0.997380972 0.00228899694 0
vt 0.999795973 1 0
vt 0.938663006 0.969820023 0
vt 0.000405999977 0.901628017 0
vt 0.993197978 1 0
vt 0.000384999992 0.988929987 0
vt 0.997159004 0.744111001 0
vt 0.944190025 0.817501009 0
vt 0.000199999995 0.49941799 0
vt 0.999342024 0.49941799 0
vt 4.99999987e-05 0.744111001 0
vt 0.000247999997 0.255970001 0
vt 0.998808026 0.755788982 0
vt 0.899416983 0.00423794892 0
vt 0.986038983 0.383165002 0
vt 0.950228989 0.110229999 0
vt 0.994970024 0 0
vt 0.000630000024 1 0
vt 0.000630000024 0.004155993 0
vt 1 0.999621987 0
vt 0.999989986 0.255970001 0
vt 0.000204999989 0.00127094903 0
vt 0.999918997 0 0
vt 0.48448801 1 0
vt 0.134129003 0.00423794892 0
vt 0.934006989 0.811173975 0
vt 0.919516981 0.808492005 0
vt 0.702207983 0.808492005 0
vt 0.479755998 0.931948006 0
vt 0.386110008 0.962400973 0
vt 0.993309975 1 0
vt 0.285337001 0.977001011 0
vt 0.284761012 0.981400013 0
vt 0.319748014 0.742371023 0
vt 0.478926003 0.742371023 0
vt 0.472793996 0.67770201 0
vt 0.976530015 0.956215024 0
vt 0.546775997 0.231324002 0
vt 0.547670007 0.834695995 0
vt 0.670979977 0.824863017 0
vt 0.518242002 0.989646971 0
vt 0.404388011 0.991059005 0
vt 0.52740401 0.638172984 0
vt 0.980870008 0.00222098804 0
vt 0.999728978 1 0
vt 0.335350007 0.584989011 0
vt 0.000490000006 0.988982975 0
vt 0.993164003 0.802137017 0
vt 0.988111019 1 0
vt 0.551533997 0.827939987 0
vt 0.58474499 0.875563979 0
vt 0.544070005 0.742371023 0
vt 0.55400002 0.890294015 0
vt 0.718436003 0.755016983 0
vt 0.716000021 0.742371023 0
vt 0.645209014 0.502287984 0
vt 0.00365298893 0.873238027 0
vt 1 0.99970001 0
vt 0.000386 0.917289019 0
vt 0.981849015 0 0
vt 0.116738997 0.995599985 0
vt 0.282146007 0.817305982 0
vt 0.997164011 0.492141008 0
vt 1.29999989e-05 0.00348395109 0
vt 0.994603992 0 0
vt 0.00286298897 1 0
vt 9.99999997e-07 0.492141008 0
vt 0.134277001 0.00427895691 0
vt 0.0481309816 0.377207994 0
vt 0.0837090015 0.108781002 0
vt 1 0.997196019 0
vt 0.000149999993 0.000367000001 0
vt 0.991609991 0.108929001 0
vt 0.000149999993 0.998098016 0
vt 0.987250984 0 0
vt 0.899523973 0.00427895691 0
vt 0.823795021 1 0
vt 0.984602988 1 0
vt 0.996053994 0.00701999618 0
vt 0.000151999993 0.209307 0
vt 8.6e-05 0 0
vt 0.998124003 0.847177029 0
vt 0.975383997 0.268700987 0
vt 0.94183898 0.0752359629 0
vt 0.994890988 0.541357994 0
vt 7.19999953e-05 0.410602987 0
vt 0.99544102 0.607527018 0
vt 4.3e-05 0.607527018 0
vt 0.997575998 0.410602987 0
vt 0.550674975 0.820942998 0
vt 0.545150995 0.814656973 0
vt 0.535601974 0.810126007 0
vt 0.999758005 0.209307 0
vt 6.50000002e-05 0.802137017 0
vt 0.000204999989 0.902064979 0
vt 0.993391991 1 0
vt 0.55440098 0.894786 0
vt 0.677736998 0.817305982 0
vt 0.003714978 1 0
vt 0.981209993 0.999930024 0
vt 0.000633999996 0.914710999 0
vt 0.0479509793 0.377182007 0
vt 0.069763951 0.180997998 0
vt 0.999540985 0.332085013 0
vt 1.49999996e-05 9.49999958e-05 0
vt 0.999080002 0 0
vt 1.6e-05 0.332085013 0
vt 0.0999139473 0.0495109484 0
vt 0.999791026 0.66148001 0
vt 1.6e-05 0.661558986 0
vt 1 0.968692005 0
vt 0.693302989 0.809849024 0
vt 0.684677005 0.812922001 0
vt 1.49999996e-05 1 0
vt 0.510317028 0.00172799802 0
vt 0.688584983 0.0494449697 0
vt 0.0496559702 0.688638985 0
vt 0.792876005 0.0769810006 0
vt 0.300356001 0.792922974 0
vt 0.0707919523 0.49248901 0
vt 0.409348011 0.853733003 0
vt 0.775700986 0.164161995 0
vt 0.792925 0.0769959614 0
vt 0.156546995 1 0
vt 0.0771359801 0.792972028 0
vt 0.792925 0.184342995 0
vt 1 0.156394005 0
vt 0.838347971 0.245551005 0
vt 0.764980018 0.900762022 0
vt 0.999750018 0.796064973 0
vt 0.305222988 0.612353981 0
vt 0.998767972 0.00144696201 0
vt 0.974336982 0.245551005 0
vt 0.921541989 0.388749987 0
vt 0.000120000004 0.904582024 0
vt 0.996406972 1 0
vt 0.000193 0.991876006 0
vt 0.923725009 0.39241001 0
vt 0.99843502 0.753355026 0
vt 1.6e-05 0.753355026 0
vt 0.999441028 0.765015006 0
vt 0.996816993 1 0
vt 0.809692979 0.81714499 0
vt 4.99999987e-05 0.502801001 0
vt 0.999639988 0.502801001 0
vt 0.80597198 0.808564007 0
vt 0.993304014 0.382183999 0
vt 7.59999966e-05 0.250777006 0
vt 0.975295007 0.101553001 0
vt 0.999961972 0.250777006 0
vt 5.19999958e-05 0.00508695794 0
vt 0.999916971 0 0
vt 0.794842005 0.802212 0
vt 0.666800976 0.999392986 0
vt 0.631133974 0.999961972 0
vt 0.753700018 0.242569998 0
vt 0.769496024 0.187387004 0
vt 0.999504983 0.999423981 0
vt 0.978169978 0.340139002 0
vt 0.529127002 0.0828039572 0
vt 0.964738011 0 0
vt 0.999233007 0.813506007 0
vt 0.0114809796 0.999890029 0
vt 0.630144 0.600273013 0
vt 0.535422981 0.619681001 0
vt 0.517498016 0.600273013 0
vt 0.991311014 1 0
vt 0.545623004 0.508768976 0
vt 0.988597989 0.00350099802 0
vt 1.10000001e-05 0 0
vt 0.000281999994 0.347198993 0
vt 0.996088028 0.412954986 0
vt 0.000378999976 0.500463009 0
vt 0.998188019 0.500463009 0
vt 0.980790973 0 0
vt 0.785605013 0.733165026 0
vt 0.72211802 0.666984975 0
vt 0.578221023 0.517150998 0
vt 0.000295999984 8.80000007e-05 0
vt 0.500473022 0.999792993 0
vt 0.000295999984 0.999060988 0
vt 0.942960024 0.999812007 0
vt 0.99237901 0.948359013 0
vt 0.504108012 0.999812007 0
vt 0.997551978 0.975372016 0
vt 0.966754019 0.996670008 0
vt 0.00016299999 0.792088985 0
vt 0.998894989 0.792088985 0
vt 4.69999977e-05 0.999081016 0
vt 0.989362001 0.000246999989 0
vt 0.000473999971 0.999984026 0
vt 0.000473999971 0 0
vt 0.992034972 1 0
vt 0.999599993 0.961471021 0
vt 5.29999998e-05 0.195205003 0
vt 0.999535024 0.389555991 0
vt 8.39999921e-05 0.389555991 0
vt 0.98616302 0.987874985 0
vt 4.50000007e-05 0.588544011 0
vt 0.999930978 0.588544011 0
vt 0.992551029 0.00660896301 0
vt 0.999531984 0.195205003 0
vt 4.69999977e-05 0 0
vt 0.987535 1 0
vt 0.637710989 0.730391979 0
vt 0.454688996 0.982661009 0
vt 0.484418988 0.997713983 0
vt 1 0.000194000007 0
vt 2.49999994e-05 0.339682996 0
vt 5.29999998e-05 0.0628199503 0
vt 0.467177004 0.991675019 0
vt 0.997739017 0.668379009 0
vt 2.40000008e-05 0.668379009 0
vt 0.998683989 0.339682996 0
vt 0.377413988 0.752705991 0
vt 0.371228009 0.748094022 0
vt 0.997213006 0.998947024 0
vt 0.997623026 0.197020993 0
vt 0.000663999992 6.69999936e-05 0
vt 0.99920398 0 0
vt 0.229062006 0.747852981 0
vt 0.00119894696 0.504518986 0
vt 0.99605602 0.504518986 0
vt 0.995916009 0.61767602 0
vt 0.151506007 0.666984975 0
vt 0.000614999968 0.678143024 0
vt 1 0.999916017 0
vt 0.121495001 0.600273013 0
vt 0.149819002 0.508835018 0
vt 0.234474003 0.600273013 0
vt 0.259557992 0.627399027 0
vt 1.29999989e-05 0.00135695899 0
vt 0.999798 0 0
vt 0.000663999992 1 0
vt 0.00758498907 0.517150998 0
vt 0 0.499974996 0
vt 0.976109982 0.999998987 0
vt 0.000126999992 0.999478996 0
vt 0.98199898 1 0
vt 0.903331995 0.996378005 0
vt 0.327744007 0.823261023 0
vt 0.322283 0.817348003 0
vt 0.978830993 0.034439981 0
vt 0.000632999989 0.0860079527 0
vt 0.00371998502 0.000797999965 0
vt 0.545750976 0.768180013 0
vt 0.982716978 0 0
vt 0.316118002 0.812959015 0
vt 0.99931097 0.990931988 0
vt 1.70000003e-05 0.667888999 0
vt 0.999746025 0.667888999 0
vt 2.0999998e-05 0.338138998 0
vt 0.930249989 0.180946007 0
vt 0.865890026 0.00422596885 0
vt 0.900068998 0.0494759604 0
vt 0.952069998 0.377175003 0
vt 0.999945998 0.000273999991 0
vt 0.000300999993 0.000582999957 0
vt 0.995858014 0.999994993 0
vt 0.000300999993 0.999958992 0
vt 0.513675988 1 0
vt 0.100583002 0.00422596885 0
vt 0.297859013 0.808835983 0
vt 0.30755201 0.809893012 0
vt 0.0804879591 0.808533013 0
vt 0.999898016 0.338138998 0
vt 0.999988019 0 0
vt 0.0662089512 0.811228991 0
vt 0.00025099999 0.744296014 0
vt 1 0.997744977 0
vt 0.000207999983 1 0
vt 0.999971986 0.744296014 0
vt 0.0560459383 0.81753099 0
vt 0.99930501 0.501038015 0
vt 0.0523549914 0.826018989 0
vt 0.000201999996 0.501038015 0
vt 0.997141004 0.256143987 0
vt 5.40000001e-05 0.256143987 0
vt 0.0140239503 0.382218003 0
vt 0.0497229584 0.110414997 0
vt 0.00119596696 0.753894985 0
vt 0.000407999993 0.0969609618 0
vt 0.00668698503 1 0
vt 0.993196011 0 0
vt 0.00028800001 0.0093989959 0
vt 0.962428987 0.386114001 0
vt 0.977014005 0.285394013 0
vt 0.98141402 0.284812003 0
vt 0.937821984 0.0299689695 0
vt 0.99653101 0.998039007 0
vt 0.0851429701 0.988620996 0
vt 0.0560149513 0.834978998 0
vt 0.119120002 0.988734007 0
vt 0.198142007 0.988686025 0
vt 0.998381972 0 0
vt 0.745096028 0.25465399 0
vt 0.992982984 0.000669999979 0
vt 0.999882996 1 0
vt 8.39999921e-05 0.896683991 0
vt 0.931599975 0.480769008 0
vt 0.742370009 0.47943899 0
vt 0.993304014 0.873489976 0
vt 0.975252986 0.883095026 0
vt 0.99989301 0.860445976 0
vt 0.613022983 0.243131906 0
vt 0.624879003 0.244972005 0
vt 0.802883983 3.00000011e-06 0
vt 0.961236 0.113179997 0
vt 0.999926984 0.140040904 0
vt 7.0000001e-06 0.754011989 0
vt 1 0.997641027 0
vt 0.980812013 0.116834901 0
vt 0.99505502 0.126769006 0
vt 0.999873996 0.754011989 0
vt 1.20000004e-05 0.506510019 0
vt 0.999759018 0.506510019 0
vt 4.3e-05 0.254552007 0
vt 0.999677002 0.254552007 0
vt 0.999283016 0.00318998005 0
vt 0.993359983 0 0
vt 6.80000012e-05 0.998996019 0
vt 6.80000012e-05 0 0
vt 0.999979973 1 0
vt 0.000318000006 1 0
vt 7.59999966e-05 0.250748008 0
vt 0.00653296709 0.613264978 0
vt 0.0244739596 0.896371007 0
vt 1 0.999656022 0
vt 1 0.156381994 0
vt 9.69999965e-05 0.100011997 0
vt 0.998525977 0 0
vt 0.0101559702 0.386236995 0
vt 0.386110008 0.010001 0
vt 0.0101490002 0.386114001 0
vt 0.63112402 3.79999983e-05 0
vt 0.641637027 0.801811993 0
vt 0.182925001 0.197876006 0
vt 0.986859024 0.670836985 0
vt 0.305029005 0.329766989 0
vt 0.993632972 0.726330996 0
vt 0.330287993 0.356914997 0
vt 0.362544 0.269607991 0
vt 0.464520991 0.380401999 0
vt 0.358848989 0.263110995 0
vt 0.99939698 0.813624024 0
vt 0.0132939797 0.795189023 0
vt 0.369845986 0.399791986 0
vt 1.6e-05 0.195277005 0
vt 1 0.0053109522 0
vt 0.99920398 0.195277005 0
vt 0.998999 0.389717996 0
vt 0.35987699 0.255948007 0
vt 0.00253498508 0.0245509706 0
vt 0.00770097878 0.0516409799 0
vt 0.000394000002 0.0384969711 0
vt 7.19999953e-05 0.389717996 0
vt 0.0571149513 0.000187999991 0
vt 0.01403898 0.0120399501 0
vt 4.59999974e-05 0.588752985 0
vt 0.999243021 0.588752985 0
vt 0.998013973 0.792240024 0
vt 0.0335319601 0.00326996995 0
vt 0.000165999998 0.792240024 0
vt 0.37518701 0.245037004 0
vt 0.365552992 0.249521002 0
vt 4.89999984e-05 0.996797979 0
vt 0.990875006 1 0
vt 0.386990994 0.243444994 0
vt 0.000319999992 0.999532998 0
vt 0.989178002 0.00086099992 0
vt 0.974704981 1 0
vt 0.604323983 0.243158907 0
vt 0.000319999992 0 0
vt 1 0.00355899311 0
vt 4.50000007e-05 0.0412789509 0
vt 0.495932996 0.000187999991 0
vt 0.999015987 0.339239001 0
vt 0.000394999981 0.999235988 0
vt 0.998358011 0.50049299 0
vt 0.994675994 1 0
vt 0.000563999987 0.50049299 0
vt 0.996309996 0.413062006 0
vt 0.482430995 0.399791986 0
vt 0.454293996 0.49131301 0
vt 0.000396999996 0.347360998 0
vt 0.980454981 0 0
vt 0.567624986 0.49120599 0
vt 0.457964003 0.500028014 0
vt 0.0115439799 0.999840021 0
vt 0.987694979 1 0
vt 0.999816 0.499985993 0
vt 1.20000004e-05 0.499985993 0
vt 0.985071003 0.00510299206 0
vt 1 0.994035006 0
vt 1 0.5 0
vt 0.567359984 0.508742988 0
vt 0.571053028 0.500030994 0
vt 1 0.995356977 0
vt 0.999201 0.499942005 0
vt 0.000394999981 0.000304999994 0
vt 0.995868981 0.00557899382 0
vt 0.000380999991 0.652576029 0
vt 0.976891994 1 0
vt 0.000378999976 0.999612987 0
vt 0.421824992 0.517150998 0
vt 0.277934998 0.666985989 0
vt 0.999813974 0.254651994 0
vt 0.999988973 0.749692023 0
vt 0.997587025 0.804738998 0
vt 0.000131999986 0.00318795396 0
vt 0.000323999993 0.000505999953 0
vt 0.996510983 0.999089003 0
vt 0.000323999993 1 0
vt 0.97262001 0 0
vt 2.49999994e-05 0.339239001 0
vt 0.997946978 0.66772002 0
vt 0.997263014 1 0
vt 0.00188398303 0.494237006 0
vt 0.998277009 0.494237006 0
vt 5.99999985e-05 0.496385008 0
vt 0.999177992 0.496385008 0
vt 0.999083996 0.741554976 0
vt 0.999343991 0.993384004 0
vt 2.20000002e-05 0.741554976 0
vt 3.6999998e-05 0.253280014 0
vt 0.00654494716 0.126635 0
vt 0.00673496723 0.153007999 0
vt 8.49999997e-05 0.139638007 0
vt 0.050226979 0.113187 0
vt 0.0245199706 0.116974004 0
vt 0.997380972 0 0
vt 0.000110000001 1 0
vt 0.000110000001 0.00177699304 0
vt 1 0.00412696507 0
vt 0.00118595304 0.999413013 0
vt 0.999477029 0.253280014 0
vt 0.549920976 0.168748006 0
vt 0.994998991 0.0992349908 0
vt 0.999916017 0.243166 0
vt 0.999028981 0.999985993 0
vt 0.997240007 0.323733002 0
vt 0.00116097904 0.000246000011 0
vt 0.997415006 0 0
vt 0.934208989 0.189116001 0
vt 0.993313015 0.000289999996 0
vt 0.999916017 0.103409 0
vt 0.997501016 1 0
vt 0.00249797106 0.536754012 0
vt 0.162392005 0.998081982 0
vt 0.891158998 0.228544995 0
vt 0.988606989 0.221222907 0
vt 0.986024022 0.247004002 0
vt 0.436437994 1.10000001e-05 0
vt 0.99662298 0.00249296403 0
vt 0.999168992 1 0
vt 0.990978003 0.19348 0
vt 0.00153094495 0.193645 0
vt 0.00152999104 0.19348 0
vt 0.244990006 0.000432999979 0
vt 0.245551005 0.000423999969 0
vt 0.744315982 0.00853794813 0
vt 0.999966025 0.340303004 0
vt 0.744315982 0.340303004 0
vt 0.999952972 0.00905299094 0
vt 0.000518999994 0.00420898106 0
vt 0.743732989 0.00867599156 0
vt 0.999966025 0.34462899 0
vt 0.999981999 0.660049021 0
vt 0.744315982 0.660049021 0
vt 0.490287989 0.660049021 0
vt 0.490287989 0.994141996 0
vt 0.243521005 0.993963003 0
vt 0.0946569964 0.869099021 0
vt 1.99999999e-06 0.994099021 0
vt 0.744315982 0.994014978 0
vt 1 0.994000971 0
vt 0.999981999 0.662221014 0
vt 3.99999999e-06 0.65971899 0
vt 0.193309993 0.00150299002 0
vt 0.00401198817 0.000314000004 0
vt 0 0.00171196403 0
vt 0 0.00912099984 0
vt 0.993007004 9.00000032e-06 0
vt 0.967029989 0.500023007 0
vt 0.999916017 0.896632016 0
vt 0.0557209812 0.130897 0
vt 0.0522409603 0.0736190006 0
vt 0.0278609898 0.130897 0
vt 0.0299339797 0.131718904 0
vt 0.0278609898 0.131632 0
vt 1.99999999e-06 0.130897 0
vt 3.00000011e-06 0.0744389817 0
vt 0.0278609898 0.0740099475 0
vt 0.0557209812 0.133385003 0
vt 0.333333999 0.747277975 0
vt 0.000202999989 0.531446993 0
vt 0.000284999987 0.747277975 0
vt 0.000292000012 0.764747024 0
vt 0.333333999 0.495214999 0
vt 0.333333999 0.999978006 0
vt 0.666665971 0.747277975 0
vt 0.666665971 0.999956012 0
vt 0.334531993 0.999978006 0
vt 0.340288013 4.80000017e-05 0
vt 3.30000003e-05 0.202438995 0
vt 0.340288013 0.202438995 0
vt 0.339118987 4.80000017e-05 0
vt 0.659582019 2.49999994e-05 0
vt 0.659762979 2.49999994e-05 0
vt 0.659762979 0.202438995 0
vt 0.659762979 0.403596997 0
vt 0.340288013 0.403596997 0
vt 0.666851997 0.999956012 0
vt 0.999873996 0.202438995 0
vt 1 0.999933004 0
vt 0.00100797403 0.103160001 0
vt 0.170922905 0.000329000002 0
vt 0.0902879834 0.0122979796 0
vt 0.0290749595 0.0498579703 0
vt 0.999747992 0.403596997 0
vt 0.999621987 0.604950011 0
vt 0.347205997 0.00769197894 0
vt 0.204189003 0.267132014 0
vt 0.0680259988 0.199237004 0
vt 0.0144279497 0.157602996 0
vt 0.659762979 0.604950011 0
vt 0.999499023 0.802151024 0
vt 0.749449015 0.999665976 0
vt 0.999375999 0.999467015 0
vt 0.749987006 1.6e-05 0
vt 0.749987006 0.111521997 0
vt 1 2.0999998e-05 0
vt 0.999930978 0.111521997 0
vt 0.660269976 1.39999993e-05 0
vt 0.499974996 0.111521997 0
vt 0.749987006 0.223673001 0
vt 0.499974996 0.223673001 0
vt 0.499974996 0.335319996 0
vt 0.999861002 0.223673001 0
vt 0.520406008 0.0264069997 0
vt 0.331571013 0.342866987 0
vt 0.856660008 0.239041999 0
vt 0.447950989 0.426384985 0
vt 0.999791026 0.335319996 0
vt 0.997033 0.495214999 0
vt 0.996985972 0.747277975 0
vt 0.685648024 0.0628089905 0
vt 0.666665971 0.495214999 0
vt 0.666665971 0.247140005 0
vt 0.997008026 0.247140005 0
vt 0.834703028 0.122479998 0
vt 0.666665971 0 0
vt 0.996982992 0 0
vt 0.65883702 0.961354017 0
vt 0.664333999 1 0
vt 1 0.922707975 0
vt 0.999988019 0.100000001 0
vt 0.696619987 0.0845279619 0
vt 0.658133984 0.100000001 0
vt 1 0.909770012 0
vt 0.65883702 0.922707975 0
vt 0.65883702 0.884254992 0
vt 1 0.907902002 0
vt 0.65278399 0.102252997 0
vt 0.999988019 0.200000003 0
vt 0.65278399 0.200000003 0
vt 1 0.845802009 0
vt 0.497348011 0.179495007 0
vt 0.462935001 0.200000003 0
vt 0.65278399 0.300000012 0
vt 0.349126995 0.278681993 0
vt 0.999988019 0.300000012 0
vt 0.999988019 0.400000006 0
vt 0.878615975 0.355605006 0
vt 0.554449975 0.515496016 0
vt 0.900573015 0.472166985 0
vt 0.652888 0.608627021 0
vt 0.922529995 0.588729024 0
vt 0.999722004 0.446202993 0
vt 0.499974996 0.446202993 0
vt 0.999652982 0.557319999 0
vt 0.000174000001 0.353365988 0
vt 0.000151 0.441430002 0
vt 0.000149 0.446202993 0
vt 0.000126999992 0.529367983 0
vt 0.499974996 0.557319999 0
vt 0.000119000004 0.557319999 0
vt 0.000102999991 0.617282987 0
vt 0.499974996 0.668347001 0
vt 0.999583006 0.668347001 0
vt 0.176073 0.854853988 0
vt 0.195090994 0.86463201 0
vt 0.195090994 0.855533004 0
vt 0.167208001 0.86463201 0
vt 0.167208001 0.854628026 0
vt 0.167208001 1 0
vt 0.140835002 0.854189992 0
vt 0.139324993 0.86463201 0
vt 0.139324993 0.949957013 0
vt 0.139324993 0.854173005 0
vt 0.111442 0.86463201 0
vt 0.134550005 0.924867988 0
vt 0.949198008 0 0
vt 0.974555016 0.825567007 0
vt 0.975055993 0.165436998 0
vt 0.94700402 1 0
vt 0.806941986 0 0
vt 0.101636998 0.127651006 0
vt 0.142563894 0.0938059613 0
vt 0.111442 0.924919009 0
vt 0.219364002 0.290504009 0
vt 0.347456992 0.173573002 0
vt 0.806941986 1 0
vt 0.620851994 0 0
vt 0.0835819766 0.925082982 0
vt 0.0835819766 0.86463201 0
vt 0.0557209812 0.925324976 0
vt 0.330765009 0.463041991 0
vt 0.0557209812 0.86463201 0
vt 0.0278609898 0.925599992 0
vt 0.43521899 0.644609988 0
vt 0.0278609898 0.86463201 0
vt 0.0238829795 0.925643981 0
vt 0.763140023 0.0658699796 0
vt 0.556311011 0.135995001 0
vt 0.449550986 0.671226978 0
vt 0.392881006 1 0
vt 0.392881006 0 0
vt 0.200979993 0 0
vt 0.620851994 1 0
vt 0.653810024 0.172116905 0
vt 0.781606019 0.289083987 0
vt 0.859238982 0.09226197 0
vt 0.670032024 0.461804986 0
vt 0.565491974 0.643602014 0
vt 0.444409996 0.134498 0
vt 0.0278489497 0.0755959675 0
vt 0.0278489497 0.135098904 0
vt 0.0556979701 0.135098904 0
vt 0.0238729697 0.0755519792 0
vt 0.0556979701 0.0758770108 0
vt 0.237040907 0.0642949864 0
vt 0.551151991 0.670251012 0
vt 0.471742988 0.827085018 0
vt 0.468400002 0.834008992 0
vt 0.481779009 0.806321979 0
vt 0.000325999979 0.586444974 0
vt 0.0112499502 0.273470998 0
vt 0.495346993 0.778679013 0
vt 0.509060025 0.751286983 0
vt 0.522929013 0.724106014 0
vt 0.536966026 0.697081983 0
vt 0.200979993 1 0
vt 3.00000011e-06 0.495593995 0
vt 0.0046269889 1 0
vt 0.0336219594 0.00125795603 0
vt 0.0522559807 0.924929976 0
vt 0.0278489497 0.868845999 0
vt 0.0278489497 0.924537003 0
vt 1.99999999e-06 0.924089015 0
vt 0.0157859903 0.868501008 0
vt 0.0278489497 0.868143976 0
vt 1.99999999e-06 0.868845999 0
vt 0.0316089913 0.867986977 0
vt 0.0556979701 0.868845999 0
vt 0.0556979701 1 0
vt 0.0835480019 0.868845999 0
vt 0.0821769834 0.793839991 0
vt 0.0542269908 0.797433972 0
vt 0.0556979701 0.797264993 0
vt 9.99999997e-07 0.211261004 0
vt 0.5 0.200688004 0
vt 0.25 0.200688004 0
vt 9.99999997e-07 0.200688004 0
vt 0.5 0.400436997 0
vt 1.99999999e-06 0.400436997 0
vt 1.99999999e-06 0.410154015 0
vt 0.5 0.598855972 0
vt 0.999998987 0.400436997 0
vt 0.844241023 0.549107015 0
vt 0.817889988 0.670413971 0
vt 0.945451975 0.768489003 0
vt 0.788037002 0.614950001 0
vt 0.684117973 0.346969008 0
vt 0.674534976 0.456113994 0
vt 0.999998987 0.598855972 0
vt 0.754289985 0.560665011 0
vt 0.75 0.200688004 0
vt 1 0.200688004 0
vt 0.716423988 0.507628024 0
vt 1 0.551443994 0
vt 0.658918977 0.551443994 0
vt 1 0.60135299 0
vt 0.658918977 0.501533985 0
vt 1 0.501533985 0
vt 0.628417015 0.405882001 0
vt 0.57810998 0.357046992 0
vt 1 0.45162499 0
vt 1 0.40171501 0
vt 0.658918977 0.45162499 0
vt 0.524396002 0.310315013 0
vt 0.467141002 0.26531899 0
vt 1 0.351332992 0
vt 0.658918977 0.40171501 0
vt 0.658918977 0.351332992 0
vt 0.341080993 0.40171501 0
vt 0.341080993 0.45162499 0
vt 0.658918977 0.300951004 0
vt 0.341080993 0.351332992 0
vt 1 0.300951004 0
vt 0.658918977 0.250568986 0
vt 0.341080993 0.300951004 0
vt 1 0.250568986 0
vt 0.466280013 0.169468001 0
vt 0.344296992 0.181275994 0
vt 0.407047004 0.222349003 0
vt 1 0.200186998 0
vt 0.279076993 0.141966 0
vt 0.00814598706 0.000708999985 0
vt 0.205448002 0.0178749505 0
vt 0.143077999 0.0684559867 0
vt 0.999998987 0.798484981 0
vt 0.660800993 1 0
vt 0.999997973 1 0
vt 0.5 0.798484981 0
vt 0.212068006 0.104503997 0
vt 1 0.100093998 0
vt 0.658918977 0.150141001 0
vt 1 0.150141001 0
vt 0.0723299906 0.0336609408 0
vt 1 0.0500469804 0
vt 0.658918977 0.0500469804 0
vt 0.658918977 0.100093998 0
vt 0.662024975 0 0
vt 0.658918977 0 0
vt 0.341080993 0.0500469804 0
vt 0.341080993 0.100093998 0
vt 0 0.100093998 0
vt 0 0.150141001 0
vt 0.341080993 0.150141001 0
vt 0 0.188443005 0
vt 0.341080993 0.200186998 0
vt 0 0.200186998 0
vt 0 0.250568986 0
vt 0.341080993 0.250568986 0
vt 0.658918977 0.200186998 0
vt 0 0.300951004 0
vt 0.627415001 9.99999997e-07 0
vt 0.690079987 0.993192971 0
vt 0.717334986 0 0
vt 0.64082402 0.993192971 0
vt 0.739275992 0.993192971 0
vt 0 0.351332992 0
vt 0.600031018 0.993192971 0
vt 0 0.392926991 0
vt 0.600031018 9.99999997e-07 0
vt 0.591386974 0.993192971 0
vt 0 0.40171501 0
vt 0.542105019 0.993192971 0
vt 0 0.45162499 0
vt 0.537952006 9.99999997e-07 0
vt 0.492567986 0.993192971 0
vt 0 0.501533985 0
vt 0.40001601 1.99999999e-06 0
vt 0.443338007 0.993192971 0
vt 0 0.551443994 0
vt 0.341080993 0.501533985 0
vt 0.403708011 1.99999999e-06 0
vt 0.448644996 1.99999999e-06 0
vt 0.563232005 0.658918977 0
vt 0.558135986 1 0
vt 0.563232005 1 0
vt 0.358520001 1.99999999e-06 0
vt 0.40001601 0.993192971 0
vt 0.500943005 0.658918977 0
vt 0.500943005 1 0
vt 0.625521004 0.341080993 0
vt 0.625521004 0.658918977 0
vt 0.500943005 0.341080993 0
vt 0.625521004 1 0
vt 0.500943005 0 0
vt 0.375813991 0.341080993 0
vt 0.375813991 0.658918977 0
vt 0.375813991 0 0
vt 0.250683993 0.341080993 0
vt 0.250683993 0.658918977 0
vt 0.250683993 1 0
vt 0.125341997 1 0
vt 0.125341997 0.658918977 0
vt 0.279904991 1 0
vt 0.179174006 3.99999999e-06 0
vt 0.200012997 0.993192971 0
vt 0.200012997 3.00000011e-06 0
vt 0.246857002 0.993192971 0
vt 0.375813991 1 0
vt 0.268503994 3.00000011e-06 0
vt 0.296149999 0.993192971 0
vt 0 0.751793981 0
vt 0.341080993 0.751793981 0
vt 0 0.701646984 0
vt 0 0.799207985 0
vt 0.341080993 0.701646984 0
vt 0.658918977 0.751793981 0
vt 0.341080993 0.801940978 0
vt 0.658918977 0.801940978 0
vt 1 0.801940978 0
vt 1 0.851455986 0
vt 1 0.751793981 0
vt 0.658918977 0.851455986 0
vt 0.866461992 0.783834994 0
vt 0.885550022 0.841226995 0
vt 1 0.900969982 0
vt 0.844065011 0.726993024 0
vt 0.901628017 0.899003029 0
vt 0.658918977 0.900969982 0
vt 1 0.950484991 0
vt 0.341080993 0.900969982 0
vt 0.658918977 0.950484991 0
vt 0.341080993 0.851455986 0
vt 0 0.900969982 0
vt 0 0.851455986 0
vt 0.341080993 0.950484991 0
vt 0 0.950484991 0
vt 0.341080993 1 0
vt 0.658918977 1 0
vt 0.341080993 0 0
vt 0.658918977 0.333317012 0
vt 0.999993026 0.333317012 0
vt 0.98940599 0.999821007 0
vt 0.915041029 0.957127988 0
vt 0.92868799 0.979604006 0
vt 1 0.997116029 0
vt 0 0.806975007 0
vt 0.340337992 0 0
vt 0.956627011 0.995033026 0
vt 0.658918977 0.666823983 0
vt 0.999979019 0.975147009 0
vt 0.999985993 0.666823983 0
vt 0.669252992 0.988508999 0
vt 0.340337992 0.913057029 0
vt 0.00436598016 0.336302012 0
vt 0.224185005 0.00448596384 0
vt 0.343338996 0 0
vt 0.00443094922 0.339415014 0
vt 0.325334996 0.339415014 0
vt 0.75 0.00636297418 0
vt 0.5 0.0163789894 0
vt 0.64578402 0.0101439897 0
vt 0.325334996 0.00746494485 0
vt 0.473632008 0.0167289898 0
vt 0.25 0.0287079792 0
vt 0.326472014 0.0248149596 0
vt 0.657167971 0.339415014 0
vt 0.657167971 0.0347699486 0
vt 0.738902986 0.0454279706 0
vt 0.739942014 0.339415014 0
vt 0.657167971 0.416357994 0
vt 0.57553798 0.491140008 0
vt 0.340683997 0.799565971 0
vt 0.211374894 0.734061003 0
vt 0.276493013 0.767327011 0
vt 0.340683997 0.281396002 0
vt 0.507785976 0.877704978 0
vt 0.365631014 0.679037988 0
vt 0.401082993 0.329744995 0
vt 0.617229998 0.482104987 0
vt 0.65930301 0.506363988 0
vt 0.540987015 0.891662002 0
vt 0.325334996 0.679037988 0
vt 0.325334996 0.715089977 0
vt 0.0146469399 0.679037988 0
vt 0.669692993 0 0
vt 0.678340971 0.979771018 0
vt 0.659660995 0.977361977 0
vt 0.659660995 0 0
vt 0.186857 0.841709971 0
vt 0.0297269803 1 0
vt 0.0142449699 0.668715 0
vt 0.803593993 0.974605978 0
vt 0.894035995 0.601180017 0
vt 0.65930301 0.935517013 0
vt 0.923025012 0.994979978 0
vt 0.920840979 1 0
vt 0.0305039808 0.999255002 0
vt 0 0.716046989 0
vt 0.341080993 0.996767998 0
vt 0.350829005 1 0
vt 0.350829005 9.99999997e-07 0
vt 0 0.158198997 0
vt 0.0736140013 1 0
vt 0.396072 1 0
vt 0.341080993 0.666823983 0
vt 0 0.666823983 0
vt 0 0.358168989 0
vt 0.341080993 0.333317012 0
vt 0.658918977 0.988857985 0
vt 0.359183997 0.996472001 0
vt 0.35097 0.915857971 0
vt 0 0.333317012 0
vt 0.0494149886 0.993192971 0
vt 0 4.99999987e-06 0
vt 0 0.993192971 0
vt 0.692245007 1 0
vt 0.670333028 0 0
vt 0.318329006 0.341080993 0
vt 0.318329006 3.30000003e-05 0
vt 0 0.341080993 0
vt 0 0.658918977 0
vt 0.08971899 3.99999999e-06 0
vt 0 0.65891701 0
vt 0.125341997 0.341080993 0
vt 0.125341997 0 0
vt 0.250683993 0 0
vt 0.668343008 0.342718989 0
vt 0.582130015 0.0649979711 0
vt 0.44404 0.0908429623 0
vt 0.653212011 0.0567839704 0
vt 0.512288988 0.076173 0
vt 0.680585027 0.0486969911 0
vt 0.318329006 0.999957025 0
vt 0 0.999957025 0
vt 0.735786974 0.0028659699 0
vt 0.664683998 0.65891701 0
vt 0.318329006 0.65891701 0
vt 0.698247015 0.0321649909 0
vt 0.664683998 0.999957025 0
vt 1 0.65891701 0
vt 0.664683998 0.341080993 0
vt 1 0.999957025 0
vt 1 0.341080993 0
vt 0.664683998 3.30000003e-05 0
vt 1 3.19999999e-05 0
vt 0 9.99999997e-07 0
vt 0 0.999998987 0
vt 1 0.688314974 0
vt 0.999970019 0.627654016 0
vt 0 0.34087199 0
vt 1 0.25 0
vt 0 0.25 0
vt 0.270700991 0.25 0
vt 0.225657001 0 0
vt 1 0.34087199 0
vt 0.270700991 0.5 0
vt 0 0.5 0
vt 0.295520008 1 0
vt 0.270700991 0.75 0
vt 0.520785987 0.5 0
vt 0.520785987 0 0
vt 0 0.659129977 0
vt 1 0.659129977 0
vt 1 0.75 0
vt 0 0.75 0
vt 0.270700991 1 0
vt 0.685877979 0.754501998 0
vt 0.660350978 0.500706017 0
vt 0.660350978 0.761358976 0
vt 0.999961972 0.698507011 0
vt 0.660350978 2.90000007e-05 0
vt 0.339679003 0.500706017 0
vt 0.662891984 2.90000007e-05 0
vt 0.999972999 0.500706017 0
vt 0.333333999 0.798412979 0
vt 0.666665971 0.999948025 0
vt 0.666665971 0.798412979 0
vt 0.664048016 0.999948025 0
vt 0.999984026 0.798412979 0
vt 0.996845007 0.999921978 0
vt 0.666665971 0.597370028 0
vt 0.666665971 0.396019012 0
vt 0.333333999 0.597370028 0
vt 0.999890983 0.396019012 0
vt 0.99989301 0.597370028 0
vt 0.909686983 0.0121489698 0
vt 0.998983979 0.103037998 0
vt 0.970903993 0.0497239791 0
vt 0.829099 2.79999986e-05 0
vt 0.931942999 0.199118003 0
vt 0.985589981 0.157491997 0
vt 0.795758009 0.26700601 0
vt 0.999894977 0.199226007 0
vt 0.00014199999 0.111456998 0
vt 0.250025988 0.111456998 0
vt 0.250025988 0.223475903 0
vt 0.00028399998 0.223475903 0
vt 0.500051975 0.334910005 0
vt 0.500051975 0.223475903 0
vt 0.000426000013 0.334910005 0
vt 0.00056700001 0.445854008 0
vt 0.999786019 0.264261007 0
vt 0.500051975 0.445854008 0
vt 0.999812007 0.352717996 0
vt 0.999805987 0.334910005 0
vt 0.105766997 0.145613998 0
vt 0.0835480019 0.135098904 0
vt 0.0835480019 0.144909993 0
vt 0.111396998 0.135098904 0
vt 0.111396998 0.145684004 0
vt 0.134186 0.0763479993 0
vt 0.139268905 0.135098904 0
vt 0.139268905 0.145653993 0
vt 0.0835480019 0.0761239529 0
vt 0.111396998 0.0762929916 0
vt 0.140863001 0.145638004 0
vt 0.999836981 0.440816998 0
vt 0.999839008 0.445854008 0
vt 0.999863029 0.528789997 0
vt 0.167142004 0.135098904 0
vt 0.167142004 0.145223007 0
vt 0.176103994 0.145003006 0
vt 0.500051975 0.557070971 0
vt 0.999871016 0.557070971 0
vt 0.999888003 0.616733015 0
vt 0.195014998 0.135098904 0
vt 0.195014998 0.144343004 0
vt 0.211345002 0.143518999 0
vt 0.500051975 0.668178976 0
vt 0.999903023 0.668178976 0
vt 0.99991399 0.704460025 0
vt 0.222886994 0.135098904 0
vt 0.222886994 0.142770007 0
vt 0.223019004 0 0
vt 0.250746012 0.135098904 0
vt 0.222886994 0 0
vt 0.195130005 0 0
vt 0.246638 0.140789002 0
vt 0.500051975 0.778995991 0
vt 0.999935985 0.778995991 0
vt 0.999939024 0.791885018 0
vt 0.250746012 0.140388995 0
vt 0.500051975 0.889567971 0
vt 0.999965012 0.879049003 0
vt 0.278604001 0.137345999 0
vt 0.281980991 0.136948004 0
vt 0.278604001 0.135098904 0
vt 0.750025988 0.889567971 0
vt 0.999967992 0.889567971 0
vt 0.250892997 0 0
vt 0.278604001 0 0
vt 0.297239989 0.135098904 0
vt 0.999981999 0.937101007 0
vt 0.750025988 1 0
vt 0.999989986 0.965901017 0
vt 0.306463003 0 0
vt 0.306463003 0.133956 0
vt 0.27876699 0 0
vt 0.317333996 0.132596999 0
vt 0.749706984 0 0
vt 1 0.0426470004 0
vt 0.334320992 0 0
vt 0.334320992 0.132514998 0
vt 0.306639999 0 0
vt 0.334513992 0 0
vt 0.317312002 0.867304981 0
vt 0.33425501 1 0
vt 0.33444801 1 0
vt 0.306578994 1 0
vt 0.33444801 0.867358029 0
vt 0.249987006 1 0
vt 9.00000032e-06 0.966355026 0
vt 0.306578994 0.865970016 0
vt 0 0.0345549509 0
vt 0.250142992 0 0
vt 0.340950012 1 0
vt 0.249987006 0.88961798 0
vt 1.79999988e-05 0.932541013 0
vt 0.341163009 0 0
vt 0.341163009 0.0390299484 0
vt 0.500285983 0 0
vt 0.499974996 0.88961798 0
vt 0.499974996 1 0
vt 0.658427 1 0
vt 0.749987006 0.88961798 0
vt 3.19999999e-05 0.879526019 0
vt 5.59999971e-05 0.792388022 0
vt 0.499974996 0.779101014 0
vt 0.999445021 0.88961798 0
vt 0.999375999 1 0
vt 0.749987006 1 0
vt 0.999513984 0.779101014 0
vt 0.944486022 0.705290973 0
vt 0.744830012 0.704578996 0
vt 0.832253993 0.802235007 0
vt 0.966443002 0.821852982 0
vt 0.916957021 0.900825977 0
vt 0.65278399 0.5 0
vt 0.999988019 0.5 0
vt 0.999988019 0.600000024 0
vt 0.65278399 0.600000024 0
vt 0.999988019 0.699999988 0
vt 0.988399029 0.938414991 0
vt 0.331324011 0.600000024 0
vt 0.331324011 0.699999988 0
vt 0.65278399 0.699999988 0
vt 0.331324011 0.800000012 0
vt 0.999988019 0.752834976 0
vt 0.65278399 0.800000012 0
vt 0.331324011 0.899999976 0
vt 0.684053004 0.899999976 0
vt 0.792940021 0.851255 0
vt 0.65278399 0.899999976 0
vt 0.901274979 0.800000012 0
vt 1 0.0372419916 0
vt 0.65883702 0.0780599713 0
vt 1 0.0780599713 0
vt 1 0.117563002 0
vt 0.65883702 0 0
vt 0.65883702 0.117192999 0
vt 0.341163009 0.0780599713 0
vt 0.341163009 0.117192999 0
vt 0.65883702 0.156326994 0
vt 1 0.128346995 0
vt 0.65278399 0.913066983 0
vt 0.565756977 0.946175992 0
vt 1 0.156326994 0
vt 1 0.195419997 0
vt 0.416153997 0.987321019 0
vt 0.65883702 0.195419997 0
vt 0.331324011 0.998520017 0
vt 1 0.211701006 0
vt 0.65883702 0.214966998 0
vt 1 0.214966998 0
vt 0.312023014 0.999547005 0
vt 0.0851410031 0.947561026 0
vt 0.200874001 0.991868019 0
vt 0.252965003 0.998602986 0
vt 0.65883702 0.224739999 0
vt 1 0.224739999 0
vt 0.341163009 0.234513894 0
vt 0.65883702 0.234513894 0
vt 0.341163009 0.224739999 0
vt 0 0.234513894 0
vt 0 0.224739999 0
vt 0.341163009 0.272008985 0
vt 0.65883702 0.272008985 0
vt 1 0.234513894 0
vt 1 0.272008985 0
vt 1 0.307859987 0
vt 0.65883702 0.309502989 0
vt 0.033369001 0.899999976 0
vt 0.0317389891 0.897787988 0
vt 1 0.309502989 0
vt 0.000307999988 0.800000012 0
vt 1 0.381332994 0
vt 0.000293999998 0.794780016 0
vt 0.65883702 0.385161996 0
vt 1 0.385161996 0
vt 0.0186769906 0.699999988 0
vt 1 0.454775989 0
vt 0.0219889805 0.690793991 0
vt 0.65883702 0.461544991 0
vt 1 0.461544991 0
vt 1 0.528401971 0
vt 0.0655519888 0.600000024 0
vt 0.65883702 0.538190007 0
vt 1 0.538190007 0
vt 0.0732010007 0.586745024 0
vt 1 0.602430999 0
vt 0.331324011 0.5 0
vt 0.131457001 0.5 0
vt 0.331324011 0.400000006 0
vt 0.65278399 0.400000006 0
vt 0.144260004 0.483040988 0
vt 0.65883702 0.615025997 0
vt 1 0.615025997 0
vt 1 0.676961005 0
vt 0.215314999 0.400000006 0
vt 0.234465003 0.380144 0
vt 0.65883702 0.691870987 0
vt 1 0.691870987 0
vt 1 0.75258702 0
vt 0.322454989 0.300000012 0
vt 0.331324011 0.300000012 0
vt 0.331324011 0.292784005 0
vt 0.65883702 0.768895984 0
vt 1 0.758100986 0
vt 1 0.768895984 0
vt 1 0.829753995 0
vt 0.341163009 0.807349026 0
vt 0.341163009 0.768895984 0
vt 0.341163009 0.730383992 0
vt 0.65883702 0.845802009 0
vt 0 0.730534017 0
vt 0 0.730383992 0
vt 0 0.691870987 0
vt 0.341163009 0.691870987 0
vt 0.341163009 0.615025997 0
vt 0 0.653159022 0
vt 0 0.638378978 0
vt 0 0.615025997 0
vt 0 0.577266991 0
vt 0.341163009 0.538190007 0
vt 0.264766008 0.354642987 0
vt 0.278710991 0.340602994 0
vt 0.25622201 0.340602994 0
vt 0.278710991 0.377151012 0
vt 0.278710991 0.267675012 0
vt 0.306578994 0.267675012 0
vt 0.306578994 0.340602994 0
vt 0.293336987 0.400528014 0
vt 0 0.516746998 0
vt 0 0.538190007 0
vt 0.301474005 0.413529992 0
vt 0 0.503400028 0
vt 0.306578994 0.421725005 0
vt 0.306578994 0.413529992 0
vt 0.33444801 0.340602994 0
vt 0.33444801 0.413529992 0
vt 0.362233013 0.413529992 0
vt 0.322795004 0.448325992 0
vt 0.33444801 0.468273997 0
vt 0.347995013 0.492275 0
vt 0 0.431919008 0
vt 0.341163009 0.385161996 0
vt 0 0.398063987 0
vt 0.341163009 0.461544991 0
vt 0 0.461544991 0
vt 0 0.363303989 0
vt 0.341163009 0.347333014 0
vt 0 0.385161996 0
vt 0.362233013 0.492275 0
vt 0.353235006 0.502252996 0
vt 0.362233013 0.520959973 0
vt 0.390017986 0.413529992 0
vt 0.390017986 0.492275 0
vt 0.368910015 0.535791993 0
vt 0.383403003 0.57102102 0
vt 0.390017986 0.57102102 0
vt 0.38478899 0.574775994 0
vt 0 0.312853009 0
vt 0.341163009 0.309502989 0
vt 0 0.309502989 0
vt 0 0.347333014 0
vt 0 0.296723992 0
vt 0.390017986 0.589805007 0
vt 0.39971 0.622856975 0
vt 0 0.272008985 0
vt 0.411727011 0.692703009 0
vt 0.417802989 0.57102102 0
vt 0.417802989 0.492275 0
vt 0.413105994 0.722459018 0
vt 0.417802989 0.722459018 0
vt 0.445589006 0.57102102 0
vt 0.413053006 0.717905998 0
vt 0.445589006 0.492275 0
vt 0.445589006 0.413529992 0
vt 0.417802989 0.413529992 0
vt 0.445589006 0.267675012 0
vt 0.473309994 0.267675012 0
vt 0.473309994 0.413529992 0
vt 0.501031995 0.267675012 0
vt 0.501031995 0.413529992 0
vt 0.473309994 0.492275 0
vt 0.501031995 0.130897 0
vt 0.528752983 0.130897 0
vt 0.528752983 0.267675012 0
vt 0.55647397 0.130897 0
vt 0.556264997 0 0
vt 0.528541982 0 0
vt 0.528752983 0 0
vt 0.528647006 0.868845999 0
vt 0.528858006 1 0
vt 0.55637598 1 0
vt 0.528647006 1 0
vt 0.500918984 0.868845999 0
vt 0.55637598 0.868845999 0
vt 0.528647006 0.731992006 0
vt 0.500918984 0.731992006 0
vt 0.528647006 0.585887015 0
vt 0.55637598 0.731992006 0
vt 0.500918984 0.585887015 0
vt 0.55637598 0.585887015 0
vt 0.500918984 0.507090986 0
vt 0.528647006 0.507090986 0
vt 0.584101975 0.731992006 0
vt 0.584101975 0.585887015 0
vt 0.55637598 0.507090986 0
vt 0.55637598 0.428294986 0
vt 0.584101975 0.507090986 0
vt 0.528647006 0.428294986 0
vt 0.584101975 0.428294986 0
vt 0.611828029 0.507090986 0
vt 0.611828029 0.585887015 0
vt 0.611828029 0.731992006 0
vt 0.639554977 0.731992006 0
vt 0.639554977 0.585887015 0
vt 0.667280972 0.731992006 0
vt 0.639554977 0.868845999 0
vt 0.667280972 0.868845999 0
vt 0.667280972 1 0
vt 0.667481005 1 0
vt 0.69500798 1 0
vt 0.69500798 0.868845999 0
vt 0.667348981 0.130897 0
vt 0.694869995 0 0
vt 0.667348981 0 0
vt 0.63963002 0.130897 0
vt 0.667147994 0 0
vt 0.63963002 0.267675012 0
vt 0.611912012 0.130897 0
vt 0.611912012 0.267675012 0
vt 0.63963002 0 0
vt 0.63942802 0 0
vt 0.639756978 1 0
vt 0.639554977 1 0
vt 0.611912012 0 0
vt 0.611828029 0.868845999 0
vt 0.61203301 1 0
vt 0.584101975 0.868845999 0
vt 0.611828029 1 0
vt 0.584101975 1 0
vt 0.584308982 1 0
vt 0.584192991 0 0
vt 0.584192991 0.130897 0
vt 0.611706972 0 0
vt 0.583985984 0 0
vt 0.55647397 0.267675012 0
vt 0.584192991 0.267675012 0
vt 0.55647397 0.413529992 0
vt 0.528752983 0.413529992 0
vt 0.501031995 0.492275 0
vt 0.528752983 0.492275 0
vt 0.55647397 0.492275 0
vt 0.528752983 0.57102102 0
vt 0.501031995 0.57102102 0
vt 0.55647397 0.57102102 0
vt 0.528752983 0.722459018 0
vt 0.501031995 0.722459018 0
vt 0.501031995 0.86463201 0
vt 0.528752983 0.86463201 0
vt 0.55647397 0.722459018 0
vt 0.473309994 0.86463201 0
vt 0.473309994 1 0
vt 0.500819027 1 0
vt 0.501031995 1 0
vt 0.528541982 1 0
vt 0.501130998 0 0
vt 0.528647006 0.135098904 0
vt 0.528647006 0 0
vt 0.500918984 0.135098904 0
vt 0.500918984 0 0
vt 0.528752983 1 0
vt 0.528858006 0 0
vt 0.55647397 0.86463201 0
vt 0.556264997 1 0
vt 0.55637598 0.135098904 0
vt 0.55637598 0 0
vt 0.584192991 0.722459018 0
vt 0.584192991 0.86463201 0
vt 0.55647397 1 0
vt 0.583985984 1 0
vt 0.556585014 0 0
vt 0.584101975 0.135098904 0
vt 0.584101975 0 0
vt 0.584308982 0 0
vt 0.611828029 0.135098904 0
vt 0.584101975 0.277067006 0
vt 0.611828029 0.277067006 0
vt 0.639554977 0.277067006 0
vt 0.611828029 0.428294986 0
vt 0.639554977 0.428294986 0
vt 0.639554977 0.507090986 0
vt 0.667280972 0.507090986 0
vt 0.667280972 0.428294986 0
vt 0.667280972 0.277067006 0
vt 0.69500798 0.428294986 0
vt 0.69500798 0.507090986 0
vt 0.69500798 0.585887015 0
vt 0.722734988 0.585887015 0
vt 0.722734988 0.507090986 0
vt 0.722734988 0.428294986 0
vt 0.750461996 0.507090986 0
vt 0.750461996 0.585887015 0
vt 0.750461996 0.731992006 0
vt 0.778189003 0.731992006 0
vt 0.778189003 0.585887015 0
vt 0.778189003 0.868845999 0
vt 0.805917978 0.868845999 0
vt 0.805917978 0.731992006 0
vt 0.833647013 0.868845999 0
vt 0.833647013 0.731992006 0
vt 0.805917978 0.585887015 0
vt 0.861375988 0.868845999 0
vt 0.861375988 0.731992006 0
vt 0.833647013 0.585887015 0
vt 0.889105022 0.658939004 0
vt 0.889105022 0.731992006 0
vt 0.861375988 0.585887015 0
vt 0.889105022 0.800418973 0
vt 0.889105022 0.507090986 0
vt 0.889105022 0.585887015 0
vt 0.833647013 0.428294986 0
vt 0.861375988 0.428294986 0
vt 0.889105022 0.428294986 0
vt 0.91682899 0.507090986 0
vt 0.91682899 0.585887015 0
vt 0.91682899 0.428294986 0
vt 0.889105022 0.352681011 0
vt 0.91682899 0.352681011 0
vt 0.924320996 0.370997995 0
vt 0.923434973 0.428294986 0
vt 0.923399985 0.430703014 0
vt 0.922604024 0.490922987 0
vt 1 0.604722023 0
vt 0.657920003 0.701004028 0
vt 1 0.701004028 0
vt 0.657920003 0.600678027 0
vt 1 0.600678027 0
vt 0.34196499 0.701004028 0
vt 0.657920003 0.80132997 0
vt 1 0.73180002 0
vt 0.925370991 0.311172992 0
vt 0.924627006 0.352681011 0
vt 0.828960001 0.80132997 0
vt 1 0.80132997 0
vt 0.828960001 0.850997984 0
vt 0.657920003 0.850997984 0
vt 0.499942988 0.850997984 0
vt 0.499942988 0.900664985 0
vt 0.657920003 0.900664985 0
vt 0.499942988 0.950332999 0
vt 0.657920003 0.950332999 0
vt 0.828960001 0.900664985 0
vt 1 0.858183026 0
vt 1 0.900664985 0
vt 0.828960001 0.950332999 0
vt 1 0.975705028 0
vt 1 0.950332999 0
vt 0.828960001 1 0
vt 0.657920003 0.999998987 0
vt 0.657472014 4.99999987e-06 0
vt 0.657472014 0.154774994 0
vt 0.828736007 7.0000001e-06 0
vt 0.828736007 0.154774994 0
vt 1 7.99999998e-06 0
vt 0.928394973 0.171765 0
vt 0.91682899 0.206082895 0
vt 0.927932978 0.191259995 0
vt 0.927591026 0.206082895 0
vt 1 0.154774994 0
vt 0.91682899 0.135098904 0
vt 0.929028988 0.151990995 0
vt 0.828736007 0.312611014 0
vt 1 0.312611014 0
vt 1 0.450156003 0
vt 0.657472014 0.312611014 0
vt 0.930127978 0.131919995 0
vt 0.91682899 0.0675489902 0
vt 0.929898977 0.135098904 0
vt 0.657472014 0.476824999 0
vt 1 0.476824999 0
vt 0.932465017 0.113372996 0
vt 0.657472014 0.652732015 0
vt 1 0.652732015 0
vt 0.342175007 0.652732015 0
vt 0.342175007 0.832787991 0
vt 0.657472014 0.832787991 0
vt 0 0.680902004 0
vt 0 0.859454989 0
vt 0 0.832787991 0
vt 0.338185012 1 0
vt 0.657472014 1 0
vt 0.342175007 1 0
vt 0 0.125040993 0
vt 0.338183999 0.125040993 0
vt 0.338183999 0 0
vt 0.342175007 0 0
vt 0.00998997595 0.164453998 0
vt 0.200000003 0 0
vt 0.901360989 0.664206982 0
vt 0.946188986 0.852397025 0
vt 1 0.830258012 0
vt 0.200000003 0.164453998 0
vt 0.400000006 0 0
vt 0.837579012 0.896016002 0
vt 0.802722991 0.498154998 0
vt 0.400000006 0.164453998 0
vt 0.600000024 0 0
vt 0.284069002 0.536825001 0
vt 0.704083979 0.332103014 0
vt 0.600000024 0.164453998 0
vt 0.800000012 0 0
vt 0.381062001 0.0168889705 0
vt 0.605445981 0.166051999 0
vt 0.184919998 0.369913995 0
vt 0.254581988 0.0322179683 0
vt 0.317907006 0.0247419402 0
vt 0.444032997 0.00864696503 0
vt 0 0.749930024 0
vt 0.338728011 0.749930024 0
vt 0 0.624894977 0
vt 0.338728011 0.874965012 0
vt 0 0.874965012 0
vt 0.338728011 1 0
vt 0.661558986 0.874965012 0
vt 0.339792013 0.142005995 0
vt 0.338726997 0 0
vt 0 0.142005995 0
vt 0.339792013 0 0
vt 0.660380006 1 0
vt 0.339870989 1 0
vt 0.661558986 1 0
vt 0.661559999 0 0
vt 1 0.142005995 0
vt 0.660381019 0 0
vt 0.932703972 0.899334013 0
vt 0.91682899 0.934423029 0
vt 0.944553018 0.934423029 0
vt 0.938639998 0.901695013 0
vt 1 0.874965012 0
vt 0.929018974 0.897041023 0
vt 0.889105022 0.868845999 0
vt 0.91682899 0.868845999 0
vt 0.922483981 0.868845999 0
vt 0.889294982 1 0
vt 0.91682899 1 0
vt 0.889105022 1 0
vt 0.889105022 0.934423029 0
vt 0.922838986 0.872942984 0
vt 0.925320029 0.888520002 0
vt 0.660381019 0.142005995 0
vt 1 0.298990011 0
vt 0.660381019 0.298990011 0
vt 1 0.455844015 0
vt 0.339792013 0.298990011 0
vt 0.660381019 0.455859989 0
vt 0.339792013 0.455859989 0
vt 1 0.49140799 0
vt 0.660381019 0.599784017 0
vt 1 0.599784017 0
vt 1 0.735347986 0
vt 0.660381019 0.735347986 0
vt 0.339792013 0.599784017 0
vt 0.339792013 0.735347986 0
vt 0.660381019 0.86995399 0
vt 0.339792013 0.86995399 0
vt 0.341966003 0.999987006 0
vt 0.657920003 0.999975026 0
vt 0.339792013 0.999987006 0
vt 1 0.86995399 0
vt 0.660381019 0.999975026 0
vt 1 0.999962986 0
vt 0.657920003 1.99999999e-06 0
vt 1 0.00898897555 0
vt 0.660381973 1.99999999e-06 0
vt 0.91682899 0.800418973 0
vt 0.921066999 0.806316018 0
vt 0.921042025 0.800418973 0
vt 0.921146989 0.822449982 0
vt 0.91682899 0.731992006 0
vt 0.921344995 0.838847995 0
vt 0.920930028 0.741594017 0
vt 0.91682899 0.658939004 0
vt 0.921069026 0.677810013 0
vt 0.920934021 0.731992006 0
vt 1 0.113902003 0
vt 0.657920003 0.198149994 0
vt 1 0.198149994 0
vt 0.657920003 0.0990749523 0
vt 1 0.0990749523 0
vt 0.34196499 0.198149994 0
vt 0.657920003 0.298500001 0
vt 1 0.227785006 0
vt 0.34196499 0.0990749523 0
vt 0 0.198149994 0
vt 0 0.0990749523 0
vt 0.34196499 0.298500001 0
vt 0.657920003 0.398849994 0
vt 0 0.298500001 0
vt 0.34196499 0.398849994 0
vt 0.165074006 0.99999398 0
vt 0.388383001 0.0326949917 0
vt 0.280211002 0.122321002 0
vt 0.175365001 0.298462987 0
vt 0 0.398849994 0
vt 0.644343972 0.999976993 0
vt 0.498218 0.00855696201 0
vt 0.404709011 0.999985993 0
vt 0.34196499 0.499763995 0
vt 0 0.499763995 0
vt 0.60797298 0.0427759811 0
vt 0 0.600678027 0
vt 0.716005981 0.139276996 0
vt 0 0.701004028 0
vt 0.34196499 0.600678027 0
vt 0.657920003 0.499763995 0
vt 1 0.472934991 0
vt 1 0.499763995 0
vt 0.922415972 0.507090986 0
vt 0.921947002 0.55223 0
vt 1 0.398849994 0
vt 0.921649992 0.585887015 0
vt 1 0.34424299 0
vt 0.921433985 0.614362001 0
vt 1 0.298500001 0
vt 0.921157002 0.658939004 0
vt 0.883979976 0.999969006 0
vt 0.820538998 0.320560992 0
vt 0.170983002 0.80132997 0
vt 0 0.80132997 0
vt 0.34196499 0.80132997 0
vt 0.960282028 0.788372993 0
vt 1 0.999965012 0
vt 0.200000003 0.86026299 0
vt 0.103169002 0.999991 0
vt 0.200000003 0.999987006 0
vt 0.400000006 0.999979973 0
vt 0.869879007 0.448792994 0
vt 0.916701972 0.604362011 0
vt 0.400000006 0.86026299 0
vt 0.200000003 0.714248002 0
vt 0.0836820006 0.866514027 0
vt 0.0828359723 0.86026299 0
vt 0.200000003 0.550096989 0
vt 0.0642289519 0.714248002 0
vt 0.400000006 0.714248002 0
vt 0.065162003 0.722042024 0
vt 0 0.320827991 0
vt 0.171087995 0.312611014 0
vt 0 0.312611014 0
vt 0 0.161769003 0
vt 0.342175007 0.312611014 0
vt 0.171087995 0.154774994 0
vt 0.342175007 0.154774994 0
vt 0.342175007 0.476824999 0
vt 0.499823987 0.154774994 0
vt 0.499823987 0.312611014 0
vt 0 0.476824999 0
vt 0 0.489113986 0
vt 0.0456539914 0.550096989 0
vt 0.0469819903 0.562403977 0
vt 0.200000003 0.356076002 0
vt 0.0257009808 0.356076002 0
vt 0.0284859501 0.385033011 0
vt 0 0.652732015 0
vt 0.400000006 0.356076002 0
vt 0.400000006 0.550096989 0
vt 0.600000024 0.550096989 0
vt 0.600000024 0.714248002 0
vt 0.600000024 0.356076002 0
vt 0.800000012 0.550096989 0
vt 0.800000012 0.714248002 0
vt 0.969736993 0.714248002 0
vt 0.800000012 0.86026299 0
vt 0.954877019 0.86026299 0
vt 0.937771022 0.999958992 0
vt 0.964164972 0.772014022 0
vt 1.99999999e-06 0.834837019 0
vt 9.99999997e-07 0.735347986 0
vt 1.99999999e-06 0.86995399 0
vt 0.95143199 0.890631974 0
vt 0 7.0000001e-06 0
vt 0.34196499 4.99999987e-06 0
vt 0.3398 4.99999987e-06 0
vt 0.0797109604 0.583943009 0
vt 0.800000012 0.999963999 0
vt 9.99999997e-07 0.67255199 0
vt 0.600000024 0.86026299 0
vt 0.600000024 0.999971986 0
vt 9.99999997e-07 0.599784017 0
vt 0.983084023 0.550096989 0
vt 0.975848019 0.644752979 0
vt 0.993945003 0.356076002 0
vt 0.800000012 0.356076002 0
vt 0.986410975 0.500414014 0
vt 9.99999997e-07 0.504585028 0
vt 9.99999997e-07 0.455859989 0
vt 9.99999997e-07 0.318046987 0
vt 0.998822987 0.164453998 0
vt 0.800000012 0.164453998 0
vt 0.994740009 0.335693985 0
vt 9.99999997e-07 0.298990011 0
vt 0 0.142603904 0
vt 0.998830974 0.163788006 0
vt 0.499823987 3.99999999e-06 0
vt 0.342175007 3.00000011e-06 0
vt 0.499942988 0.999998987 0
vt 0.34196499 0.999998987 0
vt 0.34196499 0.950332999 0
vt 0.170983002 0.999998987 0
vt 0.171087995 9.99999997e-07 0
vt 0.170983002 0.950332999 0
vt 0 0.154774994 0
vt 0 0.999997973 0
vt 0 0.950332999 0
vt 0.170983002 0.900664985 0
vt 0.34196499 0.900664985 0
vt 0.34196499 0.850997984 0
vt 0.499942988 0.80132997 0
vt 0.170983002 0.850997984 0
vt 0 0.850997984 0
vt 0 0.900664985 0
vt 0.92177999 0.855665028 0
vt 0.861564994 1 0
vt 0.861204982 0 0
vt 0.861393988 0.130897 0
vt 0.861393988 0 0
vt 0.861375988 1 0
vt 0.888927996 0 0
vt 0.889118016 0 0
vt 0.889118016 0.0654479787 0
vt 0.889118016 0.130897 0
vt 0.889118016 0.199285999 0
vt 0.861393988 0.267675012 0
vt 0.833669007 0.130897 0
vt 0.833669007 0.267675012 0
vt 0.833669007 0.413529992 0
vt 0.861393988 0.413529992 0
vt 0.889118016 0.340602994 0
vt 0.889118016 0.267675012 0
vt 0.91683799 0.199285999 0
vt 0.91683799 0.267675012 0
vt 0.920744002 0.258534014 0
vt 0.91683799 0.340602994 0
vt 0.920861006 0.322604001 0
vt 0.920744002 0.267675012 0
vt 0.658008993 0.801865995 0
vt 1 0.886866987 0
vt 1 0.801865995 0
vt 1 0.77382201 0
vt 0.920943022 0.340602994 0
vt 0.921239972 0.386352986 0
vt 0.658008993 0.701614022 0
vt 1 0.701614022 0
vt 1 0.658082008 0
vt 0.91683799 0.413529992 0
vt 0.921461999 0.413529992 0
vt 0.889118016 0.413529992 0
vt 0.889118016 0.492275 0
vt 0.91683799 0.492275 0
vt 0.921787024 0.448581994 0
vt 0.658008993 0.601360977 0
vt 1 0.601360977 0
vt 1 0.529846013 0
vt 0.922240019 0.492275 0
vt 0.922451019 0.510062993 0
vt 0.658008993 0.500401974 0
vt 1 0.500401974 0
vt 1 0.399441987 0
vt 0.658008993 0.399441987 0
vt 0.91683799 0.57102102 0
vt 0.92326498 0.570416987 0
vt 0.889118016 0.57102102 0
vt 0.889118016 0.646740019 0
vt 0.91683799 0.646740019 0
vt 0.924193978 0.630253017 0
vt 0.923273981 0.57102102 0
vt 0.658008993 0.298916012 0
vt 1 0.398429006 0
vt 1 0.298916012 0
vt 1 0.271216989 0
vt 0.924471974 0.646740019 0
vt 0.925249994 0.69017899 0
vt 0.82900399 0.198388904 0
vt 1 0.198388904 0
vt 0.658008993 0.198388904 0
vt 0.925822973 0.719967008 0
vt 1 0.148791999 0
vt 0.82900399 0.148791999 0
vt 1 0.144655004 0
vt 0.82900399 0.0991939902 0
vt 0.658008993 0.148791999 0
vt 0.658008993 0.0991939902 0
vt 0.500091016 0.0991939902 0
vt 0.500091016 0.148791999 0
vt 0.34217301 0.148791999 0
vt 0.500091016 0.198388904 0
vt 0.34217301 0.0991939902 0
vt 0.34217301 0.198388904 0
vt 0.171086997 0.0991939902 0
vt 0.171086997 0.148791999 0
vt 0 0.148791999 0
vt 0.171086997 0.198388904 0
vt 0 0.0991939902 0
vt 0.879881024 0 0
vt 0.869271994 0.547034025 0
vt 0.916567981 0.39518699 0
vt 0.819572985 0.670901 0
vt 0 0.198388904 0
vt 0.714456975 0.848143995 0
vt 0 0.298916012 0
vt 0.64110899 0 0
vt 0.606333971 0.950667977 0
vt 0 0.399441987 0
vt 0.34217301 0.399441987 0
vt 0.34217301 0.298916012 0
vt 0.34217301 0.500401974 0
vt 0 0.601360977 0
vt 0 0.500401974 0
vt 0.34217301 0.601360977 0
vt 0 0.701614022 0
vt 0.34217301 0.701614022 0
vt 0 0.801865995 0
vt 0.34217301 0.801865995 0
vt 0 0.900933027 0
vt 0.34217301 0.900933027 0
vt 0.173126906 0.72399801 0
vt 0.163565904 0 0
vt 0.0782659575 0.429563999 0
vt 0.339991987 1 0
vt 0.800000012 0.139732003 0
vt 0.93700701 0 0
vt 0.953900993 0.139732003 0
vt 0 0.131202906 0
vt 0.339996994 0 0
vt 0.950631976 0.110988997 0
vt 0.339996994 0.131202906 0
vt 0 0.164456993 0
vt 0.339996994 0.264247 0
vt 0.660579979 0.131202906 0
vt 0 0.264247 0
vt 0.660579979 0.264247 0
vt 0 0.326270998 0
vt 0.339996994 0.400525987 0
vt 0 0.400525987 0
vt 0.660579979 0.400525987 0
vt 0 0.494899988 0
vt 0.339996994 0.544597983 0
vt 0 0.544597983 0
vt 0.660579979 0.544597983 0
vt 0 0.682150006 0
vt 0.339996994 0.700630009 0
vt 0.982508004 0.449885011 0
vt 0.993804991 0.643899977 0
vt 0.985984027 0.500154018 0
vt 0.800000012 0.643899977 0
vt 0.800000012 0.835529983 0
vt 0.998721004 0.835529983 0
vt 0.994606018 0.66366303 0
vt 0 0.700630009 0
vt 0.800000012 1 0
vt 0.600000024 1 0
vt 0.600000024 0.835529983 0
vt 0.600000024 0.643899977 0
vt 0.400000006 0.643899977 0
vt 0.400000006 0.449885011 0
vt 0.600000024 0.449885011 0
vt 0.400000006 0.835529983 0
vt 0.200000003 0.449885011 0
vt 0.200000003 0.643899977 0
vt 0.400000006 1 0
vt 0.200000003 1 0
vt 0.200000003 0.835529983 0
vt 0.00989699271 0.835529983 0
vt 0.0252659898 0.643899977 0
vt 0 0.141926005 0
vt 0.338376999 0 0
vt 0.0118079698 0.808432996 0
vt 0.342664987 0.166552007 0
vt 0 0.166552007 0
vt 0.657720029 0 0
vt 0.657720029 0.166552007 0
vt 0.657720029 0.348464012 0
vt 0.342664987 0.348464012 0
vt 0 0.321810007 0
vt 0.342664987 0 0
vt 0.342667013 1 0
vt 0.338376999 0.874958992 0
vt 0.338376999 1 0
vt 0.657719016 1 0
vt 0 0.874958992 0
vt 0 0.749916971 0
vt 0.338376999 0.749916971 0
vt 0.661692023 0.874958992 0
vt 1 0.907828987 0
vt 1 0.874958992 0
vt 0.661692023 1 0
vt 0.661692023 0.749916971 0
vt 0.944558978 0.932316005 0
vt 0.946039021 0.903505981 0
vt 0.944558978 0.902979016 0
vt 0.951669991 0.905474007 0
vt 1 0.749916971 0
vt 0.957305014 0.907383025 0
vt 1 0.624876022 0
vt 0.661692023 0.624876022 0
vt 0.338376999 0.499835014 0
vt 0.661692023 0.499835014 0
vt 0.338376999 0.624876022 0
vt 0.338376999 0.374875993 0
vt 0.661692023 0.374875993 0
vt 1 0.499835014 0
vt 0.962943971 0.90923202 0
vt 0.972279012 0.932316005 0
vt 0.968581975 0.911019981 0
vt 1 0.374875993 0
vt 0.972279012 0.912158012 0
vt 1 0.292982996 0
vt 0.974223971 0.912747025 0
vt 0.661692023 0.249917001 0
vt 1 0.249917001 0
vt 0.338376999 0.249917001 0
vt 0.661692023 0.124958999 0
vt 0.338376999 0.124958999 0
vt 1 0.124958999 0
vt 0.661692023 0 0
vt 0.658200026 0 0
vt 0.658200979 0.821060002 0
vt 0.66169399 1 0
vt 1 0.821060002 0
vt 0.658200979 1 0
vt 0.997685015 0.932314992 0
vt 0.985521019 0.916013002 0
vt 0.979870021 0.914411008 0
vt 0.989906013 0.917665005 0
vt 0.972279012 1 0
vt 1 0.462893009 0
vt 0.658200979 0.340236992 0
vt 0.658200979 0.494744003 0
vt 1 0.494744003 0
vt 1 0.340236992 0
vt 0.999782026 0.977779984 0
vt 0.999666989 0.959881008 0
vt 0.993974984 0.921477973 0
vt 0.997195005 0.92988503 0
vt 0.999008 0.943476975 0
vt 0.736894011 0 0
vt 1 0.177208006 0
vt 0.658200979 0.177208006 0
vt 0.340934008 0 0
vt 0.340934008 0.177208006 0
vt 0.340934008 0.340236992 0
vt 0.5 0 0
vt 0.658200979 0 0
vt 0.5 1 0
vt 0.263105989 0 0
vt 0.340934008 1 0
vt 0.498966008 0 0
vt 0.263107002 1 0
vt 0.657671988 0 0
vt 0.736892998 1 0
vt 0.736892998 0 0
vt 0.736894011 1 0
vt 1 0.825429022 0
vt 0.657671988 0.825429022 0
vt 0.657671988 1 0
vt 0.340261012 0.659572005 0
vt 0.657671988 0.659572005 0
vt 0.498966008 0.825429022 0
vt 1 0.659572005 0
vt 0.999854982 0.0401449688 0
vt 0.997983992 0.0675489902 0
vt 0.999190986 0.0568719506 0
vt 1 0.543662012 0
vt 0.972275972 0 0
vt 0.994199991 0.0790779516 0
vt 0.997393012 0.070596993 0
vt 0.657671988 0.504922986 0
vt 1 0.504922986 0
vt 0.990101993 0.0830009505 0
vt 0.985697985 0.0846329927 0
vt 0.972275972 0.0675489902 0
vt 0.972082973 1 0
vt 0.944558978 1 0
vt 0.944746971 0 0
vt 0.999980986 0.0222829506 0
vt 0.972473025 0 0
vt 0.944553018 0 0
vt 0.944365025 1 0
vt 0.944553018 0.0675489902 0
vt 0.917020977 0 0
vt 0.91683799 1 0
vt 0.91683799 0.932316005 0
vt 0.916647017 1 0
vt 0.91682899 0 0
vt 0.91683799 0.86463201 0
vt 0.889118016 0.932316005 0
vt 0.929603994 0.86463201 0
vt 0.889118016 1 0
vt 0.929949999 0.869298995 0
vt 0.932341993 0.88755101 0
vt 0.936236978 0.898509979 0
vt 0.861393988 0.86463201 0
vt 0.888927996 1 0
vt 0.889105022 0 0
vt 0.889294982 0 0
vt 0.861393988 0.722459018 0
vt 0.833669007 0.86463201 0
vt 0.833669007 1 0
vt 0.889118016 0.793546021 0
vt 0.889118016 0.86463201 0
vt 0.861393988 1 0
vt 0.861204982 1 0
vt 0.861375988 0 0
vt 0.861375988 0.135098904 0
vt 0.861564994 0 0
vt 0.833835006 0 0
vt 0.889105022 0.0675489902 0
vt 0.889105022 0.135098904 0
vt 0.833647013 0 0
vt 0.833647013 0.135098904 0
vt 0.861375988 0.277067006 0
vt 0.889105022 0.206082895 0
vt 0.833481014 1 0
vt 0.805944979 1 0
vt 0.806105018 0 0
vt 0.805944979 0.86463201 0
vt 0.805917978 0 0
vt 0.805757999 1 0
vt 0.805944979 0.722459018 0
vt 0.778219998 0.86463201 0
vt 0.778219998 1 0
vt 0.833669007 0.722459018 0
vt 0.77837503 0 0
vt 0.805917978 0.135098904 0
vt 0.778033972 1 0
vt 0.778189003 0 0
vt 0.778189003 0.135098904 0
vt 0.750652015 0 0
vt 0.750461996 0.135098904 0
vt 0.778189003 0.277067006 0
vt 0.805917978 0.277067006 0
vt 0.750503004 1 0
vt 0.750503004 0.86463201 0
vt 0.750312984 1 0
vt 0.750461996 0 0
vt 0.722784996 1 0
vt 0.722927988 0 0
vt 0.722784996 0.86463201 0
vt 0.722734988 0.135098904 0
vt 0.722734988 0 0
vt 0.722590983 1 0
vt 0.722784996 0.722459018 0
vt 0.695066988 0.86463201 0
vt 0.695066988 1 0
vt 0.750503004 0.722459018 0
vt 0.694869995 1 0
vt 0.69500798 0 0
vt 0.69500798 0.135098904 0
vt 0.695204973 0 0
vt 0.667481005 0 0
vt 0.667280972 0.135098904 0
vt 0.69500798 0.277067006 0
vt 0.722734988 0.277067006 0
vt 0.667348981 1 0
vt 0.667348981 0.86463201 0
vt 0.667147994 1 0
vt 0.667280972 0 0
vt 0.639756978 0 0
vt 0.63963002 1 0
vt 0.63963002 0.86463201 0
vt 0.63942802 1 0
vt 0.639554977 0.135098904 0
vt 0.639554977 0 0
vt 0.611912012 1 0
vt 0.61203301 0 0
vt 0.611912012 0.86463201 0
vt 0.611706972 1 0
vt 0.611828029 0 0
vt 0.584192991 1 0
vt 0.611912012 0.722459018 0
vt 0.63963002 0.722459018 0
vt 0.611912012 0.57102102 0
vt 0.63963002 0.57102102 0
vt 0.63963002 0.492275 0
vt 0.667348981 0.492275 0
vt 0.667348981 0.57102102 0
vt 0.667348981 0.413529992 0
vt 0.695066988 0.413529992 0
vt 0.695066988 0.492275 0
vt 0.722784996 0.413529992 0
vt 0.695066988 0.57102102 0
vt 0.722784996 0.492275 0
vt 0.722784996 0.57102102 0
vt 0.750503004 0.492275 0
vt 0.750503004 0.413529992 0
vt 0.750503004 0.267675012 0
vt 0.778219998 0.267675012 0
vt 0.778219998 0.413529992 0
vt 0.750503004 0.130897 0
vt 0.778219998 0.130897 0
vt 0.722784996 0.267675012 0
vt 0.722784996 0.130897 0
vt 0.695066988 0.267675012 0
vt 0.750503004 0 0
vt 0.722784996 0 0
vt 0.695066988 0.130897 0
vt 0.750312984 0 0
vt 0.667348981 0.267675012 0
vt 0.722590983 0 0
vt 0.695066988 0 0
vt 0.695204973 1 0
vt 0.722734988 1 0
vt 0.722927988 1 0
vt 0.722734988 0.868845999 0
vt 0.69500798 0.731992006 0
vt 0.750461996 1 0
vt 0.722734988 0.731992006 0
vt 0.750461996 0.868845999 0
vt 0.667280972 0.585887015 0
vt 0.778189003 1 0
vt 0.750652015 1 0
vt 0.77837503 1 0
vt 0.778033972 0 0
vt 0.778219998 0 0
vt 0.805917978 1 0
vt 0.805757999 0 0
vt 0.806105018 1 0
vt 0.805944979 0.130897 0
vt 0.805944979 0 0
vt 0.833481014 0 0
vt 0.833647013 1 0
vt 0.833835006 1 0
vt 0.833669007 0 0
vt 0.805944979 0.267675012 0
vt 0.805944979 0.413529992 0
vt 0.778219998 0.492275 0
vt 0.778219998 0.57102102 0
vt 0.805944979 0.57102102 0
vt 0.778219998 0.722459018 0
vt 0.750503004 0.57102102 0
vt 0.833669007 0.57102102 0
vt 0.861393988 0.57102102 0
vt 0.63963002 0.413529992 0
vt 0.611912012 0.413529992 0
vt 0.611912012 0.492275 0
vt 0.584192991 0.57102102 0
vt 0.584192991 0.492275 0
vt 0.584192991 0.413529992 0
vt 0.695066988 0.722459018 0
vt 0.667348981 0.722459018 0
vt 0.750461996 0.277067006 0
vt 0.750461996 0.428294986 0
vt 0.778189003 0.507090986 0
vt 0.778189003 0.428294986 0
vt 0.805917978 0.428294986 0
vt 0.833647013 0.277067006 0
vt 0.889105022 0.277067006 0
vt 0.91682899 0.277067006 0
vt 0.926581025 0.251513988 0
vt 0.926043987 0.277067006 0
vt 0.925956011 0.281383991 0
vt 1 0.850997984 0
vt 0.91683799 0.793546021 0
vt 0.91683799 0.722459018 0
vt 0.926432014 0.749916017 0
vt 0.927078009 0.780031025 0
vt 0.927379012 0.793546021 0
vt 0.928232014 0.829708993 0
vt 0.927765012 0.810437977 0
vt 0.889118016 0.722459018 0
vt 0.925872982 0.722459018 0
vt 0.82900399 0 0
vt 1 0.0274800006 0
vt 1 0.845951021 0
vt 0.828859985 0.845951021 0
vt 0.828859985 1 0
vt 0.657720029 0.845951021 0
vt 0.657720029 1 0
vt 0.658008993 0 0
vt 0.82900399 0.0495969616 0
vt 0.657720029 0.689064026 0
vt 0.500193 0.689064026 0
vt 0.500193 0.845951021 0
vt 0.500193 0.523754001 0
vt 0.342664987 0.523754001 0
vt 0.342664987 0.689064026 0
vt 0 0.680558026 0
vt 0.171333 0.689064026 0
vt 0.342664987 0.845951021 0
vt 0.171333 0.845951021 0
vt 0.342664987 1 0
vt 0.500193 1 0
vt 0.34217301 0 0
vt 0.500091016 0.0495969616 0
vt 0.500091016 0 0
vt 0.34217301 0.0495969616 0
vt 0.171086997 0 0
vt 0.171333 1 0
vt 0 0.845951021 0
vt 0.171086997 0.0495969616 0
vt 0 0.0495969616 0
vt 0.960458994 0.213234007 0
vt 0 0.838791013 0
vt 0.0797209665 0.139732003 0
vt 0.200000003 0.139732003 0
vt 0.0805569813 0.133365005 0
vt 0.0993849635 0 0
vt 0.400000006 0.139732003 0
vt 0.400000006 0.285742015 0
vt 0.200000003 0.285742015 0
vt 0.600000024 0.285742015 0
vt 0.800000012 0.449885011 0
vt 0.800000012 0.285742015 0
vt 0.600000024 0.139732003 0
vt 0.402337998 0 0
vt 0.386550993 0.976206005 0
vt 0.968915999 0.285742015 0
vt 0.0619739816 0.285742015 0
vt 0.0628919601 0.277604014 0
vt 0 0.689064026 0
vt 0.658008993 0.0495969616 0
vt 0 0.523754001 0
vt 0.0444589816 0.449885011 0
vt 0.0454889499 0.439891994 0
vt 0 0.513761997 0
vt 0 0.348464012 0
vt 0.02780395 0.616501987 0
vt 0.657720029 0.523754001 0
vt 1 0.523754001 0
vt 1 0.56348002 0
vt 0.828859985 0.689064026 0
vt 1 0.689064026 0
vt 0.928856015 0.849264026 0
vt 1 0.0991939902 0
vt 1 0.0495969616 0
vt 1 0.166552007 0
vt 1 0.348464012 0
vt 0.66169399 0 0
vt 0.940409005 0.901479006 0
vt 0.940593004 0.0991609618 0
vt 0.944553018 0.0977320001 0
vt 0.946223021 0.0971369669 0
vt 0.936366975 0.102211997 0
vt 0.951852977 0.0951719806 0
vt 0.957486987 0.0932639763 0
vt 0.96312499 0.0914149806 0
vt 1 0.832787991 0
vt 0.661908984 1 0
vt 0.657473028 0 0
vt 0.661908984 0.125040993 0
vt 0.661908984 0 0
vt 1 0.0879489705 0
vt 0.338183999 0.250081986 0
vt 1 0.125040993 0
vt 0.661908984 0.250081986 0
vt 0.338183999 0.375122994 0
vt 0.661908984 0.375122994 0
vt 1 0.250081986 0
vt 1 0.375122994 0
vt 0.661908984 0.500163972 0
vt 0.338183999 0.500163972 0
vt 1 0.500163972 0
vt 0.338183999 0.625123024 0
vt 0.661908984 0.625123024 0
vt 1 0.702970982 0
vt 1 0.625123024 0
vt 0.661908984 0.750082016 0
vt 0.338183999 0.750082016 0
vt 1 0.750082016 0
vt 0.661908984 0.875041008 0
vt 0.338183999 0.875041008 0
vt 1 0.875041008 0
vt 0.657670975 1 0
vt 0.657671988 0.179429993 0
vt 0.661911011 0 0
vt 0.340261012 1 0
vt 0.340261012 0 0
vt 1 0.179429993 0
vt 1 0.350726008 0
vt 0.340261012 0.179429993 0
vt 0.657671988 0.350726008 0
vt 0.340261012 0.350726008 0
vt 0 0.183577001 0
vt 0 0.350726008 0
vt 0.340261012 0.504922986 0
vt 0.166666999 0.687745988 0
vt 0.0296729803 0.851930976 0
vt 0.166666999 0.851930976 0
vt 0.0220949594 0.69233501 0
vt 0.0298519693 0.855515003 0
vt 0 0.179429993 0
vt 0.338182986 0 0
vt 0.0375030003 1 0
vt 0.615777016 0.979879022 0
vt 0.482367009 0.870647013 0
vt 0.559206009 1 0
vt 0 0.875041008 0
vt 0.338183999 1 0
vt 0.166666999 1 0
vt 0.782727003 0.917446971 0
vt 0.38321799 0.703736007 0
vt 0.333332986 1 0
vt 0.727510989 0.938576996 0
vt 0.671869993 0.959397018 0
vt 0 0.750082016 0
vt 0 0.625123024 0
vt 0 0.500163972 0
vt 0 0.375122994 0
vt 0.333332986 0.851930976 0
vt 0.5 0.851930976 0
vt 0.333332986 0.687745988 0
vt 0.166666999 0.498077989 0
vt 0.333332986 0.498077989 0
vt 0.5 0.687745988 0
vt 0.5 0.498077989 0
vt 0.666666985 0.687745988 0
vt 0.666666985 0.851930976 0
vt 0.666666985 1 0
vt 0.833333015 1 0
vt 0.833333015 0.851930976 0
vt 0.833333015 0.687745988 0
vt 0.981045008 0.851930976 0
vt 0.977512002 1 0
vt 0.980994999 0.853967011 0
vt 0.0857709572 0.203003004 0
vt 0.127547994 0.04608595 0
vt 0 0.0586129986 0
vt 0 0.249929994 0
vt 0.338728011 0.249929994 0
vt 0.338726997 1 0
vt 0 0.820155978 0
vt 0.338728011 0 0
vt 0.340395004 1 0
vt 0.340395987 0 0
vt 0.340395004 0.820155978 0
vt 0.658783972 0.820155978 0
vt 0.658783972 1 0
vt 0.661558986 0.249929994 0
vt 0.658783019 0 0
vt 0.661558986 0.499859989 0
vt 0.661558986 0 0
vt 1 0.166440994 0
vt 1 0.249929994 0
vt 1 0.499859989 0
vt 0.968311012 0.912370026 0
vt 0.972275972 0.934423029 0
vt 0.972275972 0.91365099 0
vt 0.956444025 0.908327997 0
vt 0.944746971 1 0
vt 0.972275972 1 0
vt 0.944553018 1 0
vt 0.993498981 0.934423029 0
vt 0.980184972 0.916104019 0
vt 0.984957993 0.917908013 0
vt 1 0.777485013 0
vt 0.658783972 0.777485013 0
vt 1 0.820155978 0
vt 0.987201989 0.919492006 0
vt 0.986084998 0.918600976 0
vt 0.989377022 0.922066987 0
vt 0.99276799 0.930697024 0
vt 0.661559999 1 0
vt 0.340395004 0.777485013 0
vt 0.658783972 0.766816974 0
vt 0.340395004 0.766816974 0
vt 0.658783972 0.756148994 0
vt 1 0.756148994 0
vt 0.98664403 0.919018984 0
vt 1 0.734812975 0
vt 0.658783972 0.734812975 0
vt 0.658783972 0.649469972 0
vt 0.340395004 0.734812975 0
vt 1 0.649469972 0
vt 0.340395004 0.756148994 0
vt 0 0.761483014 0
vt 0.340395004 0.761483014 0
vt 0 0.756148994 0
vt 0.982414007 0.796482027 0
vt 0.982165992 0.806420028 0
vt 0.98229897 0.801163971 0
vt 0 0.766816974 0
vt 0.981927991 0.816056013 0
vt 0.985126972 0.687745988 0
vt 0 0.777485013 0
vt 0.989744008 0.498077989 0
vt 0.833333015 0.498077989 0
vt 0 0.648289979 0
vt 0.340395004 0.496491998 0
vt 0 0.501048982 0
vt 0.982919991 0.776214004 0
vt 0.985095024 0.689041018 0
vt 0 0.649469972 0
vt 0 0.348966002 0
vt 0 0.496491998 0
vt 0.658783972 0.341753006 0
vt 0.658783972 0.496491998 0
vt 0.340395004 0.341753006 0
vt 0.340395004 0.649469972 0
vt 0 0.181263 0
vt 0 0.341753006 0
vt 0.340395004 0.175778002 0
vt 0.997819006 0.147257999 0
vt 0.994297981 0.309848994 0
vt 0.994486988 0.301829994 0
vt 0 0.175778002 0
vt 0.340395004 0 0
vt 0.342442989 0 0
vt 0.658783972 0.175778002 0
vt 0.658783972 0 0
vt 0.657557011 0 0
vt 0.657557011 1 0
vt 0.342442989 1 0
vt 0.972279012 0 0
vt 0.995141029 0.0220959708 0
vt 0.995133996 0 0
vt 0.995338976 0.977980018 0
vt 0.972473025 1 0
vt 0.995332003 1 0
vt 0.658159971 0 0
vt 0.657558978 0 0
vt 0.657558978 1 0
vt 1 0.175778002 0
vt 0.995256007 0.960609019 0
vt 0.994615018 0.94431901 0
vt 1 0.341753006 0
vt 1 0.449874014 0
vt 0.658159971 0.824719012 0
vt 0.658159971 1 0
vt 1 0.824719012 0
vt 0.995073974 0.0394249484 0
vt 0.993341982 0.0654479787 0
vt 0.994413018 0.0556929708 0
vt 1 0.658896029 0
vt 0.658159971 0.658896029 0
vt 1 0.552482009 0
vt 0.339608997 0.658896029 0
vt 0.339608997 0.824719012 0
vt 0.339608997 0.503250003 0
vt 0.658159971 0.503250003 0
vt 1 0.503250003 0
vt 0.658159971 0.349969 0
vt 0.339608997 0.349969 0
vt 0.339608997 0.179603904 0
vt 0.658159971 0.179603904 0
vt 1 0.349969 0
vt 0.339608997 0 0
vt 1 0.179603904 0
vt 0.661715984 0 0
vt 0.984782994 0.082259953 0
vt 0.972279012 0.0654479787 0
vt 0.980014026 0.0841119811 0
vt 0.992585003 0.0693919584 0
vt 0.989198983 0.0780989528 0
vt 0.972279012 0.0865209624 0
vt 1 0.837257981 0
vt 0.661714017 1 0
vt 0.968137026 0.0878639817 0
vt 0.661714017 0.750072002 0
vt 1 0.750072002 0
vt 0.962202013 0.0898549482 0
vt 1 0.625108004 0
vt 0.944558978 0.0654479787 0
vt 0.956269026 0.0919219777 0
vt 1 0.500144005 0
vt 0.661714017 0.625108004 0
vt 0.661714017 0.500144005 0
vt 0.338557005 0.625108004 0
vt 0.338557005 0.750072002 0
vt 0.33961001 1 0
vt 0 0.750072002 0
vt 0 0.625108004 0
vt 0.338557005 1 0
vt 0 0.179603904 0
vt 0.338555992 0 0
vt 0.833333015 0.148098007 0
vt 0.979580998 0.146326005 0
vt 0.976086974 0 0
vt 0.979623973 0.148098007 0
vt 0 0.181633994 0
vt 0.833333015 0.312321007 0
vt 0.98378098 0.311825007 0
vt 0 0.349969 0
vt 0 0.350410998 0
vt 0.98379302 0.312321007 0
vt 0.833333015 0.501999974 0
vt 0.988604009 0.501999974 0
vt 0 0.497617006 0
vt 0 0.503250003 0
vt 0.988795996 0.509495974 0
vt 0 0.651023984 0
vt 0.833333015 0.690183997 0
vt 0.993529022 0.690183997 0
vt 0.666666985 0.501999974 0
vt 0.666666985 0.690183997 0
vt 0.833333015 0.852747023 0
vt 0.5 0.312321007 0
vt 0.5 0.501999974 0
vt 0.666666985 0.312321007 0
vt 0.666666985 0.148098007 0
vt 0.5 0.148098007 0
vt 0.666666985 0 0
vt 0.815980971 0.368710995 0
vt 0.295843005 0.332105011 0
vt 0.71686101 0.535615981 0
vt 0.197228 0.498158008 0
vt 0.162517995 0.896026015 0
vt 0.617739975 0.702521026 0
vt 0.333332986 0 0
vt 0.166666999 0 0
vt 0.333332986 0.148098007 0
vt 0.217406005 0.917455971 0
vt 0.518620014 0.869424999 0
vt 0.272657007 0.938584983 0
vt 0 0.499835014 0
vt 0 0.374875993 0
vt 0 0.624876022 0
vt 0 0.249917001 0
vt 0.328336 0.959402978 0
vt 0 0.124958999 0
vt 0.384465992 0.979882002 0
vt 0.441074997 1 0
vt 0.0362779386 0 0
vt 0.166666999 0.148098007 0
vt 0.0286819898 0.144346997 0
vt 0.338375986 1 0
vt 0 0.821060002 0
vt 0.340934008 0.821060002 0
vt 0.340934992 0 0
vt 0.658200979 0.651490986 0
vt 0 0.816506028 0
vt 0.340934008 0.651490986 0
vt 1 0.651490986 0
vt 0.340934008 0.494744003 0
vt 0 0.651490986 0
vt 0 0.647652984 0
vt 0 0.343279004 0
vt 0 0.494744003 0
vt 0 0.495115012 0
vt 0.0136209698 0.501999974 0
vt 0.166666999 0.501999974 0
vt 0.0209059697 0.312321007 0
vt 0.166666999 0.690183997 0
vt 0.00730299903 0.690183997 0
vt 0.0136039797 0.502475977 0
vt 0.333332986 0.690183997 0
vt 0.166666999 0.852747023 0
vt 0.333332986 0.852747023 0
vt 0.333332986 0.501999974 0
vt 0.5 0.690183997 0
vt 0.5 0.852747023 0
vt 0.666666985 0.852747023 0
vt 0.500018001 1 0
vt 0.499830008 0 0
vt 0.333748996 1 0
vt 0.333498001 0 0
vt 0.167480007 1 0
vt 0.997467995 0.852747023 0
vt 2.99999992e-05 0.498914003 0
vt 0.00121194101 1 0
vt 0.167165905 0 0
vt 0.833333015 0.147257999 0
vt 0.833333015 0 0
vt 0.000834000006 0 0
vt 0.997902989 0.142673001 0
vt 0.666666985 0.147257999 0
vt 0.833333015 0.309848994 0
vt 0.666666985 0.309848994 0
vt 0.989892006 0.491926998 0
vt 0.666666985 0.498077989 0
vt 0.5 0.147257999 0
vt 0.5 0.309848994 0
vt 0.499828994 0 0
vt 0.333332986 0.147257999 0
vt 0.666162014 0 0
vt 0.666285992 1 0
vt 0.832493007 0 0
vt 0.832554996 1 0
vt 0.00273799803 0.852747023 0
vt 0.99999702 0.499931008 0
vt 0.998822987 1 0
vt 0.263105989 1 0
vt 0.00268995692 0.854755998 0
vt 0 0.177208006 0
vt 0 0.179566994 0
vt 0.998825014 0 0
vt 0.00287294295 0.147257999 0
vt 0.00281995512 0.145123005 0
vt 0 0.825429022 0
vt 0.263107002 0 0
vt 0.340261012 0.825429022 0
vt 0 0.822942972 0
vt 0.498966008 1 0
vt 0.340259999 0 0
vt 0.166666999 0.147257999 0
vt 0.00772196008 0.309848994 0
vt 0.00759696914 0.306077987 0
vt 0 0.659572005 0
vt 0.166666999 0.309848994 0
vt 0.333332986 0.309848994 0
vt 0.0144199701 0.498077989 0
vt 0.0143599501 0.49643901 0
vt 0 0.503682971 0
vt 0 0.504922986 0
vt 0 0.354896992 0
vt 0.0218939707 0.687745988 0
vt 0 0.656207979 0
vt 0.00719499495 0.693686008 0
vt 0 0.340236992 0
vt 0.342440993 1 0
vt 0.342440993 0 0
vt 0.339608997 1 0
vt 0 0.824719012 0
vt 0.997569978 0.857558012 0
vt 0 0.819050014 0
vt 0.993754029 0.698894978 0
vt 0 0.658896029 0
vt 0.333332986 0.312321007 0
vt 0.166666999 0.312321007 0
vt 0.0284909606 0.148098007 0
vt 0.0210899692 0.307906002 0
vt 0.0538409911 0.852403998 0
vt 0.108005002 0.874333024 0
vt 0.09861397 0.664210021 0
vt 0.808809996 0.0394879505 0
vt 0.915100992 0.201805994 0
vt 0.618839025 0.0169609692 0
vt 0.682008028 0.0248450004 0
vt 0.745347977 0.0323509499 0
vt 0 0.375108004 0
vt 0.338557005 0.500144005 0
vt 0.338557005 0.375108004 0
vt 0.338557005 0.250072002 0
vt 0 0.500144005 0
vt 0 0.250072002 0
vt 0.338557005 0.125036001 0
vt 0.661714017 0.125036001 0
vt 0.661714017 0.250072002 0
vt 1 0.253466994 0
vt 1 0.250072002 0
vt 0.661714017 0.375108004 0
vt 1 0.125036001 0
vt 0.938462019 0.0985749885 0
vt 0.91683799 0.0654479787 0
vt 0.932525992 0.100939997 0
vt 0.944397986 0.0962829515 0
vt 0.944365025 0 0
vt 0.91683799 0 0
vt 0.928843021 0.103377901 0
vt 0.92515099 0.111740001 0
vt 0.922685027 0.127316996 0
vt 0.922353983 0.130897 0
vt 0.916647017 0 0
vt 0.91683799 0.130897 0
vt 0.944558978 0.0962219834 0
vt 1 0.544597983 0
vt 0.660579979 0.700630009 0
vt 1 0.700630009 0
vt 0.660579979 0.857765973 0
vt 1 0.857765973 0
vt 0.339996994 0.857765973 0
vt 0.660579979 1 0
vt 0.660579026 0 0
vt 0.661714017 0 0
vt 0.339870989 0 0
vt 0.661714971 1 0
vt 0.339996994 1 0
vt 0.338557005 0 0
vt 0 0.125036001 0
vt 0 0.857765973 0
vt 0.394457012 0.166052893 0
vt 0.555854976 0.00868397858 0
vt 0.49307099 0 0
vt 0.998724997 0.835869014 0
vt 0 0.857463002 0
vt 1 0.513660014 0
vt 0.921564996 0.144458994 0
vt 1 0.400525987 0
vt 0.921194971 0.161228001 0
vt 1 0.264247 0
vt 0.921005011 0.177569002 0
vt 1 0.131202906 0
vt 0.920902014 0.193676993 0
vt 0.660579979 0 0
vt 0.658003986 0 0
vt 1 0.991445005 0
vt 0.660584986 1 0
vt 0.658008993 1 0
vt 0.342177987 0 0
vt 0.658008993 0.900933027 0
vt 0.34217301 1 0
vt 1 0.900933027 0
vt 0.92087698 0.199285999 0
vt 0.917020977 1 0
vt 1 0.375108004 0
vt 0.950332999 0.0940650105 0
vt 0.872415006 0.0462739393 0
vt 1 0.0588489696 0
vt 0.972082973 0 0
vt 0.944558978 0 0
vt 0.658159018 1 0
vt 0 0.734812975 0
vt 1 0.496491998 0
vt 0 0.817807972 0
vt 0.338728011 0.499859989 0
vt 0.661558986 0.624894977 0
vt 1 0.624894977 0
vt 0 0.499859989 0
vt 0.338728011 0.624894977 0
vt 0.661558986 0.749930024 0
vt 1 0.749930024 0
vt 1 0.750388026 0
vt 0.944553018 0.903972983 0
vt 0.944573998 0.90398097 0
vt 0.950509012 0.906192005 0
vt 0.980048001 0.0862360001 0
vt 0.974403024 0.0879009888 0
vt 0.972275972 0.0885449573 0
vt 0.968761981 0.0896279812 0
vt 0 0.250081986 0
vt 0.892057002 0.874324977 0
vt 0.999794006 1 0
vt 0 0.830263019 0
vt 0.975224018 0.356631011 0
vt 0.963325024 0.228375003 0
vt 0.278207988 0.896485984 0
vt 0.496556014 0.992552996 0
vt 0.506807029 0 0
vt 0.0120970001 0.194177002 0
vt 0.927241027 0.221506998 0
vt 0.55637598 0.277067006 0
vt 0.528647006 0.277067006 0
vt 0.500918984 0.277067006 0
vt 0.47319001 0.135098904 0
vt 0.47319001 0.277067006 0
vt 0.500918984 0.428294986 0
vt 0.47319001 0.428294986 0
vt 0.445461988 0.277067006 0
vt 0.445461988 0.428294986 0
vt 0.47319001 0.507090986 0
vt 0.445461988 0.507090986 0
vt 0.47319001 0.585887015 0
vt 0.445461988 0.585887015 0
vt 0.47319001 0.731992006 0
vt 0.445461988 0.731992006 0
vt 0.47319001 0.868845999 0
vt 0.47340399 1 0
vt 0.500918984 1 0
vt 0.445461988 0.868845999 0
vt 0.47319001 1 0
vt 0.473309994 0.130897 0
vt 0.473096013 0 0
vt 0.445589006 0.130897 0
vt 0.473309994 0 0
vt 0.445677012 1 0
vt 0.445589006 0 0
vt 0.445372999 0 0
vt 0.417802989 0.130897 0
vt 0.417802989 0.267675012 0
vt 0.445461988 1 0
vt 0.417676985 0.868845999 0
vt 0.417887002 1 0
vt 0.417802989 0 0
vt 0.417593002 0 0
vt 0.417676985 1 0
vt 0.389890999 0.868845999 0
vt 0.390096009 1 0
vt 0.390017986 0.130897 0
vt 0.390017986 0 0
vt 0.362233013 0.130897 0
vt 0.362233013 0.267675012 0
vt 0.389813989 0 0
vt 0.390017986 0.267675012 0
vt 0.33444801 0.267675012 0
vt 0.33444801 0.130897 0
vt 0.362033993 0 0
vt 0.33444801 0 0
vt 0.33425501 0 0
vt 0.306578994 0.130897 0
vt 0.306401998 0 0
vt 0.306578994 0 0
vt 0.278710991 0.130897 0
vt 0.306639999 1 0
vt 0.306463003 0.868845999 0
vt 0.306463003 1 0
vt 0.334320992 1 0
vt 0.334320992 0.868845999 0
vt 0.306463003 0.731992006 0
vt 0.278604001 0.731992006 0
vt 0.278604001 0.868845999 0
vt 0.250746012 0.731992006 0
vt 0.255966991 0.659215987 0
vt 0.278604001 0.658939004 0
vt 0.256134003 0.658939004 0
vt 0.270621002 0.635316014 0
vt 0.660919011 0.749378026 0
vt 1 0.798897028 0
vt 1 0.749378026 0
vt 0.660919011 0.799472988 0
vt 1 0.799472988 0
vt 0.278604001 0.622485995 0
vt 1 0.722375989 0
vt 0.285475999 0.611490011 0
vt 0.660919011 0.699283004 0
vt 1 0.699283004 0
vt 0.300512999 0.587450027 0
vt 1 0.649282992 0
vt 1 0.646081984 0
vt 0.660919011 0.649282992 0
vt 0.306463003 0.658939004 0
vt 0.301485986 0.585887015 0
vt 1 0.629764974 0
vt 0.660919011 0.599282026 0
vt 0.339080989 0.649282992 0
vt 0.339080989 0.699283004 0
vt 0 0.749378026 0
vt 0.339080989 0.749378026 0
vt 0 0.665681005 0
vt 0 0.699283004 0
vt 0.129186004 0.543229997 0
vt 0.331367999 0.555555999 0
vt 0.137655005 0.555555999 0
vt 0 0.759854972 0
vt 0.0918449685 0.484169006 0
vt 0.331367999 0.444444001 0
vt 0.652810991 0.555555999 0
vt 0.652810991 0.666666985 0
vt 0.331367999 0.666666985 0
vt 0.171390995 0.602096975 0
vt 0.218952999 0.660703003 0
vt 0 0.849538028 0
vt 0.339080989 0.799472988 0
vt 0 0.799472988 0
vt 0.339080989 0.849538028 0
vt 0 0.854654014 0
vt 0.660919011 0.849538028 0
vt 0.339080989 0.899601996 0
vt 0.27263999 0.718870997 0
vt 0.224211007 0.666666985 0
vt 0 0.899601996 0
vt 0.331367999 0.774519026 0
vt 0 0.94799 0
vt 0.652810991 0.777778029 0
vt 0.33505699 0.777778029 0
vt 0.333687007 0.776591003 0
vt 0 0.949801028 0
vt 0.339080989 0.949801028 0
vt 0.652810991 0.888889015 0
vt 0.57198602 0.87509799 0
vt 0.40327999 0.831798971 0
vt 0.40327999 0.833645999 0
vt 0.339080989 1 0
vt 0 0.950839996 0
vt 1 0.777778029 0
vt 1 0.888889015 0
vt 0.613381982 0.888889015 0
vt 0.620037019 0.891094983 0
vt 0.652810991 0.901883006 0
vt 0.668669999 0.907052994 0
vt 0.123801999 0.342525989 0
vt 0.551939011 0.426230997 0
vt 0.198240906 0.190141007 0
vt 0.445427001 0.515349984 0
vt 0.101535998 0.460774988 0
vt 0.146068007 0.224277005 0
vt 0.769658029 0.938796997 0
vt 0.878103018 0.969806015 0
vt 1 0.338730007 0
vt 0.875048995 0 0
vt 1 0.661270022 0
vt 0.751573026 1 0
vt 1 0.658918977 0
vt 0.751573026 0.661270022 0
vt 0.751573026 0.338730007 0
vt 0.503145993 0.661270022 0
vt 0.503145993 1 0
vt 0.875048995 0.341080993 0
vt 0.875048995 0.658918977 0
vt 0.836831987 1 0
vt 0.875048995 1 0
vt 0.750099003 0.658918977 0
vt 0.750099003 0.341080993 0
vt 0.750099003 0 0
vt 0.31379199 0.132597998 0
vt 0.254117996 0.159467906 0
vt 0.625521004 0 0
vt 0.377496988 0.109586999 0
vt 0.750099003 1 0
vt 0.503145993 0.338730007 0
vt 0.251572996 0.661270022 0
vt 0.251572996 1 0
vt 0.251572996 0.338730007 0
vt 0.125786006 0.661270022 0
vt 0.210787997 1 0
vt 0.251572996 0 0
vt 0.503145993 0 0
vt 0.125786006 0.338730007 0
vt 0.886780024 0.993192971 0
vt 0.930446029 0.587817013 0
vt 0.859906018 0.275842011 0
vt 0.125786006 0 0
vt 0.936209023 0.993192971 0
vt 0.965339005 0.781468987 0
vt 0.98586899 0.993192971 0
vt 0 0.0500469804 0
vt 0.337976992 0 0
vt 0.662024021 0 0
vt 0.999630988 0.115535997 0
vt 0.662024021 0.5 0
vt 0.691316009 0.5 0
vt 0.444366008 1 0
vt 0 0.661270022 0
vt 0 0.338730007 0
vt 0.47990799 1 0
vt 0.662024021 0.531401992 0
vt 0.79253298 1 0
vt 0.337976992 0.5 0
vt 0.337976992 0.810644984 0
vt 9.99999997e-07 0.522113979 0
vt 9.99999997e-07 0.5 0
vt 0.34108299 0 0
vt 0.519761026 0.5 0
vt 0.498638004 0.762875974 0
vt 6.39999998e-05 0.520641983 0
vt 0.519761026 0.773492992 0
vt 6.39999998e-05 0.5 0
vt 0.519761026 0.42789799 0
vt 0.576815009 0.486642003 0
vt 0.589482009 0.5 0
vt 1 0.984299004 0
vt 0 0.556726992 0
vt 0.33919999 0.497034997 0
vt 0 0.497034997 0
vt 0 0.483503014 0
vt 0.33919999 1 0
vt 0.33919999 0 0
vt 0.660800993 0 0
vt 0.660800993 0.497034997 0
vt 1 0.949801028 0
vt 0.660919011 0.949801028 0
vt 0.660919011 1 0
vt 1 0.109663002 0
vt 0.195014998 0.765587986 0
vt 0.222886994 0.868845999 0
vt 0.198366895 0.759793997 0
vt 0.213880002 0.731992006 0
vt 0.212753996 0.734005988 0
vt 0.222886994 0.731992006 0
vt 0.222886994 0.715942025 0
vt 1 0.945860982 0
vt 1 0.914331019 0
vt 0.2271 0.708495021 0
vt 0.660919011 0.899601996 0
vt 1 0.899601996 0
vt 1 0.849538028 0
vt 0.241464004 0.683553994 0
vt 1 0.81744498 0
vt 0.250746012 0.667885005 0
vt 0.250746012 0.868845999 0
vt 0.278604001 1 0
vt 0.250892997 1 0
vt 0.250746012 1 0
vt 0.250842988 0.130897 0
vt 0.278548986 0 0
vt 0.250842988 0 0
vt 0.27876699 1 0
vt 0.278710991 0 0
vt 0.250696003 0 0
vt 0.222974002 0.130897 0
vt 0.222974002 0.267675012 0
vt 0.250842988 0.267675012 0
vt 0.223028004 0.283865988 0
vt 0.236849993 0.307927996 0
vt 0.250842988 0.331647992 0
vt 0.213927999 0.267675012 0
vt 0.222974002 0.283767998 0
vt 0.209241003 0.259261012 0
vt 0 0.755809009 0
vt 0 0.768895984 0
vt 0.195400998 0.234461993 0
vt 0 0.807349026 0
vt 0.195090994 0.130897 0
vt 0 0.808202982 0
vt 0.195090994 0.233912006 0
vt 0.222843006 0 0
vt 0.194976002 0 0
vt 0.167208001 0.130897 0
vt 0.195090994 0 0
vt 0.181354001 0.209818006 0
vt 0.341163009 0.845802009 0
vt 0 0.845802009 0
vt 0.341163009 0.884254992 0
vt 0 0.883817017 0
vt 0.167208001 0.186334997 0
vt 0 0.884254992 0
vt 0.167043999 0.186075002 0
vt 0.152390003 0.164606005 0
vt 0 0.922707975 0
vt 0.341163009 0.922707975 0
vt 0 0.955707014 0
vt 0.341163009 0.961354017 0
vt 0.139324993 0.130897 0
vt 0.137054995 0.147370905 0
vt 0.139324993 0.149459004 0
vt 0 0.961354017 0
vt 0.121260002 0.139548004 0
vt 0.338631988 1 0
vt 0.341163009 1 0
vt 2.99999992e-05 0.0788849518 0
vt 0.333333999 0 0
vt 0.333333999 0.123570003 0
vt 0.661074996 0 0
vt 0.335907996 0 0
vt 0.111442 0.130897 0
vt 0.111442 0.139042005 0
vt 4.69999977e-05 0.123570003 0
vt 0.105890997 0.138624996 0
vt 0.139241904 0 0
vt 0.0835819766 0 0
vt 0.0835819766 0.130897 0
vt 0.0905749723 0.137134001 0
vt 0.111442 0 0
vt 0.111374997 0 0
vt 0.0835819766 0.136353999 0
vt 9.39999954e-05 0.247140005 0
vt 0.333333999 0.247140005 0
vt 0.000115999996 0.303660989 0
vt 0.0752339885 0.135403007 0
vt 0.333333999 0.371176988 0
vt 0.00014199999 0.371176988 0
vt 0.0600989386 0.133788005 0
vt 0.000188999998 0.495214999 0
vt 0.111396998 0.868845999 0
vt 0.0835979506 1 0
vt 0.111396998 1 0
vt 0.111465 1 0
vt 0.139268905 1 0
vt 0.139268905 0.868845999 0
vt 0.0835480019 1 0
vt 0.138371006 0.790794015 0
vt 0.110325001 0.791065991 0
vt 0.111396998 0.791011989 0
vt 3.00000011e-06 0.598855972 0
vt 0.0835480019 0.793662012 0
vt 3.00000011e-06 0.606455028 0
vt 3.99999999e-06 0.804876029 0
vt 3.99999999e-06 0.798484981 0
vt 0.139268905 0.790822029 0
vt 0.167142004 0.868845999 0
vt 0.166300997 0.792514026 0
vt 0.339201987 1 0
vt 0.167142004 0.792550981 0
vt 1 0.975615025 0
vt 0.182919994 0.782653987 0
vt 1 0.497034997 0
vt 0.195014998 0.868845999 0
vt 0.195130005 1 0
vt 0.195014998 1 0
vt 0.222886994 1 0
vt 0.167242005 1 0
vt 0.167142004 1 0
vt 0.167108998 0 0
vt 0.167208001 0 0
vt 0.139353007 1 0
vt 0.139324993 0 0
vt 0.0835309625 0 0
vt 0.0557209812 0 0
vt 0.0557319485 1 0
vt 0.0556869507 0 0
vt 0.65883702 1 0
vt 0.222974002 0 0
vt 0.223019004 1 0
vt 6.39999998e-05 0 0
vt 0.108427003 1 0
vt 0.65891999 0 0
vt 0.837568998 0.993192971 0
vt 0.800022006 0.0976979733 0
vt 0.713244975 0 0
vt 0.800022006 0.993192971 0
vt 0.751573026 0 0
vt 0.788525999 0.993192971 0
vt 0.789014995 0.0741519928 0
vt 0.125786006 1 0
vt 0.346989006 0.60849601 0
vt 0.0792689919 0.579023004 0
vt 1 0.666666985 0
vt 0.000708999985 0.557070971 0
vt 0.25505501 0.704473972 0
vt 0.000849999953 0.668178976 0
vt 0.0570029616 0.697272003 0
vt 0.167657003 0.802157998 0
vt 0.000990999979 0.778995991 0
vt 0.0347369909 0.815521002 0
vt 0.0829929709 0.900784016 0
vt 0.250025988 0.889567971 0
vt 0.00113195099 0.889567971 0
vt 0.0124709597 0.933770001 0
vt 0.001271963 1 0
vt 0.652810991 0.333332986 0
vt 1 0.271100998 0
vt 1 0.333332986 0
vt 0.652810991 0.444444001 0
vt 1 0.444444001 0
vt 0.331367999 0.333332986 0
vt 0.331367999 0.222222 0
vt 0.0129779503 0.306437999 0
vt 0.0327990018 0.365693003 0
vt 0.0210529491 0.333332986 0
vt 0.339080989 0.599282026 0
vt 0 0.572050989 0
vt 0 0.599282026 0
vt 0 0.649282992 0
vt 0.0595889613 0.425027996 0
vt 0.0696499869 0.444444001 0
vt 0.339080989 0.549421012 0
vt 0.660919011 0.549421012 0
vt 0.660919011 0.499558985 0
vt 1 0.540178001 0
vt 1 0.549421012 0
vt 0.331409991 0.536431015 0
vt 0.334320992 0.585887015 0
vt 0.334320992 0.531368971 0
vt 1 0.599282026 0
vt 0.315845996 0.562638998 0
vt 0.306463003 0.577884972 0
vt 0.306463003 0.585887015 0
vt 0.334320992 0.658939004 0
vt 0.362105995 0.585887015 0
vt 0.347259998 0.508387983 0
vt 0.347961992 0.507090986 0
vt 1 0.497368008 0
vt 1 0.499558985 0
vt 0.362105995 0.507090986 0
vt 0.362105995 0.478794992 0
vt 1 0.453954995 0
vt 0.363398999 0.475998014 0
vt 0.379967004 0.437299997 0
vt 0.389890999 0.507090986 0
vt 0.389890999 0.585887015 0
vt 0.389890999 0.731992006 0
vt 0.417676985 0.585887015 0
vt 0.417676985 0.731992006 0
vt 0.362105995 0.731992006 0
vt 0.334320992 0.731992006 0
vt 0.362105995 0.868845999 0
vt 0.362304986 1 0
vt 0.389890999 1 0
vt 0.362105995 1 0
vt 0.362233013 0 0
vt 0.417676985 0.507090986 0
vt 0.389890999 0.428294986 0
vt 0.417676985 0.428294986 0
vt 0.395911992 0.390828013 0
vt 0.389890999 0.410163999 0
vt 0.383446008 0.428294986 0
vt 0.409642011 0.326335996 0
vt 1 0.303092003 0
vt 0.660919011 0.351814002 0
vt 1 0.351814002 0
vt 1 0.370651007 0
vt 0.660919011 0.303092003 0
vt 0.339080989 0.351814002 0
vt 0.339080989 0.400536001 0
vt 0.660919011 0.400536001 0
vt 1 0.400536001 0
vt 0.660919011 0.450048 0
vt 1 0.39014101 0
vt 0.339080989 0.450048 0
vt 1 0.450048 0
vt 0.339080989 0.499558985 0
vt 0 0.549421012 0
vt 0 0.478551 0
vt 0 0.499558985 0
vt 0.00224494911 0.247187003 0
vt 0.00105899503 0.222222 0
vt 0.00345599605 0.188350007 0
vt 0 0.450048 0
vt 0.331367999 0.111111 0
vt 0.0224069897 0.129512995 0
vt 0 0.400536001 0
vt 0.652810991 0.0952419564 0
vt 0.652810991 0.111111 0
vt 0.652810991 0.222222 0
vt 0.0332589708 0.111111 0
vt 0.0675939918 0.0720459819 0
vt 0.331367999 0.00152194395 0
vt 0.380284011 0.00718396902 0
vt 0.545662999 0.0513919517 0
vt 0 0.252714008 0
vt 0.339080989 0.202335998 0
vt 0 0.202335998 0
vt 0.339080989 0.252714008 0
vt 0 0.263866007 0
vt 0.660919011 0.202335998 0
vt 0.339080989 0.265307993 0
vt 0.660919011 0.252714008 0
vt 1 0.252714008 0
vt 1 0.265307993 0
vt 0.660919011 0.265307993 0
vt 1 0.277902991 0
vt 0.660919011 0.277902991 0
vt 1 0.277879 0
vt 0.417676985 0.277067006 0
vt 0.413206011 0.277119011 0
vt 0.41209501 0.30340901 0
vt 0.660919011 0.290497988 0
vt 1 0.290497988 0
vt 0.413206995 0.277067006 0
vt 0.339080989 0.277902991 0
vt 0.339080989 0.290497988 0
vt 0 0.290497988 0
vt 0 0.277902991 0
vt 0.339080989 0.303092003 0
vt 0.324629992 0.00106197502 0
vt 0.208286002 0.00761198904 0
vt 0.263563991 0.000843000016 0
vt 0 0.265307993 0
vt 0.165013999 0.0186139904 0
vt 0 0.303092003 0
vt 0 0.351814002 0
vt 0.417676985 0.135098904 0
vt 0.412328988 0.25117299 0
vt 0.409927994 0.230040997 0
vt 0.395619005 0.180019006 0
vt 0.389890999 0 0
vt 0.389890999 0.135098904 0
vt 0.445461988 0.135098904 0
vt 0.390096009 0 0
vt 0.417676985 0 0
vt 0.390017986 1 0
vt 0.390017986 0.86463201 0
vt 0.389813989 1 0
vt 0.362233013 0.86463201 0
vt 0.362304986 0 0
vt 0.362105995 0.135098904 0
vt 0.362233013 1 0
vt 0.356507003 0.860956013 0
vt 0.362233013 0.858026028 0
vt 0.34702599 0.86463201 0
vt 0 0.0892440006 0
vt 0 0.0780599713 0
vt 0 0.117192999 0
vt 0.376004994 0.847893 0
vt 0 0.148775905 0
vt 0.390017986 0.830110013 0
vt 0.393110991 0.824568987 0
vt 0.341163009 0.156326994 0
vt 0 0.156326994 0
vt 0 0.195419997 0
vt 0.341163009 0.195419997 0
vt 0 0.214966998 0
vt 0.341163009 0.214966998 0
vt 0 0.223049 0
vt 0.407545 0.782141984 0
vt 0.417802989 0.86463201 0
vt 0.412548989 0.743501008 0
vt 0.445589006 0.722459018 0
vt 0.445589006 0.86463201 0
vt 0.417802989 1 0
vt 0.417593002 1 0
vt 0.417887002 0 0
vt 0.445372999 1 0
vt 0.445461988 0 0
vt 0.445677012 0 0
vt 0.445589006 1 0
vt 0.473096013 1 0
vt 0.47319001 0 0
vt 0.47340399 0 0
vt 0.473309994 0.722459018 0
vt 0.473309994 0.57102102 0
vt 0 0.0595649406 0
vt 0 0.0390299484 0
vt 0.336679995 0.867053986 0
vt 0.362033993 1 0
vt 0.337473989 0.132955998 0
vt 0.362105995 0 0
vt 0.346632987 0.135098904 0
vt 0.660919011 0.0505099818 0
vt 1 0.0731389523 0
vt 1 0.0505099818 0
vt 0.339080989 0.101020999 0
vt 0.660919011 0.101020999 0
vt 0.339080989 0.0505099818 0
vt 0.660919011 0 0
vt 0.49941501 0 0
vt 0.339080989 0 0
vt 0 0.0438309908 0
vt 0 0.0505099818 0
vt 0 0.101020999 0
vt 0.339922011 1 0
vt 0.500051975 1 0
vt 0.250025988 1 0
vt 0.249071002 0 0
vt 0.906765997 0.222222 0
vt 0.784951985 0.159008995 0
vt 0.892624974 0.214802995 0
vt 0.687341988 0.111111 0
vt 0 0.145136997 0
vt 0.672295988 0.104110003 0
vt 0.339080989 0.151677996 0
vt 0 0.151677996 0
vt 0.660919011 0.151677996 0
vt 0 0.160006002 0
vt 1 0.110740997 0
vt 1 0.184749007 0
vt 1 0.151677996 0
vt 0.358114004 0.139604002 0
vt 0.362105995 0.141678005 0
vt 0.378201991 0.153986007 0
vt 1 0.101020999 0
vt 0.389890999 0.169257 0
vt 1 0.202335998 0
vt 0.661350012 1 0
vt 0 0.385053992 0
vt 1 0.555555999 0
vt 0.334513992 1 0
vt 0.500819027 0 0
vt 0.501031995 0 0
vt 0.501130998 1 0
vt 0.556585014 1 0
vt 0.55647397 0 0
vt 0.750455022 0 0
vt 0.999998987 0 0
vt 7.89999976e-05 0.704986989 0
vt 5.99999985e-05 0.779101014 0
vt 0.222974002 0.86463201 0
vt 0.246606007 0.859116018 0
vt 0.222974002 0.857129991 0
vt 0.250842988 0.86463201 0
vt 0.250842988 0.859530985 0
vt 0.222974002 1 0
vt 0.222843006 1 0
vt 0.195090994 1 0
vt 0.211309999 0.856365025 0
vt 8.89999937e-05 0.668347001 0
vt 0.278710991 0.862583995 0
vt 0.278710991 0.86463201 0
vt 0.250842988 1 0
vt 0.250696003 1 0
vt 0.278548986 1 0
vt 0.281953007 0.862966001 0
vt 0.295740992 0.86463201 0
vt 0.278710991 1 0
vt 2.99999992e-05 0.88961798 0
vt 0.250746012 0 0
vt 0.306401998 1 0
vt 0.194976002 1 0
vt 0.195014998 0 0
vt 0.167242005 0 0
vt 0.167142004 0 0
vt 0.142415002 0.0269669797 0
vt 0.139268905 0.0499559604 0
vt 0.991515994 0.317719012 0
vt 0.991329014 0.673718989 0
vt 1 0.495597005 0
vt 0.144069001 0 0
vt 0.167108998 1 0
vt 0.142417997 0.973039985 0
vt 0.144041002 1 0
vt 0.899546981 0.126084 0
vt 0.0707889721 0.143986896 0
vt 0.750025988 0.223475903 0
vt 0.999773979 0.223475903 0
vt 0.0556979701 0.142204896 0
vt 0.999759972 0.175290003 0
vt 0.500051975 0.111456998 0
vt 0.750025988 0.111456998 0
vt 0.339583009 3.00000011e-06 0
vt 0.500051975 1.99999999e-06 0
vt 0.666665971 0.000251999998 0
vt 0.333333999 0.199226007 0
vt 0.666665971 0.199226007 0
vt 0.499774992 0.000372999988 0
vt 0.758090019 0.000216 0
vt 0.250025988 3.00000011e-06 0
vt 0.999888003 0.000409999979 0
vt 0.333333999 0.396019012 0
vt 9.79999968e-05 0.396019012 0
vt 6.50000002e-05 0.596533 0
vt 6.50000002e-05 0.597370028 0
vt 0.986627996 0.813166022 0
vt 0.976038992 0.607684016 0
vt 0.00880897045 0.607684016 0
vt 0.946594 0.399578989 0
vt 0.976125002 0.608538985 0
vt 0.00319695403 0.813166022 0
vt 0.997861028 1 0
vt 0.331449002 0.999974012 0
vt 3.30000003e-05 0.798446 0
vt 3.30000003e-05 0.798412979 0
vt 0.986626983 0.813133001 0
vt 0.333333999 0.999974012 0
vt 0.339679003 5.69999975e-05 0
vt 0.341508001 5.69999975e-05 0
vt 0.238077894 0.99773401 0
vt 0.0281749908 0.781852007 0
vt 0.995478988 1 0
vt 0 0.999954998 0
vt 0.114606999 0.931199014 0
vt 0.367662013 0.963667989 0
vt 0.934906006 0.190224007 0
vt 0.0104109598 0.188724905 0
vt 0.0126940003 0.397210985 0
vt 0.946228981 0.397210985 0
vt 0.333333999 0.00045599998 0
vt 0.000129999986 0.199226007 0
vt 0.000129999986 0.197790995 0
vt 9.79999968e-05 0.393785 0
vt 0.935079992 0.188724905 0
vt 0.241588995 0.000440000003 0
vt 0.000161999997 0 0
vt 0.00796294212 0.0753539801 0
vt 0 0.130099997 0
vt 0.0200839601 0.135098904 0
vt 0.750025988 9.99999997e-07 0
vt 0.999727011 0.0627349615 0
vt 0.99970901 0 0
vt 3.00000011e-06 0.0751719996 0
vt 0.00014199999 2.29999987e-05 0
vt 3.00000011e-06 0.0751729608 0
vt 3.99999999e-06 0.0751749799 0
vt 4.99999987e-06 0.0751839802 0
vt 1.20000004e-05 0.0752279684 0
vt 0.000998999923 0.0752239823 0
vt 0.00397998001 0.075289011 0
vt 0.468405992 0.834002972 0
vt 0.468401015 0.834008992 0
vt 0.468401998 0.834007978 0
vt 0.468416989 0.833983004 0
vt 0.46845901 0.833903015 0
vt 0.468618989 0.833580017 0
vt 0.000252999977 0.0751969814 0
vt 6.60000005e-05 0.0751850009 0
vt 0.469244987 0.832287014 0
vt 0.0119419601 0.0754089877 0
vt 0.0159189701 0.0754579902 0
vt 0.0198979899 0.0755059719 0
vt 0.999733984 0.0871229693 0
vt 0.0278489497 0.136960998 0
vt 0.0355719887 0.138672993 0
vt 0.999741018 0.111456998 0
vt 0.660122991 1.99999999e-06 0
vt 0.000211999984 0.500706017 0
vt 0.000423999969 8.6e-05 0
vt 1.99999999e-06 0.868713975 0
vt 0.339679003 0.869430006 0
vt 0.443421006 0.831045985 0
vt 0.520785987 1 0
vt 0.634195983 1 0
vt 4.99999987e-05 0.881655991 0
vt 0.223395005 0.914313972 0
vt 0.76216203 0.5 0
vt 0.76216203 1 0
vt 0.76216203 0 0
vt 7.99999998e-06 0.627626002 0
vt 0.202871993 0.166934997 0
vt 0.594187975 0 0
vt 0.0322669707 0.799481988 0
vt 0 0.0413389802 0
vt 1 0.0893739983 0
vt 0.701070011 0.0106379902 0
vt 0.698996007 0.00465094997 0
vt 0.701331973 0.0117429402 0
vt 0.270700991 0 0
vt 0.670333028 1 0
vt 0.0987510011 0.993192971 0
vt 0.148064002 0.993192971 0
vt 0.197301999 0.993192971 0
vt 0 0.801940978 0
vt 0.658918977 0.701646984 0
vt 0.341080993 0.651499987 0
vt 0.658918977 0.651499987 0
vt 1 0.701646984 0
vt 0 0.651499987 0
vt 0 0.60135299 0
vt 0.341080993 0.60135299 0
vt 0.394373 0.993192971 0
vt 0.345284998 0.993192971 0
vt 0 0.595592022 0
vt 0.658918977 0.60135299 0
vt 0.341080993 0.551443994 0
vt 1 0.651499987 0
vt 0.0521249697 0 0
vt 0.0521360002 1 0
vt 0.00449395087 0 0
vt 0.0199059807 0.925688982 0
vt 0.463734001 0.698032022 0
vt 0.477759987 0.725014985 0
vt 0.0200559404 0.86463201 0
vt 0.0159259997 0.92573601 0
vt 0.0278609898 0.862778008 0
vt 0.000252999977 0.0626989603 0
vt 0.249987006 0.111521997 0
vt 0.249987006 4.99999987e-06 0
vt 0.000269000011 0 0
vt 0.000246000011 0.0872319937 0
vt 0 0.869674981 0
vt 0.00796699524 0.925839007 0
vt 0.0119469697 0.925785005 0
vt 0.00398099422 0.925903022 0
vt 0.505333006 0.779524982 0
vt 0.491629988 0.752174973 0
vt 0.518899024 0.807139993 0
vt 0.000999987009 0.925966978 0
vt 0.528932989 0.827879012 0
vt 1.20000004e-05 0.925963998 0
vt 0.532272995 0.834794998 0
vt 0.531430006 0.833074987 0
vt 0.000253999984 0.925994992 0
vt 0.999350011 0.587386012 0
vt 0.762144029 0.998328984 0
vt 0.632849991 0.964258015 0
vt 0.989892006 0.188674003 0
vt 0.999858975 2.40000008e-05 0
vt 0.53205502 0.834366977 0
vt 0.532214999 0.834689021 0
vt 0.532256007 0.834769011 0
vt 0.532267988 0.834788978 0
vt 0.532271981 0.834794998 0
vt 3.00000011e-06 0.926020026 0
vt 3.99999999e-06 0.926016986 0
vt 3.00000011e-06 0.926019013 0
vt 4.99999987e-06 0.926008999 0
vt 0.532271028 0.834793985 0
vt 6.69999936e-05 0.926006973 0
vt 0.971578002 0.782656014 0
vt 0.0633809492 0.190114006 0
vt 0.987684011 0.397118986 0
vt 0.0523929484 0.397118986 0
vt 0.0520409904 0.399470001 0
vt 0.885344982 0.931890011 0
vt 0.991432011 0.607626021 0
vt 0.0233569704 0.607626021 0
vt 0.340288013 0.604950011 0
vt 6.60000005e-05 0.404430002 0
vt 9.89999971e-05 0.604950011 0
vt 0.340288013 0.802151024 0
vt 9.89999971e-05 0.607191026 0
vt 0.659762979 0.802151024 0
vt 0.000130999993 0.802151024 0
vt 0.340288013 0.999930024 0
vt 0.659762979 0.999737978 0
vt 0.000163999997 0.999884009 0
vt 0.249678001 0.999949992 0
vt 0.000130999993 0.803523004 0
vt 0.499536991 0.999852002 0
vt 0.340653986 7.0000001e-06 0
vt 0.499974996 1.10000001e-05 0
vt 0.063215971 0.188674003 0
vt 6.60000005e-05 0.403596997 0
vt 0.0232719705 0.608484983 0
vt 0.01303994 0.813161016 0
vt 0.996825993 0.813161016 0
vt 0.00386798289 1 0
vt 1 0.999954998 0
vt 0.00204199506 1 0
vt 1.99999999e-06 0.131000906 0
vt 0.000381999969 1 0
vt 0 7.30000029e-05 0
vt 0.0355619714 0.861086011 0
vt 0.000238999986 0.111521997 0
vt 0.0557209812 0.857551992 0
vt 0.000222000002 0.175539002 0
vt 0.249987006 0.223673001 0
vt 0.000208999991 0.223673001 0
vt 0.0707719922 0.855780005 0
vt 0.000197999994 0.264697999 0
vt 0.0835819766 0.854860008 0
vt 0.105742998 0.854185998 0
vt 0.000178999995 0.335319996 0
vt 0.111442 0.854121029 0
vt 0.98851198 0.274544001 0
vt 0.966166019 0.00285899593 0
vt 0.999975026 1 0
vt 2.49999994e-05 0.00120597996 0
vt 0.56023097 0 0
vt 0.591015995 0.0363459513 0
vt 0.601339996 0.0142129604 0
vt 0 0.0770129487 0
vt 0.999900997 0.0770129487 0
vt 0.452901989 0.139670998 0
vt 0.611168981 0.164827004 0
vt 0.450370014 0.118414901 0
vt 0.99980098 0.154026002 0
vt 0.460437 0.0991829634 0
vt 1 0.800000012 0
vt 0.835529983 0.600000024 0
vt 0.835529983 0.800000012 0
vt 0.835529983 0.99862498 0
vt 0.473154992 0.179831997 0
vt 0.496392012 0.219234005 0
vt 0.519720018 0.258792013 0
vt 0.543048024 0.298348993 0
vt 1 0.600000024 0
vt 0.70837599 0.329654008 0
vt 0.513961017 0 0
vt 0.835529983 0.400000006 0
vt 0.643899977 0.400000006 0
vt 0.643899977 0.600000024 0
vt 0.449885011 0.400000006 0
vt 0.449885011 0.600000024 0
vt 0.643899977 0.800000012 0
vt 0.449885011 0.200000003 0
vt 0.285742015 0.200000003 0
vt 0.285742015 0.400000006 0
vt 0.139732003 0.200000003 0
vt 0.139732003 0.0572629496 0
vt 0.285742015 0.0408869907 0
vt 0.449885011 0.0272639897 0
vt 0.208091006 0.0491019413 0
vt 0.588958979 0 0
vt 0.536871016 0.338319004 0
vt 0.688883007 0.338319004 0
vt 0.688883007 0 0
vt 0.536871016 0 0
vt 0.330047011 0.0367329717 0
vt 0.784758985 0 0
vt 0.643899977 0.200000003 0
vt 0.643899977 0.01722496 0
vt 0.394059002 0.338319004 0
vt 0.417376995 0 0
vt 0.394059002 0 0
vt 0.477981001 0.0254379492 0
vt 0.28797701 0 0
vt 0.671079993 0.0160719696 0
vt 0.272540987 0.169158906 0
vt 0.272540987 0 0
vt 0.272540987 0.338319004 0
vt 0.148680001 0.338319004 0
vt 0.272540987 0.499181986 0
vt 0.148680001 0.499181986 0
vt 0.394059002 0.660045028 0
vt 0.272540987 0.660045028 0
vt 0.148680001 0.660045028 0
vt 0.148680001 0.830022991 0
vt 0.272540987 0.830022991 0
vt 0.292151988 1 0
vt 0.394059002 1 0
vt 0.0882920027 0.872763991 0
vt 0.0717419907 0.853145003 0
vt 0.0788519904 0.865418017 0
vt 0.0608639717 0.81159699 0
vt 0.0484849811 0.747784972 0
vt 0.272540987 1 0
vt 0.108723901 0.878161013 0
vt 0.0906699821 0.873889029 0
vt 0.249994904 0.747784972 0
vt 0.249994904 0.872763991 0
vt 0.132477894 0.879923999 0
vt 0.0547589585 0.780802011 0
vt 0.149352998 0.659723997 0
vt 0.104102001 1 0
vt 0.149352998 1 0
vt 0.043650981 0.720435023 0
vt 0.0489889905 0.750530005 0
vt 0.0995680019 0.659723997 0
vt 0.0995680019 1 0
vt 0.049784001 1 0
vt 0.049784001 0.659723997 0
vt 0.0995680019 0.339962989 0
vt 0.049784001 0.339962989 0
vt 0 0.659723997 0
vt 0.049784001 0 0
vt 0.0995680019 0 0
vt 0 0.338319004 0
vt 0 0.339962989 0
vt 1 0.338319004 0
vt 0.843775988 0.660045028 0
vt 1 0.339843005 0
vt 0.843775988 0.338319004 0
vt 0.688883007 0.660045028 0
vt 0.688883007 1 0
vt 0.843775988 1 0
vt 1 0.660045028 0
vt 0.0637949705 0.825668991 0
vt 0.0671319887 0.839614987 0
vt 0.536871016 1 0
vt 0.536871016 0.660045028 0
vt 0.0395459495 0.216581002 0
vt 0.141510993 0 0
vt 0 0.0766979977 0
vt 0 0.200000003 0
vt 0.0998309776 0.0624119602 0
vt 0.843775988 0 0
vt 0.0834479928 0.399522007 0
vt 0.130830005 0.551662982 0
vt 0 0.400000006 0
vt 0.286217004 0.853016019 0
vt 0.37104699 0 0
vt 0.233030006 0.775736988 0
vt 0.180814996 0.675840974 0
vt 0.149352998 0 0
vt 0.199137002 0.339962989 0
vt 0.199137002 0 0
vt 0.149352998 0.339962989 0
vt 0.199137002 0.659723997 0
vt 0.249402002 0.339962989 0
vt 0.249402002 0 0
vt 0.249402002 0.659723997 0
vt 0.199137002 1 0
vt 0.249402002 1 0
vt 0.249994904 0.624926984 0
vt 0.034051951 0.660088003 0
vt 0.0387099907 0.690367997 0
vt 0.0255079791 0.600049019 0
vt 0.0289369803 0.624926984 0
vt 0.0296609905 0.63003701 0
vt 0.249994904 0.501564026 0
vt 0.499899 0.501564026 0
vt 0.02161997 0.570029974 0
vt 0.499899 0.624926984 0
vt 0.499899 0.439586014 0
vt 0.749827027 0.439586014 0
vt 0.749827027 0.501564026 0
vt 0.749827027 0.563244998 0
vt 0.997129023 0.552699983 0
vt 0.997042 0.524798989 0
vt 0.996596992 0.439586014 0
vt 0.996948004 0.501564026 0
vt 0.556088984 1 0
vt 0.556088984 0.657405019 0
vt 0.527933002 1 0
vt 0.527933002 0.657405019 0
vt 0.50435698 1 0
vt 0.556088984 0.342682987 0
vt 0.527933002 0.342682987 0
vt 0.499776989 0.342682987 0
vt 0.499776989 0.657405019 0
vt 0.499776989 1 0
vt 0.471621007 0.657405019 0
vt 0.471621007 0.342682987 0
vt 0.443466008 0 0
vt 0.471621007 0 0
vt 0.443466008 0.342682987 0
vt 0.415549994 0 0
vt 0.415549994 0.342682987 0
vt 0.443466008 0.657405019 0
vt 0.461430013 0.999355972 0
vt 0.294667989 0.988860011 0
vt 0.377631992 0.99842298 0
vt 0.419337004 0.999638975 0
vt 0.387634009 0 0
vt 0.336032987 0.995139003 0
vt 0.359717995 0 0
vt 0.387634009 0.342682987 0
vt 0.00904798508 0.614897013 0
vt 0.0634169504 0.802802026 0
vt 0.177433997 0.942560971 0
vt 0.25376901 0.978581011 0
vt 0.331802011 0 0
vt 0.359717995 0.342682987 0
vt 0.415549994 0.657405019 0
vt 0.387634009 0.657405019 0
vt 0.415549994 1 0
vt 0.439794987 1 0
vt 0.387634009 1 0
vt 0.996222973 0.389238 0
vt 0.996429026 0.416216999 0
vt 0.375645995 1 0
vt 0.996128023 0.377608001 0
vt 0.749827027 0.377608001 0
vt 0.995995998 0.362096995 0
vt 0.749827027 0.314812005 0
vt 0.499899 0.377608001 0
vt 0.995353997 0.253069013 0
vt 0.995409012 0.280373007 0
vt 0.995353997 0.252016008 0
vt 0.749827027 0.252016008 0
vt 0.995769024 0.334719002 0
vt 0.995570004 0.307622999 0
vt 0.995621026 0.314812005 0
vt 0.499899 0.314812005 0
vt 0.249994904 0.252016008 0
vt 0.499899 0.252016008 0
vt 0.249994904 0.377608001 0
vt 0.000972000009 0.321428001 0
vt 0.00232297089 0.353594989 0
vt 0.00367397 0.377608001 0
vt 0.00416296721 0.385358989 0
vt 0.00636398699 0.416750997 0
vt 0.00886195805 0.447791994 0
vt 0.601810992 1 0
vt 0.601810992 0.659723997 0
vt 0.551407993 1 0
vt 0.65188098 0.659723997 0
vt 0.65188098 1 0
vt 0.0115699703 0.478736997 0
vt 0.65188098 0.339962989 0
vt 0.701951981 0.339962989 0
vt 0.701951981 0.659723997 0
vt 0.752022028 0.339962989 0
vt 0.752022028 0.659723997 0
vt 0.714227021 1 0
vt 0.701951981 1 0
vt 0.752022028 0 0
vt 0.802092016 0 0
vt 0.802092016 0.339962989 0
vt 0.851568997 0 0
vt 0.851568997 0.339962989 0
vt 0.802092016 0.659723997 0
vt 0.851568997 0.659723997 0
vt 0.802092016 1 0
vt 0.752022028 1 0
vt 0.851568997 1 0
vt 0.901045978 0.659723997 0
vt 0.901045978 0.339962989 0
vt 0.950523019 0.339962989 0
vt 0.950523019 0.659723997 0
vt 0.908877015 1 0
vt 0.901045978 1 0
vt 0.950523019 0 0
vt 1 0.339841992 0
vt 1 0.341827989 0
vt 0.830119014 0 0
vt 0.963714004 0.230803996 0
vt 0.922356009 0.43166399 0
vt 0.901045978 0 0
vt 0.876712978 0.597665012 0
vt 0.827713013 0.728133023 0
vt 0.775816977 0.827948987 0
vt 0.722612977 0.899703026 0
vt 0.600583017 0 0
vt 0 0.800000012 0
vt 0.139732003 0.600000024 0
vt 0 0.600000024 0
vt 0 0.948020995 0
vt 0.139732003 0.800000012 0
vt 0.139732003 0.964685977 0
vt 0.285742015 0.800000012 0
vt 0.285742015 0.978626013 0
vt 0.285742015 0.600000024 0
vt 0.449885011 0.800000012 0
vt 0.139732003 0.400000006 0
vt 0.449885011 0.98913002 0
vt 0.209447995 0.971835971 0
vt 0.419818997 0 0
vt 0.319027007 0.341827989 0
vt 0.473410994 0.341827989 0
vt 0.319027007 0 0
vt 0.473410994 0 0
vt 0.331063002 0.982050002 0
vt 0.590093017 0 0
vt 0.218576998 0 0
vt 0.643899977 0.995572984 0
vt 0.480004013 0.990518987 0
vt 0.614574015 0.170913905 0
vt 0.614574015 0 0
vt 0.614574015 0.341827989 0
vt 0.730705976 0.341827989 0
vt 0.730705976 0.170913905 0
vt 0.718786001 0 0
vt 0.730705976 0 0
vt 0.839281023 0 0
vt 0.848197997 0.170913905 0
vt 0.848197997 0.341827989 0
vt 0.666413009 0.996032 0
vt 0.848197997 0.499927014 0
vt 1 0.499927014 0
vt 0.250072002 0.499983013 0
vt 0 0.341827989 0
vt 0 0.499983013 0
vt 0.250072002 0.265112013 0
vt 0 0.265112013 0
vt 1 0.265112996 0
vt 0 0.65802598 0
vt 0.500144005 0.499983013 0
vt 0.250072002 0.734863997 0
vt 0.500144005 0.734863997 0
vt 0.750072002 0.734863997 0
vt 0.750072002 0.499983013 0
vt 0.500144005 0.265112013 0
vt 0.250072002 0 0
vt 0.750072002 0.265112013 0
vt 0.500144005 0 0
vt 0.148661003 0.137012005 0
vt 0.386339992 0.0164749604 0
vt 0.258049995 0.0314309485 0
vt 0.420352995 0.0868339464 0
vt 0 0.170914993 0
vt 0.848197997 0 0
vt 1 0.170913905 0
vt 0.846280992 0.998742998 0
vt 0.129262 0.0449569784 0
vt 0 0.0571599603 0
vt 0.0566049814 0.152858004 0
vt 0.988951981 0.497646987 0
vt 0.985233009 0.329710007 0
vt 0 0.497646987 0
vt 0.976850986 0.235149994 0
vt 0.000423999969 0.965964973 0
vt 0.148084 0.87272203 0
vt 0 0.872875988 0
vt 0.242439002 0.00185495603 0
vt 0.526877999 0.0172109604 0
vt 0.92446202 0.142482907 0
vt 0.148084 0.969901979 0
vt 0.312258989 0.872704983 0
vt 0 0.170938 0
vt 0.160487995 0.170938 0
vt 0.151823893 0 0
vt 0.160487995 0 0
vt 0.156564996 0.97015202 0
vt 0.312258989 0.975655019 0
vt 0.317272991 0 0
vt 0.329104006 0.170938 0
vt 0.329104006 0 0
vt 0.501910985 0.872802973 0
vt 0.324265987 0.97615099 0
vt 0.501910985 0.98408699 0
vt 0.690137982 0.872906029 0
vt 0.776866972 0.0625659823 0
vt 0.690137982 0.99228698 0
vt 0.507174015 0 0
vt 0.501709998 0 0
vt 0.507557988 0.984347999 0
vt 0.507174015 0.341874987 0
vt 0.680634975 0 0
vt 0.685896993 0.992121994 0
vt 0.329104006 0.341874987 0
vt 0.160487995 0.341874987 0
vt 0.160487995 0.500159979 0
vt 0.329104006 0.500159979 0
vt 0.507174015 0.658445001 0
vt 0.329104006 0.658445001 0
vt 0.160487995 0.658445001 0
vt 9.99999997e-07 0.829222977 0
vt 0.160487995 0.829222977 0
vt 9.99999997e-07 0.734863997 0
vt 9.99999997e-07 0.658445001 0
vt 0.0641109869 1 0
vt 0.160487995 1 0
vt 0.329104006 0.829222977 0
vt 0.329104006 1 0
vt 0.499899 0.125994995 0
vt 0.528244972 0.0998649523 0
vt 0.499899 0.101467997 0
vt 0.576614022 0.0937319919 0
vt 0.507174015 1 0
vt 0.749827027 0.125994995 0
vt 0.619361997 0.0804459974 0
vt 0.995489001 0.117145002 0
vt 0.99546802 0.125994995 0
vt 0.749827027 0.0629969835 0
vt 0.995423019 0.144172996 0
vt 0.499899 0.189006001 0
vt 0.749827027 0.189006001 0
vt 0.166631907 1 0
vt 0.166631907 0.657405019 0
vt 0.138997003 1 0
vt 0.138997003 0.657405019 0
vt 0.120417997 1 0
vt 0.995356023 0.171283007 0
vt 0.184621006 1 0
vt 0.995325029 0.189006001 0
vt 0.194266006 0.657405019 0
vt 0.194266006 1 0
vt 0.995317996 0.198533997 0
vt 0.221900895 0.657405019 0
vt 0.995334029 0.225859895 0
vt 0.221900895 1 0
vt 0.221900895 0.342682987 0
vt 0.249375895 0.657405019 0
vt 0.248315006 1 0
vt 0.249375895 0.342682987 0
vt 0.276852012 0.657405019 0
vt 0.276852012 1 0
vt 0.249375895 1 0
vt 0.276852012 0.342682987 0
vt 0.304327011 0.657405019 0
vt 0.304327011 1 0
vt 0.304327011 0.342682987 0
vt 0.331802011 0.657405019 0
vt 0.31160301 1 0
vt 0.331802011 0.342682987 0
vt 0.359717995 0.657405019 0
vt 0.359717995 1 0
vt 0.331802011 1 0
vt 0.304327011 0 0
vt 0.214637905 0.96351099 0
vt 0.276852012 0 0
vt 0.249375895 0 0
vt 0.112512 0.882663012 0
vt 0.143077001 0.915533006 0
vt 0.221900895 0 0
vt 0.0859400034 0.844576001 0
vt 0.194266006 0 0
vt 0.194266006 0.342682987 0
vt 0.166631907 0.342682987 0
vt 0.166631907 0 0
vt 0.138997003 0.342682987 0
vt 0.138997003 0 0
vt 0.111363001 0.342682987 0
vt 0.111363001 0.657405019 0
vt 0.111363001 1 0
vt 0.0835219622 1 0
vt 0.0835219622 0.657405019 0
vt 0.0835219622 0.342682987 0
vt 0.0556809902 0.657405019 0
vt 0.0559069514 1 0
vt 0.995635986 0.0356479809 0
vt 0.995603025 0.0629969835 0
vt 0.995603979 0.0627769828 0
vt 0.0556809902 1 0
vt 0.995651007 0 0
vt 0.99555099 0.0899529979 0
vt 0.0278409701 1 0
vt 0.0278409701 0.657405019 0
vt 0.995649993 0.00853896141 0
vt 0 0.657405019 0
vt 1 0.657387972 0
vt 0.991361022 1 0
vt 0.972127974 0.34265101 0
vt 0.972127974 0.657387972 0
vt 1 0.34265101 0
vt 0.0278409701 0.342682987 0
vt 0 0.342682987 0
vt 0.0556809902 0.342682987 0
vt 0.0556809902 0 0
vt 0.0278409701 0 0
vt 0.000838999986 0.515092015 0
vt 0.00345599605 0.565174997 0
vt 0.00427299691 0.413242996 0
vt 0.001109957 0.464098006 0
vt 0.972127974 0 0
vt 0.944254994 0 0
vt 0.944254994 0.34265101 0
vt 0.916383028 0 0
vt 0.0319089815 0.264791012 0
vt 0.0103219701 0.362765998 0
vt 0.0691329837 0.174630001 0
vt 0.318544 0.0104779601 0
vt 0.488256007 0.000222999995 0
vt 0.40290001 0.00158298004 0
vt 0.445564002 0.000234999985 0
vt 0.50019598 0 0
vt 0.528337002 0.34265101 0
vt 0.528337002 0 0
vt 0.545517981 0.995680988 0
vt 0.573611975 0.00343894889 0
vt 0.50019598 0.34265101 0
vt 0.472054988 0 0
vt 0.53095299 0.001281976 0
vt 0.360632986 0.00482797623 0
vt 0.556478024 0 0
vt 0.556478024 0.34265101 0
vt 0.584394991 0 0
vt 0.556478024 0.657387972 0
vt 0.584394991 0.34265101 0
vt 0.528337002 0.657387972 0
vt 0.612311006 0 0
vt 0.612311006 0.34265101 0
vt 0.584394991 0.657387972 0
vt 0.612311006 0.657387972 0
vt 0.64022702 0 0
vt 0.64022702 0.34265101 0
vt 0.235811993 0.031880971 0
vt 0.276843995 0.0192319695 0
vt 0.668142974 0 0
vt 0.159357995 0.0716909692 0
vt 0.196610004 0.0490249917 0
vt 0.668142974 0.34265101 0
vt 0.695649028 0 0
vt 0.668142974 0.657387972 0
vt 0.695649028 0.34265101 0
vt 0.64022702 0.657387972 0
vt 0.695649028 0.657387972 0
vt 0.676375985 1 0
vt 0.64022702 1 0
vt 0.668142974 1 0
vt 0.749826014 0.622460008 0
vt 0.995751023 0.677049994 0
vt 0.995980024 0.649298012 0
vt 0.749826014 0.685252011 0
vt 0.995684981 0.685252011 0
vt 0.499897003 0.622460008 0
vt 0.499897003 0.560550988 0
vt 0.749826014 0.560550988 0
vt 0.996192992 0.622460008 0
vt 0.996740997 0.539340973 0
vt 0.996617019 0.560550988 0
vt 0.996883988 0.511982024 0
vt 0.749826014 0.498643011 0
vt 0.499897003 0.498643011 0
vt 0.249994904 0.37518701 0
vt 0.249994904 0.498643011 0
vt 0.499897003 0.37518701 0
vt 0.749826014 0.43691501 0
vt 0.249994904 0.252225012 0
vt 0.0388559587 0.311026007 0
vt 0.0218009893 0.431109995 0
vt 0.0291809998 0.37518701 0
vt 0.0297479592 0.371169001 0
vt 0.0256359503 0.401149005 0
vt 0.0341289602 0.341138005 0
vt 0.693596005 1 0
vt 0.650159001 0.660066009 0
vt 0.650159001 1 0
vt 0.600004017 1 0
vt 0.600004017 0.660066009 0
vt 0.600004017 0.340344012 0
vt 0.650159001 0.340344012 0
vt 0.700312972 0.660066009 0
vt 0.600004017 0 0
vt 0.650159001 0 0
vt 0.700312972 0.340344012 0
vt 0.700312972 0 0
vt 0.750468016 0.340344012 0
vt 0.750468016 0.660066009 0
vt 0.750468016 1 0
vt 0.800623 1 0
vt 0.800623 0.660066009 0
vt 0.850467026 1 0
vt 0.850467026 0.660066009 0
vt 0.800623 0.340344012 0
vt 0.850467026 0.340344012 0
vt 0.850467026 0 0
vt 0.800623 0 0
vt 0.138432994 1 0
vt 0.179758996 0.312418997 0
vt 0.130221993 0.440479994 0
vt 0.750468016 0 0
vt 0.231528893 0.210368007 0
vt 1 0.079761982 0
vt 0.86026299 0.200000003 0
vt 1 0.200000003 0
vt 0.039698001 0.786288977 0
vt 1 0.400000006 0
vt 0.0833119676 0.598514974 0
vt 0.368698001 1 0
vt 0.86026299 0.400000006 0
vt 0.284552991 0.131803006 0
vt 0.338391006 0.0742359683 0
vt 0.392670006 0.03540897 0
vt 0.447441995 0.0128659597 0
vt 0.502384007 0.004292964 0
vt 0.598963022 1 0
vt 0.714248002 0.200000003 0
vt 0.714248002 0.400000006 0
vt 0.86026299 0.600000024 0
vt 0.714248002 0.600000024 0
vt 0.550096989 0.400000006 0
vt 0.550096989 0.200000003 0
vt 0.356076002 0.200000003 0
vt 0.356076002 0.400000006 0
vt 0.550096989 0.600000024 0
vt 0.356076002 0.600000024 0
vt 0.550096989 0.800000012 0
vt 0.714248002 0.800000012 0
vt 0.86026299 0.965233982 0
vt 0.86026299 0.800000012 0
vt 0.714248002 0.978899002 0
vt 1 0.948325992 0
vt 0.791643023 0.972169995 0
vt 0.899895012 0.96082902 0
vt 0.681675017 0.341681987 0
vt 0.779901028 0 0
vt 0.681675017 0 0
vt 0.840080976 0.341681987 0
vt 0.840080976 0 0
vt 0.681675017 0.658023 0
vt 0.840080976 0.658023 0
vt 1 0.340344012 0
vt 1 0.341681987 0
vt 1 0.658023 0
vt 0 0.658023 0
vt 0.0494949818 0.340344012 0
vt 0 0.341681987 0
vt 0 0.340344012 0
vt 0.0494949818 0 0
vt 0.0989890024 0.660066009 0
vt 0.0989890024 0.340344012 0
vt 0.0494949818 0.660066009 0
vt 0.0989890024 0 0
vt 0.920819998 0.57942301 0
vt 0.829227984 1 0
vt 0.962961972 0.771389008 0
vt 0.720411003 0.115137003 0
vt 0.77343601 0.191641003 0
vt 0.825345993 0.293159008 0
vt 0.874602973 0.421036005 0
vt 0.148484007 0.340344012 0
vt 0.148484007 0 0
vt 0.197978005 0.340344012 0
vt 0.197978005 0 0
vt 0.248085007 0.660066009 0
vt 0.248085007 0.340344012 0
vt 0.248085007 0 0
vt 0.197978005 0.660066009 0
vt 0.298193008 0.340344012 0
vt 0.286756992 1 0
vt 0.298193008 0.660066009 0
vt 0.248085007 1 0
vt 0.00325095607 0.64694798 0
vt 0.249994904 0.622460008 0
vt 0.00456094695 0.622460008 0
vt 0.00191599096 0.679051995 0
vt 0.197978005 1 0
vt 0.249994904 0.748044014 0
vt 0.00112199702 0.71093601 0
vt 0.148484007 0.660066009 0
vt 0.148484007 1 0
vt 0.499897003 0.685252011 0
vt 0.00237095309 0.807816029 0
vt 0.249994904 0.874038994 0
vt 0.499897003 0.811040998 0
vt 0.000918000005 0.748044014 0
vt 0.000897999911 0.742917001 0
vt 0.001290977 0.775072992 0
vt 0.499897003 0.748044014 0
vt 0.0494949818 1 0
vt 0 0.660066009 0
vt 0.0910689831 1 0
vt 1 0.660157979 0
vt 0.840080976 1 0
vt 0.00703799678 0.849883974 0
vt 0.0030849569 0.822055995 0
vt 0.00438296702 0.836174011 0
vt 0.681675017 1 0
vt 0.527602017 1 0
vt 0.0334549509 0.874038994 0
vt 0.0127989603 0.862281978 0
vt 0.385713011 0.829011023 0
vt 0.385713011 1 0
vt 0.527602017 0.658023 0
vt 0.170178995 0.883162022 0
vt 0.0665199682 0.877444983 0
vt 0.0413679406 0.875395 0
vt 0.0235569403 0.870895028 0
vt 0.270024002 0.829011023 0
vt 0.201916903 1 0
vt 0.270024002 1 0
vt 0.152406007 0.829011023 0
vt 0.152406007 1 0
vt 0.270024002 0.658023 0
vt 0.385713011 0.658023 0
vt 0.385713011 0.499852985 0
vt 0.527602017 0.341681987 0
vt 0.385713011 0.341681987 0
vt 0.270024002 0.499852985 0
vt 0.407739013 0 0
vt 0.385713011 0.170840994 0
vt 0.270024002 0.341681987 0
vt 0.270024002 0.170840994 0
vt 0.152406007 0.341681987 0
vt 0.152406007 0.499852985 0
vt 0.161199003 0 0
vt 0.270024002 0 0
vt 0.152406007 0.170840994 0
vt 0.281619012 0 0
vt 0.356076002 0.995615005 0
vt 0.164453998 0.99861902 0
vt 0.334780008 0.99604398 0
vt 0 0.170840994 0
vt 0.152406007 0 0
vt 0 0.264795005 0
vt 1 0.170842007 0
vt 0.749929011 0.264795989 0
vt 1 0.264795989 0
vt 1 0.341683 0
vt 0.749929011 0 0
vt 0.499857992 0.264795989 0
vt 0.499857992 0.499980986 0
vt 0.749929011 0.499980986 0
vt 0.613645017 0.0163749997 0
vt 0.578351974 0.0889629722 0
vt 0.850054979 0.139142007 0
vt 0.53826499 0.101311997 0
vt 0.499857992 0 0
vt 0.741946995 0.0312460009 0
vt 0.486003011 0 0
vt 0.497646987 0.988951981 0
vt 0.497646987 0 0
vt 0.329710007 0.985233009 0
vt 0.870738983 0.0446999595 0
vt 1 0.0568389818 0
vt 0.942115009 0.154988006 0
vt 0.851930976 0.872380018 0
vt 0.851930976 0.971949995 0
vt 1 0.96795398 0
vt 1 0.872542977 0
vt 0.847445011 0 0
vt 1 0.170710996 0
vt 0 0.170710996 0
vt 0.249928996 0 0
vt 0.840031981 0.170710996 0
vt 0.249928996 0.264795989 0
vt 0 0.264795989 0
vt 0 0.341421992 0
vt 0.249928996 0.499980986 0
vt 1 0.341421992 0
vt 0.840031981 0.341421992 0
vt 1 0.499882013 0
vt 0 0.499980986 0
vt 0.840031981 0.499882013 0
vt 1 0.658342004 0
vt 0 0.658342004 0
vt 0.670855999 0.341421992 0
vt 0.670855999 0.499882013 0
vt 0.840031981 0.658342004 0
vt 0.493514001 0.658342004 0
vt 0.670855999 0.658342004 0
vt 0.493514001 1 0
vt 0.670855999 1 0
vt 0.749826014 0.874038994 0
vt 0.576570988 0.906461 0
vt 0.619296014 0.91970402 0
vt 0.840031981 0.829171002 0
vt 0.840031981 1 0
vt 0.499897003 0.874038994 0
vt 0.528217018 0.900474012 0
vt 0.749826014 0.811040998 0
vt 0.99535799 0.874038994 0
vt 0.995432019 0.898248971 0
vt 0.749826014 0.937020004 0
vt 0.995514989 0.925844014 0
vt 0.916383028 1 0
vt 0.888511002 0.657387972 0
vt 0.888511002 1 0
vt 0.864178002 1 0
vt 0.888511002 0.34265101 0
vt 0.916383028 0.657387972 0
vt 0.860924006 0.34265101 0
vt 0.860924006 0.657387972 0
vt 0.888511002 0 0
vt 0.916383028 0.34265101 0
vt 0.860924006 0 0
vt 0.944254994 0.657387972 0
vt 0.972127974 1 0
vt 0.944254994 1 0
vt 0.927689016 1 0
vt 0.995585978 0.953396022 0
vt 0.995545983 0.937020004 0
vt 0.995631993 0.980965972 0
vt 0.749996006 1 0
vt 0.99564302 1 0
vt 0.749826014 1 0
vt 0.651488006 0.041126959 0
vt 0.749827027 0 0
vt 0.749656022 0 0
vt 0.642023027 0.0629969835 0
vt 0.643397987 0.0612079501 0
vt 0.680634975 0.658445001 0
vt 0.665813982 1 0
vt 0.680634975 1 0
vt 0.680634975 0.341874987 0
vt 0.844048977 0.658445001 0
vt 0.844048977 1 0
vt 0.844048977 0.341874987 0
vt 1 0.658445001 0
vt 1 0.341874987 0
vt 0 0.658445001 0
vt 0 0.341874987 0
vt 0 0.660211027 0
vt 0.156351998 0.341421992 0
vt 0.156351998 0.658342004 0
vt 0.156351998 1 0
vt 0 0.660157979 0
vt 0.65159601 0.958902001 0
vt 0.652593017 0.978272021 0
vt 0.319527 0.658342004 0
vt 0.643665016 0.938872993 0
vt 0.319527 1 0
vt 0.652544022 1 0
vt 0.501240015 1 0
vt 0.652355015 0.0218079593 0
vt 0.652305007 0 0
vt 0.319527 0.341421992 0
vt 0.335076004 1 0
vt 0.642261982 0.937020004 0
vt 0.493514001 0.341421992 0
vt 0.319527 0 0
vt 0.314859986 0 0
vt 0.147257999 0.87262702 0
vt 0.309848994 0.993216991 0
vt 0.309848994 0.872573972 0
vt 0.498077989 0.985612988 0
vt 0.152134001 0.997641027 0
vt 0.314603001 0.993053973 0
vt 0.156351998 0 0
vt 0.147257999 0.997744024 0
vt 0.151363999 0 0
vt 0.0231489502 0.872636974 0
vt 0 0.339841992 0
vt 1 0.33978799 0
vt 0 0.33978799 0
vt 0.848818004 0 0
vt 0.852734029 0.997371972 0
vt 0.976782978 0.872969985 0
vt 0.852734029 0.872959018 0
vt 0.848079026 0.997263014 0
vt 0.844048977 0 0
vt 1 0.833333015 0
vt 0.976782978 0.833333015 0
vt 0.0246509891 0.157140002 0
vt 0.281601012 0.0577489696 0
vt 0 0.110233001 0
vt 0.976782024 0.666666985 0
vt 0.128306001 0.354380995 0
vt 0.500147998 0 0
vt 0.666235983 1 0
vt 0.666487992 0 0
vt 1 0.500041008 0
vt 0.832512021 1 0
vt 0.976781011 0.5 0
vt 0.333808005 0 0
vt 0.499960005 1 0
vt 0.333683014 1 0
vt 0.167466894 0 0
vt 0.0231509805 0.333332986 0
vt 0 0.166666999 0
vt 0 0.333332986 0
vt 0 0.499852002 0
vt 1 0.166666999 0
vt 0.976779997 0.333332986 0
vt 0.167407006 1 0
vt 0.976779997 0.166666999 0
vt 3.00000011e-06 0.499882996 0
vt 0.00113099802 1 0
vt 0.976779997 0.121123999 0
vt 0.852734029 0.00280797388 0
vt 0 0.339067012 0
vt 0.148176 0 0
vt 1 0.339067012 0
vt 0.189400002 0.34107101 0
vt 0 0.34107101 0
vt 1 0.34107101 0
vt 0 0.658756018 0
vt 1 0.658756018 0
vt 0.189400002 0.658756018 0
vt 0 0.660933018 0
vt 1 0.660933018 0
vt 1 0.339065999 0
vt 0 0.658276975 0
vt 1 0.660933971 0
vt 0 0.660933971 0
vt 0.689857006 0.0220409594 0
vt 0.749826014 0 0
vt 0.689953029 0 0
vt 0.749656022 1 0
vt 0.689643979 0.978017986 0
vt 0.689741015 1 0
vt 0.999789 0.0569429882 0
vt 0.749996006 0 0
vt 0.999741971 0.0636209771 0
vt 0.749826014 0.0636209771 0
vt 0.687623024 0.0464539491 0
vt 0.749827027 1 0
vt 0.749827027 0.936381996 0
vt 0.999805987 0.944123983 0
vt 0.999949992 0.972057998 0
vt 0.999938011 0.0284259897 0
vt 0.999988973 0 0
vt 0.0278179608 0.657387972 0
vt 0 0.657387972 0
vt 1 0.657405019 0
vt 0.972123027 0.657405019 0
vt 0.0278179608 1 0
vt 0.972123027 1 0
vt 0.0278179608 0.34265101 0
vt 0.0556369983 0.34265101 0
vt 0.0556369983 0.657387972 0
vt 0.0834549591 0.34265101 0
vt 0.0834549591 0.657387972 0
vt 0.0621439815 1 0
vt 0.0556369983 1 0
vt 0.111273997 0.34265101 0
vt 0.111273997 0.657387972 0
vt 0.0834549591 1 0
vt 0.999561012 0.0855019614 0
vt 0.111273997 1 0
vt 0.999270976 0.114065997 0
vt 0.1241 1 0
vt 0.749826014 0.127241999 0
vt 0.999122024 0.127241999 0
vt 0.138907 0.657387972 0
vt 0.138907 1 0
vt 0.998941004 0.142471001 0
vt 0.138907 0.34265101 0
vt 0.166539997 0.34265101 0
vt 0.166539997 0.657387972 0
vt 0.138907 0 0
vt 0.166539997 0 0
vt 0.937424004 0.207946002 0
vt 0.973043025 0.29935199 0
vt 0.957202017 0.252566993 0
vt 0.111273997 0 0
vt 0.88579601 0.128572002 0
vt 0.741446018 0.0312409904 0
vt 0.993543983 0.39794901 0
vt 0.985149026 0.348091006 0
vt 0.0834549591 0 0
vt 0.658101022 0.0121009899 0
vt 0.700066984 0.0198919699 0
vt 0.332044989 0 0
vt 0.360013008 0.34265101 0
vt 0.360013008 0 0
vt 0.818853974 0.0687220022 0
vt 0.781053007 0.0471569784 0
vt 0.304484993 0 0
vt 0.332044989 0.34265101 0
vt 0.304484993 0.34265101 0
vt 0.360013008 0.657387972 0
vt 0.332044989 0.657387972 0
vt 0.276926011 0.34265101 0
vt 0.276926011 0.657387972 0
vt 0.304484993 0.657387972 0
vt 0.332044989 1 0
vt 0.304300994 1 0
vt 0.304484993 1 0
vt 0.997237027 0.313706011 0
vt 0.749826014 0.313706011 0
vt 0.997237027 0.313896 0
vt 0.276926011 1 0
vt 0.997348011 0.285362005 0
vt 0.249366 1 0
vt 0.997564018 0.25672999 0
vt 0.749826014 0.252225012 0
vt 0.997610986 0.252225012 0
vt 0.249366 0.657387972 0
vt 0.245024994 1 0
vt 0.249366 0.34265101 0
vt 0.221806005 0.34265101 0
vt 0.221806005 0.657387972 0
vt 0.221806005 0 0
vt 0.194172993 0.657387972 0
vt 0.194172993 0.34265101 0
vt 0.194172993 0 0
vt 0.913628995 0.166270003 0
vt 0.194172993 1 0
vt 0.184655994 1 0
vt 0.998350024 0.189733997 0
vt 0.749826014 0.189733997 0
vt 0.998225987 0.199581996 0
vt 0.166539997 1 0
vt 0.998587012 0.170987993 0
vt 0.499897003 0.127241999 0
vt 0.499897003 0.252225012 0
vt 0.249994904 0.127241999 0
vt 0.330323994 0.111437 0
vt 0.0906949565 0.127241999 0
vt 0.231619999 0.116062902 0
vt 0.249994904 0.115180001 0
vt 0.133054003 0.120987996 0
vt 0.108983003 0.122815996 0
vt 1 0.830442011 0
vt 0.850709975 1 0
vt 0.250099003 1 0
vt 0 0.830438972 0
vt 0.250099003 0.734183013 0
vt 0 0.734183013 0
vt 0.850709975 0.830442011 0
vt 0.850709975 0.660884023 0
vt 1 0.734187007 0
vt 0 0.660880983 0
vt 1 0.660884023 0
vt 0.250099003 0.49999401 0
vt 0.850709975 0.500151992 0
vt 1 0.500151992 0
vt 0 0.49999401 0
vt 0.250099003 0.265809 0
vt 0.500198007 0.49999401 0
vt 0 0.339421988 0
vt 0.500198007 0.734183013 0
vt 0.750099003 0.734183013 0
vt 0.750099003 0.49999401 0
vt 0.500198007 0.265809 0
vt 0.250099003 0 0
vt 0.500198007 0 0
vt 0.750099003 0.265809 0
vt 0.409065008 0.892177999 0
vt 0.218647003 0.914385974 0
vt 0.330276996 0.957863986 0
vt 0.108586997 0.869710028 0
vt 0.495822996 0.989269018 0
vt 0.495822996 0 0
vt 0.663006008 0.985656977 0
vt 0.164933994 0.811613023 0
vt 0.443749011 1 0
vt 0.493349999 0.915898979 0
vt 1 0.0511019789 0
vt 0.851930976 0.128680006 0
vt 1 0.132856995 0
vt 0.757426977 0.977280974 0
vt 0.998027027 0.242725998 0
vt 0.851679981 0.925240993 0
vt 0.851930976 0.0425279699 0
vt 0.687745988 0.125159994 0
vt 0 0.170502007 0
vt 0.154231995 0 0
vt 0.814109981 0.0402689502 0
vt 0.193445995 0.170502007 0
vt 0.193445995 0 0
vt 0 0.265807986 0
vt 1 0.170502007 0
vt 1 0.265809 0
vt 0.193445995 0.341004014 0
vt 0 0.341004014 0
vt 1 0.341004014 0
vt 0.398950994 0.170502007 0
vt 0.398950994 0.341004014 0
vt 0.193445995 0.499641001 0
vt 0 0.499641001 0
vt 0.193445995 0.658276975 0
vt 0.398950994 0.499641001 0
vt 1 0.658276975 0
vt 1 0.49999401 0
vt 1 0.734183013 0
vt 0 0.829137981 0
vt 0.928921998 1 0
vt 1 0.829137981 0
vt 0.429098994 0.107115 0
vt 0.499897003 0.104207002 0
vt 0.528062999 0.103093997 0
vt 0.580720007 0.100143 0
vt 0.193445995 0.829137981 0
vt 0.193445995 1 0
vt 0.633544981 0.0911009908 0
vt 0.398950994 0.829137981 0
vt 0.398950994 1 0
vt 0.398950994 0.658276975 0
vt 0.610170007 0.658276975 0
vt 0.810617983 1 0
vt 0.810617983 0.658276975 0
vt 0.610170007 0.341004014 0
vt 0.610170007 1 0
vt 0.672794998 0.0712919831 0
vt 0.691035986 0 0
vt 0.610170007 0 0
vt 0.810617983 0.341004014 0
vt 0.508615017 0 0
vt 0.852218986 0 0
vt 0.810617983 0 0
vt 0.02315199 0.121081002 0
vt 0.147257999 0.00297498703 0
vt 0.147257999 0.121124998 0
vt 0.309848994 0.00905895233 0
vt 0.188843995 0.00422894908 0
vt 0.02315199 0.166666999 0
vt 0.560768008 0.946030974 0
vt 0.266171008 0.924405992 0
vt 0.532405972 1 0
vt 0.664462984 0.74871403 0
vt 0.00112694502 0 0
vt 0 0.339065999 0
vt 0.498077989 0.0198019706 0
vt 0.393222004 0.01339697 0
vt 0.309848994 0.121467002 0
vt 0.498077989 0.122634999 0
vt 0.609947979 0.0272169709 0
vt 0.398950994 0 0
vt 0.981880009 0.527418017 0
vt 0.934361994 0.777576983 0
vt 0.687745988 0.0323479697 0
vt 0.321671993 0 0
vt 0.500198007 1 0
vt 0.149540007 0.781278014 0
vt 0 0.00122398103 0
vt 0.99999702 0 0
vt 3.00000011e-06 0.999957025 0
vt 0.0157849696 0.831676006 0
vt 0.0203740001 0.786550999 0
vt 0 0.796764016 0
vt 0.963993013 0 0
vt 0.963993013 0.999970019 0
vt 0.184183002 0.758265018 0
vt 0.169407994 0.772403002 0
vt 0.927986026 0.999939978 0
vt 0.0972009823 0.659240007 0
vt 0.202948004 0.728974998 0
vt 0.927986026 0 0
vt 0.855970979 0.999879003 0
vt 0.768157005 0.551397979 0
vt 0.0355280004 0.770277977 0
vt 0.855970979 0 0
vt 0.0547779687 0.736558974 0
vt 0.0231499597 0.5 0
vt 0.0231489502 0.666666985 0
vt 0.0899959803 0.669546008 0
vt 0.361782998 0.152377993 0
vt 0.125212997 0.602533996 0
vt 0.385710001 0.106847003 0
vt 0.406387001 0.0608069785 0
vt 0.408984005 0.0363459513 0
vt 0.871851981 0.354081005 0
vt 0.718398988 0.0577489696 0
vt 0.975546002 0.156764999 0
vt 0 0.666666985 0
vt 0.0231489502 0.833333015 0
vt 0 0.833333015 0
vt 1 0.110233001 0
vt 0.832828999 0 0
vt 0.998787999 1 0
vt 0.999168992 0 0
vt 0.0770129487 0.999900997 0
vt 0.0770129487 0 0
vt 0.439769 0 0
vt 0.398660004 0.0142129604 0
vt 0.154026002 0.99980098 0
vt 0.154026002 0 0
vt 0.388801992 0.164810002 0
vt 0.525547028 0.181962997 0
vt 0.545800984 0.141800895 0
vt 0.28817299 0 0
vt 0.28817299 0.999628007 0
vt 0.548332989 0.120544001 0
vt 0.502309024 0.221365005 0
vt 0.478980005 0.260922998 0
vt 0.164453998 0.600000024 0
vt 0.291601986 0.329620004 0
vt 0.455650985 0.300482005 0
vt 0.164453998 0.800000012 0
vt 0.164453998 0.400000006 0
vt 0.356076002 0.800000012 0
vt 0.550096989 0.989434004 0
vt 0.164453998 0.200000003 0
vt 0.194400996 0.494430006 0
vt 0.271634012 0.612509012 0
vt 0.305972993 0.554280996 0
vt 0.237294003 0.670737028 0
vt 0.340312988 0.49605301 0
vt 0.427985996 0 0
vt 0.427985996 0.999520004 0
vt 0.570648015 0 0
vt 0.570648015 0.999638975 0
vt 0.285324007 0.99940002 0
vt 0.160429999 0.535520971 0
vt 0.285324007 0 0
vt 0.195647001 0.468508005 0
vt 0.142662004 0 0
vt 0.142662004 0.999279976 0
vt 0.337857991 0.197905004 0
vt 0.230864003 0.401495993 0
vt 0.374651998 0.437826008 0
vt 0.408991992 0.379597992 0
vt 0 0.999159992 0
vt 0.857227981 0.998893023 0
vt 1 0.99870801 0
vt 0.432321012 0.340039998 0
vt 0.857227981 0 0
vt 0.714456022 0.999077022 0
vt 0.290006995 0.288957 0
vt 0.266081005 0.334482998 0
vt 0.313932002 0.243431002 0
vt 0.714456022 0 0
vt 0.571685016 0 0
vt 0.571685016 0.999261975 0
vt 0.428912997 0 0
vt 0.428912997 0.999445975 0
vt 0.713310003 0 0
vt 0.713310003 0.999759018 0
vt 0.356065005 0.0174549799 0
vt 0.150673002 0.00815498829 0
vt 0.164453998 0.00881695654 0
vt 0.850709975 0 0
vt 1 0.169709995 0
vt 0.839865029 0 0
vt 0.850709975 0.169709995 0
vt 1 0.265805006 0
vt 0 0.169713005 0
vt 0 0.265809 0
vt 1 0.339419007 0
vt 0.728910029 0.169709995 0
vt 0.850709975 0.339419007 0
vt 0.728910029 0.339419007 0
vt 0.714730978 0 0
vt 0.728910029 0.500151992 0
vt 0.607192993 0.339419007 0
vt 0.58671999 0 0
vt 0.607192993 0 0
vt 0.463156015 0.339419007 0
vt 0.607192993 0.660884023 0
vt 0.726396024 1 0
vt 0.728910029 0.830442011 0
vt 0.728910029 0.660884023 0
vt 0.463156015 0.660884023 0
vt 0.607192993 1 0
vt 0.311457008 0.339419007 0
vt 0.311457008 0.660884023 0
vt 0.463156015 1 0
vt 0.311457008 1 0
vt 0.156425998 0.660884023 0
vt 0.156425998 0.339419007 0
vt 0.0643379614 0.175957993 0
vt 0.0722360015 0.148258999 0
vt 0.0676919818 0.161892995 0
vt 0.156425998 1 0
vt 0 0.660884023 0
vt 0.0613789484 0.190156907 0
vt 1 0.660066009 0
vt 0.950155973 0.660066009 0
vt 0.950155973 0.340344012 0
vt 0.900310993 0.340344012 0
vt 0.950155973 1 0
vt 0.900310993 0.660066009 0
vt 0.898199975 1 0
vt 0.900310993 1 0
vt 0.043947991 0.28106001 0
vt 0.0491780005 0.252225012 0
vt 0.0552459918 0.220604002 0
vt 0.0494169518 0.250945002 0
vt 0.900310993 0 0
vt 0 0.339419007 0
vt 0.950155973 0 0
vt 0.156425998 0 0
vt 0.215773001 0 0
vt 0.714248002 0.0424789712 0
vt 0.86026299 0.0596029684 0
vt 0.792464972 0.0511299893 0
vt 0.311457008 0 0
vt 0.900210977 0.0649949908 0
vt 0.411983013 0 0
vt 0.550096989 0.0278979503 0
vt 0.670926988 0.0381519683 0
vt 0.463156015 0 0
vt 0.0792889521 0.135786995 0
vt 0.728910029 1 0
vt 0.091009967 0.127104893 0
vt 0.524878979 0.0262059495 0
vt 0.728910029 0 0
vt 0.332145005 0.0163709503 0
vt 0 0.824051023 0
vt 2.49999994e-05 0.998794019 0
vt 0.999975026 0 0
vt 0 9.19999948e-05 0
vt 0.296676993 1 0
vt 0.221806005 1 0
vt 0.997879028 0.228174001 0
vt 0.249366 0 0
vt 0.854045987 0.0959289595 0
vt 0.276926011 0 0
vt 0.997191012 0.342215002 0
vt 0.997166991 0.37518701 0
vt 0.749826014 0.37518701 0
vt 0.997115016 0.427516997 0
vt 0.997143984 0.399275005 0
vt 0.41594699 1 0
vt 0.387980014 0.657387972 0
vt 0.387980014 1 0
vt 0.364288986 1 0
vt 0.387980014 0.34265101 0
vt 0.41594699 0.657387972 0
vt 0.41594699 0.34265101 0
vt 0.443913996 0.657387972 0
vt 0.425262988 1 0
vt 0.997102976 0.43691501 0
vt 0.443913996 1 0
vt 0.997071028 0.455765009 0
vt 0.472054988 1 0
vt 0.996996999 0.484196991 0
vt 0.472054988 0.657387972 0
vt 0.99694401 0.498643011 0
vt 0.486600012 1 0
vt 0.443913996 0.34265101 0
vt 0.472054988 0.34265101 0
vt 0.50019598 0.657387972 0
vt 0.50019598 1 0
vt 0.443913996 0 0
vt 0.41594699 0 0
vt 0.615924001 0.00684499694 0
vt 0.387980014 0 0
vt 0.360013008 1 0
vt 0.997169971 0.370820999 0
vt 0.0556369983 0 0
vt 0.999953985 0.499368995 0
vt 0.998411 0.448500007 0
vt 0.0278179608 0 0
vt 0.994135022 0.599557996 0
vt 0.711938977 0.973070025 0
vt 0 0.34265101 0
vt 0.972123027 0.342682987 0
vt 1 0.342682987 0
vt 0.998462975 0.549582005 0
vt 0.972123027 0 0
vt 0.944245994 0 0
vt 0.944245994 0.342682987 0
vt 0.916368008 0 0
vt 0.916368008 0.342682987 0
vt 0.944245994 0.657405019 0
vt 0.916368008 0.657405019 0
vt 0.93652302 1 0
vt 0.944245994 1 0
vt 0.999750972 0.936381996 0
vt 0.916368008 1 0
vt 0.999577999 0.916175008 0
vt 0.888490975 0.657405019 0
vt 0.888490975 1 0
vt 0.999273002 0.888162017 0
vt 0.87322998 1 0
vt 0.999082983 0.872763991 0
vt 0.749827027 0.872763991 0
vt 0.749827027 0.810275018 0
vt 0.499899 0.872763991 0
vt 0.998923004 0.860337973 0
vt 0.580428004 0.900690019 0
vt 0.633060992 0.909632981 0
vt 0.806352019 0.829378009 0
vt 0.806352019 1 0
vt 0.60264802 1 0
vt 0.527911007 0.897816002 0
vt 0.999998987 0.0743479729 0
vt 0.837993979 0.992183983 0
vt 0.999988973 0.986497998 0
vt 1 0.829378009 0
vt 0.527889013 0.897814989 0
vt 0.0703929588 1 0
vt 9.99999997e-07 0.735503018 0
vt 0.499899 0.896713972 0
vt 0.737403989 0.0565699898 0
vt 9.99999997e-07 0.734709024 0
vt 0.737403989 0.994989991 0
vt 0.736558974 0.0565039515 0
vt 0.491492987 0.0351589918 0
vt 0.656180978 0.996936023 0
vt 0.249904007 0.499996006 0
vt 1.99999999e-06 0.499996006 0
vt 0.249904007 0.734709024 0
vt 0.499808997 0.499996006 0
vt 0.499808997 0.734709024 0
vt 0.249904007 1 0
vt 0.749903977 0.265284002 0
vt 0.749903977 0.499996006 0
vt 0.499808997 0.265284002 0
vt 0.749903977 0 0
vt 0.499808997 0 0
vt 0.249904007 0.265284002 0
vt 0.891386986 0.869790971 0
vt 0.589631021 0.890035987 0
vt 0.781278014 0.914445996 0
vt 0.669583976 0.957894981 0
vt 0.249904007 0 0
vt 0.556050003 1 0
vt 3.00000011e-06 0.264490992 0
vt 0.505351007 0.913756013 0
vt 0.148084 0.128735006 0
vt 0.00041399998 0.0490569398 0
vt 0 0.132905006 0
vt 0.000498000009 0.049052 0
vt 0.163173005 0.997676015 0
vt 0 0.993855 0
vt 0.255010009 0.0148169901 0
vt 0.255010009 0.999122024 0
vt 0.84593302 0 0
vt 1 0.170534998 0
vt 0.806352019 0.170534998 0
vt 1 0.264494002 0
vt 0.806352019 0.34107101 0
vt 0.330900013 0.999805987 0
vt 0.255784988 0.0148749901 0
vt 3.00000011e-06 0.265284002 0
vt 1 0.49991399 0
vt 0.806352019 0.49991399 0
vt 0.60264802 0.170534998 0
vt 0.60264802 0.34107101 0
vt 0.60264802 0.49991399 0
vt 0.806352019 0.658756018 0
vt 0.390239 0.34107101 0
vt 0.60264802 0.658756018 0
vt 0.390239 1 0
vt 0.390239 0.658756018 0
vt 0.329266995 1 0
vt 0.672298014 0.929170012 0
vt 0.679050028 0.936381996 0
vt 0.189400002 1 0
vt 0.68760401 0.953885019 0
vt 0.309599012 0 0
vt 0.390239 0 0
vt 0.491710007 0 0
vt 0.690137982 0.00857394934 0
vt 0.501910985 0.0186279994 0
vt 0.690137982 0.121517003 0
vt 0.852734029 0.121169999 0
vt 0.606975973 0.0126670003 0
vt 0.811625004 0.00396299316 0
vt 0.189400002 0 0
vt 0 0.495822996 0
vt 0.242549002 0.997987986 0
vt 0.977227986 0.757405996 0
vt 0.925045013 0.851653993 0
vt 0.527107 0.981814027 0
vt 0.989269018 0.495822996 0
vt 0.979626 0.786550999 0
vt 0.733829021 0.924405992 0
vt 0.984215021 0.831676006 0
vt 0.439269006 0.946102977 0
vt 0.467593998 1 0
vt 0.335615009 0.748862028 0
vt 0.985656977 0.663006008 0
vt 0.999970019 0.963993013 0
vt 0 0.963993013 0
vt 1 0.796764016 0
vt 0.999939978 0.927986026 0
vt 0 0.927986026 0
vt 0.964471996 0.770277977 0
vt 0.231959894 0.55162102 0
vt 0.99999702 1 0
vt 0.849144995 0.779137015 0
vt 0.814504027 0.756125987 0
vt 0.829279006 0.770263016 0
vt 0 0.998776019 0
vt 0.902791977 0.659308016 0
vt 0.83375299 0.809472024 0
vt 1 0.824135005 0
vt 0.850264013 0.00794899371 0
vt 0.795740008 0.726836026 0
vt 0.761394978 0.668597996 0
vt 0.805584013 0.494480997 0
vt 0.835529983 0.200000003 0
vt 0 0.855970979 0
vt 0.999879003 0.855970979 0
vt 0.999759018 0.713310003 0
vt 0 0.713310003 0
vt 0.91000402 0.669546008 0
vt 0.94522202 0.736558974 0
vt 0.999638975 0.570648015 0
vt 0 0.570648015 0
vt 0.874786973 0.602533996 0
vt 0.72705698 0.610372007 0
vt 0.692718983 0.552145004 0
vt 0.999520004 0.427985996 0
vt 0.658380985 0.493918002 0
vt 0 0.427985996 0
vt 0.99940002 0.285324007 0
vt 0 0.285324007 0
vt 0.624042988 0.435690999 0
vt 0.999279976 0.142662004 0
vt 0.638216972 0.152377993 0
vt 0.804352999 0.468508005 0
vt 0.662141979 0.197905004 0
vt 0.839569986 0.535520971 0
vt 0.769136012 0.401495993 0
vt 0 0.142662004 0
vt 0.999159992 0 0
vt 0.709993005 0.288957 0
vt 0.733919024 0.334482998 0
vt 0.686067998 0.243431002 0
vt 0.998893023 0.857227981 0
vt 0.99870801 1 0
vt 0.58970499 0.377463996 0
vt 0.566376984 0.337906986 0
vt 0 0.857227981 0
vt 0.999077022 0.714456022 0
vt 0 0.714456022 0
vt 0.999261975 0.571685016 0
vt 0 0.571685016 0
vt 0.999445975 0.428912997 0
vt 0 0.428912997 0
vt 0.999628007 0.28817299 0
vt 0 0.28817299 0
vt 0.614289999 0.106847003 0
vt 0 0.154026002 0
vt 0.593613029 0.0608069785 0
vt 0.835529983 0.00867199805 0
vt 0.148680001 0.169158906 0
vt 0.160857007 0 0
vt 0.148680001 0 0
vt 0 0.169158906 0
vt 0 0.265285999 0
vt 1 0.265284002 0
vt 1 0.169158906 0
vt 0 0.499181986 0
vt 1 0.499181986 0
vt 1 0.499996006 0
vt 0 0.660045028 0
vt 0 0.734708011 0
vt 0.749903977 0.734709024 0
vt 1 0.734709024 0
vt 1 0.830022991 0
vt 0.70213598 1 0
vt 0.749903977 1 0
vt 0.329932988 0.889504015 0
vt 0.249994904 0.885775983 0
vt 0.231132999 0.884865999 0
vt 0.499808997 1 0
vt 0.428817004 0.893814027 0
vt 0 0.830022991 0
vt 0.148680001 1 0
vt 0.312258989 0.125217006 0
vt 0.148084 0.0405769907 0
vt 0.186223999 0.0383579694 0
vt 0.312258989 0.0306039993 0
vt 0.501910985 0.122683004 0
vt 0.777220011 0.934316993 0
vt 0.806352019 0 0
vt 0.678070009 0 0
vt 0.60264802 0 0
vt 0.388336003 0.0257299505 0
vt 1 0.735505998 0
vt 0.491492987 0.999530971 0
vt 0.86093998 1 0
vt 0.833388984 0.657405019 0
vt 0.833388984 1 0
vt 0.86093998 0.657405019 0
vt 0.998537004 0.832396984 0
vt 0.811724007 1 0
vt 0.998215973 0.810275018 0
vt 0.99813199 0.804243028 0
vt 0.805837989 0.657405019 0
vt 0.805837989 1 0
vt 0.77828598 0.342682987 0
vt 0.805837989 0.342682987 0
vt 0.77828598 0.657405019 0
vt 0.750738025 0.342682987 0
vt 0.750738025 0.657405019 0
vt 0.77828598 1 0
vt 0.750738025 1 0
vt 0.997798026 0.776009977 0
vt 0.997539997 0.747839987 0
vt 0.750684977 1 0
vt 0.997539997 0.747784972 0
vt 0.72319001 0.657405019 0
vt 0.72319001 1 0
vt 0.749827027 0.747784972 0
vt 0.997376978 0.719720006 0
vt 0.695640981 1 0
vt 0.997300982 0.691793025 0
vt 0.695640981 0.657405019 0
vt 0.690250993 1 0
vt 0.997290015 0.686356008 0
vt 0.749827027 0.686356008 0
vt 0.695640981 0.342682987 0
vt 0.668093026 0.657405019 0
vt 0.72319001 0.342682987 0
vt 0.750738025 0 0
vt 0.72319001 0 0
vt 0.864639997 0.900358021 0
vt 0.791827977 0.946254015 0
vt 0.829451025 0.926118016 0
vt 0.695640981 0 0
vt 0.668093026 0.342682987 0
vt 0.668093026 0 0
vt 0.75266701 0.961506009 0
vt 0.640092015 0.342682987 0
vt 0.640092015 0 0
vt 0.640092015 0.657405019 0
vt 0.612091005 0.342682987 0
vt 0.612091005 0.657405019 0
vt 0.628929019 1 0
vt 0.640092015 1 0
vt 0.612091005 1 0
vt 0.99722898 0.624926984 0
vt 0.749827027 0.624926984 0
vt 0.997233987 0.636061013 0
vt 0.997183979 0.580379009 0
vt 0.997217 0.608161986 0
vt 0.997153997 0.563244998 0
vt 0.584089994 1 0
vt 0.584089994 0.657405019 0
vt 0.566762984 1 0
vt 0.584089994 0.342682987 0
vt 0.584089994 0 0
vt 0.612091005 0 0
vt 0.629181981 0.987820983 0
vt 0.670708001 0.981589973 0
vt 0.556088984 0 0
vt 0.587504029 0.992368996 0
vt 0.527933002 0 0
vt 0.997256994 0.664074004 0
vt 0.668093026 1 0
vt 0.96311301 0.744623005 0
vt 0.923224986 0.831220984 0
vt 0.896184981 0.868628025 0
vt 0.77828598 0 0
vt 0.986963987 0.649055004 0
vt 0.976688981 0.697736025 0
vt 0.86093998 0 0
vt 0.888490975 0.342682987 0
vt 0.888490975 0 0
vt 0.86093998 0.342682987 0
vt 0.833388984 0 0
vt 0.945508003 0.789457023 0
vt 0.833388984 0.342682987 0
vt 0.805837989 0 0
vt 0.499899 0.747784972 0
vt 0.68481499 0 0
vt 0.00182795501 0.242651001 0
vt 0.498077989 0.872470021 0
vt 0.676661015 0.977968991 0
vt 0.493741006 0.985805988 0
vt 0.493514001 0 0
vt 0.497703999 0 0
vt 0.670855999 0 0
vt 0.687745988 0.977536976 0
vt 0.68176502 0 0
vt 0.840031981 0 0
vt 0.844714999 0.972164989 0
vt 0.687745988 0.872366011 0
vt 0.235131994 0.976904988 0
vt 0.0171569493 0.527191997 0
vt 0.142462999 0.92465502 0
vt 0.0625270009 0.777216017 0
vt 0.0194749795 0.312987 0
vt 0.833338022 0.34265101 0
vt 0.833338022 0.657387972 0
vt 0.860924006 1 0
vt 0.833338022 0 0
vt 0.805751979 0.34265101 0
vt 0.805751979 0 0
vt 0.0482509695 0.218373999 0
vt 0.805751979 0.657387972 0
vt 0.778165996 0.34265101 0
vt 0.778165996 0 0
vt 0.0947849676 0.134764999 0
vt 0.125039905 0.100263998 0
vt 0.750660002 0 0
vt 0.723155022 0 0
vt 0.723155022 0.34265101 0
vt 0.750660002 0.34265101 0
vt 0.723155022 0.657387972 0
vt 0.750660002 0.657387972 0
vt 0.695649028 1 0
vt 0.738907993 1 0
vt 0.723155022 1 0
vt 0.995366991 0.732142985 0
vt 0.99553901 0.70449698 0
vt 0.749826014 0.748044014 0
vt 0.995296001 0.748044014 0
vt 0.99526 0.75990802 0
vt 0.995220006 0.787642002 0
vt 0.778165996 1 0
vt 0.750660002 1 0
vt 0.801344991 1 0
vt 0.778165996 0.657387972 0
vt 0.995225012 0.811040998 0
vt 0.995230019 0.815491974 0
vt 0.805751979 1 0
vt 0.995276988 0.843240976 0
vt 0.833338022 1 0
vt 0.995347977 0.870795012 0
vt 0.377427995 0.893435001 0
vt 0.481092989 0.897993028 0
vt 0.499897003 0.898810029 0
vt 0.273820996 0.888493001 0
vt 0.249928996 1 0
vt 0 0.829171002 0
vt 0.249928996 0.73517698 0
vt 0.499857992 0.73517698 0
vt 0.499857992 1 0
vt 0.557343006 1 0
vt 0.249994904 0.887301028 0
vt 0.749929011 0.73517698 0
vt 0.749929011 1 0
vt 1 0.829011023 0
vt 1 0.73517698 0
vt 1 0.658021986 0
vt 0 0.73517698 0
vt 0.152406007 0.658023 0
vt 0 0.499852985 0
vt 1 0.499980986 0
vt 0 0.829011023 0
vt 1 0.829171002 0
vt 0.936145008 1 0
vt 0.153898999 0.998735011 0
vt 0.521736026 0.990674019 0
vt 0.385713011 0 0
vt 0.527602017 0 0
vt 0.670018971 0.982306004 0
vt 0.581393003 0 0
vt 0.0989890024 1 0
vt 0.009330987 0.553062975 0
vt 0.00498098088 0.615272999 0
vt 0.00700497581 0.584019005 0
vt 0.398407012 1 0
vt 0.398407012 0.660066009 0
vt 0.34830001 1 0
vt 0.34830001 0.660066009 0
vt 0.298193008 1 0
vt 0.34830001 0.340344012 0
vt 0.298193008 0 0
vt 0.34830001 0 0
vt 0.398407012 0.340344012 0
vt 0.398407012 0 0
vt 0.448805988 0.340344012 0
vt 0.448805988 0.660066009 0
vt 0.448805988 1 0
vt 0.487470001 1 0
vt 0.499204993 0.660066009 0
vt 0.549605012 0.340344012 0
vt 0.549605012 0.660066009 0
vt 0.549605012 1 0
vt 0.499204993 1 0
vt 0.499204993 0.340344012 0
vt 0.499204993 0 0
vt 0.549605012 0 0
vt 0.448805988 0 0
vt 0.557416022 0.00806194544 0
vt 0.612345994 0.0260829907 0
vt 0.0182359796 0.46124801 0
vt 0.0149609996 0.491540998 0
vt 0.0142409801 0.498643011 0
vt 0.01198697 0.522167981 0
vt 0.666643023 0.0608530007 0
vt 0.700312972 1 0
vt 0.528337002 1 0
vt 0.55003798 1 0
vt 0.556478024 1 0
vt 0.996397972 0.594231009 0
vt 0.996577978 0.566859007 0
vt 0.584394991 1 0
vt 0.612311006 1 0
vt 0.996199012 0.621694028 0
vt 0.613086998 1 0
vt 0.503494978 0.997994006 0
vt 0.499776989 0 0
vt 0.0835219622 0 0
vt 0.0296179596 0.712053001 0
vt 0.0177359506 0.663969994 0
vt 0.111363001 0 0
vt 0.0447349511 0.758400023 0
vt 0.249994904 0.125994995 0
vt 0.377173007 0.106895 0
vt 0.00182294799 0.192205995 0
vt 0.0340679809 0.125994995 0
vt 0.169715002 0.117178999 0
vt 0.00646299077 0.150284007 0
vt 0.249994904 0.113015004 0
vt 0.273461998 0.111841001 0
vt 0.443585992 1 0
vt 0.250072002 1 0
vt 0.500144005 1 0
vt 0.750072002 1 0
vt 1 0.659723997 0
vt 0.950523019 1 0
vt 0.160348997 1 0
vt 0.00067899999 0.224681005 0
vt 0.00255995896 0.178004995 0
vt 0.160348997 0.65802598 0
vt 0.00382697489 0.163948998 0
vt 0.319027007 1 0
vt 0.160348997 0.341827989 0
vt 0.319027007 0.65802598 0
vt 0.160348997 0 0
vt 0.101057999 0.960411012 0
vt 0.473410994 1 0
vt 0.473410994 0.65802598 0
vt 0.614574015 0.499927014 0
vt 0.614574015 0.65802598 0
vt 0.614574015 0.82901299 0
vt 0.730705976 0.499927014 0
vt 0.730705976 0.65802598 0
vt 0.730705976 0.82901299 0
vt 0.848197997 0.82901299 0
vt 0.848197997 0.65802598 0
vt 0.730705976 1 0
vt 0.806113005 1 0
vt 0.0122239497 0.138007894 0
vt 0.0230090003 0.129385993 0
vt 0.614574015 1 0
vt 1 0.82901299 0
vt 1 0.65802598 0
vt 1 0.734862983 0
vt 0 0.734863997 0
vt 0.848197997 1 0
vt 0.0659529492 0.122896999 0
vt 0.0408579707 0.124917001 0
vt 0.000174999994 0.252016008 0
vt 1 0.829222023 0
vt 0.480942994 0.102332003 0
vt 9.99999997e-07 1 0
vt 1 0.499983013 0
vt 0 0.500159979 0
vt 1 0.734863997 0
vt 1 0.265112013 0
vt 0 0.265109986 0
vt 1 0.170937002 0
vt 0.750072002 0 0
vt 0.504269004 0.994437993 0
vt 0.559285998 0.993911982 0
vt 0.668622971 0.948292017 0
vt 0.61422199 0.978693008 0
vt 0.551407993 0 0
vt 0.551407993 0.339962989 0
vt 0.601810992 0 0
vt 0.501003981 0.339962989 0
vt 0.501003981 0 0
vt 0.450599998 0.339962989 0
vt 0.501003981 0.659723997 0
vt 0.450599998 0.659723997 0
vt 0.400195986 0.659723997 0
vt 0.400195986 1 0
vt 0.450599998 1 0
vt 0.0179809891 0.539780021 0
vt 0.0145519897 0.509401023 0
vt 0.501003981 1 0
vt 0.513939977 1 0
vt 0.01373797 0.501564026 0
vt 0.551407993 0.659723997 0
vt 0.601810992 0.339962989 0
vt 0.400195986 0.339962989 0
vt 0.349931002 1 0
vt 0.349931002 0.339962989 0
vt 0.349931002 0.659723997 0
vt 0.400195986 0 0
vt 0.349931002 0 0
vt 0.394432008 0.952979028 0
vt 0.340075999 0.91099 0
vt 0.299665987 0 0
vt 0.449267 0.980783999 0
vt 0.450599998 0 0
vt 0.308228999 1 0
vt 0.299665987 0.659723997 0
vt 0.299665987 0.339962989 0
vt 0.299665987 1 0
vt 0.65188098 0 0
vt 0.701951981 0 0
vt 0.000129999986 0.257142991 0
vt 0.000228999997 0.289397001 0
vt 0.443466008 1 0
vt 0.471621007 1 0
vt 0.996787012 0.470156014 0
vt 0.996621013 0.443122 0
vt 0.996927977 0.497110993 0

# 5429 vertex normals
vn 0.383902401 0.461099893 0.800003588
vn 0.272475392 -0.033815477 0.961568415
vn 0.477590114 0.368692189 0.797479689
vn 0.570782304 0.688709736 0.447086722
vn 0.473285913 0.753570855 0.456214517
vn 0.513484716 0.733448446 0.445406526
vn 0.310102999 0.49460879 0.811910272
vn 0.307998002 0.489710987 0.815671861
vn 0.171698406 0.088880375 0.981131971
vn 0.171890303 0.0888903365 0.981097519
vn 0.136108801 0.0128735993 0.990610301
vn 0.0477975011 0.0755931884 0.995992601
vn -0.00609982014 -0.00979505293 0.999933481
vn 0.297108889 -0.129009143 0.946088314
vn 0.0806979537 -0.110406063 0.990605116
vn 0.274007112 -0.035585735 0.961069107
vn 0.543097019 -0.339701712 0.767885745
vn 0.531321228 -0.385604024 0.754325867
vn 0.254697591 -0.304985851 0.917667031
vn 0.509370327 -0.416908413 0.752814353
vn 0.520207524 -0.278685123 0.80729115
vn 0.525310218 -0.283404619 0.802328527
vn 0.708352506 0.172194496 0.684533298
vn 0.709689617 0.587978244 0.38810119
vn 0.915789723 0.0145816151 0.401393414
vn 0.904906273 0.00224946858 0.42560479
vn 0.833502829 0.503136814 0.228311986
vn 0.532211006 0.846611917 0.000107367923
vn 0.532093883 0.84668541 3.66952281e-06
vn 0.836021483 0.497433066 0.23157838
vn 0.869294822 0.47628516 0.132208571
vn 0.973218977 -0.0222018082 0.228805095
vn 0.993422806 -0.0341138989 0.109304093
vn 0.535179675 0.844737589 0.00111528055
vn 0.880797982 0.469268411 0.0631032065
vn 0.532001972 0.846743107 9.53414419e-05
vn 0.532205522 0.846615314 -0.000121120065
vn 0.532187879 0.846626401 9.88730317e-05
vn 0.532096028 0.846683979 9.42283441e-05
vn 0.532203913 0.846616328 7.89874321e-05
vn 0.532206476 0.84661448 0.00010324693
vn 0.532203078 0.846616805 0.000117700925
vn 0.532207727 0.846613884 9.80666227e-05
vn 0.532203972 0.846616209 9.9366327e-05
vn 0.438388497 0.780781567 -0.445191771
vn 0.532209575 0.846612811 0.000103931932
vn 0.531707823 0.846927881 9.06252753e-05
vn 0.532290518 0.846561909 0.000311519922
vn 0.478726894 0.751596332 -0.453787893
vn 0.249212399 0.546097338 -0.799794316
vn 0.373184413 0.813017786 -0.446917892
vn 0.473794699 0.753084362 -0.456489474
vn 0.125086695 0.590431631 -0.797335505
vn 0.222285599 0.894460261 -0.387981951
vn 0.532202303 0.846617281 9.03495311e-05
vn 0.532104909 0.846678376 6.79876166e-06
vn 0.532403827 0.846490622 0.000193807908
vn 0.0931815505 0.968432784 -0.231203839
vn 0.0522995517 0.990107 -0.13020353
vn 0.0871099234 0.96837467 -0.233800441
vn -0.442302704 0.868001878 -0.225701869
vn -0.373302191 0.834875584 -0.40451014
vn -0.151593402 0.712989092 -0.684591889
vn -0.374636412 0.834127486 -0.404819757
vn -0.4762052 0.348030329 -0.80752933
vn -0.482791603 0.350591511 -0.802494764
vn -0.818186402 0.51250416 -0.260596901
vn -0.748239815 0.470211804 -0.468015224
vn -0.757394791 0.461129576 -0.462290615
vn -0.851985216 0.507579327 -0.128392011
vn -0.840064824 0.527554512 -0.12640211
vn -0.761204183 0.455396891 -0.461716354
vn -0.541422307 0.342306405 -0.767911613
vn -0.69541198 0.413508803 -0.58771807
vn -0.618887007 -0.707989275 0.340191573
vn -0.619889021 -0.704871535 0.344809592
vn -0.586511075 -0.746682763 0.313798785
vn -0.465627998 -0.881154299 -0.082206443
vn -0.466591388 -0.880719006 -0.0814045221
vn -0.465664297 -0.881131172 -0.0822472125
vn -0.570481002 0.322891533 -0.755177259
vn -0.76589489 0.447900802 -0.461291552
vn -0.479904413 -0.874417424 -0.0713163242
vn -0.4809964 -0.874096572 -0.0678071529
vn -0.818514407 0.475482672 -0.322413623
vn -0.470333904 -0.878727078 -0.0813926607
vn 0.311789691 -0.103703342 -0.944474876
vn 0.278505802 -0.162394851 -0.946605802
vn 0.304808587 -0.120993443 -0.944697022
vn -0.791874707 0.458304971 -0.403597713
vn -0.874593318 0.357702553 -0.32731545
vn -0.81989789 0.473310649 -0.322093815
vn -0.486739308 -0.868668199 -0.0921985134
vn -0.486845106 -0.868759811 -0.0907663926
vn 0 1.62920998e-07 -1
vn 0.353951097 -0.0251895376 -0.934924722
vn 0.261420697 -0.186531752 -0.94702965
vn 0.304351807 -0.115032241 -0.945588529
vn 0.264218986 -0.19813545 -0.943891287
vn 0.279929698 -0.16901505 -0.945025504
vn -0.410948604 -0.906212628 -0.0994989499
vn -0.400994688 -0.909884512 -0.10636545
vn -0.407096297 -0.907647729 -0.102217749
vn 0.278904915 -0.161785245 -0.946592629
vn 0.162911505 -0.357284963 -0.919677854
vn 0.295519799 -0.130003244 -0.946449816
vn 0.233989194 -0.240679055 -0.941978037
vn -0.70094949 -0.694151998 -0.163776919
vn -0.663723171 -0.742513597 -0.0902510807
vn -0.680672288 -0.722647488 -0.120274819
vn -0.449405193 -0.891187727 -0.0618012138
vn -0.447354406 -0.892087817 -0.0636672601
vn -0.447297007 -0.892106414 -0.0638104901
vn 0.275289208 -0.168009251 -0.94656682
vn 0.273418099 -0.17120865 -0.946536005
vn 0.279585689 -0.16048485 -0.946613073
vn -0.468117386 -0.882453024 -0.0462920852
vn -0.467482805 -0.882789314 -0.0462920852
vn 0.330664486 -0.091613315 -0.939291179
vn 0.303667307 -0.131886452 -0.943606019
vn 0.221732095 -0.256438553 -0.940783978
vn 0.263251603 -0.187559545 -0.946319282
vn 0.248582304 -0.212591648 -0.944993079
vn -0.513630629 -0.857759476 -0.02079482
vn -0.513715982 -0.857762694 -0.0184136201
vn -0.513582289 -0.857804716 -0.020110799
vn 0.274393797 -0.168606356 -0.946720719
vn 0.284613609 -0.152091146 -0.946500719
vn 0.2794213 -0.160625458 -0.946637928
vn -0.497132003 -0.86425221 -0.0769937187
vn -0.497478992 -0.864156604 -0.0758175999
vn -0.497287095 -0.864217401 -0.0763796121
vn 0.298182011 -0.128099158 -0.945874214
vn 0.296539605 -0.130996451 -0.945993721
vn 0.296619087 -0.130993545 -0.945969284
vn -0.467309713 -0.877705276 -0.10609024
vn -0.467209905 -0.877707124 -0.106514439
vn -0.46731469 -0.877701819 -0.106097639
vn 0.242660493 -0.223157153 -0.944095731
vn 0.276007205 -0.167827547 -0.946389914
vn 0.260074794 -0.19457525 -0.945781052
vn -0.517415881 -0.854393482 -0.0478808992
vn -0.517490029 -0.854546905 -0.0442022793
vn -0.517410994 -0.854498327 -0.0460273176
vn 0.252387494 -0.205733851 -0.945502162
vn 0.287865996 -0.145190656 -0.946600676
vn 0.270472795 -0.175464749 -0.946602702
vn -0.513607204 -0.855203986 -0.069525674
vn -0.513092577 -0.855743706 -0.0666240603
vn -0.513283312 -0.855521083 -0.0679989606
vn 0.309513807 -0.107928142 -0.944750071
vn 0.2245498 -0.250254452 -0.941780388
vn 0.268760711 -0.178152353 -0.946588397
vn -0.418896794 -0.907737792 -0.0231890269
vn -0.407382607 -0.912799776 -0.0289174598
vn -0.413480699 -0.910147488 -0.0257939398
vn 0.2512196 -0.208829254 -0.94513458
vn 0.287907094 -0.147662044 -0.946205914
vn 0.270109087 -0.177924752 -0.94624728
vn -0.514671803 -0.854749024 -0.0672103316
vn -0.514693618 -0.854989171 -0.0639059097
vn -0.514680922 -0.854876578 -0.065494433
vn 0.280853212 -0.169225156 -0.94471401
vn 0.333730906 -0.0716819912 -0.939939022
vn 0.308955908 -0.118496045 -0.943665683
vn -0.570698023 -0.806532025 -0.154305339
vn -0.561590195 -0.817314208 -0.128895536
vn -0.565933824 -0.81244117 -0.140207827
vn 0.310541511 -0.101960346 -0.945075691
vn 0.286362708 -0.141468257 -0.947619677
vn 0.299064994 -0.120844141 -0.946550012
vn -0.475905299 -0.873240888 -0.104711741
vn -0.476001114 -0.873161018 -0.104941845
vn -0.476035297 -0.873205781 -0.104412839
vn 0.236697093 -0.237046644 -0.942222536
vn 0.203647107 -0.293279558 -0.934085071
vn 0.220472693 -0.264992565 -0.938706934
vn -0.463856012 -0.884232402 0.0545054339
vn -0.465443611 -0.883368075 0.054980725
vn -0.46492061 -0.883607209 0.0555627048
vn 0.200029001 -0.286989242 -0.936816752
vn 0.289793909 -0.133235753 -0.94776988
vn 0.246314496 -0.210301057 -0.946098685
vn -0.495181888 -0.867590308 -0.0456280932
vn -0.493909597 -0.868193984 -0.0478820428
vn -0.494882494 -0.867757499 -0.0456976518
vn -0.73480612 -0.673172414 -0.0830603689
vn -0.671933711 -0.738128722 -0.0605919287
vn -0.699978113 -0.710876226 -0.068452768
vn 0.00714802695 -0.49403736 -0.86941123
vn 0.371168703 0.0117926905 -0.928490579
vn 0.208196297 -0.244847044 -0.946944773
vn 0.353590995 0.00100681442 -0.935399711
vn 0.150356099 -0.372751653 -0.915668786
vn 0.309895486 -0.0790155753 -0.947481573
vn -0.257323891 -0.966225028 0.0139156729
vn -0.125194401 -0.992122889 -0.00430790754
vn -0.173894703 -0.984764278 -1.60438773e-07
vn 0 0 0
vn 0.793361187 -0.109195702 -0.598877609
vn 0 -1.62920998e-07 1
vn -0.890182674 0.43349424 -0.140204728
vn -0.874734879 0.356801659 -0.32791993
vn -0.896639705 0.336627245 -0.287610143
vn -0.888293087 0.334708065 -0.31449315
vn 0.0678097606 -0.587067962 -0.806692719
vn -0.881195128 0.343802065 -0.324492455
vn -0.893979788 0.331880063 -0.301091254
vn -0.150398701 -0.858921051 -0.489525139
vn -0.149794996 -0.858476341 -0.490489364
vn -0.325709313 -0.942687213 -0.0724869072
vn -0.88356179 0.23289746 -0.406297266
vn -0.887978792 0.336381465 -0.313593835
vn -0.880928874 0.345313668 -0.323609143
vn -0.893703222 0.333697349 -0.299901336
vn 0.067210488 -0.588020504 -0.80604881
vn -0.325291514 -0.942762017 -0.0733850971
vn -0.89656502 0.337782264 -0.28648603
vn -0.432616711 -0.804314435 0.407334179
vn -0.939329386 0.234108239 -0.250706166
vn -0.889712572 0.434199929 -0.141003326
vn -0.445307612 -0.764315069 0.466394573
vn -0.445415109 -0.764723837 0.465620786
vn -0.43379581 -0.801399231 0.411801577
vn -0.445097297 -0.762598574 0.46939528
vn -0.444685489 -0.760363579 0.473394394
vn -0.927606821 0.353385627 -0.12109594
vn -0.88706708 0.446070343 -0.118883625
vn -0.932869971 0.325104624 -0.15511474
vn -0.902813673 0.429908514 -0.01030521
vn -0.871709406 0.489919513 -0.0100955702
vn -0.422907501 -0.738818884 0.524686456
vn -0.421173513 -0.73579675 0.530298173
vn -0.871443212 0.490381807 -0.0106081096
vn -0.889073074 0.438592643 -0.13109453
vn -0.870488226 0.492189497 -1.48061117e-05
vn -0.491755992 -0.870732725 -0.000818865781
vn -0.491733193 -0.870746017 -0.000397827855
vn -0.430772096 -0.752419055 -0.498298228
vn -0.871483028 0.490311205 0.0106025496
vn -0.444600105 -0.760275066 -0.473616511
vn -0.428100407 -0.74979347 -0.504519641
vn -0.445100397 -0.762413919 -0.469692409
vn -0.851985991 0.507578075 0.128391594
vn -0.889065504 0.43857798 0.131194472
vn -0.818514407 0.475418836 0.32250759
vn -0.761279404 0.45527792 0.461709648
vn -0.757477105 0.461002022 0.462283075
vn -0.817349911 0.511890113 0.264400691
vn -0.839916527 0.527718782 0.126701295
vn -0.8901878 0.433489859 0.140186772
vn -0.441824704 0.86735332 0.229105234
vn -0.461289793 0.8804546 0.109597042
vn -0.835320115 0.535881221 0.122767687
vn -0.846420228 0.532515705 9.38690573e-05
vn -0.467104107 0.884202302 0.000400426041
vn 0.0376927815 0.999289393 0.000300497806
vn -0.461288512 0.880504906 -0.109198757
vn -0.833213091 0.53860867 -0.125126004
vn 0.0411847793 0.997169793 -0.0628994182
vn 0.0411854312 0.997144103 0.0633057132
vn 0.532073677 0.846698105 0.000108410946
vn 0.53239888 0.846493602 0.000112368907
vn 0.532294214 0.846559525 9.14150223e-05
vn 0.529315174 0.848424673 0.00101013819
vn 0.532276511 0.846570671 -0.000103835067
vn 0.0524072014 0.989823818 0.13229686
vn 0.0827260613 0.967858136 0.237501666
vn -0.382494807 0.830709219 0.40449965
vn 0.0935087204 0.965812743 0.241789058
vn -0.748699725 0.470395803 0.467093676
vn -0.391006291 0.826152861 0.405691653
vn -0.157001406 0.709103167 0.687403321
vn -0.476391107 0.348295569 0.807305276
vn 0.121475197 0.586101472 0.80107981
vn 0.219607994 0.894022644 0.390507251
vn -0.483199596 0.35071978 0.802193284
vn -0.541395903 0.342190772 0.767981887
vn -0.150885493 0.231491432 0.961064637
vn -0.244906604 0.211807355 0.94612813
vn -0.1483832 0.230817437 0.961616278
vn -0.596325278 0.278196871 0.752995789
vn -0.577776372 0.311584175 0.754380345
vn -0.384984314 0.0973167121 0.917778015
vn -0.0473003313 0.128299832 0.990606785
vn -0.134190604 0.0250003487 0.990640104
vn -0.782329023 0.420278609 0.459703445
vn -0.777999818 0.432706833 0.45550105
vn -0.803512573 0.378323197 0.459607661
vn -0.782112598 0.431432337 0.44962877
vn -0.775195897 0.433090597 0.459895462
vn -0.57066381 0.322778583 0.755087435
vn 0.453710794 0.888251483 -0.0718041956
vn 0.608500719 0.704423845 0.365395814
vn 0.550779819 0.8186391 0.16270113
vn -0.781159699 0.435582548 0.447277874
vn 0.563116372 0.802820444 0.195906237
vn -0.790685892 0.457610548 0.406704485
vn -0.787000775 0.436799735 0.43570146
vn 0.455426514 0.887616992 -0.0687230602
vn 0.219411597 0.857000351 -0.46627146
vn 0.206397593 0.850676835 -0.483475745
vn -0.0718922019 0.62068069 -0.780760407
vn -0.0616435409 0.631551504 -0.772879601
vn -0.800998807 0.431080729 0.415416062
vn -0.788310289 0.437421232 0.432700247
vn -0.795959413 0.435786545 0.42016536
vn -0.779869616 0.434795529 0.450284749
vn -0.36589551 0.196578652 -0.909657836
vn -0.4016864 0.114613846 -0.908576727
vn -0.3884992 0.156812251 -0.908007979
vn -0.812188208 0.356394708 0.461880267
vn -0.867638588 0.269626945 0.417737633
vn -0.365708798 0.197107852 -0.909618318
vn -0.798732221 0.43063274 0.420216948
vn -0.882387698 0.232486442 0.409074724
vn -0.865705907 0.269214153 0.421991825
vn -0.217787802 0.436922848 -0.872735441
vn -0.796773612 0.433484226 0.421002954
vn -0.904006124 -0.231998056 0.35909608
vn -0.911913812 0.0264661238 0.40952751
vn -0.933454573 0.150708035 0.325498819
vn -0.892593622 0.0680838674 0.445691794
vn -0.864265919 0.232300326 0.446185142
vn -0.895115316 0.0699907318 0.440306693
vn -0.866781116 0.240280822 0.436985016
vn -0.875089288 0.357796133 0.32588467
vn -0.88138181 0.345285952 0.322402954
vn -0.896401882 0.338201433 0.286502153
vn -0.939391792 0.233982354 0.250590324
vn -0.893739104 0.333798438 0.299681664
vn -0.899221599 0.0670847744 0.432319611
vn -0.904473007 0.0577934235 0.422597408
vn -0.909267187 0.0430960543 0.413975686
vn -0.888288319 0.336398631 0.312697768
vn -0.910923302 0.0348785445 0.411098897
vn -0.868221521 0.248217627 0.42962712
vn -0.93279171 0.163896039 0.32099542
vn -0.933475912 0.17310515 0.314097941
vn -0.867894471 0.258799851 0.424007118
vn 0.325670987 0.840569615 0.432875544
vn 0.309316397 0.847060442 0.432217836
vn 0.307788014 0.851169944 0.425178051
vn -0.889728606 0.434198171 0.140908375
vn -0.932900906 0.325110376 0.154916555
vn 0.35710451 0.812208354 0.461295933
vn 0.357292712 0.817293167 0.452077419
vn -0.9851107 0.136127979 0.105006419
vn -0.931885004 0.179397956 0.315288544
vn -0.933718383 0.323194176 0.153998464
vn -0.9331128 0.146493644 0.328390539
vn -0.931608975 0.15889594 0.326889843
vn -0.931203902 0.170803234 0.322002739
vn 0.356306702 0.615003109 0.703432202
vn -0.985571325 -0.094397679 0.140493289
vn -0.993694127 -0.0458988063 0.102300994
vn -0.997395515 0.0713127777 0.0108081708
vn -0.99698633 0.0775791407 -9.71391637e-05
vn -0.903130114 0.429233611 0.0107047595
vn -0.924683571 0.366375059 0.103583157
vn -0.985090375 0.136202008 -0.105099678
vn 0.369805813 0.799216449 0.473810911
vn 0.366507202 0.80801034 0.461293608
vn 0.370604306 0.766600549 0.524381399
vn 0.370373994 0.766164064 0.525181711
vn -0.927564502 0.35346368 0.121192262
vn -0.887040019 0.446118385 0.118905872
vn -0.90280962 0.429910004 0.0106046796
vn -0.871719778 0.489892095 0.0105055105
vn 0.431988001 0.901879191 0.000593885896
vn -0.901587129 0.432597786 0.000200293463
vn 0.376892 0.780488133 -0.498789489
vn 0.43170771 0.902013481 0.000497097964
vn 0.3770006 0.780697644 -0.498379081
vn -0.903137505 0.429218501 -0.0106933005
vn -0.902020693 0.431692898 -8.5540313e-07
vn 0.369825304 0.799326837 -0.473609477
vn -0.924659371 0.366401732 -0.103705443
vn 0.366599292 0.808090687 -0.461079687
vn 0.357108891 0.812320173 -0.461095691
vn -0.933695972 0.323209226 -0.154103145
vn 0.357295811 0.817399979 -0.451881677
vn -0.931827188 0.17949824 -0.315402061
vn 0.325701386 0.840699852 -0.432599545
vn 0.302807599 0.863422573 -0.403495848
vn 0.301895887 0.865512431 -0.399683565
vn 0.356493086 0.615280628 -0.703094959
vn -0.9315148 0.159001753 -0.327106684
vn -0.93112731 0.171008855 -0.322114766
vn -0.933205605 0.146503761 -0.328122169
vn 0.324613094 -0.0481792279 -0.944619
vn 0.327896208 -0.0277084857 -0.944307387
vn 0.362085998 0.327109963 -0.872864723
vn 0.324192494 -0.0516823158 -0.94457829
vn -0.985557318 -0.0943973362 -0.140591308
vn -0.93354851 0.144809455 -0.327898771
vn 0.361830413 0.317429751 -0.876537025
vn -0.904820621 -0.232206643 -0.356903344
vn -0.932967305 0.150683254 -0.326904774
vn -0.934735715 0.135718852 -0.328404874
vn -0.932399273 0.163988858 -0.322085977
vn 0.355399311 0.624701619 -0.695297956
vn -0.93309921 0.173310548 -0.315102577
vn -0.914389729 0.0264075454 -0.403973103
vn -0.933870077 -0.307176679 -0.183109552
vn -0.94695133 -0.280916959 -0.156105548
vn -0.937182426 -0.221381158 -0.26959154
vn -0.936561525 -0.177884862 -0.302009434
vn -0.934881687 -0.194096461 -0.29719162
vn -0.896645606 -0.258173645 -0.359684616
vn -0.902201176 -0.229345247 -0.365285933
vn -0.89202559 -0.27459693 -0.359008163
vn -0.856138408 -0.404891938 -0.321075946
vn -0.838439524 -0.41990754 -0.347414672
vn -0.934405625 -0.208101153 -0.289102435
vn -0.93509692 -0.217888951 -0.279496223
vn 0.353395402 -0.37209174 -0.858288646
vn 0.353604913 -0.376677155 -0.856199861
vn 0.35131219 -0.721799254 -0.5963099
vn 0.352807492 -0.710910976 -0.608385146
vn 0.292086899 -0.928676248 -0.228573143
vn 0.295497388 -0.92386663 -0.243211448
vn -0.932685316 -0.214603856 -0.289902329
vn -0.935642719 -0.182495356 -0.302106529
vn -0.93355912 -0.199601352 -0.297702432
vn -0.933320582 -0.224615857 -0.280108035
vn -0.938276827 -0.225593358 -0.262191623
vn -0.935397208 -0.228208348 -0.270097941
vn 0.201893896 -0.971687973 0.122724243
vn 0.0162351094 -0.879239261 0.476103753
vn 0.0672072694 -0.862428963 0.501696587
vn 0.0751003623 -0.872787356 0.48228845
vn 0.0130955502 -0.870724142 0.491597354
vn -0.940116227 -0.218498051 -0.261610836
vn -0.985090673 -0.0989935696 -0.140700608
vn 0.00229775906 -0.879162669 0.476516336
vn -0.965352714 -0.235789582 -0.111792341
vn -0.990169883 -0.0740168989 -0.118681014
vn -0.99259001 -0.121082902 -0.0102051096
vn -0.160602897 0.858326674 -0.487321258
vn -0.0968010426 0.859457135 -0.501959383
vn -0.0982970521 0.868006766 -0.486725837
vn -0.162430793 0.849963963 -0.501176178
vn -0.182081506 0.851497352 -0.491730154
vn -0.834461927 -0.541862726 -0.100290887
vn -0.992921472 -0.1183073 -0.0104990192
vn -0.959884822 -0.252793282 -0.121312842
vn -0.930525303 -0.317515373 -0.182501346
vn -0.188505396 0.845032573 -0.500385702
vn -0.217189699 0.843184471 -0.491801351
vn -0.190704495 0.848007739 -0.494484454
vn -0.833903491 -0.421510428 -0.356277853
vn -0.227987796 0.834743738 -0.501222908
vn -0.817502975 -0.460917443 -0.345317394
vn -0.833234489 -0.421800226 -0.357498258
vn -0.226609096 0.834830165 -0.501704156
vn -0.232892394 0.839844048 -0.490329564
vn -0.335296005 0.80623287 -0.487406671
vn -0.703584671 -0.404310107 -0.58438164
vn -0.378996402 0.79727906 -0.469795495
vn -0.727689505 -0.535195053 -0.428992301
vn -0.641510189 -0.369796872 -0.672097445
vn -0.83753258 -0.42302683 -0.345814168
vn -0.796184778 -0.512011051 -0.322388977
vn -0.596385419 -0.176404461 -0.783074617
vn -0.663082421 -0.30019629 -0.685714364
vn -0.326088697 -0.203301758 -0.923219681
vn -0.606603622 -0.596194267 -0.525913
vn 0.540807426 -0.690602481 0.480203867
vn 0.483801305 -0.724596679 0.490811586
vn 0.474096209 -0.720987678 0.505380809
vn -0.680970788 -0.636082053 -0.362875491
vn 0.575408697 -0.675833166 0.460602283
vn 0.576219976 -0.675135732 0.460610777
vn -0.537899375 -0.54387486 -0.644099534
vn -0.660075486 -0.700695217 -0.270788729
vn -0.726797581 -0.634298325 -0.263497502
vn -0.696314514 -0.657199144 -0.288505524
vn -0.604015827 -0.751378953 -0.265696704
vn -0.652054727 -0.707480967 -0.272571921
vn 0.446185887 -0.732067287 0.514777303
vn 0.442904115 -0.73000747 0.520504773
vn 0.452384889 -0.732175589 0.509182572
vn -0.752744198 -0.619683266 -0.222191304
vn -0.718896091 -0.628898919 -0.296098888
vn -0.712427974 -0.637320936 -0.293714702
vn -0.809388876 -0.478707045 -0.340189785
vn -0.710881114 -0.697986007 -0.0863924548
vn -0.706268728 -0.701691508 -0.0938811824
vn -0.654167891 -0.735179424 -0.177695513
vn -0.664479077 -0.71940124 -0.202310324
vn 0.45399639 -0.733099461 0.506411552
vn 0.167100802 0.146594271 -0.974980772
vn 0.122089602 0.162612066 -0.979107618
vn 0.171506196 0.141198367 -0.975012124
vn 0.126789704 0.158311069 -0.979215026
vn 0.500211179 -0.223709568 -0.836506367
vn -0.652001202 -0.735378563 -0.184696525
vn -0.657868207 -0.726347029 -0.199071214
vn 0.58179462 -0.639302969 0.502799094
vn 0.743796229 -0.667610824 0.0326026119
vn 0.743301213 -0.668002307 0.0357264318
vn 0.581164777 -0.638955832 0.503967106
vn -0.653232217 -0.732248127 -0.192614719
vn 0.720814526 -0.523418665 -0.454378098
vn 0.721694827 -0.525295436 -0.450800896
vn -0.597730219 -0.766537964 -0.234814912
vn -0.654500008 -0.734907091 -0.177598923
vn -0.652315378 -0.735097229 -0.184707224
vn -0.653621078 -0.731905162 -0.192599118
vn -0.578360677 -0.792669415 -0.192805827
vn -0.431431293 -0.87103194 -0.234884143
vn -0.516866505 -0.822979927 -0.235697135
vn -0.597276211 -0.765288651 -0.239988416
vn -0.649573028 -0.718683958 -0.248089224
vn -0.658201516 -0.726007819 -0.199206918
vn -0.664675117 -0.719171524 -0.202483222
vn -0.585508823 -0.787790656 -0.191220835
vn -0.591009378 -0.784902751 -0.18610613
vn -0.602911711 -0.780004203 -0.167604432
vn -0.302180588 0.431042552 -0.850228965
vn -0.304542691 0.432247043 -0.84877342
vn 0.113508403 0.15548937 -0.981294513
vn -0.644129515 0.598026872 -0.47692892
vn 0.1122168 0.156484559 -0.981284916
vn 0.101514503 0.161522165 -0.98163408
vn -0.530984581 -0.845174015 -0.0611249395
vn -0.578522027 -0.79262042 -0.192522541
vn -0.522200584 -0.831204236 -0.190803841
vn -0.59101522 -0.784924269 -0.185997531
vn -0.585699379 -0.787703335 -0.190996528
vn -0.646728277 0.598939061 -0.472244114
vn -0.631015182 0.59481436 -0.498011708
vn -0.622052073 0.598556578 -0.504758596
vn -0.648724973 -0.754956782 -0.0958972573
vn -0.623214185 0.599195063 -0.502562761
vn -0.620727479 0.601413369 -0.502990365
vn -0.618713677 0.601741135 -0.505075276
vn -0.668196917 -0.741183281 -0.0645002127
vn -0.614301324 0.61070317 -0.499675721
vn -0.612973809 0.609476268 -0.502793968
vn -0.702138722 -0.712005913 -0.00699913083
vn -0.710233271 0.703966379 0.000218774672
vn -0.702123404 -0.712022901 0.0068057212
vn -0.703986526 -0.710213423 -9.96974049e-05
vn -0.710362911 0.703835726 9.11959723e-05
vn -0.754678071 -0.656055808 0.00719464989
vn -0.701266527 -0.712864876 -0.00699841604
vn -0.702984273 -0.711205304 -9.91228662e-05
vn -0.601902008 0.598510623 0.528676808
vn -0.603414595 0.599926531 0.5253371
vn -0.701258481 -0.712875724 0.00668859808
vn -0.754471123 -0.656293809 -0.00720326789
vn 0.572094619 -0.646499455 -0.504724026
vn 0.561873376 -0.657062232 -0.502561033
vn 0.563512504 -0.658906341 -0.49829343
vn -0.714009821 -0.69573462 0.0783812404
vn 0.650942683 -0.759127021 7.01194267e-06
vn 0.650989413 -0.759086788 1.25706292e-05
vn -0.756256819 -0.654274821 -0.000100740595
vn -0.714000881 -0.695720315 -0.078587465
vn 0.55750078 -0.652289569 0.513528287
vn 0.550975978 -0.644860744 0.529698074
vn 0.571639419 -0.646875083 0.504758358
vn -0.757210076 -0.653129578 -0.0073869098
vn -0.759098709 -0.650975823 -0.000103036051
vn 0.571593225 -0.644907832 0.507321358
vn -0.662013829 -0.745739818 -0.0748992488
vn -0.705289304 -0.702673495 -0.0938993618
vn 0.573551476 -0.645023584 0.504958808
vn -0.64912802 -0.75460732 -0.0959195569
vn 0.572424114 -0.644069076 0.507450402
vn 0.571635306 -0.64476794 -0.507451892
vn -0.757267475 -0.653065026 0.00720561761
vn -0.834447086 -0.541920483 0.100101307
vn -0.710957408 -0.697931111 0.086207509
vn -0.930573702 -0.317490935 0.182297349
vn -0.959899724 -0.252791137 0.121199057
vn -0.992909312 -0.118419699 0.0103993807
vn -0.752805889 -0.619679987 0.22199139
vn -0.718885779 -0.629007638 0.295893222
vn -0.809481978 -0.478685349 0.339998901
vn -0.817611217 -0.460808456 0.345206618
vn -0.8338902 -0.421597362 0.356206149
vn -0.217213303 0.843121052 0.491899759
vn -0.221283406 0.83560133 0.502796531
vn -0.224607706 0.835018814 0.502289832
vn -0.188599393 0.844898164 0.500577033
vn -0.833270311 -0.421805054 0.357408732
vn -0.233027905 0.83975035 0.490425855
vn -0.335575104 0.806075335 0.487475008
vn -0.703506589 -0.404408395 0.584407747
vn -0.727720678 -0.535215557 0.428913623
vn -0.641591311 -0.370003521 0.671906233
vn -0.379209995 0.797112346 0.46990633
vn -0.837580979 -0.423277646 0.345389634
vn -0.837131202 -0.419103354 0.351516336
vn -0.796232581 -0.512109578 0.322114199
vn -0.596277773 -0.176397428 0.783158302
vn -0.663056016 -0.300378025 0.685660243
vn -0.325890601 -0.203293145 0.923291564
vn -0.606603801 -0.596193373 0.525913954
vn -0.676476002 -0.0263082888 0.735994577
vn -0.812626779 -0.0736218989 0.578115582
vn -0.666576803 -0.284581631 0.688976645
vn -0.661416411 0.079403162 0.745804012
vn -0.845603704 -0.402505755 0.350633234
vn -0.884727001 -0.282804847 0.370512843
vn 0.0972200036 -0.867917657 -0.48710084
vn 0.0865020677 -0.869610548 -0.486102045
vn 0.274891406 -0.841601014 -0.464911252
vn -0.864488125 -0.304785073 0.399707943
vn 0.0915281698 -0.867976964 -0.488096952
vn -0.871359825 -0.301362872 0.387185544
vn -0.89358598 -0.267911971 0.360176682
vn -0.88257283 -0.293297052 0.367480755
vn -0.896041095 0.0115910573 0.44382
vn 0.0835863873 -0.867077649 -0.491110742
vn -0.886324227 -0.288514674 0.362200141
vn -0.0639081001 -0.698565483 -0.712686598
vn -0.0600153208 -0.704016685 -0.707643092
vn -0.207897902 -0.452750057 -0.867061675
vn -0.201694295 -0.465612143 -0.861698866
vn -0.888191581 -0.27828297 0.365614951
vn -0.891976297 -0.269738674 0.362793863
vn -0.354385793 -0.0714732111 -0.932363808
vn -0.890324116 -0.279403061 0.359523326
vn -0.350596309 -0.084893249 -0.93267113
vn -0.895023704 -0.257910371 0.363888562
vn -0.350196302 -0.10759005 -0.930476725
vn -0.900636494 -0.228885964 0.369411856
vn -0.405111402 0.0161938891 -0.914124012
vn -0.405486912 0.0078005488 -0.914067626
vn -0.381702691 0.268215537 -0.884513259
vn -0.336502105 0.481105715 -0.809508324
vn -0.337308496 0.477303624 -0.811421156
vn -0.913371921 0.0353968628 0.405584604
vn -0.891828775 0.0801821724 0.445210487
vn -0.905133188 0.0683133453 0.419603795
vn -0.910426319 0.0535057038 0.410196602
vn -0.2054701 0.793483496 -0.572857797
vn -0.202072605 0.798764348 -0.5666942
vn -0.032707151 0.969742477 -0.241929531
vn -0.0285112206 0.971886575 -0.233717144
vn -0.898807704 0.0777127594 0.431399614
vn 0.136683106 0.985963702 0.0958829969
vn 0.135292396 0.98640281 0.0933042541
vn 0.288199097 0.85882777 0.423504859
vn 0.213409096 0.94216454 0.25842315
vn -0.889000177 0.0792124048 0.451003402
vn -0.886694491 0.077115573 0.455879599
vn 0.276988387 0.873438358 0.400478452
vn 0.155709505 0.898567915 0.410280734
vn -0.781847477 -0.000185308571 0.62346971
vn 0.0592019483 0.914330542 0.400618136
vn -0.891279697 0.0872041956 0.444990009
vn -0.904179275 -0.0535091199 0.423788309
vn -0.273294985 -0.886672318 -0.372990757
vn -0.4148193 -0.829928517 -0.373019457
vn -0.215293095 -0.905607164 -0.365410447
vn -0.649126589 0.225435883 0.726507664
vn -0.725826681 0.107481286 0.679428816
vn -0.858523726 0.225715131 0.46042344
vn -0.414005607 -0.827293158 -0.379717648
vn -0.421177894 -0.822057843 -0.383184224
vn -0.868076921 0.241908625 0.433500826
vn -0.484696001 -0.587516487 -0.647992492
vn -0.484699398 -0.587510705 -0.647995234
vn -0.870090008 0.258602649 0.419605017
vn -0.870006025 0.248902127 0.425602525
vn -0.419080287 -0.825075567 -0.378975451
vn -0.481703103 -0.266155958 -0.834939063
vn -0.481888086 -0.265695959 -0.834978938
vn -0.60359782 0.283279181 0.745266736
vn 0.527496278 0.791211069 0.309407324
vn 0.609623313 0.700821161 0.370417625
vn 0.523982525 0.794279039 0.30751133
vn -0.773249328 0.430323005 0.465733349
vn -0.77520287 0.431797415 0.461098373
vn 0.483913302 -0.724519432 -0.490815312
vn 0.540914893 -0.690439224 -0.480317533
vn 0.474090099 -0.720898449 -0.505513728
vn -0.681023121 -0.636111736 0.362725019
vn 0.57518208 -0.675757349 -0.46099633
vn -0.537791312 -0.543902338 0.644166946
vn 0.574587107 -0.675378621 -0.462291509
vn -0.696690202 -0.657462537 0.286994368
vn -0.604080677 -0.751469851 0.265291691
vn -0.652078807 -0.707565188 0.272295594
vn -0.606665909 -0.74938494 0.265289992
vn -0.131213993 -0.206015661 0.969711542
vn -0.533345282 -0.540702641 0.650525749
vn -0.4734115 -0.596110523 0.648485899
vn -0.491574287 -0.580518842 0.649116755
vn -0.131491095 -0.20510377 0.969867349
vn -0.041906409 -0.382199854 0.923129141
vn -0.254709005 -0.405781448 0.877761245
vn -0.398299307 -0.639227211 0.657834589
vn -0.331303686 -0.685116708 0.648731887
vn -0.39342621 -0.641324341 0.658725262
vn -0.506583691 -0.624759197 0.594179273
vn -0.577783227 -0.676797986 0.456192076
vn -0.58789742 0.651505113 0.479497731
vn -0.511115789 0.685509741 0.518495023
vn -0.50299108 0.682790816 0.529902399
vn -0.613610923 0.641204417 0.460802227
vn -0.65810293 -0.698969662 0.279896587
vn -0.569919229 -0.778715372 0.262287289
vn -0.623022079 0.634013712 0.458115876
vn -0.512883782 -0.818175733 0.259882092
vn -0.649185777 -0.718685865 0.249095485
vn -0.516892374 -0.822787642 0.236310467
vn -0.66069591 -0.699831784 0.271508068
vn -0.659295321 -0.69888258 0.277295887
vn -0.125690699 -0.200085133 -0.971682966
vn -0.145881698 -0.19167693 -0.970555842
vn -0.125694394 -0.200090632 -0.971681476
vn -0.109499604 -0.214598536 -0.970544934
vn -0.114227101 -0.222404629 -0.968239844
vn -0.365716904 -0.896741569 0.249210253
vn -0.454581708 -0.851184666 0.262374252
vn -0.166594505 -0.185102329 -0.968495488
vn -0.512704611 -0.818315685 0.259795487
vn -0.343914986 -0.89624697 0.280114263
vn -0.35882771 -0.813820958 0.457097471
vn -0.343681306 -0.898985863 0.271491945
vn -0.343299299 -0.897323132 0.277411044
vn 0.938760877 -0.337380201 0.0700189471
vn 0.938853502 -0.335917503 0.075588949
vn 0.903018177 -0.234897465 0.35969618
vn 0.833346426 -0.15650779 0.530131221
vn 0.839338779 -0.162606791 0.518719018
vn -0.34380731 -0.899479449 0.26969105
vn -0.256208003 -0.929589272 0.26499334
vn -0.3447676 -0.897843659 0.273883253
vn 0.789013982 -0.431806237 -0.437035948
vn 0.790117621 -0.431707948 -0.435134858
vn -0.347689092 -0.900116265 0.262493938
vn -0.290185392 -0.912889481 0.287098259
vn -0.365320802 -0.896346986 0.25120306
vn -0.360588104 -0.897902668 0.252482444
vn -0.431277305 -0.870755136 0.23618935
vn -0.853951275 0.0852282792 -0.51332593
vn -0.850716472 0.0832152516 -0.518995702
vn -0.856029272 0.0901040584 -0.509013891
vn -0.863073707 0.121794179 -0.490173578
vn -0.857538819 0.0910871252 -0.506290793
vn -0.359686106 -0.911062479 0.201472551
vn -0.235629901 -0.946332633 0.221208349
vn -0.355986387 -0.898974061 0.255184948
vn 0.397919804 -0.391015947 -0.829919577
vn 0.152596593 -0.321917564 -0.934389472
vn -0.120107099 -0.219989941 -0.968079984
vn -0.36858961 -0.908200264 0.198277757
vn -0.375911087 -0.906567037 0.191903844
vn -0.379420906 -0.906702936 0.18419975
vn -0.378295392 -0.90855062 0.177281052
vn -0.516530991 -0.822431266 0.238333061
vn -0.597508311 -0.76631707 0.236097485
vn -0.57852149 -0.792821467 0.19169566
vn -0.430212289 -0.869431973 0.242910445
vn -0.441214204 -0.8815763 0.167788953
vn -0.450593412 -0.873287261 0.185297355
vn -0.463097811 -0.865305781 0.191798359
vn -0.455511898 -0.869646668 0.190325752
vn 0.0922069475 0.168795034 0.981328785
vn 0.137483299 0.137610734 0.98089838
vn 0.101392299 0.161387742 0.98166877
vn 0.0908166096 0.169498831 0.98133707
vn 0.521978915 -0.0870803222 0.848501682
vn 0.138693899 0.136692032 0.980856419
vn -0.578501999 -0.792684972 0.192317665
vn -0.531029105 -0.845168889 0.0608088113
vn -0.522293806 -0.831192434 0.190599859
vn -0.46308139 -0.865178168 0.192412272
vn -0.398685187 -0.912080586 0.0957031474
vn -0.377779692 -0.923660278 0.0642986521
vn -0.450702101 -0.873119473 0.185822755
vn -0.591100395 -0.784907281 0.185798272
vn -0.648716271 -0.754988074 0.0957087129
vn -0.336808503 -0.941548705 0.00680425297
vn -0.668196321 -0.741201699 0.064294748
vn 0.820209026 -0.322800189 0.472289443
vn 0.809664428 -0.310577691 0.497980952
vn 0.819295824 -0.321893901 0.474487841
vn 0.809170127 -0.300726175 0.504784465
vn -0.45552659 -0.869517088 0.190881252
vn 0.519598424 -0.0857925043 0.850092471
vn -0.622049809 0.598449826 0.504888237
vn -0.631079614 0.594683826 0.498086095
vn -0.623314083 0.599191546 0.502443135
vn -0.620731175 0.601189852 0.503253102
vn -0.632593811 0.593996048 0.496984899
vn -0.618811607 0.601610541 0.505111039
vn -0.66205132 -0.745725572 0.0747087523
vn -0.705342174 -0.702646017 0.0937068462
vn -0.64912492 -0.754638016 0.0956997126
vn 0.570935905 -0.633927345 -0.52169764
vn 0.573698819 -0.644683123 -0.505226195
vn 0.575130224 -0.63591665 -0.514621615
vn -0.654586017 -0.734905422 0.177288383
vn 0.572478712 -0.643982947 -0.507498026
vn -0.706406176 -0.701589406 0.093608737
vn -0.654205203 -0.735193312 0.177500278
vn 0.743787885 -0.667617977 -0.0326486081
vn -0.653285384 -0.732261062 0.192385182
vn -0.651992321 -0.735411167 0.184598684
vn -0.664501905 -0.719408572 0.202209577
vn 0.500006616 -0.223699436 0.836631358
vn 0.134204298 0.151216537 0.979348183
vn 0.137195796 0.148389742 0.979366124
vn 0.166972205 0.146420836 0.975028813
vn 0.171378106 0.141107529 0.975047827
vn -0.657886028 -0.726380765 0.198889777
vn 0.500222027 -0.22411333 0.836391866
vn 0.720721424 -0.52341187 0.454533517
vn 0.721578896 -0.52527827 0.451006323
vn -0.658392012 -0.726105988 0.198217377
vn -0.664827824 -0.719326973 0.201426983
vn -0.653734624 -0.732014239 0.191797778
vn -0.65255338 -0.735035062 0.184113085
vn 0.743279397 -0.668033004 -0.0356050581
vn 0.442989111 -0.729890645 -0.520596325
vn 0.452409804 -0.732009947 -0.509398639
vn 0.453910887 -0.733015418 -0.506609797
vn -0.726510227 -0.633998573 0.265007198
vn -0.750484228 -0.622771859 0.221198291
vn 0.446183503 -0.731988549 -0.514891446
vn -0.64907521 -0.718089163 0.251096576
vn -0.655619919 -0.710727632 0.255007476
vn -0.659528673 -0.700035036 0.273811877
vn -0.661286712 -0.70001328 0.269595295
vn -0.660072029 -0.703884184 0.262396783
vn -0.523948371 0.18751654 -0.830852449
vn -0.162814006 -0.188486829 -0.968485653
vn -0.731387317 0.52300477 -0.437651515
vn -0.731821477 0.524015069 -0.435712814
vn -0.524916828 0.189018235 -0.829900265
vn -0.660019696 -0.704413772 0.261104077
vn -0.655789375 -0.711289942 0.252996087
vn -0.710209787 0.699908376 0.0756994933
vn -0.71160382 0.69908458 0.0700057
vn -0.596791804 -0.764811873 0.242698878
vn -0.712495029 -0.637308478 0.293579519
vn -0.602997482 -0.780003488 0.167298272
vn -0.591112077 -0.785015583 0.185303062
vn -0.633220315 0.594224036 0.495913178
vn -0.585695326 -0.787900984 0.190192267
vn -0.302291512 0.430693656 0.850366354
vn -0.304398894 0.431898743 0.849002361
vn -0.585708797 -0.787721276 0.190894172
vn 0.810647428 -0.296403199 0.504971266
vn 0.81096983 -0.298333496 0.503314257
vn 0.816815317 -0.288604587 0.499519944
vn 0.815127373 -0.288012981 0.502609015
vn 0.810239971 -0.301453501 0.502630055
vn -0.337992787 -0.941124201 0.00681170402
vn -0.3169882 -0.945183218 0.0784036145
vn -0.384713799 -0.920000374 0.0747968182
vn -0.327011704 -0.940363884 0.0936970338
vn -0.398193002 -0.912285328 0.0958014429
vn -0.830131829 0.237144485 -0.504622221
vn -0.827618778 0.246203691 -0.504411519
vn -0.828182578 0.246598095 -0.503292143
vn -0.828948677 0.236287892 -0.506963551
vn -0.829343677 0.235418394 -0.506721914
vn -0.83115977 0.234861195 -0.503997862
vn -0.325577408 -0.940861285 0.0936982259
vn -0.2317193 -0.947115958 0.221985757
vn -0.378406495 -0.908441305 0.177603751
vn -0.320374399 -0.943361104 0.0861978754
vn -0.820255518 0.216686696 -0.52936554
vn -0.259676188 -0.965668917 0.00720050046
vn -0.126696199 -0.986888528 0.0999965742
vn -0.255202413 -0.920468688 0.29598856
vn -0.126667306 -0.986862421 -0.100290261
vn 0.322596103 -0.946479678 0.0103905955
vn 0.116700202 -0.976311386 0.18220064
vn 0.187314004 -0.974805117 0.121113546
vn -0.0187082198 -0.934225738 0.356191456
vn -0.0810062215 -0.936927378 0.340007544
vn 0.9445315 0.328420997 0.000102576509
vn 0.814033329 0.283011824 0.507202387
vn 0.802304387 0.27920562 0.527590871
vn 0.322573394 -0.946486294 -0.0104957549
vn 0.328401893 -0.944538176 -0.000100980884
vn 0.843515873 0.226300925 0.487102538
vn 0.836726427 0.22110413 0.50100106
vn 0.319790304 -0.947432578 0.0102891549
vn 0.485602289 -0.874115705 -0.0105976025
vn 0.485611707 -0.874107897 0.0108017074
vn 0.324792385 -0.945785403 -4.63933839e-06
vn 0.361589193 -0.924764276 0.118593648
vn 0.204790995 -0.972411513 0.111698642
vn 0.944534719 0.328411788 0.00011044951
vn -0.793704629 -0.378401309 -0.476283163
vn -0.779280901 -0.38599062 -0.493692756
vn -0.790827513 -0.364717901 -0.491500467
vn -0.799988985 -0.365699023 -0.475690961
vn -0.744938076 -0.431023121 -0.509201765
vn 0.336695701 -0.93105787 0.140596047
vn 0.157278702 -0.975349426 0.154780239
vn 0.209089503 -0.942340672 0.261296451
vn -0.818922102 -0.309802502 -0.483103573
vn -0.823461473 -0.308786511 -0.475985348
vn -0.963146627 -0.23866868 -0.124039538
vn -0.962207317 -0.23981078 -0.129026949
vn 0.205490202 -0.940968275 0.268984556
vn 0.182899401 -0.915169656 0.359182954
vn 0.207507104 -0.937720478 0.278605849
vn -0.964124024 -0.139198035 0.226028875
vn 0.216304898 -0.932884276 0.287991852
vn -0.795946419 0.0089034643 0.605301499
vn -0.805073321 0.00302132242 0.593167603
vn -0.961342692 -0.134198546 0.240439191
vn 0.202385604 -0.943607271 0.262003154
vn 0.201287404 -0.938690841 0.279897958
vn 0.198012903 -0.942193568 0.270300448
vn 0.240026996 -0.922629058 0.301898539
vn 0.223704293 -0.928181767 0.297380447
vn 0.209483206 -0.93390727 0.28971386
vn -0.185712606 0.270596266 0.944610238
vn -0.0454018116 0.299992055 0.952860773
vn -0.0560123287 0.297402442 0.953107774
vn -0.496983498 0.154004768 0.853984714
vn 0.341100186 -0.929483712 0.140395656
vn -0.492487699 0.155916765 0.856239319
vn 0.53460741 -0.778813183 0.32809329
vn -0.183595106 0.271921039 0.944643855
vn -0.141718507 0.300398439 0.943226635
vn 0.536096215 -0.777779937 0.328115076
vn 0.563519418 -0.763518155 0.315413982
vn 0.545388281 -0.771902442 0.326677769
vn 0.54832828 -0.829644203 0.105007268
vn 0.1329941 0.464584053 0.875485182
vn 0.695698917 -0.701676011 0.153798282
vn 0.388694912 -0.915669203 0.102305248
vn 0.495474607 -0.868555307 0.0108003989
vn 0.730009019 -0.675526381 0.103687391
vn 0.548312426 -0.829642713 -0.105103433
vn 0.777940929 -0.628246188 0.0107060177
vn 0.500638485 -0.865656495 4.1952062e-06
vn -0.865704894 -0.500554681 -0.000228530553
vn -0.736202776 -0.425196618 -0.526510477
vn -0.865683019 -0.500592828 -9.7806449e-05
vn -0.756867707 -0.437581092 0.485463053
vn 0.490601808 -0.871383905 0.000100528036
vn 0.567596078 0.678080738 0.466948926
vn 0.558511674 0.677210748 0.479009926
vn 0.539686501 0.676994026 0.50041759
vn 0.575702608 0.672001541 0.465811729
vn 0.539713919 0.67691195 0.50049901
vn 0.778479397 -0.627580702 0.0105992677
vn 0.786336899 -0.606250703 0.118888207
vn 0.719606876 -0.683722496 0.121199787
vn 0.819786787 -0.572572827 0.0104924673
vn 0.625780523 0.779999018 0.00057411904
vn 0.819782615 -0.572585821 -0.0100986632
vn 0.780385017 -0.625299394 0.00020060112
vn 0.821014702 -0.570907176 0.000199297981
vn -0.571746707 -0.820430279 -5.91249627e-05
vn -0.482699305 -0.699101627 -0.527502
vn -0.479885101 -0.696793854 -0.533093393
vn -0.49239561 -0.730383456 -0.473377913
vn -0.571756124 -0.820423722 -0.00010404866
vn -0.488903791 -0.709304273 0.507799804
vn 0.826496303 -0.548103988 -0.128397584
vn 0.819758475 -0.572611272 0.0106022572
vn 0.82059592 -0.571509004 8.95745907e-05
vn 0.819815993 -0.572529316 -0.010593323
vn -0.492161006 -0.711874485 0.501011252
vn -0.492406011 -0.730499983 0.473187387
vn -0.494127691 -0.731524289 0.469797879
vn 0.780605912 -0.611098409 -0.131198809
vn 0.776374578 -0.614481926 -0.140195101
vn -0.496185809 -0.732684672 0.465803385
vn -0.495697588 -0.732304573 0.46691978
vn 0.699910879 -0.63451004 -0.327904999
vn 0.691417873 -0.66273427 -0.287619114
vn 0.783284783 -0.531477153 -0.322485685
vn -0.5216977 -0.733381569 0.435870588
vn -0.519698679 -0.732700765 0.439389378
vn 0.593613207 -0.694705069 -0.406212211
vn 0.692488909 -0.662105143 -0.286489129
vn 0.619279087 -0.745145321 -0.247490823
vn 0.776688874 -0.613900125 -0.141000599
vn 0.686980426 -0.661772013 -0.300193012
vn -0.709652424 -0.700388193 -0.0764850825
vn 0.687109709 -0.655331612 -0.313720822
vn -0.709621012 -0.700528502 -0.0754852742
vn -0.707299829 -0.500461817 -0.4992643
vn 0.692236722 -0.644953966 -0.323794633
vn -0.70717752 -0.500271738 -0.499628186
vn -0.553726375 -0.184838861 -0.811924756
vn -0.554101825 -0.185207173 -0.811584651
vn 0.700980723 -0.633585453 -0.32740739
vn -0.244016603 0.21908395 -0.944700062
vn 0.756986022 -0.513970315 -0.403493494
vn 0.782658517 -0.532690048 -0.322004884
vn -0.266893804 0.180906251 -0.946594179
vn -0.242980003 0.220308244 -0.944682419
vn -0.591508627 -0.802169204 -0.0815003067
vn -0.580101728 -0.811410427 -0.0713817552
vn -0.58808893 -0.804679692 -0.081499882
vn -0.296429515 0.131884947 -0.945904911
vn -0.226441294 0.236541748 -0.944866359
vn -0.260893703 0.186176449 -0.947244763
vn -0.534741223 -0.841973901 -0.0716380551
vn -0.533242583 -0.842662573 -0.0746474937
vn -0.534024715 -0.842294514 -0.0731976107
vn -0.630806625 -0.7736395 -0.0597085357
vn -0.625194728 -0.778654277 -0.0531879067
vn -0.627922773 -0.77622962 -0.0563982762
vn -0.235917598 0.222202942 -0.946027815
vn -0.314292103 0.100994959 -0.943938911
vn -0.275406808 0.162914753 -0.947422802
vn -0.579288125 -0.812281072 -0.068006523
vn -0.226974994 0.248950243 -0.941544652
vn -0.365073204 0.0332383811 -0.930385292
vn -0.437695205 -0.897520483 -0.0536647663
vn -0.431302488 -0.900462627 -0.0560825057
vn -0.269664586 0.175594047 -0.946809173
vn -0.323510498 0.10131146 -0.940785289
vn -0.286196291 0.153986156 -0.945716679
vn -0.621175408 -0.781715095 -0.0553407073
vn -0.616370976 -0.78556931 -0.0544789471
vn -0.619207919 -0.783294797 -0.0550535955
vn -0.57863152 -0.814720929 -0.0376248434
vn -0.577889204 -0.815193176 -0.0387868956
vn -0.577501714 -0.81544292 -0.0393033735
vn -0.274811089 0.168530345 -0.946613073
vn -0.274280906 0.169391856 -0.946613073
vn -0.2709288 0.175121456 -0.946536005
vn -0.284620702 0.155107856 -0.946008801
vn -0.293731391 0.141204253 -0.945401073
vn -0.282674104 0.157792047 -0.946148515
vn -0.546545506 -0.836714208 -0.0346046165
vn -0.546588719 -0.83648771 -0.0391078182
vn -0.546574116 -0.836567521 -0.0375748985
vn -0.656315386 -0.749217689 -0.0890113115
vn -0.647996306 -0.757609308 -0.0782893971
vn -0.651907921 -0.75370872 -0.0833030865
vn -0.288361102 0.143284142 -0.946740508
vn -0.1935381 0.276055157 -0.94145447
vn -0.240931407 0.211400554 -0.947239041
vn -0.266775787 0.181492746 -0.946515322
vn -0.277371496 0.165365145 -0.946424603
vn -0.272009403 0.173579156 -0.946510077
vn -0.654396713 -0.752189815 -0.0773018599
vn -0.64600718 -0.760701716 -0.0633079484
vn -0.649977326 -0.756722808 -0.0700011849
vn -0.570340216 -0.818803489 -0.0653696731
vn -0.570621073 -0.818532705 -0.0663005263
vn -0.570444286 -0.818687379 -0.0659117252
vn -0.295115411 0.130516842 -0.946505308
vn -0.199695498 0.262509644 -0.944039464
vn -0.246496305 0.19950965 -0.948385715
vn -0.587321401 -0.806544006 -0.0673850849
vn -0.587194979 -0.806719124 -0.0663822964
vn -0.58723402 -0.806647599 -0.0669021755
vn -0.273392797 0.172271952 -0.946350276
vn -0.262238294 0.187939048 -0.946525216
vn -0.267815411 0.180101454 -0.946487427
vn -0.648477077 -0.757358491 -0.0767180398
vn -0.641916871 -0.763698876 -0.0686064363
vn -0.645082116 -0.760676622 -0.0723891854
vn -0.293939203 0.139927447 -0.945526421
vn -0.206059501 0.262920558 -0.942556262
vn -0.249772102 0.203286245 -0.946725249
vn -0.502311409 -0.861507595 -0.0740813836
vn -0.497801393 -0.862214804 -0.0936992317
vn -0.500081897 -0.861980796 -0.0831103548
vn -0.230616301 0.248591453 -0.940754116
vn -0.339783102 0.0821069106 -0.936913013
vn -0.283577114 0.170875251 -0.943602622
vn -0.352283388 0.0680162013 -0.933418572
vn -0.243831903 0.224422649 -0.943493843
vn -0.299994498 0.145850345 -0.942725301
vn -0.3816576 -0.916957676 -0.116302148
vn -0.323871613 -0.921238661 -0.215467945
vn -0.357513189 -0.920518577 -0.157575145
vn -0.684088111 -0.729382277 -0.00499939779
vn -0.669709027 -0.742586672 -0.00740713021
vn -0.676300704 -0.736603618 -0.00569850206
vn -0.173308998 0.360004842 -0.916711867
vn -0.405633301 0.0357167982 -0.913337886
vn -0.281532794 0.221111149 -0.933728516
vn -0.266592085 0.181400642 -0.946584702
vn -0.986233473 -0.0134832533 -0.164808303
vn -0.833824873 -0.551237106 0.0295611899
vn -0.916331828 -0.399205804 -0.0311587453
vn -0.4047001 -0.306315243 -0.86161983
vn -0.0211369898 0.382926553 -0.923537016
vn -0.196485296 0.103703059 -0.975007415
vn -0.582680285 -0.799679279 -0.14490284
vn -0.582147419 -0.800428391 -0.14289473
vn -0.582186818 -0.800394177 -0.142925337
vn -0.201688096 0.274726838 -0.940131366
vn -0.228454798 0.235169649 -0.944724023
vn -0.215185806 0.255217761 -0.942634046
vn -0.592085183 -0.80163902 -0.0825235918
vn -0.591947019 -0.80172652 -0.0826650336
vn 0.674199104 -0.447289705 -0.58769685
vn 0.740196228 -0.488806218 -0.461712092
vn 0.735602498 -0.496091515 -0.461283177
vn 0.743840575 -0.482694596 -0.462284684
vn 0.815585613 -0.514703333 -0.264387578
vn 0.543111086 -0.339416891 -0.768001676
vn 0.525290906 -0.283195496 -0.802415073
vn 0.751356721 -0.472487211 -0.460672379
vn 0.916570187 0.0072686132 -0.3998079
vn 0.706986308 0.166219622 -0.687416494
vn 0.52021122 -0.277995676 -0.807526231
vn 0.274189711 -0.0353030153 -0.961027503
vn 0.475717694 0.363684624 -0.800890923
vn 0.710386872 0.585675478 -0.39030081
vn 0.272504807 -0.0333777219 -0.961575389
vn 0.381604403 0.45683983 -0.803539217
vn 0.570679903 0.687102735 -0.449682295
vn 0.512966096 0.732245862 -0.447975487
vn 0.53220427 0.84661603 0.000120844925
vn 0.53219533 0.846621573 0.000311386917
vn 0.532592714 0.84637171 -0.000219826106
vn 0.869254887 0.476393133 -0.132081628
vn 0.535094619 0.844791889 -0.000788577308
vn 0.837803304 0.496089131 -0.227994531
vn 0.848013103 0.483206928 -0.217680827
vn 0.917070627 0.0138005652 -0.398485988
vn 0.97317028 -0.0222062636 -0.229012296
vn 0.993400872 -0.0341136232 -0.10950321
vn 0.839512706 -0.528311789 -0.126906484
vn 0.839506388 -0.528321683 0.126906604
vn 0.826510191 -0.548080325 0.128410012
vn 0.846731305 -0.532020807 -0.000156025679
vn 0.813467622 -0.566304505 -0.132551789
vn 0.999291122 -0.0376458094 -0.00019789311
vn 0.884094894 0.467307389 0.00010026314
vn 0.839513898 -0.528627574 0.125576407
vn 0.880797029 0.469270498 -0.0631028265
vn 0.815678477 -0.514757752 0.263994396
vn 0.748422325 -0.470821291 0.46710971
vn 0.743774891 -0.482791483 0.462289214
vn 0.740115225 -0.488920301 0.461721301
vn 0.674117327 -0.447394788 0.587710857
vn -0.592133403 -0.801622987 0.0823322386
vn -0.591494679 -0.8021999 0.0812988654
vn -0.59220922 -0.801558077 0.0824189559
vn 0.735551715 -0.49612999 0.461323112
vn 0.538412571 -0.37431252 0.754984856
vn -0.367489815 -0.864187658 -0.343701959
vn -0.364496112 -0.863780439 -0.347888052
vn -0.4181104 -0.852401137 -0.314000249
vn 0.72647059 -0.510645449 0.45987162
vn 0.755812824 -0.513321459 0.406507224
vn 0.736606717 -0.494394183 0.461503118
vn 0.731385291 -0.514788866 0.447289705
vn 0.726987779 -0.513474286 0.45588702
vn 0.717898309 -0.522782862 0.459695607
vn 0.369404614 0.853696227 0.367073655
vn 0.487714589 0.81603092 0.310206205
vn 0.4834916 0.817897439 0.311896831
vn 0.689100921 -0.560280085 0.459593505
vn 0.478421599 0.855820119 0.196683839
vn 0.365515113 0.853233457 0.372010261
vn 0.604408801 0.793211401 -0.0742009729
vn 0.602810204 0.794709921 -0.0711052343
vn 0.725413322 -0.511031032 0.461110622
vn 0.672621191 -0.578115642 0.461912304
vn 0.73009938 -0.513992786 0.450295925
vn 0.723081112 -0.510282278 0.465581119
vn 0.618490279 -0.665584147 0.417693168
vn 0.574380279 -0.676783562 0.460490376
vn 0.736054003 -0.534534872 0.415327698
vn 0.484520108 -0.487367719 0.726438642
vn 0.516994178 -0.421206206 0.74518615
vn 0.325407892 -0.258699149 -0.909496784
vn 0.595498919 0.217700824 -0.773296654
vn 0.322724402 -0.262295157 -0.909423053
vn 0.2841914 -0.30618155 -0.908563733
vn 0.736007512 -0.520621061 0.432720304
vn 0.738233089 -0.52791667 0.4199
vn 0.284494489 -0.305785954 -0.908602238
vn 0.676937282 0.567400336 -0.46884191
vn 0.676769018 0.552825272 -0.486176908
vn 0.589997828 0.203710541 -0.781284153
vn 0.734986603 -0.519586384 0.435688913
vn 0.736496329 -0.526403487 0.4248209
vn 0.734411716 -0.532988369 0.420194
vn 0.592793524 -0.693768084 0.409001082
vn 0.617305577 -0.663916588 0.422076672
vn 0.608260393 -0.670957983 0.424069285
vn -0.0290102307 -0.547924876 -0.836024463
vn 0.599100113 -0.675789773 0.429403484
vn -0.316796809 -0.689803004 -0.651008248
vn -0.317091703 -0.690020561 -0.650633931
vn -0.0282050893 -0.547401369 -0.836394787
vn 0.59331882 -0.678327382 0.433410585
vn 0.609694421 -0.672586739 0.419404179
vn 0.601361275 -0.676642537 0.424875766
vn -0.579896212 -0.733605146 -0.354322106
vn -0.569310308 -0.730592668 -0.376988232
vn -0.570093811 -0.733036757 -0.37101233
vn -0.579488575 -0.733696461 -0.35479942
vn 0.446170896 -0.776255071 0.445375979
vn 0.585093021 -0.678495467 0.444196284
vn 0.591896892 -0.67752403 0.436599493
vn -0.681191087 -0.629663527 -0.373500586
vn -0.722899318 -0.585806549 -0.366397798
vn 0.463889301 -0.766081035 0.444889277
vn 0.662706614 0.628811955 0.406713277
vn 0.829056382 0.550506175 0.0980226696
vn 0.682393909 0.624200821 0.380410194
vn 0.742494404 0.529179215 0.410696387
vn 0.798592627 0.448811054 0.401022047
vn 0.450497597 -0.776642084 0.440317184
vn 0.342578501 -0.838481665 0.423779041
vn 0.357592195 -0.562187016 0.745703459
vn 0.0995073318 -0.613998115 0.783010006
vn 0.268915504 -0.621408641 0.735891283
vn 0.28591451 -0.764305234 0.578005552
vn 0.338218212 -0.70539552 0.622917175
vn 0.399116486 -0.802329361 0.443817377
vn 0.105585597 -0.916018963 0.386989862
vn 0.031696789 -0.724571645 0.688470304
vn 0.0995977521 -0.911490142 0.399081558
vn -0.82479018 -0.287999421 -0.486597866
vn -0.835930824 -0.291812301 -0.464828253
vn -0.822382808 -0.292989403 -0.487692267
vn -0.876778603 -0.117615327 -0.466289639
vn -0.609224021 -0.358713776 -0.707227468
vn -0.837400913 -0.291110903 -0.462616771
vn 0.127690807 -0.920051455 0.370405853
vn -0.0149078304 -0.936107039 0.351399243
vn 0.133494601 -0.921193838 0.365487337
vn 0.00331205106 -0.936605036 0.350371242
vn -0.602607012 -0.359750479 -0.712351441
vn -0.31870839 -0.383212537 -0.866933286
vn -0.333089888 -0.382999659 -0.861604571
vn 0.142604098 -0.920808077 0.363010645
vn 0.0414199792 -0.35800004 -0.932802439
vn 0.153896198 -0.918682873 0.363782644
vn 0.184412599 -0.910727561 0.369550437
vn 0.0551024601 -0.362396359 -0.930393755
vn 0.0558187887 -0.355790854 -0.93289727
vn 0.189986393 -0.358126044 -0.914139569
vn 0.427381605 -0.808085561 0.405392379
vn 0.145215794 -0.921536267 0.360115737
vn 0.117500499 -0.92261076 0.367400557
vn 0.123814702 -0.923911572 0.362018853
vn 0.133399293 -0.923678279 0.359198064
vn 0.182688698 -0.362004638 -0.914099276
vn 0.576169729 -0.0975113362 -0.811492503
vn 0.458074212 -0.769400477 0.445186585
vn 0.453202993 -0.78658855 0.419387072
vn 0.44271341 -0.797429681 0.41001299
vn 0.57902348 -0.0949503556 -0.809763193
vn 0.807813704 0.163345993 -0.566352725
vn 0.804406703 0.158441484 -0.572561026
vn 0.443504602 -0.790392756 0.422590792
vn 0.449683398 -0.781602085 0.432300091
vn 0.432576597 -0.801083148 0.41369459
vn 0.888631582 0.395315439 -0.232507244
vn 0.888493419 0.39069742 -0.240697041
vn 0.829985797 0.549585581 0.0952856764
vn 0.459111392 -0.776426136 0.431716889
vn 0.418114692 -0.811110735 0.408998281
vn 0.757067621 0.600108862 0.258298278
vn 0.455978096 -0.76726824 0.450980484
vn 0.453001201 -0.766115069 0.455914289
vn 0.00601059105 -0.946441472 0.322819561
vn -0.0180775505 -0.938283384 0.34539476
vn 0.87131232 0.047692813 0.488405794
vn 0.857687414 0.153907225 0.490596622
vn 0.88249898 0.00441495795 0.47029379
vn -0.1160997 -0.939564884 0.322084963
vn 0.849982977 0.158287331 0.502467811
vn 0.854098618 0.169505328 0.491714716
vn 0.0166053101 -0.727996826 0.685379386
vn -0.0551107489 -0.73863852 0.671845257
vn 0.126698598 -0.974970877 0.18269974
vn 0.843753994 0.19568862 0.499785244
vn 0.847327113 0.195001021 0.493974924
vn 0.849611402 0.158899233 0.502903104
vn 0.846673906 0.204603523 0.491203427
vn -0.0598801896 -0.809765697 0.583689988
vn -0.0607421286 -0.936193883 0.346195757
vn -0.0192085505 -0.933787048 0.357313544
vn -0.166897297 -0.887866139 0.428764552
vn -0.265189111 -0.918376446 0.293699741
vn -0.277496099 -0.889504373 0.363012463
vn -0.273819894 -0.805724263 0.525196254
vn -0.256104499 -0.71971184 0.645310283
vn -0.858322084 0.224290669 -0.461494356
vn -0.856701791 0.187077478 -0.480691284
vn -0.85776943 0.22248508 -0.46339196
vn -0.855597019 0.114599586 -0.504797816
vn -0.2549766 -0.714790702 0.651199877
vn -0.414902002 -0.870327175 0.265305459
vn -0.354492903 -0.894500554 0.272403657
vn -0.411906004 -0.871747077 0.265312463
vn -0.309360504 -0.694218934 0.64988941
vn 0.843975425 -0.2748698 0.460599929
vn 0.842087686 -0.247306168 0.479299784
vn 0.841631114 -0.286024988 0.458090335
vn 0.841566503 -0.299888462 0.449258238
vn -0.434581786 -0.861286283 0.26329565
vn -0.342998207 -0.728092432 0.593492806
vn 0.411171287 -0.608097911 0.679084063
vn 0.6924842 -0.662194967 0.286292791
vn 0.619269371 -0.745187163 0.247389674
vn 0.686914325 -0.66201365 0.299811184
vn 0.559902012 -0.766714931 0.314099073
vn 0.551284611 -0.77010107 0.320982486
vn 0.692495286 -0.645285189 0.322579473
vn 0.70130378 -0.633904338 0.3260957
vn 0.687385023 -0.655486584 0.312792689
vn 0.539882004 -0.776274264 0.325462669
vn -0.530223012 -0.735824049 -0.421220511
vn -0.709480226 -0.700680315 0.0753995776
vn -0.532179117 -0.736372948 -0.41778031
vn -0.709429502 -0.700827122 0.0745071173
vn -0.707414925 -0.500591636 0.498971015
vn -0.70725143 -0.500908077 0.498885423
vn 0.691278994 -0.662890673 0.287592471
vn 0.686020195 -0.65610075 0.314496785
vn 0.686175525 -0.662197232 0.301094979
vn -0.553907812 -0.185088038 0.811744153
vn -0.554220796 -0.185505629 0.811435163
vn 0.699878216 -0.634495974 0.328002423
vn 0.691277623 -0.645780981 0.324194878
vn 0.776338518 -0.614520609 0.140225396
vn 0.783201873 -0.53159225 0.322497517
vn -0.232400194 0.231800452 0.944594443
vn -0.228691295 0.235910252 0.944482267
vn -0.266692013 0.181296855 0.946576416
vn -0.588073075 -0.80471307 0.0812821165
vn -0.579182327 -0.812373579 0.0678009167
vn -0.26709941 0.180686146 0.946578324
vn -0.580004871 -0.811493278 0.0712245479
vn 0.783013105 -0.533009589 0.320610702
vn 0.780547023 -0.611175597 0.131189302
vn -0.495592594 -0.732193351 -0.467205524
vn -0.496119589 -0.732676864 -0.465886325
vn -0.494104505 -0.731406868 -0.470005125
vn 0.776704609 -0.613881528 0.140994594
vn 0.696285427 -0.700897813 0.154690176
vn 0.617282689 0.657989323 0.431291312
vn 0.579980314 0.674377739 0.45698753
vn 0.65022397 0.64552927 0.400625616
vn 0.6545614 0.645714045 0.393195719
vn 0.414653093 0.591608703 0.691420317
vn 0.141718805 0.469226539 0.87163198
vn 0.527128577 -0.784596741 0.326409668
vn 0.405501902 0.588202655 0.69970423
vn 0.555106819 -0.766795337 0.322306275
vn 0.297114998 -0.128710046 -0.946126997
vn 0.136199504 0.0131993713 -0.990593493
vn 0.172107801 0.0887994468 -0.981067598
vn 0.509204507 -0.41692549 -0.752916932
vn 0.254808486 -0.304576755 -0.917772174
vn 0.531293988 -0.385488689 -0.754403889
vn 0.0807930231 -0.109897837 -0.990653813
vn 0.357700109 -0.561995983 -0.745795727
vn 0.484610587 -0.487083286 -0.726568878
vn 0.0995877907 -0.613684177 -0.783245921
vn 0.516978383 -0.42107749 -0.745269835
vn 0.269007295 -0.621217668 -0.736018836
vn -0.0418028198 -0.381725639 -0.92332983
vn -0.05501258 -0.738493383 -0.672012746
vn 0.01679915 -0.727685988 -0.685704827
vn 0.286074489 -0.764106452 -0.578189194
vn 0.0323952399 -0.72402066 -0.689017236
vn 0.798703492 0.448900461 -0.400701135
vn 0.667224109 0.62790066 -0.400690615
vn 0.74262321 0.529216945 -0.410414815
vn 0.464005411 -0.765776336 -0.44529283
vn 0.448315293 -0.77773416 -0.440616608
vn 0.34271279 -0.838209748 -0.424208343
vn 0.338306308 -0.705190182 -0.62310183
vn 0.64980042 0.631281257 -0.423371702
vn 0.452982008 -0.766080439 -0.455991507
vn 0.399392307 -0.802158415 -0.443878025
vn 0.145292893 -0.921454251 -0.360294551
vn 0.105625398 -0.915918112 -0.387217253
vn 0.456010401 -0.767177939 -0.45110172
vn 0.427391887 -0.80802232 -0.405507028
vn 0.45829761 -0.76960516 -0.444602519
vn 0.756975889 0.600313663 -0.258091599
vn 0.834488094 0.54479897 -0.0826065838
vn 0.835428178 0.543875217 -0.0791165531
vn 0.45190379 -0.779314518 -0.434110522
vn 0.451119095 -0.78460747 -0.425303221
vn 0.888193607 0.383986473 0.252322763
vn 0.888423622 0.388607562 0.244310662
vn 0.80070281 0.152602404 0.579299271
vn 0.803961813 0.157553017 0.573430419
vn 0.444799602 -0.793206334 -0.415905327
vn 0.572731018 -0.100701235 0.813534677
vn 0.453125894 -0.786727369 -0.419209927
vn 0.458287895 -0.777090013 -0.431397021
vn 0.441921502 -0.797825754 -0.410096914
vn 0.575427413 -0.0982989147 0.8119241
vn 0.182579607 -0.362184942 0.914049625
vn 0.189917505 -0.358282536 0.914092422
vn 0.419104606 -0.813064218 -0.404076517
vn 0.433411807 -0.803530455 -0.408035606
vn 0.183012098 -0.916006446 -0.356985658
vn 0.0549086295 -0.362492353 0.930367827
vn 0.184409007 -0.912435651 -0.365314245
vn 0.539610803 -0.775904953 -0.326790005
vn -0.0150116598 -0.937630117 -0.347310334
vn 0.00608426286 -0.947095811 -0.320893049
vn 0.138202101 -0.923011243 -0.359097153
vn 0.205502898 -0.940815151 -0.269509763
vn 0.157205701 -0.975340724 -0.154910266
vn 0.208388895 -0.937353313 -0.279182255
vn 0.228990793 -0.927010417 -0.297009856
vn 0.216015801 -0.932636142 -0.289010435
vn 0.244209498 -0.921691716 -0.30140686
vn 0.526735902 -0.784103513 -0.328224123
vn 0.126711607 -0.974894047 -0.18310076
vn 0.154689699 -0.920312762 -0.359298855
vn -0.46318391 -0.377195328 0.801987767
vn 0.0695101023 -0.353689343 0.932776511
vn -0.474189788 -0.37631312 0.795947433
vn -0.818196476 -0.299404889 0.490827233
vn 0.127610594 -0.922495663 -0.364303946
vn -0.821403623 -0.298496276 0.486000329
vn -0.822440207 -0.293106377 0.487525433
vn 0.1177155 -0.922534347 -0.367523462
vn 0.128397003 -0.923918664 -0.360400558
vn -0.824804485 -0.288110197 0.48650825
vn -0.876869917 -0.117708273 0.466094255
vn 0.00440394785 -0.936362326 -0.351007551
vn 0.0995869637 -0.911402047 -0.399285346
vn 0.0888963863 -0.350509256 0.932330847
vn 0.846772671 0.204697371 -0.490993857
vn 0.843826175 0.195805982 -0.499617368
vn 0.847405493 0.195100769 -0.493801177
vn 0.854291201 0.169493869 -0.491384268
vn 0.836824417 0.221201375 -0.500794232
vn 0.850697994 0.158787072 -0.501098573
vn 0.116697803 -0.976276278 -0.182390064
vn 0.187300205 -0.974783123 -0.121312059
vn -0.0185995102 -0.934215963 -0.356223047
vn 0.850377619 0.158296973 -0.50179702
vn -0.0607132912 -0.936486542 -0.34540844
vn -0.0190861803 -0.933833063 -0.357199639
vn -0.0597983487 -0.809564888 -0.583976746
vn -0.166809201 -0.887723565 -0.429094046
vn -0.0808039308 -0.936878145 -0.340191543
vn -0.255198509 -0.920429349 -0.296114355
vn -0.231582403 -0.947097838 -0.222205743
vn -0.265106112 -0.91833204 -0.293913156
vn -0.850791574 0.0831045285 0.518890619
vn -0.853984773 0.0851130188 0.513289094
vn -0.856188715 0.0899007097 0.508781672
vn -0.857668579 0.0909957588 0.506087303
vn 0.0742793605 0.188305765 -0.979297459
vn 0.0595913492 0.214197561 -0.974970818
vn 0.0528215095 0.215798169 -0.975008249
vn -0.378386289 -0.908411324 -0.177799344
vn -0.359600097 -0.910890341 -0.202401951
vn -0.325710714 -0.940795481 -0.0938958228
vn -0.320393592 -0.943335474 -0.0864074528
vn -0.829295218 0.235308006 0.506852865
vn -0.829710007 0.236860409 0.505449057
vn -0.828982174 0.236456707 0.506830037
vn -0.831038475 0.234919816 0.504170358
vn -0.836089611 0.221001223 0.502108276
vn -0.259673208 -0.965668201 -0.00740972953
vn -0.316989809 -0.945166826 -0.0785956681
vn -0.337987989 -0.94112432 -0.00701764598
vn -0.38468039 -0.919997513 -0.0750038922
vn -0.263601094 -0.964603484 -0.00739876181
vn -0.327123404 -0.940304816 -0.0938999951
vn -0.838533819 0.22171092 0.497700244
vn -0.263928711 -0.964516819 0.00700362725
vn -0.335685104 -0.941974282 -0.000100129961
vn -0.966411173 0.257001102 -9.90872286e-05
vn -0.966410816 0.257002413 -9.23632251e-05
vn -0.261266202 -0.965266883 -0.000100869263
vn 0.942403972 -0.334476411 -0.000319556479
vn 0.800613403 -0.282504499 -0.528402865
vn 0.802491128 -0.283210397 -0.525166571
vn 0.942392409 -0.334509611 0.00018058451
vn -0.336816609 -0.941544294 -0.00700161234
vn -0.334717989 -0.94231838 -0.00010000552
vn 0.810611427 -0.296297818 -0.505090952
vn -0.377800792 -0.923636675 -0.0645143092
vn 0.811084628 -0.297973603 -0.503342569
vn 0.8091892 -0.300598115 -0.50483036
vn -0.398591489 -0.912100077 -0.0959070027
vn 0.809765577 -0.310456216 -0.497892052
vn 0.810317993 -0.301308215 -0.50259155
vn -0.450695992 -0.873087645 -0.185987353
vn 0.809820473 -0.312200606 -0.496710747
vn -0.378114015 -0.908542216 -0.177710742
vn -0.4412916 -0.881497502 -0.168000549
vn -0.450599194 -0.873112559 -0.186104551
vn 0.810311675 -0.312711805 -0.495586962
vn -0.398184687 -0.912268102 -0.0959995613
vn -0.455484509 -0.869470417 -0.191193655
vn 0.519786894 -0.0854900181 -0.850007713
vn 0.521879971 -0.0873620287 -0.848533571
vn 0.0908829495 0.169707566 -0.98129499
vn -0.463068008 -0.865163624 -0.192509338
vn -0.455913007 -0.869312465 -0.190890953
vn 0.0923135206 0.168896258 -0.981301427
vn -0.463010997 -0.865128756 -0.192803338
vn -0.379192293 -0.906677723 -0.184793845
vn -0.822529972 0.241902411 0.51471138
vn -0.924286902 0.380300701 0.0326365232
vn -0.819012582 0.239103615 0.521582186
vn -0.924366891 0.379918307 0.0347580947
vn -0.37591359 -0.906395614 -0.192706943
vn -0.784269214 0.422093362 -0.45470795
vn -0.786395073 0.422198772 -0.45092234
vn -0.368594706 -0.907973647 -0.199303448
vn -0.418271303 0.35339886 -0.83675462
vn -0.418774307 0.353580058 -0.836426556
vn 0.0781148598 0.186700359 -0.979306459
vn -0.376177311 -0.906311214 -0.192589253
vn -0.368688613 -0.907982349 -0.199089542
vn -0.359489113 -0.910870254 -0.202689156
vn -0.2561948 -0.930013835 -0.263511658
vn -0.235509202 -0.946083665 -0.222398356
vn -0.379317105 -0.906623423 -0.184803843
vn -0.829193473 0.219189882 -0.514192462
vn -0.256922394 -0.966431975 -9.8583354e-05
vn -0.348299801 -0.901064157 -0.25840044
vn -0.344174504 -0.900496662 -0.26579994
vn -0.356215209 -0.899830461 -0.251825154
vn -0.365726411 -0.897013545 -0.248215646
vn -0.863113821 0.121705718 0.49012512
vn -0.344976604 -0.89866966 -0.270894855
vn -0.290114105 -0.912434757 -0.288611859
vn -0.0946132466 -0.230698064 0.968414664
vn 0.395003289 -0.390511751 0.831548512
vn -0.0989872217 -0.227952957 0.968627453
vn -0.109611399 -0.214722469 0.97050482
vn -0.430477887 -0.870082021 -0.240096048
vn -0.1258073 -0.200312465 0.971621037
vn -0.1253829 -0.199902058 0.971760452
vn -0.516913712 -0.822721422 -0.236494839
vn -0.569990277 -0.77856952 -0.262565434
vn -0.512013078 -0.818519652 -0.260515004
vn -0.649103522 -0.71871835 -0.249215826
vn -0.454614311 -0.851125062 -0.262511045
vn -0.365705699 -0.896692216 -0.249404147
vn -0.145992503 -0.191890657 0.970496833
vn -0.166690394 -0.185318857 0.968437612
vn -0.511777818 -0.818668664 -0.260509521
vn -0.343578398 -0.898994863 -0.271592051
vn -0.343907803 -0.896162868 -0.280392051
vn -0.358679086 -0.813597023 -0.457612425
vn -0.343283802 -0.897272646 -0.277593642
vn 0.840124607 -0.160700217 -0.518040776
vn 0.903161705 -0.234622344 -0.359515637
vn 0.833387613 -0.156392515 -0.530100584
vn 0.842192173 -0.247316927 -0.47911033
vn 0.93862462 -0.338210315 -0.0678068325
vn 0.938407719 -0.339906812 -0.0620845445
vn -0.348189801 -0.900271952 -0.261293352
vn 0.785565019 -0.432183951 0.442837238
vn -0.356220186 -0.899436235 -0.253222257
vn 0.786576211 -0.432198465 0.441024244
vn 0.396189898 -0.390693635 0.830898464
vn 0.844105005 -0.274799913 -0.460404068
vn 0.841719627 -0.285897821 -0.458007246
vn -0.403201312 -0.636038482 -0.657939196
vn -0.342923701 -0.727843702 -0.593840837
vn -0.414811313 -0.870217443 -0.265806645
vn -0.354424387 -0.894435346 -0.27270636
vn 0.841528714 -0.299909741 -0.449314564
vn -0.411802888 -0.87170732 -0.265602559
vn -0.434328198 -0.861319661 -0.26360485
vn -0.331308603 -0.684935689 -0.648920536
vn -0.254995197 -0.714766979 -0.651218534
vn -0.309379905 -0.694700778 -0.649365008
vn -0.85678637 0.186976328 0.480579734
vn -0.858683109 0.224185228 0.460873723
vn -0.859111011 0.222493321 0.460896134
vn -0.130088598 -0.207594529 -0.96952647
vn -0.255889088 -0.719171762 -0.645997643
vn -0.122195996 -0.207188442 -0.970639646
vn -0.1343119 0.0251000319 -0.990621328
vn -0.00578969717 -0.0108854873 -0.999924123
vn -0.00580459787 -0.0108066872 -0.999924779
vn -0.04730618 0.12839897 -0.990593791
vn 0.04831063 0.0758054033 -0.995951712
vn -0.244995505 0.211989954 -0.946064115
vn -0.1485098 0.23101297 -0.961549759
vn 0.00639188197 0.193382666 -0.981102645
vn 0.00679498911 0.193389565 -0.981098652
vn 0.0484944507 0.0764014572 -0.995897174
vn 0.0780866668 0.124276765 -0.989170313
vn 0.307373792 0.489385009 -0.816102862
vn 0.171898693 0.0886903778 -0.981114209
vn 0.310571998 0.493558019 -0.81237042
vn -0.385105014 0.0975042805 -0.917707622
vn -0.150806293 0.231634468 -0.961042643
vn -0.577410579 0.312005013 -0.754486561
vn -0.59658432 0.278511405 -0.752674341
vn -0.780110717 0.434329361 -0.450316846
vn -0.774981916 0.433061182 -0.460284054
vn -0.781878412 0.420695096 -0.460088938
vn -0.803294122 0.378309786 -0.460000634
vn -0.784179926 0.437379152 -0.440183342
vn 0.604807615 0.716791034 -0.347013474
vn 0.523496091 0.794598758 -0.307513684
vn 0.527085483 0.791486561 -0.309402883
vn 0.563094974 0.802915871 -0.195576862
vn 0.606537819 0.711631835 -0.354530782
vn 0.445612907 0.890820324 0.0887038931
vn -0.790281773 0.438598573 -0.427885532
vn 0.212306306 0.853317618 0.476209253
vn 0.199202999 0.846759856 0.493270755
vn 0.447704107 0.890121877 0.0851130038
vn -0.065315783 0.627583086 0.775805116
vn -0.780096829 0.435096562 -0.449599743
vn -0.800927579 0.431220353 -0.415408343
vn -0.78852433 0.437424362 -0.432307154
vn -0.795950115 0.43612355 -0.419832945
vn -0.399207711 0.123403855 0.908517897
vn -0.366016507 0.196495846 0.90962714
vn -0.398989111 0.123701952 0.908573389
vn -0.365819693 0.196893558 0.909620285
vn -0.0754163191 0.616787553 0.783508539
vn -0.812214077 0.356305093 -0.461903751
vn -0.867587507 0.269698858 -0.417796969
vn -0.796361923 0.436885953 -0.418256551
vn -0.801197112 0.432091147 -0.413981438
vn -0.868216872 0.269996464 -0.416294873
vn -0.85848099 0.22578907 -0.460466862
vn -0.649178982 0.225399718 -0.72647202
vn -0.775116801 0.432034403 -0.461021036
vn -0.773329377 0.43042168 -0.465509444
vn -0.603587091 0.283497423 -0.745192468
vn -0.725760281 0.107716911 -0.679462373
vn -0.661290526 0.0795963407 -0.745895088
vn -0.414975703 -0.829873562 0.372967839
vn -0.273206592 -0.886784971 0.372787863
vn -0.215092704 -0.905695975 0.365307957
vn -0.895316482 0.0667021349 -0.440408111
vn -0.867510676 0.233125567 -0.439406157
vn -0.891062796 0.0874139741 -0.445383012
vn -0.903995693 -0.0534005575 -0.42419371
vn -0.676390409 -0.0260941312 -0.736081004
vn 0.267887592 0.885396242 -0.379881144
vn 0.0591965914 0.914425671 -0.40040195
vn 0.155805796 0.898645878 -0.410073638
vn 0.280412495 0.869731963 -0.406122059
vn 0.129603401 0.988222718 -0.0813556984
vn -0.898124576 0.0701144934 -0.434115499
vn -0.89604193 0.0114934528 -0.443820596
vn -0.781822205 -0.000119703422 -0.623501599
vn -0.812659919 -0.0735967904 -0.578072309
vn -0.886622429 0.0772093013 -0.456004113
vn -0.871324182 -0.30132255 -0.387296945
vn -0.864481986 -0.304696143 -0.399789155
vn -0.66656357 -0.284898788 -0.688858271
vn 0.0971925184 -0.867981672 0.48699224
vn 0.0985962078 -0.879796088 0.465013653
vn 0.0913894698 -0.868103147 0.487898558
vn 0.274920493 -0.841709554 0.46469745
vn -0.845456421 -0.402583033 -0.350899667
vn -0.886832178 -0.283998638 -0.364517957
vn -0.134298995 -0.589923322 0.796212494
vn 0.1006651 -0.880661368 0.462927848
vn -0.139899701 -0.580298245 0.80229789
vn -0.893498421 -0.267902255 -0.360401243
vn -0.882478595 -0.293190539 -0.367791772
vn -0.888269305 -0.284384638 -0.360698164
vn -0.340805113 -0.11799445 0.932700098
vn -0.345009297 -0.104101546 0.932808399
vn -0.350313604 -0.107788451 0.93040961
vn -0.405316293 0.0159938615 0.914036572
vn -0.913367629 0.0354897976 -0.405586392
vn -0.405689001 0.00778791308 0.9139781
vn -0.338688105 0.47298488 0.813373089
vn -0.892077088 0.0803045779 -0.444690704
vn -0.9052549 0.0680980682 -0.419376105
vn -0.910517991 0.0534038581 -0.410006404
vn -0.898723722 0.0774829984 -0.4316158
vn -0.208883896 0.787832975 0.579384923
vn -0.0340161882 0.968995452 0.244725868
vn -0.0382057987 0.966707468 0.253015935
vn -0.205899805 0.793250382 0.573026419
vn -0.902567327 0.0670770481 -0.425291598
vn -0.907582402 0.0577018261 -0.415890306
vn -0.911948621 0.0430989265 -0.408034593
vn -0.337602288 0.476782084 0.811605632
vn 0.128113598 0.988680124 -0.0780927688
vn 0.214612395 0.942109764 -0.257625341
vn -0.888896227 0.0792934969 -0.451194197
vn -0.870405972 0.241201475 -0.429203182
vn -0.411692291 -0.83878535 0.356298447
vn -0.412099093 -0.838121533 0.357388854
vn -0.414000303 -0.827389777 0.379512846
vn -0.868083894 0.241894782 -0.43349427
vn -0.870236278 0.249295071 -0.42490077
vn -0.486011714 -0.57629782 0.657018661
vn -0.486008495 -0.576322794 0.656999052
vn -0.869876206 0.258997053 -0.419804782
vn -0.481197804 -0.259617448 0.837285757
vn -0.480992496 -0.259072244 0.837572515
vn -0.870429277 0.259708256 -0.418215871
vn -0.871206522 0.249492675 -0.42279166
vn -0.254503101 -0.405598849 -0.877905369
vn -0.273688793 -0.805578411 -0.525488198
vn -0.855684102 0.114530921 0.504665673
vn -0.277423501 -0.889446557 -0.363209456
vn -0.473328501 -0.595931888 -0.648710549
vn -0.417404503 -0.639009356 -0.646096349
vn -0.506579518 -0.624767959 -0.59417361
vn -0.577917874 -0.676737368 -0.456111431
vn -0.623104274 0.634013474 -0.458004296
vn -0.613504171 0.641305268 -0.460803866
vn -0.635502875 0.627902687 -0.449304223
vn -0.587806523 0.651580572 -0.479506373
vn -0.524213672 0.690334439 -0.498636484
vn -0.515415728 0.687313974 -0.511806965
vn -0.658088684 -0.698821366 -0.280299813
vn -0.60353291 0.711743474 -0.359401375
vn -0.659268022 -0.698791921 -0.277589023
vn -0.712088108 0.698790789 -0.0679848194
vn -0.713401079 0.697991312 -0.0621854663
vn -0.660651982 -0.699880123 -0.271490008
vn -0.662071407 -0.700764835 -0.265687913
vn -0.730290771 0.519694746 0.443387896
vn -0.730629623 0.520712435 0.441632092
vn -0.660792708 -0.704717636 -0.258313924
vn -0.659902215 -0.704490066 -0.261195511
vn -0.523518503 0.186707765 0.831305563
vn -0.655564606 -0.711463213 -0.253091305
vn -0.52219367 0.185200661 0.832475066
vn -0.162301898 -0.18789506 0.968686461
vn -0.656194508 -0.711404443 -0.251620322
vn -0.606623113 -0.749340951 -0.265512228
vn -0.587116718 -0.765414059 -0.263505906
vn -0.533136606 -0.540038764 -0.65124774
vn -0.491507292 -0.579785585 -0.649822593
vn 0.857723773 0.153988779 -0.490507275
vn 0.871381223 0.0475913994 -0.488292992
vn 0.882558584 0.004502194 -0.470181108
vn 0.843540311 0.22640568 -0.487011582
vn 0.802316308 0.279307395 -0.52751863
vn 0.204697996 -0.97241962 -0.11179886
vn 0.336668402 -0.931053817 -0.140689149
vn 0.361484498 -0.924793422 -0.118685752
vn 0.814379096 0.283290178 -0.506491423
vn 0.319514304 -0.947526574 -0.0102008842
vn -0.779317677 -0.386009604 0.493619829
vn -0.793802381 -0.378400594 0.476120651
vn -0.790916026 -0.364813775 0.491286933
vn -0.799999416 -0.365782082 0.47560963
vn 0.34109351 -0.929455876 -0.140595749
vn 0.388671607 -0.915669918 -0.10238675
vn 0.495187193 -0.868718028 -0.0108912718
vn -0.748737872 -0.433221191 0.501708269
vn 0.535389125 -0.778189123 -0.328299224
vn -0.819008589 -0.309903979 0.482891738
vn 0.239982694 -0.922603011 -0.30201304
vn 0.202481106 -0.943561554 -0.262093753
vn 0.533096313 -0.779805362 -0.328195333
vn 0.201109007 -0.938699365 -0.279997557
vn 0.223700196 -0.92808497 -0.297685653
vn -0.492119312 0.156006634 -0.856434822
vn -0.496417999 0.15441063 -0.854240417
vn -0.0751868412 0.292503953 -0.953303933
vn -0.0653021932 0.295103461 -0.953231215
vn -0.211704597 0.25260976 -0.944123626
vn 0.197997898 -0.942196727 -0.27030015
vn -0.963201106 -0.238584921 0.123777665
vn -0.964098871 -0.139100671 -0.226195231
vn -0.961259425 -0.134199455 -0.240771517
vn 0.209023803 -0.934016645 -0.289692938
vn -0.795807183 0.00899628643 -0.605483294
vn -0.804844916 0.00328204664 -0.593476176
vn -0.823542416 -0.308817804 0.475825042
vn -0.962222219 -0.239821315 0.128896356
vn 0.208196402 -0.942483723 -0.261493355
vn 0.563700318 -0.763388813 -0.315403908
vn 0.545418501 -0.771819353 -0.326823622
vn -0.210178003 0.253708452 -0.944170117
vn 0.133099705 0.464591652 -0.875465155
vn -0.141420007 0.300500959 -0.943238854
vn 0.555896223 -0.766183853 -0.322399706
vn 0.414203405 0.591495514 -0.691786706
vn 0.4050771 0.588172019 -0.699975908
vn 0.141703606 0.469253838 -0.871619761
vn 0.551192284 -0.769703567 -0.322092623
vn 0.559923112 -0.766323745 -0.315014511
vn 0.641316116 0.645217478 -0.415220678
vn 0.617392182 0.65808326 -0.430991083
vn 0.636116982 0.644829035 -0.423734069
vn 0.695626318 -0.701746106 -0.153807312
vn 0.575790823 0.672094882 -0.465567976
vn 0.580101609 0.674401283 -0.456798792
vn 0.567685127 0.678180873 -0.466695189
vn 0.730011702 -0.675521791 -0.103698112
vn 0.558566511 0.677263677 -0.478870988
vn 0.530396223 0.665697336 -0.524906695
vn 0.786310613 -0.606301308 -0.118804395
vn 0.778489828 -0.627572417 -0.0103199827
vn 0.719562709 -0.68378818 -0.121092312
vn 0.696229696 -0.70092839 -0.154801816
vn 0.529907703 0.665222943 -0.526000261
vn 0.777958274 -0.62822479 -0.0106992526
vn 0.625914216 0.779891908 0.000547461037
vn 0.779653609 -0.626211226 -1.584693e-06
vn -0.0179008208 -0.938144922 -0.345779836
vn -0.116009198 -0.939473629 -0.322383851
vn 0.58732003 -0.681106746 -0.437205821
vn 0.59413749 -0.680331469 -0.429127008
vn -0.570043683 -0.733127475 0.370910287
vn -0.569420576 -0.730607986 0.376791984
vn -0.561469376 -0.734876454 0.380406082
vn -0.681314707 -0.629703879 0.373206913
vn -0.565112591 -0.734504759 0.375700086
vn -0.723025024 -0.585832834 0.366107404
vn 0.601229012 -0.678104043 -0.422727734
vn -0.311206609 -0.688004613 0.655591488
vn -0.311601013 -0.688200295 0.655198693
vn -0.0259824898 -0.545981705 0.837394238
vn 0.601307213 -0.676610768 -0.425003022
vn 0.618589818 -0.665493011 -0.417691231
vn 0.610009313 -0.672103941 -0.419720322
vn 0.593402684 -0.678326428 -0.433297217
vn 0.308688492 -0.283079445 0.908062458
vn 0.309106201 -0.28257975 0.908076048
vn 0.336100996 -0.244071752 0.90965116
vn 0.672778904 -0.57787925 -0.461978704
vn 0.736055017 -0.534481466 -0.415394783
vn 0.574490607 -0.676677644 -0.460508525
vn 0.619010925 -0.665704966 -0.416728228
vn 0.610104084 -0.672904134 -0.418297917
vn 0.736772478 -0.534494758 -0.414103597
vn -0.0264862701 -0.546464443 0.837063313
vn 0.336484313 -0.243585154 0.909639835
vn 0.739086926 -0.52808696 -0.418180376
vn 0.593419909 0.212484181 0.776339769
vn 0.587996602 0.198592961 0.784105361
vn 0.738001108 -0.521699667 -0.428000003
vn 0.676395416 0.544317663 0.496193081
vn 0.73431021 -0.516813219 -0.4401052
vn 0.676760912 0.559114754 0.478941888
vn 0.610214472 0.786943078 0.0914268568
vn 0.608696282 0.788567126 0.0874691084
vn 0.736114979 -0.520810544 -0.43230918
vn 0.738172174 -0.527871847 -0.420063198
vn 0.730522573 -0.514087617 -0.44950068
vn 0.478719085 0.855720937 -0.196391568
vn 0.725509107 -0.510898829 -0.46110639
vn 0.369328499 0.853848636 -0.366795659
vn 0.36581251 0.853234768 -0.371714443
vn 0.723088324 -0.510182619 -0.465679079
vn 0.484095901 0.817690432 -0.311502278
vn 0.72630918 -0.510465562 -0.460325897
vn 0.730081201 -0.514291048 -0.449984789
vn 0.717689395 -0.522714615 -0.460099399
vn 0.688979506 -0.560101151 -0.459993601
vn 0.488398999 0.81577456 -0.309804171
vn 0.538520813 -0.373915285 -0.755104482
vn -0.3644934 -0.863867581 0.347674251
vn -0.367388994 -0.864302576 0.343520939
vn -0.418076098 -0.852491379 0.313800752
vn 0.73584342 -0.493732303 -0.463425189
vn 0.411232501 -0.607907176 -0.679217696
vn 0.686102211 -0.656009853 -0.314507514
vn 0.691082001 -0.645988047 -0.324199408
vn 0.686058104 -0.662277818 -0.30118522
vn 0.244298607 -0.921964884 0.300497949
vn 0.228893206 -0.927387238 0.295906752
vn -0.359613091 -0.910927534 0.202211052
vn -0.379506707 -0.90658617 0.184597746
vn -0.924282789 0.38031441 -0.0325950868
vn -0.368789494 -0.907985866 0.198887646
vn -0.376428187 -0.90624404 0.192415044
vn -0.924384892 0.379790097 -0.0356668159
vn -0.784191012 0.422101527 0.454835147
vn -0.786315799 0.422215253 0.451045066
vn -0.418309301 0.353296161 0.836779177
vn -0.418718189 0.353380442 0.83653897
vn 0.0899880528 0.181807339 0.979207993
vn 0.0934176967 0.180493638 0.97912991
vn 0.0595103987 0.21399723 0.975019872
vn 0.0526922904 0.215711042 0.975034535
vn 0.399839312 -0.391625345 -0.828708768
vn -0.347991496 -0.900377631 0.261193454
vn -0.356209606 -0.899498582 0.253015965
vn -0.602747083 0.712516725 0.35918802
vn -0.635409474 0.627909362 0.449427098
vn -0.00590628292 -0.00981561653 0.999934375
vn -0.587212205 -0.765442789 0.263209671
vn -0.855533004 -0.404632866 0.323010236
vn -0.190698102 0.847812414 0.494821638
vn -0.933891416 -0.307297438 0.18279846
vn -0.182199404 0.851419747 0.491820961
vn -0.946989417 -0.280908316 0.155889958
vn -0.940158427 -0.218573242 0.261396468
vn -0.98510462 -0.0990030915 0.14059709
vn -0.937316179 -0.221402347 0.269108474
vn -0.160581395 0.858277857 0.487414539
vn -0.162408099 0.849831164 0.501408696
vn -0.965381801 -0.23571752 0.111693464
vn 0.201801807 -0.971699417 -0.122786358
vn 0.0746114179 -0.872004926 -0.483777553
vn 0.200392306 -0.971346974 -0.127781063
vn 0.292083412 -0.928650677 0.228682145
vn -0.935364127 -0.217905045 0.278588384
vn 0.0671012402 -0.862322032 -0.501894593
vn -0.933302224 -0.224701643 0.280100673
vn -0.938295603 -0.225616544 0.262104273
vn -0.935269773 -0.228381246 0.270392984
vn 0.295360297 -0.923917472 0.243185252
vn -0.935616374 -0.182622045 0.302111268
vn -0.932765126 -0.214684948 0.289585561
vn 0.352603495 -0.710905194 0.608510077
vn 0.351512313 -0.721767843 0.596230209
vn 0.353597194 -0.376698345 0.856193662
vn -0.933516979 -0.199799851 0.297701359
vn 0.353305787 -0.372120857 0.858312964
vn -0.935253322 -0.194296151 0.29588908
vn -0.934672415 -0.208300948 0.288094372
vn 0.296401203 0.0580963045 0.953294873
vn 0.294512898 0.0680827051 0.953219175
vn -0.937113106 -0.17820394 0.300103962
vn 0.319199204 -0.0825015083 0.944089711
vn 0.32021901 -0.0755855739 0.944323421
vn -0.935389698 0.135568336 0.326599717
vn 0.327313095 -0.027074784 0.944527984
vn -0.933294177 0.144900948 0.328581244
vn 0.3620179 0.326701254 0.873045981
vn 0.0162226502 -0.879181147 -0.476211846
vn 0.0131992102 -0.870607615 -0.491801143
vn 0.00230127503 -0.87912333 -0.476588845
vn -0.99018091 -0.0739886314 0.118606985
vn -0.992539227 -0.121498503 0.0101993401
vn -0.0106991502 -0.869471967 -0.493866444
vn -0.06769979 -0.872227848 -0.484391838
vn -0.998153508 0.059774451 0.0108066797
vn -0.993246913 -0.116019599 2.86260797e-06
vn -0.0950965211 0.843834341 0.528110206
vn -0.0967962667 0.857379854 0.505500019
vn -0.112298101 0.993674576 0.000124989892
vn -0.1122673 0.993678093 8.99603838e-05
vn -0.993661404 -0.112415098 -1.45115473e-06
vn -0.998185575 0.0592921302 -0.0104970811
vn -0.997851789 0.0655129477 8.81958385e-06
vn -0.07758867 -0.996985495 -9.62189224e-05
vn -0.0775976107 -0.99698478 1.89307684e-05
vn -0.0672058985 -0.862608254 -0.50138849
vn -0.0671933219 -0.861375034 0.503505886
vn -0.0107010603 -0.86958307 0.493670642
vn -0.0650058314 -0.847319663 0.527089775
vn -0.997395813 0.0712943599 -0.0108979791
vn -0.993673623 -0.0458982363 -0.102499604
vn 0.500405073 -0.223970264 -0.836320639
vn -0.750286102 -0.622585118 -0.222392708
vn 0.200409606 -0.971352696 0.127710134
vn 0.2924833 0.0783028379 -0.953059494
vn 0.290379703 0.0890943781 -0.952754974
vn 0.361777991 0.317270339 0.87661624
vn 0.355389297 0.624402285 0.695571899
vn -0.434030801 -0.796363831 -0.42121473
vn -0.445197701 -0.764209211 -0.466672808
vn -0.445307702 -0.764611721 -0.465907812
vn -0.149782106 -0.858444989 0.490548164
vn -0.150191605 -0.858901083 0.489624053
vn 0.0671887919 -0.588112593 0.805983365
vn 0.302890211 -0.125620142 0.944710076
vn 0.0677318498 -0.587155938 0.806635261
vn -0.325706691 -0.942696273 0.0723805055
vn -0.888322711 0.334709942 0.314407468
vn -0.896659315 0.336600751 0.287579954
vn -0.893862128 0.332107455 0.30118987
vn -0.874756098 0.35678035 0.327886552
vn -0.881331921 0.343821138 0.324100554
vn 0.278900504 -0.161885053 0.946577013
vn 0.303511292 -0.124109857 0.944710374
vn -0.435402006 -0.788602054 -0.43420282
vn -0.325416297 -0.942727029 0.0732807741
vn -0.884263515 0.0732017532 0.461215585
vn -0.886225581 0.0798978657 0.456311792
vn -0.885184705 0.0764952675 0.458908111
vn 0.133710101 0.985801578 0.101572067
vn 0.305791587 0.868508816 0.390107661
vn 0.230035707 0.93721807 0.26211825
vn -0.820326626 0.47350055 0.320720077
vn 0.278503507 -0.162578255 0.946575105
vn -0.470302403 -0.878771901 0.0810896456
vn -0.481075704 -0.874068081 0.0676119104
vn -0.47991249 -0.874429703 0.0711104572
vn -0.793738306 0.435418546 0.424723953
vn -0.765275002 0.448668212 0.461574465
vn -0.465616494 -0.881166697 0.0821381509
vn -0.466487795 -0.880792677 0.0811998621
vn -0.465623796 -0.881169677 0.0820645392
vn -0.695512891 0.413382411 0.587687731
vn -0.76600641 0.44772172 0.461280465
vn -0.619825423 -0.704826057 -0.345017225
vn -0.618784785 -0.707983613 -0.340388924
vn -0.586385906 -0.746698737 -0.313994706
vn 0.0476019308 0.0767878368 0.995910525
vn 0.0057057729 0.192507133 0.981279075
vn 0.00560098793 0.19272083 0.981237769
vn 0.246216595 0.54169929 0.803703666
vn 0.077606611 0.124309734 0.98920387
vn 0.437490612 0.779575646 0.448178321
vn 0.371780813 0.812009513 0.449910611
vn 0.53209579 0.846684098 9.2242044e-05
vn 0.474299103 0.754692256 0.453299016
vn -0.871096194 0.491112411 0.000198909009
vn -0.76439482 0.448190182 -0.463493347
vn -0.770699322 0.601496637 -0.210295901
vn -0.764280677 0.634889305 -0.113095492
vn -0.711160779 0.684464872 -0.160492897
vn -0.71498698 0.679561675 -0.164284989
vn -0.711102009 0.684289575 -0.161498189
vn -0.666090727 0.733773708 -0.133788377
vn -0.667265415 0.741174877 -0.0735984445
vn -0.712021708 0.69662118 -0.0880001187
vn -0.770489991 0.600285172 -0.214482993
vn -0.583325326 0.554605544 -0.593417585
vn -0.625102699 0.465812594 -0.626310945
vn -0.550432026 0.602628291 -0.577809453
vn -0.325627506 0.309604853 -0.893370926
vn -0.307072192 0.340919852 -0.888527155
vn -0.549792409 0.601890326 -0.579186082
vn -0.236511394 0.964438081 -0.117990546
vn -0.196001694 0.800300241 -0.56665951
vn -0.306921095 0.340664953 -0.888677061
vn -0.110999599 0.452709556 -0.884722114
vn 0.125194803 0.453971446 -0.882177114
vn 0.220710605 0.800647199 -0.55700171
vn -5.78165009e-06 -1.68616789e-05 -1
vn 1.16768997e-05 -3.72069917e-06 -1
vn 1.0617e-05 -2.34047911e-06 -1
vn 6.48201024e-07 1.38049209e-05 -1
vn 1.87010005e-06 -1.21752782e-05 -1
vn -7.67875008e-06 -6.47330012e-07 -1
vn -3.72529001e-07 5.23118115e-06 -1
vn 6.66081996e-06 -6.16028865e-06 -1
vn 0.332428604 0.34812215 -0.876528561
vn 0.328303099 -0.0909121856 -0.940187275
vn 0.298662692 -0.0585776754 -0.952559292
vn 0.444120407 -0.122988358 -0.887485802
vn 0.583213985 -0.114808366 -0.804164529
vn 0.281121492 -0.0286913142 -0.959243298
vn 0.550701678 -0.0561941676 -0.832808375
vn 0.542698026 -0.007791501 -0.839891791
vn 1.07546994e-05 -2.21660889e-06 -1
vn -1.76652993e-05 1.71186202e-05 -1
vn -1.33215999e-05 -1.6832777e-05 -1
vn 1.5981499e-05 6.87217107e-06 -1
vn 9.64850005e-06 5.70243083e-06 -1
vn -0.345402509 0.257308543 -0.902490735
vn -0.362181008 0.176190242 -0.915304422
vn 1.37240004e-05 -1.1169378e-05 -1
vn -0.370885015 0.0817044601 -0.925077677
vn -0.256368011 0.134602755 -0.957161188
vn 0.323125511 0.211823344 -0.92234534
vn 0.363823295 0.238508642 -0.900414467
vn -0.147294104 0.176792666 -0.97316438
vn -0.0494964682 0.21499227 -0.975360751
vn 0.369371086 0.242189556 -0.897167325
vn 7.79702987e-06 -5.65597929e-06 -1
vn 0.369394392 0.242196143 -0.89715606
vn 0.524188519 0.343674332 -0.77917546
vn 0.555581391 0.364308625 -0.747401237
vn 0.369404107 0.24218595 -0.897154748
vn 0.649688721 0.425886184 -0.629702747
vn -7.87526005e-06 -4.72838883e-06 -1
vn -9.0748099e-06 1.26561099e-06 -1
vn 1.16973997e-05 2.98669102e-06 -1
vn 1.7806899e-06 -1.19703782e-05 -1
vn 0.543291509 0.0284780357 -0.839061081
vn 0.911949217 -0.00130610913 -0.410301208
vn 0.912158728 0.0455002189 -0.407303602
vn 0.912176311 0.0478057861 -0.407000214
vn 0.911501527 0.0851034001 -0.402396113
vn 0.544181705 0.0573298484 -0.837006509
vn 0.911217511 0.0964153484 -0.400483161
vn 0.910972297 0.11740797 -0.395404667
vn 0.546523213 0.0787000135 -0.833737791
vn 1.29640002e-05 -6.08112896e-06 -1
vn 0.919712603 0.118107058 -0.374405771
vn 0.921352208 0.0858004019 -0.379141808
vn 0.99583149 0.0912061334 0.00108428288
vn 0.922578216 0.0458984338 -0.383070201
vn 0.986489415 0.047796987 -0.15669778
vn 0.922382712 -0.00169771502 -0.386273801
vn 0.972434402 0.0395034887 -0.229806304
vn 0.969624817 0.244597301 -1.6015197e-07
vn 0.974076688 0.226218 5.98675683e-07
vn 0.974147379 0.225913107 -3.35023998e-07
vn 0.969218493 0.246202305 -1.45372837e-06
vn 0.936382294 0.350981712 -0.000201991803
vn 0.972569525 -0.000797620101 -0.232611403
vn 1.83352986e-05 9.25922795e-05 1
vn 0.936371684 0.351010203 5.71869307e-08
vn 0.829102516 0.559096813 9.10886087e-08
vn 0.972020507 -0.0536028333 -0.228698015
vn 0.923395276 -0.0595990382 -0.379195303
vn 0.973007381 -0.110499673 -0.202599615
vn -0.00020589499 0.000287453091 1
vn 0.930866897 -0.130995438 -0.341067642
vn 0.974729121 -0.167306766 -0.148026437
vn 5.73862962e-05 8.65782713e-05 1
vn 0.944404423 -0.20229736 -0.259184033
vn 0.974662125 -0.175791666 -0.138315424
vn 4.79272967e-05 -1.62382105e-06 1
vn 0.000113632996 0.000141616067 1
vn 1.46634993e-05 0.000125871069 1
vn 0.568670511 0.822565377 -3.87661858e-05
vn 0.568671882 0.822564423 1.34013021e-07
vn 0.613490283 0.789702415 4.98305099e-07
vn 0.829101205 0.55909878 9.10889284e-08
vn 1.82367985e-05 9.27944202e-05 -1
vn 9.92236019e-05 -7.9111378e-05 -1
vn 5.73297948e-05 8.67271156e-05 -1
vn 0.00011363699 0.000141938915 -1
vn 0.974097908 -0.168302432 0.151022777
vn 0.944299519 -0.202790946 0.259180278
vn 0.930689871 -0.131399453 0.341394871
vn 0.97409749 -0.176797837 0.140984669
vn 0.972064078 -0.111195937 0.206704885
vn 4.64396981e-05 -1.413929e-06 -1
vn 0.000110718 -1.99654787e-05 -1
vn 4.10713e-07 -0.000100588069 -1
vn 0.290453106 0.918834746 -0.267169654
vn -2.0801599e-05 5.46773153e-05 -1
vn 0.000166949991 -3.64927801e-05 -1
vn 0.000166572994 -3.47890782e-05 -1
vn 0.000101444995 0.000477494934 -0.999999881
vn -2.02305e-06 -0.000135355076 -1
vn 0.613481998 0.789708793 6.12419171e-07
vn 0.613523304 0.789676726 9.019555e-05
vn 0.613494873 0.78969872 4.12343843e-06
vn -0.76427573 0.634590507 0.114794403
vn -0.710988402 0.684685588 0.160316199
vn -0.711933076 0.696529329 0.0894341916
vn -0.667206705 0.741087914 0.0749939606
vn -0.689715981 0.708960474 0.147196814
vn -0.710973382 0.68447262 0.161288798
vn -0.666108191 0.733917117 0.132912323
vn -0.717938304 0.675880313 0.166585311
vn -0.770570576 0.601768017 0.209990799
vn -0.773988128 0.63319999 -0.000401883794
vn -0.839987576 0.463499337 0.282115787
vn -0.799282908 0.409003049 0.440299451
vn -0.752703905 0.562499762 0.342097789
vn -0.755520225 0.555805147 0.346799791
vn -0.459408402 0.343300581 0.819200039
vn -0.638996422 0.47759521 0.602981269
vn -0.470927805 0.241026372 0.848606765
vn -0.800844073 0.400574446 0.44518435
vn -0.470138311 0.130224347 0.872932911
vn -1.28745996e-05 2.17678771e-05 1
vn -1.96024994e-05 5.07631057e-07 1
vn -2.14576994e-05 9.25088807e-06 1
vn 2.09584996e-05 -1.11153213e-05 1
vn -2.23443003e-05 6.9970888e-06 1
vn -1.62422998e-06 8.74447869e-06 1
vn 6.80983021e-06 -1.47549217e-05 1
vn -0.235301405 0.175797045 0.955891609
vn -4.54485007e-06 -1.59343097e-06 1
vn 0.4720155 -0.164905727 0.86602968
vn 0.479902506 -0.139901027 0.866095603
vn -1.25469987e-05 -1.47031215e-05 1
vn 3.7401901e-06 1.07409778e-05 1
vn 1.12354992e-05 -1.3287121e-05 1
vn 0.486699402 -0.114401244 0.866046309
vn -3.76998992e-06 -1.02510212e-05 1
vn 0.491890013 -0.089297615 0.866065979
vn 0.495675892 -0.0654980689 0.866034329
vn 0.852084816 -0.15479058 0.499991477
vn 0.842944205 -0.19819808 0.500162661
vn 0.498049408 -0.0428092629 0.866091371
vn 0.858593225 -0.113479979 0.499940068
vn -5.81145002e-07 -1.00945408e-05 1
vn 0.499354601 -0.0215046611 0.866130829
vn 0.862828016 -0.0742038041 0.500021815
vn 5.56457007e-06 7.17461899e-06 1
vn 1.08182003e-05 -1.3287121e-05 1
vn -1.90883984e-05 -8.87079204e-06 1
vn -1.32620005e-06 1.60472905e-06 1
vn -3.11433996e-06 -2.7110209e-06 1
vn 6.16907982e-06 5.38030918e-06 1
vn -0.32208401 -0.0203790348 0.946491778
vn -0.467099398 0.038617935 0.883361101
vn 1.98184989e-05 -5.88660077e-06 1
vn 0.499697298 0.0156803485 0.866058171
vn -2.34245981e-05 -5.75086096e-06 1
vn 0.4979285 0.0448800102 0.866056025
vn 0.498940408 0.0310896989 0.866078496
vn -1.14831994e-06 -1.84876208e-05 1
vn 0.493616909 0.05701188 0.8678087
vn 0.497974008 0.0574822202 0.865284801
vn 0.862469971 0.0776925981 0.500109315
vn 0.864230812 0.0537836291 0.500212729
vn 0.998044074 0.0625151917 1.74059824e-05
vn 0.999507129 0.0313945413 -1.10515848e-05
vn 0.865449727 0.0272451378 0.500254512
vn 0.999988079 0.00489032222 -6.07887341e-06
vn 0.866014481 -0.00336136553 0.50000751
vn 0.999993205 -0.003706872 -1.46988041e-05
vn 0.999075115 -0.0430019982 -7.36817583e-06
vn 0.865115106 -0.0372940525 0.500185192
vn 0.500020504 -0.0018987871 0.8660115
vn 0.996320009 -0.0857112408 -6.30225441e-06
vn 0.989620388 -0.143706694 -1.1571813e-05
vn 0.997975171 -0.0636040494 2.71654767e-06
vn 0.991397202 -0.130888402 1.20187751e-05
vn 0.985409617 -0.170199901 8.24241033e-06
vn 0.985407114 -0.170214206 2.32669845e-06
vn 0.983902872 -0.178703994 -8.7611952e-06
vn 0.973495126 -0.228707701 2.1941938e-05
vn 0.972478211 -0.232994005 -8.47580031e-06
vn 0.960063577 -0.279781699 1.09068178e-05
vn 0.927707613 -0.373307705 1.19643801e-05
vn 0.94404161 -0.329826713 1.56073638e-05
vn 0.831381917 -0.242294773 0.500097215
vn 0.929145277 -0.369714797 9.90864555e-06
vn 0.945883989 -0.32450521 2.13015142e-06
vn 0.804707527 -0.320104092 0.499979228
vn 0.910094619 -0.414400786 -1.43428142e-05
vn 0.927711725 -0.373297602 2.21865812e-05
vn 0.788134694 -0.358917892 0.500021517
vn 0.472916186 -0.162213027 0.866046906
vn 0.819186211 -0.280978501 0.499985039
vn 0.455009907 -0.207304135 0.866020143
vn 0.000102184997 0.000210629063 1
vn 0.434448302 -0.247619241 0.86599046
vn 0.752374411 -0.428889275 0.499986947
vn 0.00018003599 0.000349783077 1
vn 0.413105398 -0.281501144 0.866083741
vn 0.715569615 -0.487706989 0.500102043
vn 0.826464415 -0.562989116 -9.72193789e-07
vn 0.785961986 -0.618274808 1.76316698e-05
vn 0.680876076 -0.535283983 0.499878824
vn 0.83636272 -0.548176527 1.69277901e-05
vn 0.836330593 -0.548225701 -1.51395179e-05
vn 0.858502626 -0.512809277 -2.12506475e-05
vn 0.868712306 -0.495317101 -1.05515983e-05
vn 0.881659329 -0.471886486 1.82813201e-05
vn 0.743475795 -0.443970889 0.500133514
vn 0.763599098 -0.408703893 0.499877751
vn 0.429167807 -0.256275445 0.86610502
vn 0.722980618 -0.476608098 0.500143766
vn 0.417453289 -0.275064737 0.866067111
vn 7.83090036e-06 -1.15234207e-05 1
vn 7.50272966e-06 -2.06967215e-05 1
vn 0.406024307 -0.291819453 0.866017163
vn -4.16673993e-06 -1.20391214e-05 1
vn 1.93118995e-05 -1.95106099e-06 1
vn 0.394969106 -0.306671053 0.86599797
vn 0.684020281 -0.531104267 0.500044763
vn 0.384572595 -0.319372058 0.866086245
vn 0.703180313 -0.505460441 0.500047445
vn 0.78986311 -0.613283396 -2.38954162e-05
vn 0.811978102 -0.58368808 7.98133533e-06
vn 0.666177392 -0.553254664 0.500117004
vn 0.769303024 -0.638884127 -5.1668776e-06
vn 0.649910927 -0.572373867 0.500004172
vn 0.375225693 -0.33048746 0.86601615
vn 1.22040992e-05 -1.90799219e-05 1
vn 0.487095803 -0.112796739 0.866033912
vn -1.94012991e-05 0.000106168074 1
vn -7.92834999e-06 7.60616922e-06 1
vn -4.48524997e-06 -1.80983207e-05 1
vn 0.196198106 0.43069616 0.880912662
vn 2.19940994e-05 4.456439e-06 1
vn 0.482288003 0.131998271 0.866010904
vn 0.358007908 0.329021364 0.873828053
vn 0.266481787 0.404475451 0.874863982
vn -0.226414502 0.211799353 0.950724781
vn 0.198013902 0.434589952 0.878591061
vn -0.182285696 0.712392151 0.677694142
vn -0.441789001 0.409701377 0.798102379
vn -0.319719702 0.298081636 0.899403572
vn -0.610425174 0.559545398 0.560615897
vn -0.565336823 0.520285904 0.640075743
vn -0.429483205 0.825980842 0.365102649
vn -0.470902085 0.833331943 0.28949815
vn -0.38140431 0.879143357 0.285723358
vn -0.287802488 0.916324615 0.278422356
vn -0.29598999 0.937941313 0.180710152
vn -0.0282173697 0.970508933 0.239408061
vn -0.204397202 0.962878525 0.176315263
vn 0.135615602 0.981300414 0.136594862
vn 0.200496107 0.971726298 0.124697156
vn 0.0244772397 0.973263323 0.228384465
vn 0.00588440802 0.962455034 0.271377444
vn 0.349021107 0.759725511 0.5486359
vn 0.483281702 0.718651354 0.499979019
vn 0.41501981 0.903436005 0.107527152
vn 0.474600405 0.706291735 0.525268018
vn 0.345514208 0.752106786 0.561208844
vn 0.208395794 0.961359382 0.179887459
vn 0.525794029 0.849603713 0.0414039083
vn 0.562634826 0.825622797 0.0422991626
vn 0.560195386 0.82720691 0.0437035635
vn 0.724304616 0.688126206 0.0431889705
vn 0.942708671 0.333617002 1.2988552e-05
vn 0.724109113 0.689685524 -0.000201988616
vn 0.629612803 0.594211817 0.500500143
vn 0.942714274 0.333601505 -1.17499928e-06
vn 0.643915474 0.765096724 -2.25766962e-06
vn 0.964630902 0.263604403 -1.94505537e-05
vn 0.835327506 0.228498131 0.500016868
vn 0.981817603 -0.189826906 -1.05809258e-05
vn 0.843696117 -0.195399776 0.499996066
vn 0.36831221 0.338994265 0.865695775
vn 0.618776619 0.583496511 0.525972724
vn 0.274680704 0.416861236 0.866474032
vn 0.974192202 -0.225720093 -5.58315605e-07
vn 0.750448525 -0.660929084 5.14498061e-06
vn 0.750389278 -0.660996199 -1.10903893e-05
vn 0.981822073 -0.189803705 -2.13738222e-05
vn 0.85028398 -0.164395571 0.499991179
vn 0.649892688 -0.572398782 0.499999315
vn 0.375196815 -0.33051905 0.866016448
vn 0.392999798 -0.309103936 0.866028965
vn -5.45382027e-05 -9.00393279e-05 1
vn -1.63540008e-05 1.65561778e-05 1
vn 3.87988985e-06 -2.99787098e-06 1
vn 1.83061002e-05 -7.86682085e-06 1
vn 1.83731008e-05 -9.60653142e-06 1
vn -3.15905004e-06 -4.15212116e-06 1
vn 0.471339196 0.166812971 0.86603272
vn 0.490864307 -0.0950812921 0.866032302
vn -1.72256987e-05 -1.612302e-05 1
vn 0.322007388 0.382509142 0.866024375
vn 0.816402614 0.288900822 0.500023246
vn 0.321803302 0.382292658 0.866195738
vn -1.94488002e-05 -8.19371144e-06 1
vn 0.557599187 0.66262877 0.500006437
vn 0.557729602 0.662729859 0.499726921
vn 0.644001901 0.765024006 5.57706835e-06
vn 0.643975973 0.765045702 -1.80249572e-05
vn 0.482606411 0.780135214 0.398095518
vn 0.0213980004 0.918513656 0.394810259
vn 0.448087007 0.724269331 0.524072647
vn 0.364239305 0.588718355 0.721623421
vn -0.0997147486 0.770504773 0.629586697
vn -0.323668301 0.318478256 0.890960574
vn -0.211299807 0.551768363 0.806786299
vn -0.386805803 0.789319515 0.476818711
vn 0.256793886 0.415303648 0.872685432
vn 0.189216107 0.305798441 0.933104873
vn -1.41579994e-05 -1.74780198e-05 1
vn -1.37090992e-05 1.76886788e-05 1
vn -0.299794793 0.295314163 0.907145262
vn -0.31850329 0.327645242 0.889496684
vn -0.312003911 0.344728053 0.885333955
vn -0.566736221 0.582726657 0.582442939
vn -0.309714198 0.342289746 0.887082279
vn -0.196102306 0.800317407 0.566600442
vn -0.110898599 0.452402353 0.884891987
vn 1.01923997e-05 1.01039786e-05 1
vn -4.65289031e-06 2.26879783e-05 1
vn 0.125103593 0.45401296 0.882168651
vn 0.332526207 0.348616242 0.876295149
vn 0.220601693 0.800621569 0.55708164
vn -2.02087995e-05 -8.29814053e-06 1
vn 1.17343998e-05 -1.49630214e-05 1
vn 2.17928991e-05 2.77877893e-06 1
vn 1.83283992e-05 7.28765917e-06 1
vn -7.37607024e-07 -3.88300975e-07 1
vn 0.298175603 -0.0588201582 0.952696979
vn 0.280493587 -0.0288169067 0.959423304
vn 0.542143881 -0.00775404507 0.840249896
vn 0.550213575 -0.0564059727 0.833116591
vn 2.29572997e-05 -1.00259722e-05 1
vn -1.18762e-05 0.000293379067 1
vn 0.913799584 -0.0612944365 0.401513785
vn 0.542506814 0.0283794142 0.839572012
vn 0.911532402 -0.00241125305 0.411221415
vn 0.911676705 -0.0131133767 0.410699099
vn 0.923161805 -0.0600012541 0.379700214
vn 0.922025919 -0.00200349418 0.387123108
vn 0.971176922 0.0388126522 0.235179096
vn 0.922115326 0.0456051156 0.384218305
vn 0.911678374 0.0451849513 0.408412695
vn 0.970856011 -0.0539061166 0.233522579
vn 0.971307576 -0.00100240973 0.237824604
vn 0.911668479 0.0475904234 0.408161402
vn 0.91094017 0.0848995298 0.4037081
vn 0.920810819 0.0855985805 0.380500406
vn 0.910621226 0.0961909145 0.401890844
vn 0.54346621 0.056828063 0.837505221
vn 0.910299718 0.117200136 0.397012234
vn 0.919171274 0.11790394 0.375796318
vn 0.910819411 0.131803244 0.391198337
vn 0.545495391 0.0788190737 0.834399521
vn 0.911799014 0.140409738 0.385885835
vn 0.91887331 0.140800133 0.368574619
vn 0.989415407 0.145108804 0.000800062611
vn 0.920588076 0.156795844 0.357676923
vn 0.989412606 0.145127699 0.000800322567
vn 0.992293596 0.123906799 0.000799278147
vn 0.915173709 0.154683441 0.372196436
vn 0.551918805 0.0933407396 0.828657508
vn 0.9159621 0.156689048 0.369408041
vn 0.562102079 0.103091665 0.820617676
vn 0.922196984 0.168209836 0.34822163
vn 0.923059225 0.169299245 0.345397741
vn 0.924129188 0.16757594 0.343370736
vn 0.782777727 0.143610299 0.605504096
vn 0.987405121 0.158211201 0.000699366792
vn 0.985974729 0.166894093 0.000499977148
vn 0.926871598 0.17419824 0.332511932
vn 0.795751572 0.153609008 0.585818708
vn 0.929165721 0.176893443 0.324591935
vn 0.984673679 0.174406797 0.000310473406
vn 0.985957623 0.166994706 0.000684238155
vn 0.931775689 0.179791957 0.315386921
vn 0.934193611 0.183796853 0.305779845
vn 0.983354509 0.181697801 0.000192405583
vn 0.984658003 0.174495205 0.000305469439
vn 0.983315885 0.181906104 0.000138246629
vn 0.932329297 0.179580942 -0.313867658
vn 0.934671283 0.183495745 -0.304497957
vn 0.796593785 0.153502896 -0.584701002
vn 0.929746807 0.176790565 -0.322980165
vn 0.724911809 0.139698908 -0.674527407
vn 0.783803225 0.14351441 -0.604198873
vn 0.927129805 0.173604563 -0.332102358
vn 0.750500977 0.168200806 -0.639106274
vn 0.574799895 0.110708632 -0.810770512
vn 0.563122213 0.103114836 -0.819915175
vn 0.4012115 0.0773040876 -0.912717819
vn 0.287988514 0.0527969971 -0.956177413
vn 0.922895014 0.168107361 -0.346417069
vn 0.916683972 0.156683967 -0.367614865
vn 0.553040624 0.0934479907 -0.827897191
vn 2.41293992e-06 2.10770099e-06 -1
vn 1.19208999e-05 -9.62119088e-07 -1
vn 0.294414401 0.0566964447 -0.953994691
vn 1.46924995e-05 6.7455112e-06 -1
vn 1.19246988e-05 1.7173521e-05 -1
vn -1.0475499e-05 2.5769109e-06 -1
vn 0.369471997 0.242215753 -0.897118747
vn 0.36945951 0.242229447 -0.897120118
vn 0 -3.44315913e-06 -1
vn 0.662796319 0.43459639 -0.609776437
vn 0.66275543 0.434587687 -0.609827042
vn 0.369411409 0.242203951 -0.897146821
vn 0.662790895 0.434559375 -0.609808564
vn 0.369409502 0.242209747 -0.897146046
vn 0.662689626 0.434599489 -0.609890044
vn 0.336476296 0.220592543 -0.915490448
vn 0.219612405 0.144008964 -0.964899898
vn 0.36937359 0.242174253 -0.897170424
vn 0.103185199 0.0676976815 -0.992355824
vn 0.530373693 0.179724529 -0.82849443
vn 0.590111971 0.228209525 -0.774395466
vn 0.770673871 0.194294006 -0.606886864
vn 0.786037505 0.218109682 -0.578423142
vn 0.648695529 0.276117325 -0.709192038
vn 0.3693811 0.242202654 -0.897159755
vn 0.458303809 0.300487339 -0.836459816
vn 0.59616679 0.390886217 -0.70127964
vn 0.709014177 0.32698679 -0.624802828
vn 0.662903607 0.434504002 -0.609725535
vn 0.740238309 0.356490076 -0.570054531
vn 0.676622927 0.443605393 -0.587703824
vn 0.79595077 0.521842062 -0.306827515
vn 0.74512893 0.48853147 -0.454004407
vn 0.715371609 0.468969792 -0.517987311
vn 0.752992094 0.371668696 -0.543015063
vn 0.764298916 0.281298876 -0.580274165
vn 0.76069051 0.384194493 -0.523206353
vn 0.780287027 0.276907295 -0.560780227
vn 0.756309211 0.166811809 -0.632590294
vn 0.802193403 0.172419891 -0.571626902
vn 0.687585711 0.288611919 -0.66628015
vn 0.758944929 0.412023097 -0.504222155
vn 0.811847925 0.532266259 -0.239991218
vn 0.73718071 0.427319497 -0.523414433
vn 0.812300682 0.532517433 -0.237892404
vn 0.819820225 0.537525535 -0.197385818
vn 0.81982702 0.53750664 -0.197409004
vn 0.672001421 0.441984296 -0.594191849
vn 0.815628707 0.534693539 -0.221026704
vn 0.814791977 0.534179688 -0.22531341
vn 0.600397587 0.43946743 -0.668125212
vn 0.80249089 0.526076555 -0.281517118
vn 0.526170909 0.42306152 -0.737674117
vn 0.800003409 0.524490952 -0.291382819
vn 0.778186321 0.510168433 -0.366270602
vn 0.662782907 0.434590191 -0.609795213
vn 0.662794113 0.434601903 -0.609774768
vn 0.369468689 0.242220253 -0.897118866
vn 0.772628605 0.506618261 -0.382600307
vn 0.442211509 0.395758331 -0.804875314
vn 0.737320423 0.48340109 -0.471892118
vn 0.726373792 0.476291478 -0.495507419
vn 0.3373878 0.359089047 -0.870186567
vn 0.66920048 0.438786894 -0.599697351
vn 0.662835419 0.434616596 -0.609719455
vn 0.662773371 0.434607685 -0.609793067
vn 0.202702895 0.311403841 -0.928406835
vn -0.384063601 0.0912931785 -0.918782175
vn -0.309999287 0.100613959 -0.945397973
vn -0.233778402 0.113703854 -0.96561861
vn 0.0410672389 0.250584841 -0.967223227
vn -0.665945172 -0.142216474 -0.732319176
vn -0.665438771 -0.14190878 -0.732839108
vn -0.603577077 -0.138002068 -0.78527081
vn -0.159880698 0.129440263 -0.978613079
vn -0.0249197409 0.164323568 -0.986091793
vn -0.541764677 -0.128394261 -0.830666006
vn -0.518176615 -0.123585962 -0.846297503
vn -0.480901897 -0.115104958 -0.869185984
vn -0.419910997 -0.0989898741 -0.902150571
vn 0.100907199 0.200390071 -0.974505961
vn -0.527072012 -0.136592969 -0.838771403
vn -0.722207189 -0.210401893 -0.658899069
vn -0.731692314 -0.227895796 -0.642409563
vn -0.5396837 -0.150093064 -0.828380108
vn -0.351475894 -0.0786928833 -0.93288368
vn -0.310503602 -0.0660116822 -0.948277414
vn -0.283376187 -0.057602182 -0.957277417
vn -0.312411994 -0.0673055202 -0.947559416
vn -0.553712785 -0.161897063 -0.816817999
vn -0.323608786 -0.0754294544 -0.943179607
vn -0.336094886 -0.0850960836 -0.937976003
vn -0.186214194 -0.0277179591 -0.982118189
vn -0.0997884795 -0.00220091804 -0.995006323
vn 0.00909000635 0.0277951118 -0.999572396
vn 0.405000001 0.267977238 -0.874164224
vn 0.237786397 0.236014754 -0.942207336
vn 0.149022207 0.0630058423 -0.986824572
vn 0.502696574 0.280697405 -0.817621648
vn 0.0563956983 0.0401005521 -0.99760288
vn 0.00892120507 0.024308363 -0.999664724
vn -0.348879993 -0.0952957496 -0.932309806
vn 0.00941723492 0.0146849528 -0.999847889
vn 0.219706595 0.079204537 -0.972345412
vn 0.378395587 0.11079625 -0.918989182
vn 0.382406712 0.108604446 -0.917589426
vn 0.394799799 0.113803253 -0.911691904
vn 0.597897708 0.287667006 -0.748175263
vn 0.457300395 0.124603041 -0.880540013
vn 0.576999485 0.143201128 -0.804092824
vn 0.398696095 0.0973047316 -0.911906421
vn 0.0103198197 0.00218854705 -0.999944508
vn 0.807952106 0.17328909 -0.563191175
vn 0.809848905 0.171811283 -0.560915112
vn 0.412358701 0.0814955458 -0.907369196
vn 0.00956678297 -0.0128181074 -0.999872088
vn -0.375812113 -0.117500953 -0.919216275
vn -0.361718506 -0.106309652 -0.926206172
vn -0.781209528 -0.251404911 -0.571408272
vn -0.791292071 -0.245697707 -0.559901237
vn -0.391317993 -0.12680085 -0.911477804
vn -0.801398218 -0.235796809 -0.549691677
vn -0.407799304 -0.133499458 -0.903259516
vn 0.00677925302 -0.0280953776 -0.99958241
vn -0.928588271 -0.268296361 -0.25639993
vn -0.933927119 -0.246000051 -0.259353638
vn -0.810898781 -0.221801713 -0.541523039
vn -0.939016819 -0.219094455 -0.265038133
vn -0.974856377 -0.222832903 0.000802480674
vn -0.967722476 -0.252017111 0.000700587931
vn -0.967769623 -0.251836598 0.00067932799
vn -0.933216512 -0.246496245 0.261432081
vn -0.927997887 -0.268798739 0.258006573
vn -0.938228607 -0.219389349 0.267573565
vn -0.813979387 -0.222297892 0.536676228
vn -0.803783417 -0.236291692 0.545984149
vn -0.421214402 -0.136203542 0.896675527
vn -0.822774827 -0.203990594 0.530499458
vn -0.40530619 -0.132705346 0.904497921
vn -0.436303288 -0.136497349 0.889386296
vn 0.00367277791 -0.042499043 0.999089777
vn -0.00288146711 -0.0557013527 0.998443305
vn -0.829024017 -0.181201994 0.529041708
vn -0.448978305 -0.133698553 0.883483708
vn -0.0114554698 -0.0671912804 0.997674406
vn 0.4272798 0.00669613574 0.904094696
vn -0.0218065307 -0.0771013945 0.996784806
vn 0.430812091 0.0254019126 0.902084112
vn 0.418401301 -0.0113001084 0.908191979
vn -0.0333938487 -0.0857937112 0.995753109
vn -0.457308888 -0.128299251 0.880004585
vn -0.830933928 -0.154108897 0.534602225
vn -0.826298594 -0.12310309 0.549614727
vn -0.458784699 -0.120100439 0.880393505
vn -0.812895775 -0.0882962644 0.575677216
vn -0.943742394 -0.106404953 0.313094676
vn -0.938359916 -0.0583955571 0.340691686
vn -0.998964012 -0.0454903804 0.0012926975
vn -0.998981416 -0.0451080203 0.00129383069
vn -0.999913871 0.01307368 0.00121486315
vn -0.927177906 -0.00590282818 0.3745749
vn -0.939706802 -0.0582023226 -0.336992413
vn -0.944962621 -0.106107548 -0.309495032
vn -0.820665419 -0.12279211 -0.558059514
vn -0.945668399 -0.14909175 -0.288934231
vn -0.825889707 -0.15369761 -0.542478919
vn -0.995137215 -0.0984895825 0.00130806689
vn -0.995095491 -0.0989091322 0.00141916994
vn -0.989282429 -0.146010295 0.00119415531
vn -0.944607317 -0.149499238 0.292176574
vn -0.942350924 -0.187198251 0.277365565
vn -0.989224076 -0.146403 0.00140289008
vn -0.982206523 -0.1878023 0.000805288379
vn -0.982265115 -0.187495396 0.000999024487
vn -0.943438172 -0.186188757 -0.274332225
vn -0.819061279 -0.203489617 -0.536405385
vn -0.824635088 -0.180708617 -0.536023676
vn -0.440435588 -0.137304753 -0.887222588
vn -0.424606413 -0.137104347 -0.8949368
vn 0.00176602602 -0.0428972952 -0.999077916
vn -0.00561123993 -0.0563005842 -0.998398125
vn -0.0150579801 -0.0677924827 -0.997585773
vn 0.429166913 0.0250941776 -0.902876616
vn 0.428186715 0.0443958864 -0.902599216
vn 0.425186306 0.00639679842 -0.905083418
vn 0.821617603 0.10490109 -0.560303807
vn 0.82459873 0.124602988 -0.551825285
vn 0.938497186 0.158293739 -0.306864977
vn 0.935114384 0.142347664 -0.324497074
vn 0.814502478 0.0849976838 -0.573899925
vn 0.940286398 0.172092944 -0.293675661
vn 0.982552171 0.1859871 9.55178039e-05
vn 0.984533012 0.1751993 0.000200266542
vn 0.984570503 0.174988493 7.03442947e-06
vn 0.986822605 0.161805898 9.94256552e-05
vn 0.936720729 0.143100858 0.319494128
vn 0.939667106 0.159090653 0.302846521
vn 0.986860991 0.161572203 9.19100203e-05
vn 0.929929495 0.125305265 -0.345730871
vn 0.989133179 0.147022307 0.000195045941
vn 0.932026505 0.126203135 0.339704931
vn 0.803065002 0.0655001774 -0.592280507
vn 0.922917187 0.108100161 -0.36951077
vn 0.9891693 0.146778807 0.000193469896
vn 0.991338909 0.131328806 0.000189914397
vn 0.92552352 0.10890004 0.362694323
vn 0.991358578 0.131180003 0.000196018373
vn 0.917212486 0.0912998319 0.387796015
vn 0.797288418 0.0647973642 0.600110471
vn 0.780399382 0.0454005711 0.623631001
vn 0.75879401 0.0259970538 0.650811672
vn 0.403384209 -0.0289962497 0.914571226
vn 0.382019907 -0.0458990596 0.923013687
vn -0.0452876016 -0.0925890058 0.994674027
vn -0.0566763207 -0.0969784632 0.993671477
vn 0.354297101 -0.0613044836 0.933121324
vn 0.732333004 0.00690079527 0.680911779
vn 0.321408093 -0.0728998482 0.94413048
vn -0.0656049773 -0.0962032452 0.993197501
vn -0.43317309 -0.0931031406 0.896489322
vn -0.403225809 -0.0710990727 0.912334502
vn -0.0697991177 -0.0879996866 0.993672073
vn 0.285879791 -0.0779037774 0.955093682
vn -0.0667137504 -0.0687096566 0.995403588
vn -0.361709803 -0.0400989316 0.931428075
vn -0.701236308 0.0409017727 0.71175468
vn -0.642712772 0.0949029252 0.760206401
vn -0.310100108 9.79935066e-05 0.950703979
vn -0.860190928 0.168597326 0.481296718
vn -0.834308922 0.23200272 0.500103533
vn -0.580483019 0.153404564 0.799691617
vn -0.811635613 0.297403097 0.502791345
vn -0.522112608 0.212891772 0.825878739
vn -0.251011103 0.0474004336 0.966823101
vn -0.792108476 0.3636823 0.490203351
vn -0.471318096 0.270921052 0.839321852
vn -0.191218704 0.0960027128 0.976841271
vn -0.239003494 0.244904056 0.93962723
vn -0.429857105 0.323521256 0.842945337
vn -0.135704502 0.140793443 0.980694413
vn -0.625424027 0.390582383 0.675492585
vn 0.0498948582 0.121791236 0.991300821
vn -0.0874869227 0.177769437 0.980175614
vn 0.194007501 0.00941928104 0.980954826
vn 0.190419793 0.0462189503 0.980614185
vn 0.190684095 0.0791041404 0.97845912
vn 0.0720076486 0.147006541 0.986510992
vn -0.0486010909 0.203737229 0.977818549
vn 0.191634804 0.103997543 0.975941002
vn 0.345988989 0.0417974778 0.937307179
vn 0.339591295 0.0599998459 0.938657522
vn 0.297587812 0.0761028752 0.95165652
vn 0.191485107 0.108475946 0.975482702
vn 0.187617406 0.109706946 0.976096272
vn 0.0976985618 0.141596735 0.985091627
vn -0.0163772106 -0.391879439 0.919870853
vn -0.114107899 -0.352190435 0.928946316
vn -0.325386614 -0.735795915 0.593909085
vn 0.120993398 -0.447599947 0.886010766
vn 0.337982893 0.0635961443 0.939001083
vn 0.443212807 0.0296826642 0.895924926
vn 0.303272605 -0.207698554 0.929993033
vn 0.385410011 -0.239195645 0.891204119
vn 0.197236404 -0.480568856 0.854488969
vn -0.00306856609 -0.671067238 0.741390169
vn 0.0629202127 -0.705206037 0.70620507
vn 0.276710004 -0.517379999 0.809783757
vn 0.129318193 -0.742235839 0.657543182
vn 0.356720299 -0.557222009 0.749836087
vn 0.470402807 -0.274119139 0.838796854
vn 0.538203001 -0.00367810135 0.842807293
vn 0.610114694 -0.0305998381 0.791722119
vn 0.555513322 -0.311736226 0.770860255
vn 0.724317074 -0.077287361 0.685121477
vn 0.68778342 -0.0617999993 0.723280728
vn 0.63049221 -0.348008931 0.69380784
vn 0.428109199 -0.595014691 0.680205882
vn 0.756730199 -0.0919297114 0.647231281
vn 0.464623302 -0.611110747 0.64083451
vn 0.669215918 -0.365407109 0.647014558
vn 0.795804977 -0.109895594 0.595497727
vn 0.720378876 -0.0715089291 0.689884722
vn 0.855998099 -0.130291879 0.500291407
vn 0.831814826 -0.127501592 0.540210724
vn 0.702792227 -0.374569297 0.604798257
vn 0.859644175 -0.141906574 0.490789384
vn 0.495297998 -0.610261023 0.61827296
vn 0.864600778 -0.144600272 0.481203169
vn 0.94564712 -0.172605947 0.275606483
vn 0.524525106 -0.562820494 0.638832092
vn 0.892160296 -0.160680473 0.42217508
vn 0.573151708 -0.410589516 0.709163845
vn 0.122491799 -0.557712197 0.820946276
vn 0.303815603 -0.212906554 0.928637266
vn 0.656736672 -0.210213423 0.72422874
vn -0.322912902 -0.514793217 0.794175923
vn -0.0817771479 -0.130393371 0.988084078
vn -0.111589901 -0.177466169 0.977779925
vn 0.375696987 -0.0819971189 0.923108101
vn 0.694596827 -0.142692015 0.705105901
vn 0.380254209 -0.0829004273 0.921159327
vn -0.00390779879 -0.00620935718 0.999973118
vn 0.380263895 -0.0831791982 0.921130121
vn -0.00401896192 -0.00629584305 0.999972105
vn -0.00400531199 -0.00630561914 0.999972224
vn -0.0817992613 -0.130389765 0.988082707
vn -0.00401341915 -0.00631968491 0.999971986
vn -0.00387573196 -0.00619719783 0.999973416
vn -0.0818015933 -0.130413666 0.988079429
vn -0.00401133206 -0.00631551305 0.999972105
vn -0.00390332891 -0.00620685378 0.999973178
vn -0.0818071887 -0.130403161 0.988080323
vn -0.00399601413 -0.00629482977 0.999972224
vn -0.00390446093 -0.00620703306 0.999973118
vn -0.00391095784 -0.00621805899 0.999973118
vn -0.00391185191 -0.00619707908 0.999973178
vn -0.00391429616 -0.00618295185 0.999973178
vn -0.00389450695 -0.00619284716 0.999973297
vn -0.33755821 0.233500853 0.911883771
vn -0.33731091 0.227527052 0.913483977
vn -0.334404111 0.22376965 0.915478647
vn -0.611719429 0.421405494 0.66948998
vn -0.402284205 0.133195445 0.905773878
vn -0.0605993196 -0.113894366 0.991643071
vn -0.337462902 0.226899847 0.913583875
vn -0.00399619294 -0.0063983039 0.999971628
vn -0.613079906 0.455974787 0.645151377
vn -0.613934696 0.408199877 0.675616086
vn -0.784619927 0.52251476 0.333691776
vn -0.783918381 0.530417264 0.322691381
vn -0.834565878 0.503033757 0.224626079
vn -0.804188371 0.558590353 0.203120083
vn -0.780810177 0.542715251 0.309508592
vn -0.774121881 0.428013712 0.466411173
vn -0.75460422 0.489401042 0.437103391
vn -0.750257194 0.501243949 0.431124985
vn -0.894086182 0.447887987 -0.00249718223
vn -0.862346292 0.506306112 -0.00361362752
vn -0.894080818 0.447897702 -0.00268893014
vn -0.861673474 0.443297982 0.246993676
vn -0.756493628 0.503410459 0.417487204
vn -0.777117074 0.51291275 0.364704877
vn -0.643813729 0.357789069 0.676380873
vn -0.739921808 0.19130379 0.644917488
vn -0.566902697 -0.157884136 0.808513403
vn -0.82419312 0.0728128776 0.561608613
vn -0.720902383 -0.372997791 0.58409977
vn -0.859616876 0.0232978165 0.510407805
vn -0.728139102 0.494608313 0.474527299
vn -0.695409417 0.485390097 0.529907882
vn -0.853311419 -0.000504731957 0.521401525
vn -0.780899525 -0.456004769 0.426914334
vn -0.788585424 -0.489192963 0.372590005
vn -0.832152724 -0.00612273812 0.554512978
vn -0.788212478 -0.490595669 0.371533513
vn -0.771489024 -0.50100553 0.392171204
vn -0.804584205 -0.0254959762 0.593291104
vn -0.781858623 -0.486690253 0.389653414
vn -0.658707678 0.474624604 0.583811283
vn -0.803513229 -0.0220007673 0.594880402
vn -0.617912114 0.461584419 0.63649404
vn -0.601781726 0.456293494 0.655480742
vn -0.604821801 0.448113889 0.658319533
vn -0.396009505 0.368653744 0.84099406
vn -0.42170471 0.387203783 0.819901466
vn -0.195902094 0.277004749 0.940686345
vn -0.236389205 0.303522944 0.923035383
vn -0.39154169 0.374401063 0.840546787
vn -0.483821303 -0.168307036 0.858830512
vn -0.641870201 -0.0922902301 0.76123929
vn -0.591515005 -0.590590715 0.548919559
vn -0.360125899 -0.233103052 0.903311968
vn -0.190025195 0.280893058 0.940738976
vn -0.681307316 -0.543623984 0.49019742
vn -0.529609978 -0.844431221 0.0803074688
vn -0.529673278 -0.844393492 0.0802860036
vn -0.520580471 -0.630185127 0.576075256
vn -0.267451108 -0.282253951 0.921304941
vn -0.529613614 -0.844428778 0.0803084746
vn -0.467291892 -0.660591841 0.587585568
vn -0.529610276 -0.84441638 0.0804607645
vn -0.529678702 -0.844390213 0.080285646
vn -0.529616594 -0.844425797 0.0803208724
vn -0.529680729 -0.844388485 0.0802907795
vn -0.529612303 -0.844419599 0.0804149359
vn -0.424380094 -0.68437022 0.592907369
vn -0.529621303 -0.844423115 0.0803186074
vn -0.5296911 -0.84438169 0.080292806
vn -0.380507112 -0.707421243 0.59562546
vn -0.191792905 -0.319025338 0.928137064
vn 0.075694792 0.150588229 0.985694408
vn 0.0116879297 0.179985732 0.983599722
vn -0.0427924283 0.206910536 0.977423668
vn -0.0948122665 0.233179241 0.967800677
vn -0.529616117 -0.844425321 0.0803290382
vn -0.529604018 -0.844433308 0.0803242177
vn -0.412195891 -0.848304451 0.33237654
vn -0.247521102 -0.777421594 0.578229189
vn -0.529694676 -0.844379902 0.0802883878
vn -0.529694974 -0.844379187 0.0802933946
vn -0.528900206 -0.843200803 0.0963169187
vn -0.529619277 -0.844426811 0.0802920237
vn -0.529629707 -0.844420612 0.0802895874
vn -0.528901577 -0.843203187 0.0962886065
vn -0.523391604 -0.834388316 0.172793567
vn -0.529030085 -0.843314707 0.0945912972
vn -0.529037774 -0.8431288 0.096192576
vn -0.490312308 -0.781711638 0.385384083
vn -0.523285508 -0.834475994 0.17269057
vn -0.523401916 -0.834401488 0.172697961
vn -0.523752511 -0.835459828 0.166403964
vn -0.299537808 -0.896327734 0.326915443
vn -0.02231347 -0.879862487 0.474704355
vn -0.312094897 -0.908798039 0.276916951
vn -0.0438045189 -0.892398953 0.449116141
vn 0.0190902893 -0.802893102 0.595817387
vn 0.220797405 -0.789689839 0.572397172
vn 0.248097405 -0.781116545 0.572978854
vn -0.497121394 -0.787805557 0.363638073
vn -0.49021399 -0.78172183 0.385488093
vn -0.322900206 -0.514801443 0.794175625
vn -0.359586209 -0.573364735 0.736173093
vn -0.322910011 -0.514816701 0.794161856
vn -0.490285695 -0.78172797 0.385384589
vn -0.490306705 -0.781701684 0.385411382
vn -0.523399711 -0.834402621 0.172699764
vn -0.322899401 -0.51479882 0.794177711
vn -0.490303397 -0.78170526 0.385408074
vn -0.523379803 -0.834415913 0.172695771
vn -0.523288727 -0.834468782 0.172715873
vn -0.528903306 -0.843200207 0.0963060036
vn -0.528922319 -0.843188226 0.0963054672
vn -0.529622316 -0.844421923 0.0803249851
vn -0.527711928 -0.839217007 0.13128157
vn -0.531784415 -0.842158675 0.0892983451
vn -0.528901696 -0.843202114 0.0962971896
vn -0.515389979 -0.821803987 0.242922559
vn -0.490310699 -0.781709135 0.385390967
vn -0.322803497 -0.514798343 0.794216931
vn -0.322895408 -0.5147928 0.794183254
vn -0.465280503 -0.742094755 0.482503384
vn -0.0817056224 -0.128807262 0.988298118
vn -0.0817882419 -0.130391061 0.988083601
vn -0.294872999 -0.470712453 0.831552744
vn 0.189597398 -0.776800334 0.600528181
vn -0.0672984123 -0.883803666 0.462992758
vn -0.110123098 -0.857085884 0.503265977
vn -0.324697495 -0.904896438 0.275198251
vn -0.3454974 -0.89078325 0.295189559
vn -0.368180811 -0.875694275 0.312414259
vn -0.156896099 -0.82840538 0.537706375
vn -0.202987 -0.801697731 0.562207401
vn -0.0662155077 -0.640210032 0.765340984
vn -0.390605897 -0.861424267 0.324615657
vn -0.921133518 0.389241308 -0.00210606656
vn -0.921285212 0.388882786 -0.00200128159
vn -0.790369928 0.361006677 -0.494964451
vn -0.859673917 0.441783041 -0.256493032
vn -0.771757901 0.424454391 -0.473527551
vn -0.633781314 0.391198128 -0.667297065
vn -0.481194586 0.275526643 -0.83218807
vn -0.810762823 0.295386791 -0.505381465
vn -0.527323902 0.215705827 -0.821827412
vn -0.185593307 0.0964973271 -0.977877021
vn -0.127292603 0.140412956 -0.981876314
vn -0.235010907 0.247112542 -0.940056026
vn -0.444109291 0.330150247 -0.832927346
vn -0.615181029 0.449491918 -0.647695541
vn -0.414104402 0.377605259 -0.828210056
vn -0.440481693 0.395602912 -0.80589956
vn -0.191399798 0.279100955 -0.940993547
vn -0.2355849 0.306617856 -0.922217548
vn -0.410385996 0.383614153 -0.827299058
vn -0.483779997 -0.165786967 -0.859343708
vn -0.185721502 0.282789052 -0.941030264
vn -0.0794848725 0.22950767 -0.970055938
vn -0.34795621 -0.236998051 -0.907060385
vn -0.0290208999 0.203292564 -0.978687823
vn -0.0351070687 0.200429365 -0.979079068
vn -0.0766089484 0.17622526 -0.98136431
vn 0.0578228198 0.119437464 -0.991156578
vn 0.0815195963 0.143517569 -0.986284673
vn 0.0259993598 0.174993768 -0.984226286
vn -0.255120009 -0.286653042 -0.92344135
vn 0.0853825808 0.14678596 -0.985476375
vn 0.108500801 0.136910364 -0.984623373
vn -0.182210594 -0.324178845 -0.928281963
vn 0.197002202 0.104991555 -0.974765122
vn -0.104526803 -0.35712406 -0.928189933
vn 0.197592303 0.100402653 -0.975129128
vn 0.195499197 0.0763207376 -0.977729678
vn 0.340309292 0.0422023833 -0.939365983
vn 0.33238259 0.0608954728 -0.941176772
vn 0.298213392 0.0741952956 -0.951611221
vn 0.197891206 0.10469456 -0.974617004
vn -0.0164942704 -0.391594857 -0.919989944
vn 0.330422401 0.0645903051 -0.941620529
vn 0.429177701 0.0346105956 -0.902556777
vn 0.287982494 -0.202709258 -0.935935438
vn 0.1068791 -0.442073762 -0.890588462
vn 0.509317279 0.00829823967 -0.860538781
vn 0.370312601 -0.232425749 -0.899359167
vn 0.51648277 0.00600214768 -0.856276512
vn 0.459497899 -0.26700294 -0.847095668
vn 0.183311701 -0.473694146 -0.861400545
vn 0.26669541 -0.510488093 -0.81748116
vn 0.0544769093 -0.699229002 -0.712819099
vn -0.0144724799 -0.664783895 -0.746895492
vn -0.211109996 -0.796770394 -0.566206336
vn -0.0774902105 -0.634910762 -0.768689632
vn -0.162691802 -0.823967755 -0.542778611
vn -0.255410105 -0.773090065 -0.580600798
vn -0.370988995 -0.873581648 -0.314995944
vn -0.394578993 -0.858863115 -0.326590747
vn -0.52968508 -0.844383299 -0.0803158954
vn -0.416009396 -0.845915318 -0.333711356
vn -0.529627204 -0.844421804 -0.080293186
vn -0.529612601 -0.844420195 -0.0804063752
vn -0.529610574 -0.844429374 -0.0803224519
vn -0.529687285 -0.844385803 -0.0802756026
vn -0.529615402 -0.844421983 -0.0803681761
vn -0.529611409 -0.844429076 -0.0803211406
vn -0.374992698 -0.7104128 -0.59556222
vn -0.325400203 -0.735798955 -0.59389782
vn -0.418602705 -0.687204957 -0.59373492
vn -0.529610395 -0.84443152 -0.0803019553
vn -0.52969569 -0.844378293 -0.0802985504
vn -0.460510612 -0.663725853 -0.589404702
vn -0.529688179 -0.844383776 -0.0802900344
vn -0.513996899 -0.632999003 -0.578895092
vn -0.52962333 -0.844424427 -0.0802919939
vn -0.591887712 -0.589508474 -0.549680531
vn -0.529626787 -0.844421625 -0.0802988559
vn -0.690596521 -0.538511336 -0.482785791
vn -0.52961117 -0.844416618 -0.0804532841
vn -0.773594201 -0.505289912 -0.382405698
vn -0.529676497 -0.844392002 -0.0802809745
vn -0.528900206 -0.843201399 -0.0963119343
vn -0.528784275 -0.843273997 -0.0963138416
vn -0.527619421 -0.844689429 -0.0900966078
vn -0.784123003 -0.49972555 -0.368002176
vn -0.791671872 -0.487779826 -0.367867678
vn -0.834750175 -0.0122440103 -0.550492704
vn -0.527602315 -0.839111626 -0.132392228
vn -0.855804205 0.000198845271 -0.51730001
vn -0.523416221 -0.83439219 -0.172699928
vn -0.781321228 -0.44811675 -0.43442896
vn -0.515272021 -0.821704268 -0.243509829
vn -0.854449928 0.0243887547 -0.51896131
vn -0.490324706 -0.781726658 -0.385337621
vn -0.712083817 -0.374789417 -0.593691587
vn -0.465136111 -0.741431415 -0.483660907
vn -0.816804171 0.0687939897 -0.57279861
vn -0.323000312 -0.51475817 -0.794163167
vn -0.565525115 -0.157610267 -0.809530973
vn -0.3229101 -0.514815986 -0.794162273
vn -0.0817845389 -0.13048403 -0.988071501
vn -0.0798091814 -0.126709729 -0.988723993
vn -0.296331197 -0.472540557 -0.829996049
vn -0.00395047618 -0.0063653742 -0.999971986
vn -0.00398886204 -0.00638605701 -0.999971807
vn -0.0817973018 -0.130510539 -0.988066971
vn -0.322921395 -0.514834106 -0.794145882
vn -0.322916001 -0.514825881 -0.794153571
vn -0.490303606 -0.781704724 -0.385409027
vn -0.490300596 -0.781706631 -0.385409206
vn -0.0817972422 -0.13049303 -0.988069177
vn -0.490325302 -0.781740665 -0.385308832
vn -0.3229132 -0.514822483 -0.794156849
vn -0.0039674039 -0.00634510908 -0.999972105
vn -0.00399291515 -0.00629241811 -0.999972284
vn -0.0818063021 -0.130503342 -0.98806721
vn -0.0817742869 -0.130499139 -0.988070428
vn -0.322873712 -0.514795601 -0.794190168
vn -0.0040088892 -0.00639881194 -0.999971628
vn 0.384923697 -0.0809114799 -0.91939503
vn -0.108590998 -0.17309773 -0.978900015
vn 0.315480798 -0.212403148 -0.924854934
vn 0.707751811 -0.141590387 -0.69212693
vn 0.671685696 -0.212487981 -0.709709287
vn 0.585983872 -0.416507483 -0.695086062
vn 0.134491593 -0.561668694 -0.816358089
vn 0.389704913 -0.081905812 -0.91729039
vn 0.387727797 -0.0850007236 -0.917846501
vn -0.00401246501 -0.00629915297 -0.999972105
vn -0.00399225904 -0.0060929209 -0.999973476
vn 0.390900791 -0.0887042508 -0.916148603
vn 0.714681089 -0.149424195 -0.683303177
vn 0.922455728 -0.186605647 -0.338014632
vn 0.923079312 -0.18880114 -0.335080326
vn 0.7111274 -0.142107487 -0.688551605
vn 0.71858412 -0.155797496 -0.677764118
vn 0.948110282 -0.203503653 -0.244281128
vn 0.925320923 -0.197108746 -0.323927939
vn 0.927201092 -0.205894858 -0.312898844
vn 0.72265178 -0.162953302 -0.671729624
vn 0.396134287 -0.0975015983 -0.91300112
vn 0.725477695 -0.171030089 -0.666656494
vn 0.393242091 -0.0926852524 -0.91475141
vn 0.397964686 -0.102086753 -0.91170311
vn 0.728498816 -0.179600596 -0.661084771
vn 0.928623319 -0.215111256 -0.302301019
vn 0.943957686 -0.242787674 -0.22360234
vn 0.929717004 -0.22469826 -0.291782618
vn 0.930159092 -0.231386557 -0.285069227
vn 0.930305302 -0.235001549 -0.281614125
vn 0.731481493 -0.188860297 -0.655184567
vn 0.399998814 -0.107298151 -0.910213172
vn 0.733208299 -0.198802397 -0.650294781
vn 0.40145871 -0.112728752 -0.908913195
vn 0.930218518 -0.246703252 -0.27171883
vn 0.740793884 -0.189412192 -0.644474685
vn 0.737977326 -0.188402295 -0.647992373
vn 0.721274197 -0.237416089 -0.650689781
vn 0.92859453 -0.271196872 -0.253307521
vn 0.929444015 -0.259781361 -0.26200673
vn 0.931748271 -0.300106972 -0.204404145
vn 0.965393126 -0.26079759 -0.000882552471
vn 0.590705276 -0.739076614 -0.323779315
vn 0.618471205 -0.573405266 -0.537308037
vn 0.931048989 -0.29732576 -0.211530849
vn 0.935432017 -0.309227556 -0.171305239
vn 0.944036901 -0.322391093 -0.0697015449
vn 0.940276027 -0.317379057 -0.123092152
vn 0.928672373 -0.283888459 -0.23869434
vn 0.709028423 -0.701707423 -0.0698965043
vn 0.597291589 -0.78889823 -0.144507229
vn 0.0340968296 -0.998609781 -0.0401987247
vn 0.0339988992 -0.992804825 -0.114816263
vn 0.0438961312 -0.927824736 -0.370424747
vn 0.331989795 -0.941606522 -0.0562157333
vn 0.598419905 -0.798384428 -0.0669030547
vn -0.109663397 -0.993968904 -0.000298900937
vn 0.334204495 -0.942500591 -0.000102382546
vn 0.344393909 -0.938567877 0.021977568
vn 0.346403003 -0.93782562 0.0220959969
vn 0.59900552 -0.79963702 0.0421101898
vn 0.710396826 -0.703801274 -0.000500683673
vn 0.709819973 -0.702598214 0.0501132049
vn 0.945889771 -0.324487805 -0.00040579983
vn 0.939415276 -0.317132324 0.130100459
vn 0.943942487 -0.322297305 0.0713948086
vn 0.592107713 -0.791006625 0.154003367
vn 0.0409990512 -0.928835273 0.368217647
vn 0.587164521 -0.738384068 0.331702977
vn 0.326509297 -0.933819175 0.146196544
vn 0.933022022 -0.308131516 0.185808554
vn 0.928074121 -0.298997939 0.221987963
vn 0.965529203 -0.260295212 -0.000291382399
vn 0.92280221 -0.281814039 0.262710929
vn 0.9265908 -0.295597732 0.232489958
vn 0.608888984 -0.566488147 0.555288672
vn 0.92198813 -0.268801659 0.278717577
vn 0.92258358 -0.257399946 0.287375659
vn 0.940408707 -0.241498739 0.23939456
vn 0.975275218 -0.220993906 -7.92132996e-05
vn 0.97529918 -0.220888197 -0.000193013984
vn 0.944736481 -0.20250994 0.257803857
vn 0.981724322 -0.190308303 0.000318867009
vn 0.948688388 -0.173298359 -0.264496118
vn 0.981772423 -0.190060303 1.9029234e-05
vn 0.866633594 -0.130708724 -0.481519938
vn 0.948007584 -0.144992054 -0.283300042
vn 0.870980501 -0.142516226 -0.470193833
vn 0.987002909 -0.160702601 2.46044806e-06
vn 0.878018916 -0.146618128 -0.455616027
vn 0.903202295 -0.162688345 -0.397188038
vn 0.916712821 -0.174303934 -0.359521836
vn 0.848030627 -0.0867887512 -0.52279222
vn 0.987035573 -0.160501301 -8.64646881e-06
vn 0.526925802 -0.0113962013 -0.849834979
vn 0.84223479 -0.0679010376 -0.534817815
vn 0.995117188 -0.0987006426 0.000300705899
vn 0.71055758 -0.0553823151 -0.701456189
vn 0.856797516 -0.107606716 -0.504300416
vn 0.991526723 -0.129903093 0.000300787826
vn 0.991554618 -0.129689693 0.000296768878
vn 0.841604471 -0.0878078565 0.532908797
vn 0.945450485 -0.144605651 0.29191196
vn 0.848049998 -0.107996084 0.518795013
vn 0.995149076 -0.098378472 0.000209644975
vn 0.838339627 -0.0694032609 0.540712476
vn 0.538474977 -0.0156140467 0.842496872
vn 0.710920215 -0.0598952062 0.700717628
vn 0.997778416 -0.0666204616 0.00019716013
vn 0.841017306 -0.0497018322 -0.538720727
vn 0.997795105 -0.0663700625 0.000267075171
vn 0.565324426 -0.0350034647 -0.824125707
vn 0.84536612 -0.0308971629 -0.533293009
vn 0.999416292 -0.0341598913 0.000386890431
vn 0.541785002 -0.0240987334 -0.840171695
vn 0.839673281 -0.0512002409 0.540673018
vn 0.999424875 -0.0339052603 0.000400818477
vn 0.846201718 -0.0321029052 0.531894922
vn 0.999994874 -0.003206074 0.000400318473
vn 0.856808186 -0.0115984241 0.515504897
vn 0.595088422 -0.0408007614 0.802623928
vn 0.567388296 -0.0363270752 0.822648704
vn 0.854360819 -0.010798905 -0.519568205
vn 0.99999541 -0.00302928593 0.00038058951
vn 0.99964571 0.0266199708 0.000301431341
vn 0.86626327 0.0108964015 -0.499468893
vn 0.86969161 0.0105976202 0.493481904
vn 0.999640703 0.0268042609 0.000298063358
vn 0.672831118 -0.0262011793 -0.73933208
vn 0.879124701 0.032302808 -0.475495785
vn 0.998594284 0.053002771 0.000501721574
vn 0.634398818 -0.0369021147 -0.772124708
vn 0.998583019 0.0532128215 0.000595256628
vn 0.882977486 0.0323969573 0.468296111
vn 0.997098327 0.0761243105 0.000406194391
vn 0.895658493 0.0531927794 0.441549987
vn 0.700970411 -0.0113007966 0.71310091
vn 0.665899217 -0.0269045811 0.745556474
vn 0.891820908 0.0528013855 -0.449296802
vn 0.997083306 0.0763209388 0.000390291418
vn 0.99532181 0.0966160819 0.000304190733
vn 0.90362072 0.0723001361 -0.422187686
vn 0.995314419 0.0966917202 0.000306176749
vn 0.90718168 0.0728984922 0.414375901
vn 0.993389785 0.1147893 0.000397821714
vn 0.914074481 0.0905982852 -0.39529711
vn 0.993377328 0.114897497 0.000399802695
vn 0.787097573 0.0461963788 -0.615096211
vn 0.766221225 0.0269040242 -0.642013609
vn 0.400407195 -0.0293949507 -0.915865779
vn 0.378809988 -0.0463996194 -0.924310625
vn -0.0502991602 -0.0929991677 -0.994394898
vn -0.0615944192 -0.0971928984 -0.993357778
vn 0.350903302 -0.0617966279 -0.934370399
vn -0.456731498 -0.108900458 -0.882914007
vn -0.438015789 -0.0925941095 -0.89418602
vn -0.0700036809 -0.0962027386 -0.992897093
vn -0.407027692 -0.0702936277 -0.910706997
vn 0.318208486 -0.0733971745 -0.945175171
vn -0.0731950924 -0.0877977163 -0.993445575
vn 0.283006012 -0.0783972964 -0.955908775
vn -0.068711929 -0.068407543 -0.995288491
vn -0.363989711 -0.0389030166 -0.930590212
vn -0.696215928 0.0409998856 -0.716660678
vn -0.640003502 0.0954958871 -0.762414813
vn -0.310108602 0.00140366482 -0.950700104
vn -0.887634277 0.106607974 -0.448040158
vn -0.860925496 0.167699873 -0.480295658
vn -0.744500279 -0.00669927383 -0.667588711
vn -0.910872996 0.0496001281 -0.409695297
vn -0.781691015 -0.0494003408 -0.621706605
vn -0.990487874 0.137597904 0.000801019371
vn -0.997152328 0.0754043385 0.00130875129
vn -0.928578317 -0.00580000738 -0.371091604
vn -0.990541816 0.1372087 0.000798694324
vn -0.806683123 -0.088197723 -0.584366024
vn -0.997191072 0.0748864412 0.00141341623
vn -0.999907911 0.0135055101 0.00140840025
vn -0.909500182 0.0497023314 0.412721604
vn -0.788215399 -0.0493019596 0.6134215
vn -0.750717282 -0.00660001067 0.660590708
vn -0.886477828 0.107099526 0.450207531
vn -0.451432198 -0.109095939 0.885611176
vn -0.979506314 0.201413706 0.000299177802
vn -0.979410827 0.201877803 0.000298834872
vn -0.964413583 0.264398187 -0.00029821592
vn -0.964303076 0.264800906 -0.00030103288
vn -0.834313095 0.230607867 -0.500741363
vn -0.945060015 0.326895088 -0.0011003078
vn -0.944916487 0.327309787 -0.0010980427
vn -0.581403673 0.154677927 -0.798776925
vn -0.248282894 0.0484962165 -0.967472911
vn -0.054701861 -0.0381965749 -0.997771919
vn 0.222378895 -0.0554940812 -0.973379672
vn 0.204687595 -0.02699228 -0.978455186
vn 0.597082376 -0.0400981084 -0.801177204
vn 0.249686107 -0.072704576 -0.965593517
vn 0.195903003 0.00830970332 -0.980588078
vn 0.193686903 0.0443947092 -0.980058491
vn -0.464203507 -0.120300256 -0.877520919
vn -0.462529808 -0.128704444 -0.877212405
vn -0.038000159 -0.0861967877 -0.995553195
vn 0.4157978 -0.0117013119 -0.909381807
vn -0.0260991994 -0.0777019933 -0.99663502
vn -0.453817606 -0.134304553 -0.880915403
vn 0.708783627 -0.010396895 -0.705349386
vn 0.740126193 0.00780080725 -0.672422826
vn 0.629380703 -0.0375005081 0.776191771
vn 0.251695007 -0.0723050535 0.965101898
vn -0.0544954501 -0.0384079628 0.997775078
vn 0.223208293 -0.0554058887 0.973194897
vn 0.204304203 -0.0263266303 0.978553414
vn 0.548505008 -0.0264959466 0.835727513
vn 0.535814703 -0.00690724235 0.844307423
vn 0.5374102 -0.00329853827 0.843314528
vn 0.52592659 0.000804526382 0.850529611
vn 0.719711125 -0.0662834048 -0.691102386
vn 0.51690942 0.00539704133 -0.856023073
vn 0.597697616 -0.0227129888 -0.801399827
vn 0.686517596 -0.0566920005 -0.724899709
vn 0.723486781 -0.0717988685 -0.686594427
vn 0.808790922 -0.110110603 -0.577696383
vn 0.76606518 -0.0904079154 -0.636372805
vn 0.519618213 -0.000507868826 -0.854398429
vn 0.64189291 -0.348709077 -0.68291688
vn 0.682392895 -0.36674872 -0.63232547
vn 0.476517498 -0.613198876 -0.630014539
vn 0.441210806 -0.598815978 -0.668395519
vn 0.553108811 -0.306486875 -0.774684966
vn 0.513288021 -0.618485808 -0.594988048
vn 0.263197392 -0.790594876 -0.552889526
vn 0.230306298 -0.792288899 -0.565011024
vn 0.295901388 -0.714215994 -0.634301245
vn 0.0280785505 -0.805382609 -0.592089891
vn -0.0120096803 -0.887934864 -0.45981276
vn -0.523269713 -0.834485412 -0.172693238
vn -0.29551211 -0.900409162 -0.319274545
vn -0.0377929807 -0.895189345 -0.444081157
vn -0.309790105 -0.910817146 -0.272840858
vn -0.0574938618 -0.888123333 -0.455994964
vn 0.202289894 -0.781756401 -0.589860737
vn 0.128013298 -0.738678753 -0.661790192
vn -0.110757098 -0.854980648 -0.506696224
vn -0.321302712 -0.906595349 -0.27358675
vn -0.52920121 -0.843206823 -0.0945966318
vn -0.529607177 -0.844431877 -0.0803176239
vn -0.345903486 -0.890047014 -0.296929151
vn -0.529624581 -0.844422698 -0.0803006962
vn -0.528963625 -0.843161106 -0.0963162854
vn -0.528901279 -0.843201518 -0.0963058546
vn -0.528901219 -0.843202472 -0.0962983444
vn -0.523398101 -0.834399104 -0.172721639
vn -0.52340132 -0.83439672 -0.172723636
vn -0.52339232 -0.834386408 -0.172800735
vn -0.490321189 -0.781747818 -0.385299325
vn -0.523392677 -0.83438772 -0.172792628
vn -0.528886378 -0.843220472 -0.0962203816
vn -0.52963388 -0.844405472 -0.0804198459
vn -0.516767323 -0.839406729 -0.168368727
vn 0.354741305 -0.552580893 -0.754196942
vn -0.496464014 -0.787007213 -0.366255611
vn -0.490401804 -0.78164196 -0.385411531
vn -0.358110607 -0.570635557 -0.739007533
vn 0.539503396 -0.565082908 -0.62419349
vn 0.720014215 -0.37978071 -0.580815256
vn 0.845803678 -0.128821507 -0.517707586
vn 0.920501709 -0.180803642 -0.34639132
vn 0.911711872 -0.17899996 0.369784474
vn 0.913729727 -0.184513062 0.362012476
vn 0.914509296 -0.186898857 0.358805776
vn 0.907485425 -0.172390163 0.383082271
vn 0.916966081 -0.195093155 0.348011285
vn 0.919059992 -0.203806564 0.337330371
vn 0.920740902 -0.213005453 0.32690227
vn 0.69839263 -0.143390819 0.701203883
vn 0.703277588 -0.146261021 0.695707202
vn 0.383255601 -0.0867269263 0.919561684
vn 0.707289815 -0.153110415 0.690143824
vn 0.385675699 -0.0905866921 0.918176711
vn 0.711090088 -0.160333499 0.684575915
vn 0.714557528 -0.168252006 0.679042697
vn 0.3884556 -0.0953837261 0.916517377
vn 0.390659809 -0.100083351 0.915078282
vn 0.717487216 -0.176385999 0.67386961
vn 0.922670007 -0.228788644 0.310380161
vn 0.922045827 -0.222584143 0.316682756
vn 0.720170021 -0.185683504 0.668488443
vn 0.392825007 -0.105359249 0.913557887
vn 0.922899723 -0.232793748 0.306697369
vn 0.721943796 -0.195519999 0.663753867
vn 0.39412871 -0.11053025 0.912384629
vn 0.923096418 -0.244401947 0.29691878
vn 0.724622309 -0.205504999 0.657792032
vn 0.721016407 -0.204605609 0.66202116
vn 0.708488286 -0.241006404 0.663295031
vn 0.397567809 -0.115708448 0.910248101
vn 0.368788987 -0.170300752 0.913779199
vn 0.675269902 -0.348797619 0.649885356
vn 0.290407002 -0.34228766 0.893590033
vn -0.040608339 -0.0646000355 0.997084677
vn -0.161318004 -0.257197142 0.952799261
vn 0.127187595 -0.677889645 0.724078
vn -0.165803596 -0.264606237 0.949996114
vn -0.0407037102 -0.0649060458 0.997060895
vn -0.0389237888 -0.0619049445 0.997322798
vn 0.395199388 -0.115003951 0.911368072
vn -0.00391715718 -0.00618760101 0.999973178
vn -0.00377845694 -0.00619904604 0.999973714
vn -0.00389611698 -0.0061937999 0.999973178
vn -0.00391381886 -0.00618748181 0.999973297
vn -0.00391274597 -0.00622026483 0.999973118
vn -0.00390839484 -0.00619165506 0.999973178
vn -0.00391036179 -0.00618879404 0.999973178
vn -0.0407005511 -0.0648817271 0.997062624
vn -0.0406973287 -0.0648922771 0.997062087
vn -0.165885493 -0.264574051 0.949990869
vn -0.383284211 -0.611075521 0.692589462
vn -0.383300513 -0.611100495 0.692558289
vn -0.165905997 -0.264513254 0.95000416
vn -0.383289009 -0.611083627 0.692579687
vn -0.165908098 -0.264607459 0.949977517
vn -0.0407158695 -0.064917244 0.997059822
vn -0.00391012384 -0.00621579401 0.999973118
vn -0.0406980515 -0.0648946539 0.997062027
vn -0.165599406 -0.264801562 0.949977458
vn -0.0409001112 -0.0652927533 0.997027576
vn -0.00388026191 -0.00620387401 0.999973297
vn -0.0398789607 -0.0638137236 0.997164726
vn -0.00390839484 -0.00620214501 0.999973178
vn -0.337795496 0.257094443 0.905426264
vn -0.336390108 0.269292563 0.902398646
vn -0.33827731 0.270017356 0.901476085
vn -0.369598299 0.226704553 0.901111782
vn -0.620906472 0.4691149 0.628017783
vn -0.602795422 0.4880943 0.631190777
vn -0.607825279 0.471559614 0.63888967
vn -0.609689713 0.452842593 0.650547564
vn -0.604559779 0.489683002 0.628265738
vn -0.75918448 0.603081763 0.244809002
vn -0.762022614 0.596707225 0.251519799
vn -0.770081401 0.576585352 0.2729913
vn -0.773974717 0.605679333 0.184704199
vn -0.827317595 0.561718106 -0.00430693943
vn -0.793828905 0.608121514 -0.00490083266
vn -0.827588379 0.561319113 -0.00428125076
vn -0.7552827 0.632102609 0.173188999
vn -0.753981471 0.614495456 0.232179597
vn -0.751340628 0.620736957 0.223993808
vn -0.75147891 0.621356964 0.221799806
vn -0.621787727 0.467587113 0.628285348
vn -0.750792801 0.623500049 0.218078211
vn -0.750806212 0.626380622 0.209612504
vn -0.753801823 0.630931854 0.183597401
vn -0.362889409 0.228897557 0.90328145
vn -0.647192001 0.439489007 0.622890174
vn -0.422592908 0.161504656 0.891813576
vn -0.576530516 0.515132785 0.634232581
vn -0.751496792 0.622784257 0.217698202
vn -0.651204407 0.434484214 0.622218966
vn -0.688378513 0.396677613 0.607274234
vn -0.423306108 0.155451551 0.892550707
vn -0.239719093 0.350911051 0.905205071
vn -0.123502098 -0.174978569 0.976795673
vn -0.43219471 0.144788146 0.890080929
vn 0.148178101 0.137097031 0.9794119
vn -0.0746658966 -0.114996865 0.990555882
vn -0.0662830994 -0.105784565 0.992177486
vn -0.0707520768 -0.110483363 0.991356373
vn -0.109523602 -0.153794467 0.982014179
vn -0.0604127012 -0.0962790027 0.993519425
vn -0.165673003 -0.265772939 0.949693263
vn -0.383296698 -0.611066937 0.692589998
vn -0.383265615 -0.611062706 0.692610979
vn -0.702127516 -0.221825302 0.676616967
vn -0.0873397514 -0.13993457 0.986301303
vn -0.175294206 -0.26137656 0.949186146
vn -0.508780897 -0.811192751 0.288285494
vn -0.389675707 -0.621302903 0.679805577
vn -0.950772226 0.142299458 0.275287539
vn -0.837292373 0.233899221 0.494199038
vn -0.858880222 -0.397892445 0.322500437
vn -0.477267206 0.0859034956 0.874549389
vn -0.530403674 -0.845226705 0.0652970448
vn -0.509120107 -0.815827787 0.274265975
vn -0.896280408 -0.43179363 0.10117273
vn -0.544475615 -0.836601317 0.060372334
vn -0.898369014 -0.434375614 0.0652000234
vn -0.899934828 -0.431091487 0.0654024929
vn -0.985134125 0.123401478 0.119511023
vn -0.988958597 0.127699986 0.075190261
vn -0.989153922 0.125870585 0.0757050738
vn -0.771325409 0.636418223 -0.0054115802
vn -0.992414176 0.122837499 -0.00500140479
vn -0.793514729 0.608531415 -0.00490446901
vn -0.768992603 0.635716915 -0.0671901181
vn -0.769510329 0.636278689 0.0548036546
vn -0.990057528 0.124254011 -0.0659325495
vn -0.990206301 0.123351604 -0.0653915778
vn -0.765199602 0.635727882 0.101586103
vn -0.759298921 0.634199619 0.145794407
vn -0.983120501 0.122516423 -0.135882393
vn -0.764184773 0.634370089 -0.116603896
vn -0.753104985 0.629284263 -0.191922501
vn -0.75760442 0.631931603 -0.163395599
vn -0.947042227 0.13909024 -0.289422274
vn -0.855404913 -0.399873644 -0.329216748
vn -0.894280374 -0.432691485 -0.114197165
vn -0.691822112 -0.224712774 -0.686211646
vn -0.828937411 0.228328392 -0.510616362
vn -0.751183987 0.627910972 -0.203594193
vn -0.684494078 0.382375896 -0.620690465
vn -0.479816407 0.0643718392 -0.875004411
vn -0.363797814 0.218012154 -0.905605853
vn -0.613401413 0.460804313 -0.641403258
vn -0.747636616 0.622826278 -0.230493203
vn -0.330903113 0.264681548 -0.905785263
vn -0.747987688 0.616877437 -0.244901389
vn -0.59828949 0.483199775 -0.639193058
vn -0.595884621 0.48127532 -0.642880857
vn -0.771590114 0.603295565 -0.201701298
vn -0.750427485 0.610616863 -0.252993613
vn -0.755442679 0.599324286 -0.264796197
vn -0.758204281 0.592802346 -0.271499008
vn -0.601006925 0.465702623 -0.649547219
vn -0.762273729 0.582786739 -0.281600296
vn -0.801726401 0.556516588 -0.21800071
vn -0.7660923 0.572483361 -0.292173803
vn -0.602244914 0.45636043 -0.655008614
vn -0.603078723 0.446855009 -0.66076982
vn -0.333135396 0.247260556 -0.909880757
vn -0.333032995 0.252784342 -0.908399224
vn -0.00400567008 -0.00638623582 -0.999971688
vn -0.0040199752 -0.00639142096 -0.999971509
vn -0.329977006 0.264209956 -0.906260669
vn -0.00399142504 -0.00630791485 -0.999972224
vn -0.0400110409 -0.0632897764 -0.997192919
vn -0.0408934914 -0.065089114 -0.997041225
vn -0.0407944284 -0.064693287 -0.997071028
vn -0.166305706 -0.26501295 -0.949795067
vn -0.165095299 -0.265477836 -0.949876487
vn -0.160687804 -0.270586342 -0.949190438
vn -0.383502513 -0.611503184 -0.692090929
vn -0.383421391 -0.611735582 -0.691930413
vn -0.39116779 -0.62419647 -0.676288843
vn -0.508816898 -0.811193168 -0.288220733
vn -0.508814871 -0.811229765 -0.288121134
vn -0.383497894 -0.611496091 -0.692099631
vn -0.508819222 -0.811233819 -0.288101822
vn -0.530223012 -0.845332503 -0.0653955415
vn -0.166208595 -0.26501596 -0.949811161
vn -0.383580297 -0.611568689 -0.691989839
vn -0.166196793 -0.264998049 -0.949818134
vn -0.0409004018 -0.0651992634 -0.997033715
vn -0.0408957601 -0.0650931075 -0.997040927
vn -0.00399768306 -0.00629504118 -0.999972284
vn -0.00399446394 -0.00629074918 -0.999972284
vn -0.0039824238 -0.00629802095 -0.999972284
vn -0.00400078204 -0.00630308688 -0.999972224
vn -0.00400984194 -0.00631608116 -0.999972105
vn -0.0409108885 -0.0652070194 -0.997032821
vn -0.00399213983 -0.00629796088 -0.999972224
vn -0.00400197506 -0.00640334189 -0.999971628
vn -0.00399142504 -0.00640095817 -0.999971628
vn -0.00401264383 -0.0062999879 -0.999972224
vn -0.00399172306 -0.00640358124 -0.999971628
vn -0.0407186113 -0.0653380826 -0.997032106
vn -0.0391179286 -0.0622014478 -0.99729681
vn 0.415394008 -0.072182864 -0.90677309
vn 0.0149770901 0.0620009154 -0.997963727
vn 0.380887598 -0.154278055 -0.911659479
vn 0.418280602 -0.0731748044 -0.905365586
vn 0.681845725 -0.355101109 -0.639523089
vn -0.0408859216 -0.0651075393 -0.997040272
vn 0.290586293 -0.350399643 -0.890381873
vn 0.1351116 -0.687398493 -0.713602304
vn -0.161719307 -0.257608563 -0.95261997
vn -0.165906906 -0.265234858 -0.949802876
vn -0.50887531 -0.811200321 -0.28809762
vn -0.368014514 -0.619388163 -0.693486691
vn -0.384198099 -0.609605789 -0.693377733
vn -0.383485705 -0.611480951 -0.692119896
vn -0.508816719 -0.811228454 -0.288121819
vn -0.508818626 -0.811235011 -0.288099706
vn -0.530221701 -0.845334411 -0.0653831437
vn -0.530219972 -0.845334709 -0.065391317
vn -0.383484811 -0.611473858 -0.692126632
vn -0.508817792 -0.811233461 -0.28810522
vn -0.53021872 -0.845333874 -0.0654136613
vn -0.530220211 -0.845334172 -0.0653973371
vn -0.531363904 -0.84714371 -0.000112747017
vn -0.524689019 -0.851293802 0.000478836329
vn -0.529927611 -0.848043025 -0.000100217163
vn -0.5314098 -0.847114921 -0.000104056009
vn -0.531409681 -0.84711498 -0.000111413014
vn -0.530160725 -0.845372379 -0.0653845146
vn -0.531408787 -0.847115517 -0.000107313012
vn -0.531283617 -0.847194016 -9.92885252e-05
vn -0.531409502 -0.847115099 -9.85807055e-05
vn -0.53024739 -0.845333397 0.0651847571
vn -0.531299114 -0.8471843 -8.91184172e-05
vn -0.530226409 -0.845344424 0.0652129427
vn -0.508521497 -0.811392784 0.288179994
vn -0.508803725 -0.811205685 0.288208574
vn -0.383306205 -0.611109734 0.692547083
vn -0.530226171 -0.845344424 0.0652167574
vn -0.508802414 -0.811203361 0.288217574
vn -0.529936612 -0.848037302 -9.23437619e-05
vn -0.53018111 -0.845373988 0.0651990548
vn -0.531363904 -0.847143829 -9.99046097e-05
vn -0.531293213 -0.847188115 -0.000110313027
vn -0.531409621 -0.84711498 -8.2438004e-05
vn -0.527540028 -0.849513113 0.00539420079
vn -0.531517029 -0.847047687 -0.000110688001
vn -0.530303776 -0.845290005 -0.0652912334
vn -0.531420171 -0.847108483 -0.000106062005
vn -0.531393111 -0.847125411 -9.58426172e-05
vn -0.110482298 -0.993385077 -0.0312993899
vn -0.539205909 -0.839479923 -0.0673101619
vn -0.531392276 -0.847125888 -9.72470152e-05
vn -0.530169904 -0.845372379 0.0653103366
vn -0.529809177 -0.845795512 0.0627069846
vn -0.108208902 -0.994099975 -0.0074971742
vn 0.0318185613 -0.991621912 0.12519443
vn 0.0349083506 -0.999388695 0.00190301309
vn -0.530222595 -0.845339477 0.0653095692
vn -0.508698404 -0.811281264 0.288181782
vn -0.510826826 -0.812387884 0.28121528
vn -0.508772671 -0.811199367 0.288281083
vn -0.508808494 -0.811208367 0.288192779
vn -0.383202404 -0.61111033 0.692603886
vn -0.385470003 -0.61221844 0.690363407
vn -0.167009294 -0.264535546 0.949804664
vn -0.506185472 -0.814692855 -0.282934815
vn -0.902277589 -0.429708093 -0.0353025794
vn -0.903107584 -0.429403514 -0.0031001668
vn -0.904687285 -0.424611092 -0.0353052095
vn -0.529913008 -0.845848501 -0.0610968582
vn -0.511150301 -0.815237761 -0.272236913
vn -0.166203007 -0.265006542 -0.949814737
vn -0.1660133 -0.265218258 -0.949788988
vn -0.00401782896 -0.00632657204 -0.999971926
vn -0.00399672892 -0.00641383324 -0.999971509
vn -0.00399428606 -0.00639595091 -0.999971628
vn -0.00400090218 -0.00629647123 -0.999972224
vn -0.333551109 0.241420045 -0.911295712
vn -0.333304107 0.235948652 -0.912817955
vn -0.333301306 0.230363846 -0.914244354
vn -0.332936198 0.223769143 -0.916013658
vn -0.605319679 0.416005313 -0.678621948
vn -0.604786873 0.426591128 -0.672497451
vn -0.773274183 0.550590754 -0.314478725
vn -0.773043275 0.550620437 -0.314994007
vn -0.604192317 0.436994523 -0.66632396
vn -0.776608527 0.538515985 -0.326925009
vn -0.83226788 0.501220763 -0.236871719
vn -0.779735982 0.526116669 -0.3394306
vn -0.862227023 0.506509483 -0.00358930859
vn -0.780230522 0.518131971 -0.350399017
vn -0.772854507 0.508421957 -0.379740596
vn -0.752712011 0.498598963 -0.429911405
vn -0.747488976 0.496689558 -0.441089422
vn -0.751784682 0.485299855 -0.446434617
vn -0.733207524 0.189708203 -0.653006613
vn -0.638496578 0.344104022 -0.688414514
vn -0.39541471 0.117991351 -0.910892725
vn -0.601131618 0.409241319 -0.686412752
vn -0.601481199 0.411091626 -0.684999347
vn -0.333514214 0.210582256 -0.918925166
vn -0.332202613 0.209615946 -0.919620931
vn -0.00402039196 -0.00628526602 -0.999972224
vn -0.0922996402 -0.0627396777 -0.993752718
vn -0.0040157428 -0.00628896104 -0.999972224
vn -0.725893319 0.490074486 -0.482603312
vn -0.695723116 0.481731981 -0.532826364
vn -0.662691176 0.472397387 -0.581103444
vn -0.626122117 0.461596787 -0.628410459
vn -0.81557852 -0.0236947145 -0.578161418
vn -0.815495074 -0.0256765056 -0.578194201
vn -0.612492025 0.457397223 -0.644702554
vn -0.773524702 -0.504036367 -0.384196788
vn -0.658328712 -0.0842002034 -0.748006523
vn -0.769829273 0.561613977 -0.303236812
vn -0.337838501 0.246101752 0.908459663
vn -0.610597312 0.442699283 0.656649232
vn -0.773874819 0.565786958 0.284610599
vn -0.337950498 0.24005945 0.910033584
vn -0.61095041 0.432335377 0.663193583
vn -0.775799572 0.556393862 0.297591895
vn -0.775814712 0.556316257 0.297697693
vn -0.00390470005 -0.00589416781 0.999975085
vn 0.809676409 0.0844983011 0.580761671
vn 0.817718208 0.104600109 0.566035092
vn 0.821608603 0.124501407 0.55629009
vn 0.941109002 0.172755957 0.290636033
vn 0.821449578 0.142893016 0.552088976
vn 0.429273695 0.0444999635 0.902077615
vn 0.423007995 0.0635033473 0.903898001
vn 0.817291319 0.159295306 0.553768873
vn 0.412595093 0.0814939439 0.907261908
vn 0.00792533066 -0.0278029814 0.999581993
vn 0.0100386096 -0.0126096429 0.999870181
vn -0.3895877 -0.126001343 0.912329614
vn -0.374812007 -0.116808549 0.919712901
vn -0.793080389 -0.246089891 0.557192445
vn -0.782406211 -0.251603484 0.56968075
vn -0.922712624 -0.287404835 0.256904453
vn -0.9549492 -0.296769589 0.000301328662
vn -0.961048901 -0.276378095 0.000607776921
vn -0.918086708 -0.301198632 0.257675052
vn -0.954909682 -0.296896189 0.000299625623
vn -0.923198581 -0.286895365 -0.255725563
vn -0.91845572 -0.300718665 -0.256919473
vn -0.949944079 -0.312419891 0.000204067081
vn -0.949913979 -0.312511712 0.000200453069
vn -0.914485872 -0.310695261 -0.259198964
vn -0.77174753 -0.253385901 -0.583268046
vn -0.91419661 -0.31109634 0.259737551
vn -0.94599092 -0.324193388 9.97632815e-05
vn -0.945930719 -0.324369013 0.000103190156
vn -0.91049552 -0.318698734 0.263494253
vn -0.942540705 -0.334091604 3.90545683e-05
vn -0.910660207 -0.318382084 -0.263307571
vn -0.90741241 -0.321105361 -0.271098047
vn -0.752185524 -0.248206899 -0.610418141
vn -0.942364514 -0.33458811 2.89845588e-07
vn -0.762414575 -0.2525042 -0.595789969
vn -0.741729081 -0.240207389 -0.626209676
vn -0.904812276 -0.319303751 -0.281708866
vn -0.940746427 -0.339111298 -0.00010009524
vn -0.94053793 -0.339688987 -0.000199612332
vn -0.940643609 -0.339396209 -0.000200135284
vn -0.903754294 -0.310489148 -0.294660568
vn -0.943076611 -0.332575709 -0.000300351181
vn -0.943045378 -0.332664013 -0.000300301181
vn -0.904253006 -0.293320835 -0.310305268
vn -0.903832018 -0.310516059 0.29439345
vn -0.904804528 -0.319497764 0.281513631
vn -0.730882525 -0.227495208 0.643472433
vn -0.721253812 -0.209982499 0.660076141
vn -0.904395282 -0.293295264 0.309914738
vn -0.712592602 -0.186000809 0.676472843
vn -0.519194186 -0.123996034 0.845613718
vn -0.52743578 -0.136616036 0.838539004
vn -0.518492103 -0.123808444 0.84607178
vn -0.456197888 -0.108909145 0.883188903
vn -0.0026965139 0.169690832 0.98549372
vn -0.0689025521 0.151187241 0.986100912
vn -0.421280205 -0.0993002877 0.901477873
vn -0.390005797 -0.0902056396 0.916383505
vn 0.0623729788 0.18874383 0.98004353
vn -0.316594303 -0.0677923262 0.946135521
vn -0.311583102 -0.0662798584 0.947904527
vn 0.129128695 0.207423642 0.969691336
vn -0.540104628 -0.150102139 0.828104198
vn -0.285219997 -0.0581014454 0.956699371
vn 0.199760094 0.226218849 0.953373432
vn 0.546814024 0.429308295 0.718810678
vn 0.506605923 0.417623073 0.754282176
vn 0.779414415 0.510985732 0.362500697
vn 0.463051707 0.403276682 0.789272666
vn 0.801392615 0.525396168 0.285882801
vn 0.793831706 0.520499349 0.314502597
vn 0.663202703 0.434796214 0.609191775
vn 0.775797129 0.508718669 0.373288393
vn 0.663201392 0.434797198 0.609192371
vn 0.369687706 0.242382944 0.896984756
vn 0.369682401 0.242363945 0.896992087
vn 0.66320461 0.434806317 0.609182358
vn 0.76041019 0.498527944 0.416228592
vn 0.735597372 0.482298613 0.475693792
vn 0.414701909 0.386311859 0.823884487
vn 0.359717011 0.366814852 0.857933939
vn 0.732713521 0.480298817 0.482124597
vn -0.138827503 0.133270636 0.981308222
vn 0.296689808 0.344485849 0.890676677
vn 0.703369319 0.46118781 0.540904343
vn 0.663210511 0.434798002 0.609181941
vn 0.369356185 0.242385954 0.897120476
vn 0.660365105 0.433096796 0.613469839
vn 0.686909795 0.383395612 0.617383838
vn 0.225063607 0.319110453 0.920605779
vn 0.369606197 0.242400855 0.897013485
vn 0.452429086 0.296598256 0.841033578
vn 0.607293785 0.398192883 0.687485874
vn 0.607313573 0.398121476 0.687509537
vn 0.1459077 0.289998263 0.945839465
vn 1.10380006e-05 1.08266786e-05 1
vn 9.08271977e-06 8.22270795e-06 1
vn 0.410532713 0.269111454 0.871230185
vn 0.403699905 0.264682949 0.875768065
vn 0.369711012 0.242291644 0.896999776
vn 0.353023708 0.231391147 0.906549752
vn -1.72256987e-05 1.45407785e-05 1
vn 1.60411e-05 -7.09941105e-06 1
vn 0.244910493 0.160603344 0.956151307
vn 0.128008798 0.0838954598 0.988218307
vn 0.4990215 -0.0308853518 0.866039097
vn 0.498117805 -0.0313012823 0.866544306
vn 0.571388781 0.0678473562 0.8178702
vn 0.864483178 -0.0535060316 0.499805897
vn 0.887246609 0.0363034457 0.459864706
vn 0.633067489 0.147788674 0.759858012
vn 0.49481979 -0.0718033537 0.866024077
vn 0.85703671 -0.124357082 0.500023305
vn 0.86530453 -0.0567935333 0.498018801
vn 0.842172921 -0.201902181 0.49998036
vn 0.486302793 -0.116501041 0.865989089
vn 7.53998984e-06 -8.97822247e-05 1
vn 2.05635988e-05 -8.70726012e-07 1
vn 0.901368916 0.106986932 0.419628233
vn 0.686717987 0.213582784 0.694838762
vn 0.911080122 0.163101539 0.378590524
vn 0.710523784 0.242602393 0.660530031
vn 0.996242523 0.0866088793 8.74689158e-06
vn 0.998978019 0.0452015884 8.49886565e-05
vn 0.915100217 0.186957434 0.357265323
vn 0.994506001 0.104680099 -0.000100952951
vn 0.995978117 0.0895977616 -1.75315035e-05
vn 0.9934479 0.114286602 0.000106785614
vn 0.862832129 0.0994931161 0.495602518
vn 0.992652476 0.120999999 -3.6012666e-06
vn 0.899703979 0.197406545 0.389311522
vn 0.913945317 0.193520442 0.356726825
vn 0.918555021 0.20840174 0.33589524
vn 0.838521302 0.242282525 0.488038331
vn 0.901396513 0.202337146 0.382810533
vn 0.752981424 0.301109821 0.58510834
vn 0.662363827 0.220669881 0.715946376
vn 0.330488205 0.216680646 0.918600678
vn 0.317105502 0.207802445 0.925344586
vn 0.330510497 0.216708645 0.918586075
vn 0.330598295 0.216693357 0.918558061
vn 0.366533101 0.240315154 0.898833871
vn 0.374375492 0.245500356 0.894188285
vn -0.0685032606 0.148487538 0.986538827
vn -0.370805502 0.0913720429 0.924204826
vn -0.489596486 0.0261842888 0.871555984
vn -0.708718121 -0.139886826 0.691484094
vn -0.292359799 0.10226734 0.95082438
vn -0.765717804 -0.129399598 0.630025506
vn -0.777602315 -0.124898799 0.616226614
vn -0.910654902 -0.222697064 0.348013967
vn -0.703763008 -0.140696526 0.696363628
vn -0.705609083 -0.153499514 0.691775918
vn -0.664810479 -0.141908526 0.733409226
vn -0.646288276 -0.141292214 0.749898612
vn -0.214285702 0.117392346 0.969690979
vn -0.582328022 -0.135094032 0.801650822
vn -0.54183358 -0.128317639 0.830632925
vn -0.906620502 -0.265308559 0.328101575
vn -0.948400617 -0.317074686 -0.000300280662
vn -0.956963301 -0.290208697 -0.000400908262
vn -0.957061291 -0.289885402 -0.000399558223
vn -0.906442523 -0.265413731 -0.328508019
vn -0.948356807 -0.31720531 -0.000299372681
vn -0.91040051 -0.22299704 -0.348487139
vn -0.706529975 -0.153914377 -0.69074291
vn -0.713609517 -0.186407298 -0.675288081
vn -0.704734623 -0.141021281 -0.695314527
vn -0.724389017 -0.139085501 -0.675215423
vn -0.777398229 -0.125793502 -0.616302013
vn -0.916132987 -0.159004137 -0.367992133
vn -0.778488874 -0.125389501 -0.615006208
vn -0.969299972 -0.245880902 -0.000400053046
vn -0.984305024 -0.176475793 -0.000398748758
vn -0.921880186 -0.0625969097 -0.382385314
vn -0.984223604 -0.176928893 -0.000319484796
vn -0.822710276 -0.0992968306 -0.559721291
vn -0.454529494 0.0876844749 -0.886405408
vn -0.519595623 0.0905030519 -0.84960562
vn -0.859277725 -0.0580029786 -0.508210123
vn -0.859691024 -0.0574142076 -0.507577717
vn -0.8873294 0.00549133075 -0.461103499
vn -0.579427302 0.103091434 -0.8084777
vn -0.902198613 0.0795995072 -0.423912406
vn -0.635818899 0.126306921 -0.761433601
vn -0.920366406 0.0841054916 -0.381905794
vn -0.903628886 0.0939044952 -0.417895764
vn -0.901515126 0.198593363 -0.384488374
vn -0.688620806 0.152011827 -0.709009171
vn -0.690499127 0.149600312 -0.707694113
vn -0.890797019 0.267097861 -0.367613375
vn -0.679603219 0.236803025 -0.694308162
vn -0.376149803 0.0825773105 -0.922871828
vn -0.896633804 0.271705568 -0.349605858
vn -0.882575095 0.307599247 -0.355589539
vn -0.994659603 0.103209697 -0.000394404167
vn -0.860176027 0.509996891 0.000676166033
vn -0.840080678 0.463088453 -0.282512814
vn -0.853586316 0.415305346 -0.314502746
vn -0.949462295 0.313881099 -0.000302000844
vn -0.949266613 0.31447199 -0.000501432805
vn -0.83895731 0.458279371 -0.293480217
vn -0.665044725 0.32348302 -0.673108041
vn -0.818882227 0.50749737 -0.268101513
vn -0.646783888 0.400891423 -0.648811758
vn -0.781280577 0.582095981 -0.225310713
vn -0.896612823 0.272400945 0.349118143
vn -0.920517802 0.0846984312 0.381409794
vn -0.859935284 0.510402977 -1.83402444e-05
vn -0.825301707 0.0679928884 0.560583711
vn -0.820875287 0.226985112 0.524062753
vn -0.821292102 0.220184416 0.526306272
vn -0.82531178 0.0635096133 0.561094582
vn -0.92206949 -0.0621024929 0.382009596
vn -0.827380121 -0.0522905178 0.559203029
vn -0.602907121 -0.0380957797 0.796901405
vn -0.827400386 -0.0552923903 0.558884084
vn -0.809989929 -0.1013899 0.577612698
vn -0.916353226 -0.158692658 0.367577881
vn -0.468806207 -0.029676754 0.882802486
vn -0.997699082 -0.0677981898 -0.000299703068
vn -0.997733474 -0.0672884509 -0.000498306879
vn -0.994725108 0.102575801 -0.000299665291
vn -0.774129987 0.633026004 -0.000902228872
vn -0.969238102 -0.246124595 -0.000330551091
vn 0.732805908 0.268793315 0.625096679
vn 0.860382318 0.0991928875 0.499903023
vn 0.999988079 0.00490385201 -4.17153069e-06
vn 0.999994278 -0.00340622594 -1.77379491e-06
vn -7.91054026e-06 7.19079935e-06 1
vn -3.6810502e-07 -8.09895118e-06 1
vn 9.67084998e-06 -3.31452088e-06 1
vn -9.88877946e-06 2.92906907e-06 1
vn -4.94718961e-06 9.54704865e-06 1
vn -7.48038019e-06 -7.71781106e-06 1
vn 1.80452989e-05 8.36985782e-06 1
vn 0.287091702 0.0526997633 0.956452429
vn -7.58469014e-06 -1.66957216e-05 1
vn 3.87430009e-06 6.98963913e-06 1
vn 0.369693696 0.242360249 0.896988332
vn 0.369682699 0.242389858 0.896984875
vn 0.663194895 0.434798002 0.609198987
vn 0.663190722 0.434797913 0.609203577
vn 0.817182899 0.535688519 0.212720886
vn 0.812189579 0.532511055 0.238285795
vn 0.815200329 0.534490943 0.22308749
vn 0.585003793 0.437796682 0.682718575
vn 0.804525316 0.527494311 0.27292639
vn 0.623072922 0.442693174 0.644827783
vn 0.280636698 0.244406953 0.928174734
vn 0.367728412 0.260884553 0.892588973
vn -0.1023046 -0.00290630502 0.99474889
vn -0.125092298 -0.00949625392 0.992099702
vn -0.324489206 -0.0754983202 0.942871571
vn -0.231606498 -0.041405119 0.971928
vn -0.313427895 -0.0675129071 0.94720912
vn -0.553976774 -0.161771536 0.816663802
vn -0.336708993 -0.0850079358 0.937763691
vn 0.00190436805 0.0259085987 0.999662519
vn 0.00788509846 0.0274852682 0.999591112
vn 0.00782203581 0.0241071079 0.99967891
vn 0.144985393 0.0618906803 0.987496197
vn 0.158801407 0.0651992634 0.985155523
vn 0.339197904 0.103417754 0.935013175
vn 0.00869738963 0.0145769268 0.999855995
vn -0.349193007 -0.0950986966 0.93221271
vn -0.762497127 -0.252398491 0.595729113
vn -0.361376286 -0.105897047 0.926387191
vn -0.772370219 -0.253488302 0.582398653
vn -0.751928627 -0.248005703 0.610816419
vn -0.741176009 -0.2398929 0.626984417
vn -0.907339811 -0.321314931 0.271092743
vn -0.940718591 -0.339188188 -7.17349612e-05
vn 0.0101359999 0.00227941596 0.999946117
vn 0.382003903 0.108403653 0.917780876
vn 0.398582697 0.0971034393 0.91197741
vn 0.528086007 0.135698467 0.838278711
vn 0.453399509 0.123604357 0.882695317
vn 0.37798211 0.110485949 0.919196606
vn 0.714724123 0.161511689 0.680502295
vn 0.663788795 0.287901968 0.69028753
vn 0.747600973 0.283300519 0.60069418
vn 0.754783809 0.417591125 0.505884588
vn 0.729382575 0.43158862 0.530784547
vn 0.567486703 0.28499949 0.772485733
vn 0.465502501 0.275281161 0.841146767
vn 0.696167529 0.440077007 0.567170978
vn 0.659724414 0.443565816 0.606640875
vn 0.819830179 0.537537813 0.197310597
vn 0.819597483 0.537346065 0.198794484
vn 0.819300473 0.537194848 0.200420484
vn 0.663201272 0.434784323 0.609201789
vn 0.814850509 0.534262717 0.224904791
vn 0.36890319 0.244205058 0.896813452
vn 0.369693696 0.242388457 0.896980882
vn 0.369621187 0.242404744 0.897006273
vn 0.812091172 0.53237772 0.238918096
vn 0.802008629 0.525908768 0.283199996
vn 0.663206279 0.434789717 0.609192431
vn 0.62591511 0.410320282 0.663225174
vn 0.47842899 0.313604087 0.820218563
vn 0.656799674 0.284096479 0.698500872
vn 0.720397174 0.338412702 0.60539645
vn 0.798909783 0.242996514 0.550178051
vn 0.736494005 0.354009211 0.576414883
vn 0.798662424 0.264402419 0.540582657
vn 0.867285728 0.182182819 0.463276327
vn 0.84320879 0.178493604 0.50708878
vn 0.793175578 0.269980311 0.54587847
vn 0.807922721 0.173697308 0.563107729
vn 0.782326996 0.275519818 0.558617473
vn 0.81246531 0.172292605 0.556969821
vn 0.808990002 0.171980113 0.562101603
vn 0.762276888 0.167585194 0.62517941
vn 0.766326189 0.279994011 0.578228056
vn 0.750593007 0.369790912 0.547599375
vn 0.759585619 0.383296013 0.525465488
vn 0.741499782 0.486076713 0.462501287
vn 0.709107101 0.464928001 0.530102968
vn 0.763415217 0.393505722 0.512201667
vn 0.668010712 0.437993616 0.601600766
vn 0.763477325 0.500481665 0.408192098
vn 0.940109313 0.189706162 0.283207029
vn 0.909526527 0.188799545 0.370292217
vn 0.980866671 0.194680199 -0.000404389255
vn 0.938179612 0.191101059 0.288616538
vn 0.941110373 0.18334645 0.28406933
vn 0.980901003 0.194507897 0.000107685686
vn 0.980636179 0.195838302 -0.000258210086
vn 0.938208878 0.190699652 -0.28878668
vn 0.935990214 0.188193843 -0.297498584
vn 0.982058525 0.188576594 0.000197182715
vn 0.935805917 0.188501552 0.29788363
vn 0.933104098 0.187400639 -0.306916684
vn 0.931863904 0.18818894 -0.310184956
vn 0.934414804 0.185909644 -0.303820282
vn 0.926772714 0.189395964 -0.324378967
vn 0.916401505 0.189093262 -0.35277766
vn 0.912888587 0.188700959 -0.36197567
vn 0.796959102 0.239684597 -0.554443657
vn 0.879876494 0.183610275 -0.438297659
vn 0.800154805 0.260396898 -0.540320158
vn 0.837549627 0.17730239 -0.516792595
vn 0.791683018 0.271498978 -0.547289968
vn 0.939929605 0.189101338 -0.284206063
vn 0.818804383 0.159097895 -0.551586211
vn 0.940737903 0.182755738 -0.285679162
vn 0.980579615 0.196121693 8.51961522e-05
vn 0.98108232 0.193590999 5.73683053e-07
vn 0.981078029 0.193612903 -0.000125524457
vn 0.982500374 0.186260805 6.49841459e-05
vn 0.82367152 0.142792985 -0.548794806
vn 0.422406286 0.063402079 -0.904186428
vn 0.934737325 0.184007451 -0.303986073
vn 0.982185602 0.187913805 0.000109317611
vn 0.934326708 0.184406459 0.305005133
vn 0.934084177 0.186104655 0.304715931
vn 0.75231111 0.169602796 0.636602819
vn 0.533226311 0.183746666 0.825776637
vn 0.77299583 0.196498692 0.603212953
vn 0.467812002 0.131389245 0.874007404
vn 0.725987077 0.140099302 0.673286617
vn 0.573828101 0.110792466 0.811447203
vn 0.39841491 0.0769101605 0.91397512
vn 0.0973806307 0.0638873652 0.99319458
vn 0.112390101 0.0738747865 0.990914285
vn 0.228399202 0.149723843 0.961985826
vn 0.293379694 0.0566021353 0.954319
vn 0.333207697 0.218495548 0.917187274
vn 0.349191606 0.228892148 0.908665836
vn 0.59540391 0.233996883 0.768595874
vn 0.78851229 0.220903412 0.57397747
vn 0.931646824 0.188589558 0.310593724
vn 0.916492522 0.189702541 0.35221383
vn 0.925454676 0.189990044 0.327776343
vn 0.93251878 0.187998757 0.308326244
vn -0.961126029 -0.276109815 0.000599669002
vn -0.97491461 -0.222578093 0.000800932758
vn 0.912490487 0.140489265 -0.384218574
vn 0.915915489 0.154587954 -0.370407283
vn 0.919438303 0.140899956 -0.367124856
vn 0.921173811 0.156789467 -0.356168479
vn 0.911493897 0.13181296 -0.389620781
vn 0.924585998 0.168096855 -0.341883361
vn 0.987387121 0.158323601 0.000691373774
vn 0.923736691 0.169213459 -0.343624055
vn 0.992304921 0.123816296 0.000800325186
vn 0.995840013 0.0911056325 0.00161982991
vn 0.994742513 0.0532039255 0.0875036195
vn 0.986252487 0.0476899445 0.158214211
vn 0.97681272 0.214095801 -2.2961531e-07
vn 0.976793289 0.214184403 1.60274141e-07
vn 0.978129625 0.207996398 -1.92424025e-07
vn 0.998429716 0.0560102984 0.000999749987
vn 0.994901121 0.0531889834 -0.0856907219
vn 1.54473e-07 1.62920998e-07 -1
vn 2.52936019e-07 1.62920998e-07 -1
vn 0.917364776 -0.0939922929 0.38679108
vn 0.770727873 -0.0791174546 0.632233381
vn 0.92468971 -0.13440606 0.356207877
vn 0.582679629 -0.115090035 0.804511487
vn 0.805321872 -0.159074783 0.571097195
vn 0.441494197 -0.124505639 0.888584018
vn 0.631945789 -0.178222016 0.75424242
vn 0.819318712 0.218406513 0.530108988
vn 0.468694597 0.124997161 0.874472022
vn 0.325784802 -0.0918944776 0.9409675
vn 0.582475603 0.610672653 0.536471128
vn 0.688871622 0.722061098 0.0639048219
vn 0.266932696 0.958335817 0.101682559
vn 0.264361888 0.959130824 0.100901157
vn -0.226591006 0.968324125 0.104904853
vn 0.266790688 0.961914718 0.0595237948
vn -0.242004901 0.967826426 0.0688892379
vn -0.66594702 0.73402828 0.133106023
vn -0.550301075 0.607001901 0.573338926
vn -0.268416911 0.961248517 0.0628785267
vn -0.549233079 0.605912983 0.5755108
vn -1.60463003e-07 1.62920998e-07 -1
vn 0.964892089 0.257301301 0.052720461
vn 0.963671803 0.265188187 0.0318109132
vn 0.69566232 0.717363775 0.0379884169
vn 0.692925572 0.718205512 0.0635216162
vn 0.785938501 -0.221585289 0.57723552
vn 0.965927303 0.253348708 0.052907262
vn 0.953274608 -0.269717425 0.136089459
vn 0.852127671 -0.240301177 0.464901775
vn 0.972264409 -0.21228081 0.0981772095
vn 0.947532475 -0.222608045 0.229407966
vn 0.684913814 -0.728621125 -0.00210368563
vn 0.684485912 -1.18773656e-07 0.729026079
vn 0.970177114 -0.230502322 0.0750002414
vn 0.970137119 -0.230605617 0.0752006918
vn 0.970368028 -0.228592411 0.0783044249
vn 0.971261501 -0.22159262 0.0868799835
vn 0.0181320291 -0.0247433279 -0.999529421
vn -0.0236792509 0.0109748626 -0.999659419
vn -0.01811116 0.00182060781 -0.999834418
vn 0.02799844 -0.0177065283 -0.99945122
vn 0.969491422 -0.231085315 0.0817688853
vn 0.965243816 -0.243917108 0.0938563496
vn -0.00620949222 0.00673739519 -0.999957979
vn 0.973016679 -0.203205317 0.109298773
vn 0.97356832 -0.194196209 0.12021897
vn 0.973918319 -0.185404316 0.130799174
vn 0.943119109 -0.203997746 0.262509674
vn 0.93798691 -0.185305551 0.292989075
vn -0.580820024 0.560635209 0.590200245
vn -0.508784771 0.494511873 0.704695761
vn -0.645403385 0.617508411 0.449597478
vn -0.578225315 0.749641538 0.322014332
vn -0.489279807 0.853012502 0.181591034
vn -0.711312711 0.644032538 0.281524926
vn 0.835098803 -0.550100207 1.19579763e-05
vn 0.440845311 -0.235928237 0.866021514
vn 0.782991409 -0.369775176 0.500190914
vn 0.452075392 -0.213488236 0.866054714
vn 0.904167414 -0.427178502 1.60386044e-05
vn 0.925432026 -0.378913611 1.77004677e-05
vn 0.801388979 -0.328299999 0.499994844
vn 0.462701887 -0.18950054 0.866023421
vn 0.817490995 -0.285572886 0.500156462
vn -0.764279008 0.644885719 -0.000199854927
vn 0.613473713 0.789715171 -7.7452336e-05
vn 0.974453211 -0.184392691 -0.128219828
vn 0.000121698999 0.000493736065 0.999999881
vn 0.000166182988 -3.32133168e-05 1
vn 0.947648704 -0.222314358 -0.229212224
vn 0.974051714 -0.19319059 -0.117901333
vn 0.943224907 -0.203511849 -0.262506545
vn 0.805701077 -0.158592105 -0.570696294
vn 0.853613377 -0.236607626 -0.464069933
vn 0.953430414 -0.269219458 -0.13598384
vn 0.972684205 -0.211206287 -0.0963200107
vn 0.973483682 -0.20209378 -0.107180528
vn 0.971660376 -0.220488891 -0.0852096975
vn 0.000166832993 -3.66772183e-05 1
vn 0.000166475991 -3.48547183e-05 1
vn 1.36649996e-05 -0.000133134919 1
vn 0.970733583 -0.227506489 -0.0769228041
vn 2.07265998e-06 9.3853072e-05 1
vn 0.970362604 -0.22997959 -0.0742004886
vn -0.097197108 -0.000999029144 0.995264709
vn -0.0034121871 -0.000704763923 0.99999392
vn 0.971012771 -0.230498686 -0.0632813871
vn 0.963597298 0.2654939 -0.0315172151
vn 0.725908518 0.0058185528 0.687766612
vn -0.00849258807 0.00821657479 0.999930203
vn -0.00549250795 0.0147227766 0.999876618
vn -0.0761002824 0.0503205769 0.995829582
vn 0.970119178 -0.229986578 -0.0772975981
vn 0.970545828 -0.229498282 -0.0732900277
vn 0.975393295 -0.212267086 -0.0595872737
vn 0.964935303 0.257118911 -0.0528188497
vn 0.695881128 0.717176676 -0.037511766
vn 0.693154812 0.717985094 -0.0635129809
vn 0.689058423 0.721882224 -0.0639116094
vn 0.266919404 0.961942196 -0.0584907718
vn 0.2668387 0.95844388 -0.100908145
vn 0.583077788 0.610590577 -0.53591007
vn 0.819739997 0.218412191 -0.529455066
vn 0.468105286 0.124704145 -0.874829412
vn 0.786945105 -0.218211815 -0.577149034
vn 0.965955079 0.253186405 -0.0531732589
vn 0.633826017 -0.17562218 -0.753273785
vn 0.264317214 0.959154606 -0.100791641
vn -0.242098197 0.967894197 -0.0675966963
vn -0.665912271 0.733895421 -0.134008974
vn 0.93815738 -0.184900358 -0.29269892
vn 0.924853981 -0.133810937 -0.356005222
vn 0.771067083 -0.0787800625 -0.631861806
vn 0.91757971 -0.0935901329 -0.386378527
vn 0.914056003 -0.0608987734 -0.400990099
vn 0.912003815 -0.0129058827 -0.409978688
vn -0.179068595 0.983836591 1.60287641e-07
vn -0.179068595 0.98383671 1.60287655e-07
vn -1.94262e-07 -1.62920998e-07 1
vn 0.803919077 0.594738781 9.68954339e-08
vn 0.803941429 0.594708622 -0.00012251611
vn 0.973193288 0.229988903 3.747002e-08
vn 0.973192573 0.229990497 0.000810596452
vn 0.00385892298 0.00599832879 0.999974608
vn 0.00400471594 0.00640733587 0.999971509
vn 0.00397854997 0.00599910412 0.999974072
vn 0.636711717 0.771102011 7.61946285e-05
vn 0.00389420893 0.00607921183 0.999974012
vn 0.0818051025 0.130418137 0.988078475
vn 0.0816532895 0.130501732 0.988080025
vn 0.0819077417 0.130487338 0.988060892
vn 0.00387561298 0.00589044392 0.999975204
vn 0.00399809983 0.00639660703 0.999971628
vn 0.00395876123 0.00641431008 0.999971628
vn 0.00375258899 0.00598307 0.999975085
vn 0.00400280906 0.00629718602 0.999972224
vn 0.00399655104 0.00630243216 0.999972224
vn 0.081800811 0.130491242 0.988069177
vn 0.32289651 0.514793754 0.794182181
vn 0.322910398 0.514915407 0.794097662
vn 0.490320802 0.781738162 0.385319531
vn 0.49033311 0.781734347 0.385311633
vn 0.32291311 0.514829397 0.794152379
vn 0.490325093 0.781740844 0.385308325
vn 0.523404717 0.834404111 0.172677428
vn 0.523408771 0.834400177 0.172683835
vn 0.528905928 0.843210518 0.0962009504
vn 0.528890014 0.843218803 0.0962158516
vn 0.523328602 0.834443629 0.172716737
vn 0.490301698 0.781748831 0.385322124
vn 0.527992427 0.840457201 0.121884234
vn 0.798910499 0.600395501 -0.0355988927
vn 0.775406003 0.613899529 -0.147895202
vn 0.517686725 0.82818687 0.21472533
vn 0.322925597 0.514850259 0.794133663
vn 0.322790802 0.514796555 0.794223368
vn 0.813697517 0.564403772 0.139085591
vn 0.477935106 0.761238456 0.438285828
vn 0.286006898 0.45603916 0.84275043
vn 0.531598687 0.445605785 0.72030437
vn 0.756694615 0.366788596 0.541183472
vn 0.640664101 -0.016091045 0.767652571
vn 0.914378703 0.255596727 0.313977838
vn 0.855703413 -0.0670906529 0.513099074
vn 0.954610884 0.233200729 -0.185298249
vn 0.990928173 0.121521093 0.057391718
vn 0.973501384 -0.110697232 0.200102791
vn 0.980512679 -0.143389389 -0.134292036
vn 0.977777779 -0.0245778766 -0.208198294
vn 0.884766996 -0.154202119 -0.439783216
vn 0.873462379 -0.147590622 -0.463983238
vn 0.854105711 -0.135991126 -0.502005816
vn 0.775226116 -0.0980749875 -0.624023914
vn 0.59001261 -0.0204077177 -0.807136178
vn 0.886148512 -0.155303031 -0.436602741
vn 0.892380774 -0.161493823 -0.421398044
vn 0.594237506 -0.0295035094 -0.803748429
vn 0.888944983 -0.175490633 -0.423060119
vn 0.895320415 -0.16559872 -0.413495719
vn 0.689187527 -0.0565203391 -0.722375274
vn 0.649376512 0.385352433 -0.655601859
vn 0.510793924 0.00679280423 -0.85967648
vn 0.598724723 -0.0233835392 -0.800613523
vn 0.713077426 0.35667789 -0.603574038
vn 0.778217971 0.325391203 -0.537119448
vn 0.688733876 0.663740158 -0.29170987
vn 0.722385108 0.642997563 -0.254389882
vn 0.840686023 0.291189462 -0.456569433
vn 0.529681504 0.844386578 0.0803044513
vn 0.529676497 0.844389617 0.0803069547
vn 0.746260107 0.63166517 -0.209988192
vn 0.748202324 0.62910068 -0.21077399
vn 0.529575706 0.844455123 0.0802827552
vn 0.861651778 0.280209154 -0.423129946
vn 0.766202807 0.615900278 -0.183303997
vn 0.884966373 0.270694464 -0.378891975
vn 0.829298675 -0.123595312 -0.544966102
vn 0.798513114 -0.106151603 -0.592544377
vn 0.917653382 0.260385573 -0.300186157
vn 0.529612422 0.844420493 0.0804048255
vn 0.53178972 0.842404902 0.0869134143
vn 0.529585898 0.844449222 0.0802773312
vn 0.529616117 0.844421923 0.0803644732
vn 0.529605508 0.844433308 0.0803154856
vn 0.529699922 0.84437722 0.0802822858
vn 0.529611707 0.844430804 0.0803019553
vn 0.625211 0.70039618 -0.344320476
vn 0.655799627 0.683103979 -0.321396977
vn 0.590010703 0.411424011 -0.694706917
vn 0.597180128 0.715988457 -0.361575067
vn 0.536109388 0.434205025 -0.723914862
vn 0.430740207 0.0337201543 -0.901845813
vn 0.35871619 0.0566982329 -0.931723177
vn 0.280726314 0.086986579 -0.955837905
vn 0.2415943 0.0945204273 -0.965762973
vn 0.285289109 0.0797979534 -0.955113888
vn 0.295087188 0.0765892565 -0.952395797
vn 0.113097601 0.152697265 -0.981780291
vn 0.1203143 0.149885863 -0.981355727
vn 0.196890205 0.108691558 -0.974382102
vn 0.269902706 0.0853030384 -0.959101617
vn 0.0613033101 0.187291965 -0.980389535
vn 0.0712670609 0.169406071 -0.982966304
vn 0.120014504 0.133852169 -0.983707428
vn 0.170606896 0.106804155 -0.979533672
vn 0.141910002 0.0834012404 -0.986359894
vn 0.123489 0.0940815061 -0.987876177
vn 0.0721990988 0.13691017 -0.987948775
vn 0.110285804 0.102801763 -0.9885692
vn -0.161429897 -0.386827856 -0.907912374
vn -0.176592797 -0.376872659 -0.909275532
vn -0.411665887 -0.73396647 -0.540207922
vn -0.421370804 -0.727904022 -0.540927529
vn -0.430138499 -0.72225976 -0.541591942
vn -0.192045704 -0.367070854 -0.910152435
vn 0.104813203 0.10680446 -0.988740206
vn -0.205197394 -0.356773257 -0.911376357
vn -0.438398987 -0.716571033 -0.542524099
vn -0.531280994 -0.847195804 -0.000191767031
vn -0.531488001 -0.847065806 -7.60594048e-05
vn -0.44970271 -0.70868212 -0.543633342
vn -0.53147161 -0.847076178 5.72478348e-06
vn -0.465105087 -0.697979212 -0.544520319
vn -0.223095596 -0.342389345 -0.912687182
vn -0.531485915 -0.847067177 -9.48796005e-05
vn -0.531413078 -0.847112775 -9.25252098e-05
vn -0.487586886 -0.682510853 -0.544461429
vn -0.531540573 -0.847032905 -0.000102523991
vn -0.5314821 -0.847069621 -0.000112105001
vn -0.531493783 -0.847062171 -0.000118513002
vn -0.531614304 -0.846986592 -2.01651928e-05
vn -0.519100308 -0.661290169 -0.541507542
vn -0.248033494 -0.322690755 -0.91342777
vn -0.284891397 -0.295501053 -0.911875188
vn 0.0491933189 0.156612664 -0.986434281
vn 0.0101867896 0.186673358 -0.982369244
vn -0.0114148799 0.203082368 -0.979095161
vn -0.0171938501 0.235102668 -0.971818447
vn -0.0439040586 0.228406459 -0.972575366
vn -0.182979703 0.348494351 -0.919277012
vn -0.0336033702 0.250813454 -0.967452049
vn -0.404697388 0.475201517 -0.781283259
vn -0.302385688 0.413311243 -0.858916044
vn -0.408682197 0.477509111 -0.777794361
vn -0.408388108 0.487086207 -0.771988451
vn -0.113808401 0.282383054 -0.952526867
vn -0.201508701 0.346295446 -0.916228056
vn -0.176379696 0.328514338 -0.927884042
vn -0.198504597 0.353901654 -0.913974643
vn -0.435981512 0.450180829 -0.779267251
vn -0.418310791 0.47659272 -0.773224056
vn -0.0586218201 0.252702951 -0.965766311
vn -0.233711302 0.312494248 -0.920720518
vn -0.147605404 0.269491464 -0.951623321
vn -0.0914170071 0.241391361 -0.966112316
vn -0.074777782 0.233106866 -0.969571769
vn -0.0165118501 0.20300737 -0.97903806
vn 0.02789139 0.178982958 -0.98345679
vn 0.275487006 0.552289844 -0.786818206
vn 0.0695021674 0.156992957 -0.985151172
vn 0.238579705 0.57309413 -0.783991456
vn 0.436704606 0.805822551 -0.39992407
vn 0.409882903 0.821756184 -0.39587009
vn 0.190711707 0.599906743 -0.777007699
vn 0.375965208 0.841381848 -0.38823545
vn 0.129886702 0.632606924 -0.76350379
vn 0.529612899 0.844429195 0.080308862
vn 0.52968508 0.844384015 0.0803086236
vn 0.335211694 0.864211738 -0.375195056
vn 0.529608607 0.8444345 0.0802828148
vn 0.288004905 0.889913738 -0.353704065
vn 0.0574629903 0.670793593 -0.739414692
vn -0.0263950191 0.712985218 -0.700682104
vn -0.333209813 0.359016538 -0.871824741
vn -0.118378401 0.756351233 -0.6433658
vn 0.236410603 0.916922867 -0.32150045
vn 0.188786805 0.940620482 -0.282121956
vn -0.2032011 0.793391705 -0.573793471
vn -0.457975596 0.411308229 -0.788088918
vn -0.441596895 0.404807627 -0.800701559
vn 0.529619277 0.844425321 0.0803085044
vn 0.529517174 0.844489217 0.0803085044
vn 0.140876994 0.961093664 -0.23759824
vn 0.138512805 0.960970044 -0.23948054
vn 0.529610693 0.844416916 0.0804525763
vn 0.529614627 0.844430208 0.0802876428
vn 0.529615819 0.84442842 0.0802986771
vn 0.529612005 0.844419181 0.0804199651
vn 0.528841197 0.843240201 0.0962978154
vn 0.528825521 0.843250871 0.0962897018
vn 0.528805792 0.843273818 0.0961966068
vn 0.523401022 0.83439821 0.172717139
vn 0.523399711 0.834401608 0.172704831
vn 0.523391187 0.834385395 0.172808632
vn 0.490382314 0.78167212 0.385375112
vn 0.528906703 0.84321183 0.0961855128
vn 0.490406811 0.78169173 0.385304123
vn 0.527930021 0.840405703 0.122508332
vn 0.1148967 0.978619277 -0.170596436
vn 0.0843048021 0.994588375 -0.0607178882
vn 0.518872678 0.827167451 0.21578984
vn 0.32299301 0.514899254 0.794074535
vn 0.476497799 0.759802461 0.442323625
vn 0.296791285 0.906496644 0.300297856
vn 0.0531059988 0.988711774 0.140103057
vn -0.166785702 0.799011767 0.577722132
vn 0.0779295489 0.661010981 0.746318638
vn 0.293410301 0.467215657 0.834038377
vn -0.201084703 0.255419254 0.945688188
vn -0.452179998 0.426790893 0.783187687
vn -0.550088227 0.270786583 0.789985836
vn -0.645307779 0.547726512 0.53251636
vn -0.726584077 0.420209616 0.543598771
vn -0.667214096 0.494068801 0.55742383
vn -0.496111095 0.353409767 0.793079734
vn -0.685508311 0.483310312 0.544508338
vn -0.375121891 0.282975465 0.882727981
vn -0.386287212 0.277602851 0.879612982
vn -0.443502903 0.190982446 0.875688851
vn -0.820386827 0.521784663 0.233893484
vn -0.649888575 0.503791153 0.569068849
vn -0.802045584 0.588740706 0.100534998
vn -0.786985517 0.604708195 0.122400694
vn -0.772315621 0.619125724 0.142169505
vn -0.633769572 0.51249671 0.579381764
vn -0.364605606 0.287923664 0.885529757
vn 0.00401616003 0.00629671011 0.999972224
vn -0.354824007 0.292282045 0.888071537
vn 0.00402098801 0.00630052388 0.999972224
vn 0.0042361021 0.00598759996 0.999973118
vn 0.00401413394 0.00646610605 0.999970973
vn -0.2451085 0.179804057 0.952676475
vn 0.0716025233 0.115392037 0.990736008
vn -0.303393096 0.0933979899 0.948277116
vn -0.0485996604 -0.0689027756 0.99643892
vn 0.00398808718 0.00630022585 0.999972224
vn 0.00400751783 0.00639249384 0.999971628
vn 0.0039995308 0.00629915297 0.999972224
vn -0.857613802 0.514294386 2.3556936e-07
vn -0.873804927 0.486276805 7.9224705e-08
vn -0.873804629 0.486277103 0.000120278222
vn -0.852089584 0.523396015 -0.000146467719
vn -0.85768342 0.514178276 -0.000111296235
vn -0.848952174 0.528469801 -6.88438149e-06
vn 0.0406995416 0.0647966936 0.997068226
vn -0.841134071 0.540826619 1.11341194e-06
vn -0.841675818 0.539983273 -4.24136374e-07
vn -0.845844924 0.533428788 1.34279674e-06
vn 0.0405853316 0.0648048073 0.997072279
vn 0.165896401 0.264191747 0.950095356
vn -0.219702795 0.191900045 0.956506789
vn -0.1732779 0.256515056 0.950881183
vn 0.0448912904 0.0716167763 0.996421516
vn 0.165820494 0.264409751 0.95004797
vn -0.0292961504 0.470984757 0.881654739
vn 0.178304404 0.284372658 0.941987157
vn 0.383183509 0.610982895 0.692726791
vn 0.38341409 0.611035407 0.692552805
vn 0.508795679 0.811098456 0.28852433
vn -0.843192816 0.537611425 6.78658762e-06
vn 0.508689404 0.81121242 0.288391411
vn 0.389373511 0.62036097 0.680838227
vn -0.0348058306 0.877120256 0.479008138
vn 0.508799613 0.808406413 0.295976311
vn -0.249890596 0.627092957 0.73777312
vn -0.397901595 0.43820858 0.806007266
vn -0.576910198 0.570840359 0.584222496
vn -0.441297591 0.72339505 0.530995548
vn -0.455104589 0.878783405 0.143595055
vn -0.593799114 0.755695045 0.276274621
vn -0.698615611 0.646993041 0.305510014
vn -0.769105375 0.638900578 -0.0168173462
vn -0.751609623 0.659529328 -0.0102013433
vn -0.758594871 0.631694794 0.159673303
vn -0.73109889 0.61039716 0.30481109
vn -0.733026803 0.609123647 -0.3027215
vn -0.732696176 0.613096952 -0.295412302
vn -0.696118474 0.717821598 -0.0122984629
vn -0.732743084 0.622244239 -0.275499105
vn -0.7057935 0.601092637 -0.374890715
vn -0.74281162 0.627907336 -0.232300296
vn -0.692296624 0.626100361 -0.358781219
vn -0.707412422 0.629698038 -0.321010917
vn -0.698049307 0.626344442 -0.347015798
vn -0.74457711 0.643262804 -0.178375795
vn -0.675622702 0.617615163 -0.4025985
vn -0.598789811 0.561803699 -0.570813
vn -0.589990973 0.58289361 -0.558700204
vn -0.632922709 0.599093854 -0.490403324
vn -0.885325909 0.0867009833 -0.456816405
vn -0.921644211 0.104200259 -0.373783976
vn -0.598177075 0.582661808 -0.55017221
vn -0.836105585 0.0605967306 -0.545211613
vn -0.576794684 0.571806729 -0.58339107
vn -0.768492877 0.0215994548 -0.639493585
vn -0.501932025 0.530997336 -0.682719827
vn -0.779285729 -0.496092141 -0.382892191
vn -0.679394186 -0.0309972707 -0.733118474
vn -0.726782024 -0.528267145 -0.439000994
vn -0.583895028 -0.0892692059 -0.806906283
vn -0.669802129 -0.56387955 -0.483120292
vn -0.48810181 -0.152204171 -0.859412909
vn -0.611924708 -0.601017714 -0.51412642
vn -0.403583497 -0.209894255 -0.890541971
vn -0.560519814 -0.634226441 -0.532517195
vn -0.336297691 -0.258100063 -0.905697763
vn -0.53140372 -0.847118676 -8.69224095e-05
vn -0.531517982 -0.84704721 -0.000101580001
vn -0.531416714 -0.84711051 -0.000126589017
vn -0.531467974 -0.847078383 -9.01485109e-05
vn -0.819015503 -0.472029448 -0.326193303
vn -0.847319424 -0.455469072 -0.273125648
vn -0.867770016 -0.444076061 -0.223095968
vn -0.531587124 -0.847003579 -0.000102029
vn -0.882122219 -0.436416864 -0.177202567
vn -0.947827578 0.115597248 -0.297086269
vn -0.73070091 0.637606859 -0.243995801
vn -0.966479003 0.123114936 -0.225302383
vn -0.892190695 -0.431258976 -0.134206668
vn -0.979447424 0.127851725 -0.156002387
vn -0.746996522 0.642722428 -0.1700124
vn -0.757500172 0.645591378 -0.0969809368
vn -0.751420498 0.638495505 -0.166405797
vn -0.762388825 0.647084713 -0.00669760862
vn -0.987401307 0.130626321 -0.0893064439
vn -0.762691021 0.646159887 -0.0279260334
vn -0.990940809 0.1318084 -0.0257491767
vn -0.904901385 -0.425052196 0.0220018514
vn -0.990589619 0.131777495 0.0369710512
vn -0.905018926 -0.425096005 -0.0153007591
vn -0.90321207 -0.425884187 -0.053202752
vn -0.899018109 -0.427963883 -0.0928096175
vn -0.53184998 -0.846838593 -0.000104169965
vn -0.531410217 -0.847114623 9.53842755e-06
vn -0.531488299 -0.847065687 -9.39892052e-05
vn -0.531956971 -0.846771419 -8.76627528e-05
vn -0.902907491 -0.425794005 0.0588007383
vn -0.531425178 -0.847105205 -4.35876109e-06
vn -0.531488419 -0.847065687 -8.50820943e-05
vn -0.53147769 -0.847072303 -9.12585965e-05
vn -0.53149122 -0.847063899 -1.05390045e-05
vn -0.531473577 -0.847074926 -1.35192058e-05
vn -0.531520903 -0.847045183 -0.000100184006
vn -0.531412721 -0.847113073 9.99979966e-05
vn -0.451619506 -0.708302975 0.542537153
vn -0.531471908 -0.847076118 -8.31270609e-06
vn -0.531469882 -0.84707731 2.26756911e-05
vn -0.442060411 -0.714852989 0.541819096
vn -0.531535029 -0.847036302 -0.000283573027
vn -0.531474113 -0.847074687 4.43138731e-07
vn -0.466102302 -0.698482871 0.543019652
vn -0.250829011 -0.325392753 0.911704123
vn -0.485073507 -0.685552955 0.542881906
vn -0.227312505 -0.342744946 0.911512434
vn -0.509190619 -0.669290185 0.541087508
vn -0.281711906 -0.302305251 0.910631716
vn -0.321145207 -0.27327615 0.906744659
vn -0.531481504 -0.847069979 2.49108944e-05
vn -0.540615618 -0.648314536 0.536118507
vn -0.531482875 -0.847069025 -8.49255957e-05
vn -0.531482816 -0.847069085 -9.04539047e-05
vn -0.531426191 -0.847104728 -9.07073045e-05
vn -0.579687476 -0.62258786 0.52568686
vn -0.436186999 -0.191725448 0.87919414
vn -0.626968324 -0.591697872 0.50675869
vn -0.37232241 -0.236371145 0.897499144
vn -0.514117599 -0.13847214 0.846468389
vn -0.172128707 0.317793161 0.932405174
vn -0.0824952126 0.251903951 0.964229882
vn -0.149296403 0.301400661 0.941736877
vn -0.0355186388 0.241709039 0.969698548
vn -0.177933201 0.340836465 0.923130751
vn -0.0505236313 0.256211638 0.965299487
vn 0.0436059199 0.195000038 0.979833543
vn 0.052019529 0.178605542 0.98254472
vn -0.0303074699 0.211900935 0.976821184
vn 0.0698034689 0.132022738 0.988785923
vn 0.0516098104 0.146801829 0.987818718
vn 0.0861973688 0.118706837 0.989180923
vn 0.105644204 0.141828537 0.98423779
vn 0.107326701 0.156499341 0.981829405
vn 0.2816827 0.0887159258 0.955397606
vn 0.1013088 0.158073142 0.982216597
vn 0.271276593 0.0869991928 0.95856148
vn 0.158992603 0.114502743 0.980617404
vn 0.614131629 -0.0412209667 0.788126528
vn 0.443284512 0.0301932953 0.895872295
vn 0.186917603 0.112506546 0.975911975
vn 0.287782997 0.0808826238 0.954274118
vn 0.296309203 0.0783025846 0.951876879
vn 0.237576306 0.096484974 0.966565192
vn 0.364718109 0.0565201268 0.92940098
vn 0.443603098 0.473902881 0.760679066
vn 0.401598185 0.491613477 0.772680581
vn 0.526187897 0.754780054 0.391706109
vn 0.548431277 0.742618859 0.384370029
vn 0.490347505 0.453516483 0.744232655
vn 0.529688418 0.844382405 -0.0803040043
vn 0.529612124 0.844431996 -0.0802850574
vn 0.573129416 0.729011953 0.374251723
vn 0.529692709 0.844382286 -0.0802762359
vn 0.599910676 0.714180231 0.360629618
vn 0.541216075 0.431515187 0.72172004
vn 0.59788841 0.407461882 0.690292954
vn 0.527295828 0.000214214553 0.849681795
vn 0.660610318 0.37989369 0.647514343
vn 0.629418075 0.697792351 0.341933906
vn 0.661863208 0.679171443 0.317274809
vn 0.52961868 0.844424903 -0.0803155676
vn 0.529607177 0.844433725 -0.0802995935
vn 0.529611409 0.844417989 -0.0804356188
vn 0.529627502 0.844421804 -0.080290474
vn 0.529680908 0.84438628 -0.080311574
vn 0.528904915 0.843201518 -0.0962861553
vn 0.529617012 0.844427407 -0.080301024
vn 0.529610276 0.844415009 -0.0804761425
vn 0.529623628 0.844424725 -0.0802857056
vn 0.528876901 0.843216002 -0.0963127464
vn 0.529682517 0.844386101 -0.0803041831
vn 0.529623389 0.84442538 -0.0802793279
vn 0.529614627 0.844423294 -0.0803594962
vn 0.523513198 0.834325075 -0.172730163
vn 0.523355126 0.834434211 -0.172682464
vn 0.528855205 0.843243301 -0.0961919874
vn 0.523364902 0.834425092 -0.172696769
vn 0.490301311 0.781704366 -0.38541308
vn 0.490113407 0.781830668 -0.385395586
vn 0.322896391 0.51479423 -0.794181943
vn 0.322885811 0.51477772 -0.794196963
vn 0.490306109 0.781705558 -0.385404289
vn 0.322901785 0.514802933 -0.794173956
vn 0.490309507 0.781711161 -0.385388792
vn 0.523401201 0.834398627 -0.172714368
vn 0.528914988 0.843204677 -0.0962022394
vn 0.528902173 0.843201876 -0.0962968841
vn 0.523483396 0.834353387 -0.172683373
vn 0.529677093 0.84439081 -0.080288507
vn 0.528500974 0.840194106 -0.121494263
vn 0.529420316 0.843835711 -0.0874966756
vn 0.1122192 0.980137408 0.163516268
vn 0.130944595 0.968060255 0.213805571
vn -0.331235409 0.853123546 0.403067738
vn -0.299912512 0.837211132 0.457307339
vn 0.135977298 0.960678339 0.242089763
vn 0.134807497 0.960510552 0.243405759
vn -0.261886388 0.82457006 0.501497746
vn 0.197768301 0.936488867 0.289614141
vn 0.529631078 0.844416976 -0.0803175345
vn -0.0988858864 0.745792389 0.658798397
vn 0.247618705 0.91084826 0.330212653
vn -0.188716397 0.78652519 0.588017344
vn 0.529607415 0.84443301 -0.0803057328
vn 0.529612601 0.844419479 -0.0804129094
vn 0.529611528 0.844432116 -0.0802874342
vn 0.52968663 0.844385684 -0.0802809373
vn 0.529704392 0.8443712 -0.0803151578
vn 0.529630005 0.844418406 -0.0803108662
vn 0.293599099 0.886082411 0.358688354
vn 0.33442381 0.863640845 0.377207339
vn 0.119682901 0.635700762 0.762601197
vn 0.37028259 0.843680859 0.388707638
vn 0.0564798117 0.669104099 0.741019547
vn 0.401620895 0.82604152 0.395418853
vn -0.1049987 0.244375229 0.963979363
vn 0.175142601 0.605895877 0.776025295
vn -0.156593606 0.270802557 0.949812889
vn -0.0739045069 0.256692141 0.963663459
vn -0.233989 0.309325755 0.921719432
vn -0.412736088 0.43892017 0.798121572
vn -0.322594404 0.351403862 0.878890336
vn -0.01603752 0.706009984 0.708020329
vn -0.194214195 0.347321749 0.917414069
vn -0.618813276 0.471498013 0.628299057
vn -0.732294202 0.563486755 0.382397801
vn -0.589803517 0.561597884 0.58029294
vn -0.437696189 0.402320474 0.804089785
vn -0.421413094 0.395396978 0.816132665
vn -0.52378267 0.437213182 0.731092632
vn -0.392320812 0.462812275 0.794914544
vn -0.264678091 0.822895348 0.502781034
vn -0.654797971 0.48318851 0.581178486
vn -0.714285076 0.500788927 0.488883883
vn -0.686789513 0.492786616 0.534304857
vn -0.753206372 0.516513467 0.407301098
vn -0.736199081 0.507516026 0.447703391
vn -0.607518315 0.721129656 0.333007127
vn -0.364675701 0.873540819 0.322394252
vn -0.752733171 0.549924552 0.361905575
vn -0.75510782 0.525209844 0.392386079
vn -0.754522979 0.518724442 0.402020097
vn -0.749200583 0.513219059 0.418694198
vn -0.703205526 0.687826872 0.179989323
vn -0.795507789 0.595686972 0.111015394
vn -0.579621017 0.80842638 -0.102402769
vn -0.413791895 0.892094612 0.181503743
vn -0.190417796 0.981503904 0.0197775699
vn 0.0889919922 0.99407661 0.06238655
vn 0.0492990613 0.988377512 -0.143803835
vn -0.398813695 0.840784371 -0.366100162
vn 0.490301907 0.781705379 -0.38541019
vn 0.292418212 0.907813787 -0.300609261
vn -0.178286597 0.786888003 -0.590780258
vn 0.0652101636 0.649363935 -0.757676899
vn -0.434518307 0.44413203 -0.783543766
vn -0.631373882 0.56109637 -0.535292387
vn 0.0817974806 0.130517066 -0.988066077
vn 0.294305593 0.46849674 -0.833003759
vn -0.182011798 0.27370584 -0.944434762
vn 0.322892487 0.514787138 -0.794188261
vn -0.243280694 0.178803444 -0.95333302
vn 0.0723000094 0.115136765 -0.990715027
vn -0.383075893 0.27589035 -0.881554067
vn -0.492376208 0.351684511 -0.796168268
vn -0.371629685 0.281076849 -0.884809136
vn 0.00480949786 0.00749359885 -0.999960423
vn -0.360932499 0.285549164 -0.887800336
vn -0.644948304 0.501056731 -0.577047765
vn -0.66252619 0.492191702 -0.564629555
vn 0.00377184106 0.00603364315 -0.999974787
vn 0.00404328108 0.00624768296 -0.999972403
vn 0.00378566911 0.00642226497 -0.999972284
vn 0.003898561 0.00619362202 -0.999973178
vn 0.003902375 0.00620291987 -0.999973178
vn -0.873781621 0.486318499 7.92314978e-08
vn -0.857614398 0.514293373 3.9723287e-05
vn -0.873781383 0.486318797 -0.000100650766
vn -0.857620776 0.514282584 2.85748883e-05
vn -0.852089703 0.523396015 0.000146140272
vn 0.00388216903 0.00621764176 -0.999973178
vn 0.00390470005 0.00618950883 -0.999973178
vn 0.00394588709 0.00616894476 -0.999973178
vn 0.0408422314 0.0648222342 -0.997060776
vn 0.0407174788 0.0648925155 -0.997061312
vn -0.218683407 0.188289642 -0.957457364
vn -0.171503901 0.255704552 -0.951420844
vn -0.343387008 0.291510344 -0.892808616
vn -0.351077408 0.289634854 -0.890424967
vn -0.441003412 0.372210026 -0.816685855
vn -0.6285851 0.509258389 -0.587823868
vn -0.392193288 0.434767306 -0.810655117
vn -0.614470422 0.515097022 -0.59757942
vn -0.569725513 0.5673033 -0.59462589
vn -0.727672279 0.606980383 -0.319480807
vn -0.248401493 0.618706822 -0.745317757
vn -0.441075295 0.714664578 -0.542869508
vn -0.692702413 0.645502448 -0.321698785
vn -0.456096709 0.874706686 -0.163902551
vn -0.595079124 0.748476684 -0.292683482
vn -0.744607806 0.63281244 0.212385908
vn -0.737790823 0.625789165 0.253086597
vn -0.696086824 0.632190943 0.340291083
vn -0.749787688 0.661599576 -0.0102200024
vn -0.736443996 0.618439317 0.274195194
vn -0.70952791 0.60672915 0.358399004
vn -0.580108106 0.582318604 0.56954354
vn -0.702293992 0.63306725 0.325590402
vn -0.725386024 0.640396237 0.252403915
vn -0.746716976 0.646003485 0.158408806
vn -0.743914187 0.644491076 0.176700607
vn -0.964209378 0.12556076 0.233526722
vn -0.891805172 -0.430505335 0.13910003
vn -0.978119075 0.129401773 0.162905812
vn -0.880223811 -0.43641752 0.186402321
vn -0.94269532 0.117086247 0.312436223
vn -0.531602979 -0.846993685 -9.01211897e-05
vn -0.898851514 -0.427404732 0.0969089121
vn -0.986429572 0.131089792 0.0988537818
vn -0.761426389 0.646997511 0.0403011255
vn -0.755476415 0.646297812 0.107492708
vn -0.749358475 0.64546001 0.147794709
vn -0.761987388 0.647569418 -0.00540615432
vn -0.762986302 0.646396399 -0.00488771359
vn -0.759721398 0.639450073 -0.118012294
vn -0.75044781 0.63441956 -0.18531099
vn -0.751070023 0.635103226 -0.180382296
vn -0.388809413 0.921308219 -0.00430074194
vn 0.0645064116 0.983367622 0.169786468
vn -0.379802406 0.922541976 -0.0683123693
vn 0.0772964284 0.997005403 -0.00238777744
vn -0.387217611 0.920509577 -0.0521978401
vn 0.0835001394 0.996133983 -0.0272927377
vn 0.0508140288 0.998407483 0.0245058313
vn -0.388306588 0.920033813 -0.0524955019
vn -0.36641261 0.929387927 0.0444966815
vn -0.363372087 0.930591106 0.0442837141
vn 0.0805080533 0.996725082 -0.00759239541
vn -0.379687488 0.923549473 0.053793218
vn -0.761462688 0.639699519 0.104686804
vn -0.766195416 0.640402317 0.0531942658
vn -0.389511406 0.920979619 -0.00879999809
vn -0.753986716 0.637458324 0.158591703
vn -0.767926872 0.640512109 -0.00569625152
vn -0.765586972 0.639600277 -0.0691967681
vn 0.0646921918 0.982849002 -0.172692537
vn -0.753206491 0.637085497 0.16371341
vn -0.0389912091 0.868298888 -0.494506538
vn 0.507908881 0.808591366 -0.296999395
vn 0.508979797 0.811098278 -0.288200468
vn 0.530300319 0.845300019 -0.0651900545
vn 0.508917272 0.81112957 -0.288222581
vn 0.383072615 0.611195743 -0.69260031
vn 0.530212522 0.844995677 -0.0696930662
vn 0.532516181 0.843912184 -0.065106906
vn 0.531408072 0.847114503 -0.00159464288
vn 0.531270921 0.847200871 -0.0013960409
vn 0.0493783914 0.998464584 0.025103962
vn 0.531409323 0.847115219 9.70719047e-05
vn 0.0857964084 0.995944083 -0.0270981286
vn 0.531690776 0.84441793 0.0652957037
vn 0.531417429 0.847108305 0.00179793302
vn 0.530398786 0.845215201 0.0654867962
vn 0.530080974 0.845085323 0.0696072653
vn 0.531301379 0.84718281 0.000214611035
vn 0.531340003 0.847156107 0.00212158612
vn -0.841095507 0.540886819 -1.22212816e-06
vn 0.531327307 0.847166717 0.000252505008
vn 0.531291723 0.847187281 0.00172074512
vn 0.531285107 0.847193301 -9.75837684e-05
vn 0.531410873 0.847114325 0.000243055023
vn 0.530781806 0.847507179 0.00151069812
vn 0.531408906 0.847114086 0.00160004501
vn 0.526925623 0.849847794 0.0104071088
vn 0.53129518 0.847186804 3.33651428e-06
vn 0.531360209 0.847146094 3.92859147e-05
vn 0.531410515 0.847114325 0.000513137027
vn 0.531297624 0.847185314 3.90673449e-06
vn 0.531410277 0.847112894 -0.00173477398
vn 0.531387627 0.847128808 0.000120263008
vn 0.531407773 0.847114384 0.00177272002
vn 0.531294227 0.847185373 0.00186421303
vn 0.531296611 0.84718591 9.86403247e-05
vn 0.531283796 0.847194016 0.00010397302
vn 0.531292021 0.847186983 0.00181337004
vn 0.53028661 0.845284104 0.065505214
vn 0.839602172 0.542479277 -0.0280055031
vn 0.847677529 0.530512094 -9.97636671e-05
vn 0.851228118 0.524418175 0.019912025
vn 0.841668487 0.539263487 -0.0280905627
vn 0.992208779 0.113309808 -0.0517949201
vn 0.991226017 0.115379907 -0.0644864812
vn 0.992541313 0.110309809 -0.0519003011
vn 0.994226813 0.107299298 -0.000299480482
vn 0.992089927 0.11239659 0.0558991581
vn 0.992482424 0.108779393 0.0560878702
vn 0.939654887 -0.335011005 0.0693992376
vn 0.939683914 -0.335012704 -0.0689982623
vn 0.941479981 -0.337068707 -0.000508539844
vn 0.932830811 -0.360312611 -0.00130510167
vn 0.866185606 -0.474718839 0.156092033
vn 0.932951689 -0.359976798 -0.00422268966
vn 0.864621878 -0.470696419 0.175710231
vn 0.9182024 -0.342025936 0.199806839
vn 0.933322608 -0.326798916 0.148699135
vn 0.921289504 -0.343395382 -0.182498261
vn 0.868169188 -0.476898372 -0.13729617
vn 0.870832205 -0.486599594 -0.0698013529
vn 0.871661425 -0.49010691 -0.00130470586
vn 0.870674908 -0.486093014 0.0750919878
vn 0.494051605 -0.866900325 0.0663103759
vn 0.494525611 -0.869162321 -0.00118454453
vn 0.494306207 -0.867095411 -0.0616999418
vn -0.0192754809 -0.999061108 0.0388023965
vn -0.0211657807 -0.99648881 0.0810074285
vn 0.491206706 -0.860017776 0.138149261
vn -0.0252600908 -0.991669178 0.126309738
vn 0.4845891 -0.847884536 0.215093568
vn -0.0329836607 -0.984137595 0.174313933
vn 0.471922994 -0.830431044 0.296096444
vn 0.856723189 -0.45562923 0.241718024
vn 0.840011716 -0.429895848 0.331013739
vn 0.829739273 -0.415121466 0.373104155
vn 0.867616415 -0.291398466 0.402900428
vn 0.452503592 -0.806610942 0.380288571
vn 0.815592229 -0.39569056 0.422182739
vn -0.0450814292 -0.973426938 0.224516436
vn -0.0631194115 -0.958912969 0.27658996
vn 0.423420191 -0.775952339 0.467561275
vn -0.531704903 -0.846929729 -1.84221267e-06
vn -0.531483471 -0.847068608 -9.48571978e-05
vn -0.531493425 -0.847062409 -0.000112228001
vn -0.531422019 -0.847107291 -0.00011388601
vn -0.531521022 -0.847045302 -0.000106375999
vn -0.531476915 -0.847072899 1.05162944e-05
vn -0.531273782 -0.847200215 -0.000101235019
vn -0.531485975 -0.847067118 -9.9603305e-05
vn -0.53141731 -0.847110271 -5.12990209e-06
vn -0.36148119 -0.763188362 0.535607159
vn -0.531411827 -0.847113729 1.97550871e-05
vn -0.53148222 -0.847069621 -2.47249027e-05
vn -0.322972506 -0.786771834 0.526002884
vn -0.273703605 -0.817016363 0.507514179
vn -0.074602358 -0.432315648 0.898630917
vn -0.00927567389 -0.470993042 0.882088244
vn -0.221284196 -0.849903882 0.478222758
vn 0.161811501 -0.575687349 0.801499307
vn 0.0735924169 -0.520992815 0.850382626
vn 0.307134092 -0.00250736414 0.951663017
vn 0.397408009 -0.05659464 0.915895283
vn 0.396710396 -0.0561880097 0.916222572
vn 0.416217387 -0.00450113323 0.909254014
vn 0.491408497 -0.114982739 0.863305807
vn 0.580713928 -0.178396329 0.794321179
vn 0.613618314 -0.111313924 0.7817173
vn 0.594220221 -0.188904539 0.781803966
vn 0.244498402 -0.632313907 0.735118806
vn -0.171494305 -0.882447064 0.438037544
vn -0.125302106 -0.913731456 0.386515439
vn 0.320464998 -0.689204216 0.649845958
vn 0.380554289 -0.737445712 0.557989597
vn -0.0890828297 -0.939409137 0.331020862
vn -0.531602621 -0.846993923 -0.000118661999
vn 0.731706679 -0.303713799 0.610215664
vn 0.750612617 -0.321595699 0.577197611
vn 0.772175014 -0.214289904 0.59818536
vn 0.780914128 -0.353329897 0.515103042
vn 0.878162622 -0.216885582 0.426369667
vn 0.617320776 -0.0651906133 0.784006
vn 0.8766734 -0.173497677 0.448711783
vn 0.89828968 -0.198388353 0.392068684
vn 0.873287678 -0.153213769 0.462486982
vn 0.891588509 -0.179805979 0.415619761
vn 0.892953098 -0.183120966 0.411219567
vn 0.883108318 -0.163107768 0.439904273
vn 0.879994512 -0.158899873 0.447616756
vn 0.973255515 -0.178082034 0.145122066
vn 0.97862798 -0.193502888 -0.0695999488
vn 0.982739925 -0.178518683 -0.0485125408
vn 0.977404475 -0.137792826 0.160292163
vn 0.979028523 -0.0988970622 -0.17810832
vn 0.96378243 -0.17398797 -0.202118531
vn 0.826667726 -0.160291016 -0.539376915
vn 0.865885913 -0.0484190285 -0.497892886
vn 0.836096585 -0.148505509 -0.52809912
vn 0.472291201 -0.087525636 -0.877086222
vn 0.816771626 -0.174038708 -0.550086081
vn 0.606002271 -0.104810372 -0.788527906
vn 0.973262072 -0.211403787 -0.0898295939
vn 0.966773927 -0.231187686 -0.109090239
vn 0.806136191 -0.18946071 -0.56057924
vn 0.465746492 -0.095109202 -0.879792273
vn 0.00392323686 0.0062019662 -0.999973118
vn 0.00391930295 0.00609795609 -0.999973714
vn 0.458893687 -0.103758156 -0.882412016
vn 0.00395280123 0.00619743578 -0.999973118
vn 0.00391554786 0.00620226376 -0.999973118
vn 0.938846171 -0.344336987 -0.000112476097
vn 0.938864589 -0.344286889 -2.42653914e-05
vn 0.967144012 -0.254229397 2.09773066e-06
vn 0.924734116 -0.380614102 -1.40684006e-06
vn 0.967143893 -0.254229695 -1.80361354e-07
vn 0.00391393807 0.00638870802 -0.999971986
vn 0.00389057305 0.00620357599 -0.999973178
vn 0.00390028907 0.00620131101 -0.999973178
vn 0.040703889 0.0649052039 -0.997061014
vn 0.915163517 -0.403082907 -5.10412019e-06
vn 0.886145771 -0.463406414 -4.19971656e-07
vn 0.904582083 -0.426299602 1.25853467e-05
vn 0.0407091901 0.0648883954 -0.997061908
vn 0.165901393 0.264603138 -0.949979961
vn 0.288406491 -0.0714960247 -0.954835176
vn 0.0615965091 0.0981948748 -0.993259072
vn 0.337796599 0.0252830032 -0.940879583
vn 0.451184511 -0.115891658 -0.884873927
vn 0.611567318 -0.0593902878 -0.788960218
vn 0.574166417 -0.149397761 -0.804992676
vn 0.500920117 0.327319622 -0.801212311
vn 0.729819596 0.218019798 -0.647943437
vn 0.817822218 -0.136282206 -0.559101224
vn 0.793802083 -0.209620416 -0.570909679
vn 0.941210806 -0.199394658 -0.272697836
vn 0.890878916 0.0932000354 -0.444576681
vn 0.928929925 -0.247005463 -0.275821924
vn 0.958416522 -0.255505562 -0.127101839
vn 0.964614928 -0.257905006 0.0547995679
vn 0.905092418 -0.236198664 0.353579074
vn 0.903187871 -0.218804166 0.369291782
vn 0.905351281 -0.243984461 0.347578377
vn 0.906176686 -0.260294646 0.333302379
vn 0.968884289 -0.24287191 0.0477124602
vn 0.911241114 -0.283020347 0.299231231
vn 0.982961118 -0.173604712 0.0604064092
vn 0.978062928 -0.0397970267 -0.204473197
vn 0.994636118 0.100295506 -0.0252967831
vn 0.990433276 0.117902488 0.0717008933
vn 0.832040429 0.482420743 -0.273823202
vn 0.922491014 -0.309113741 0.231212258
vn 0.508788526 0.811214864 -0.288209885
vn 0.471778095 0.75194788 -0.460434467
vn 0.847732008 0.530120015 -0.0179884136
vn 0.383293301 0.611189842 -0.692483485
vn 0.849153876 0.527212501 0.031381987
vn 0.530162811 0.845385909 -0.065194644
vn 0.850513577 0.525009274 0.031492617
vn 0.528192997 0.842409372 -0.106576763
vn 0.531271815 0.847201526 0.000101097023
vn 0.531318188 0.847171009 -0.00158516597
vn 0.529969513 0.845506191 -0.0652038828
vn 0.53129822 0.847183704 -0.00152168691
vn 0.885893822 -0.463888198 1.41244288e-06
vn 0.508790016 0.811188161 -0.288282394
vn 0.383319795 0.611133635 -0.692518294
vn 0.253093094 0.403615952 -0.879225969
vn 0.8883183 -0.459228396 4.75781235e-06
vn 0.89448452 -0.44709909 3.574218e-06
vn 0.165895104 0.264602363 -0.949981213
vn 0.00380909396 0.006090804 -0.99997431
vn 0.90116781 0.433470398 7.06214323e-08
vn 0.901250303 0.433299094 7.05935221e-08
vn 0.901251197 0.433297008 7.05931811e-08
vn 0.901250005 0.433299601 7.05936003e-08
vn 0.2113965 0.977400422 -1.24304097e-06
vn 0.211419702 0.977395415 0.000143911238
vn -0.267199814 0.963641226 1.56997388e-07
vn -0.267105609 0.963666797 -0.000994466944
vn 0.00379359699 0.00601301901 -0.999974728
vn 0.00390481902 0.00622777501 -0.999973118
vn 0.446871907 0.894597888 2.67348478e-05
vn 0.003894269 0.00618992606 -0.999973416
vn 0.00399088813 0.00627015391 -0.999972403
vn 0.447009206 0.894529402 1.45737616e-07
vn 0.531379402 0.847134113 1.38015935e-07
vn 0.531415224 0.847111523 4.83692202e-06
vn 0.531491518 0.847061694 -0.00181875704
vn 0.531407118 0.84711498 -0.00164256594
vn -1.33784994e-07 1.62920998e-07 -1
vn -1.52631998e-07 1.62920998e-07 -1
vn 2.22628003e-07 1.62920998e-07 -1
vn 0.531292677 0.847186685 -0.00174234388
vn 0.5314098 0.847114921 3.30682124e-05
vn 0.803928912 0.59472537 0.000102483893
vn 0.973193228 0.229988903 3.747002e-08
vn 0.636711895 0.771101773 -1.71485311e-07
vn 0.636603296 0.771191418 1.25643268e-07
vn 0.00389671302 0.00619815104 -0.999973297
vn 0.00390231609 0.00623045675 -0.999972999
vn 0.00390577293 0.00617871992 -0.999973416
vn 0.531597316 0.846997321 -0.000110634006
vn 0.531581521 0.847007275 -4.18600706e-07
vn 0.00392150786 0.00607220689 -0.999974012
vn 0.00375467492 0.00598345604 -0.999975085
vn 0.00375085999 0.0059825019 -0.999975085
vn 0.0817759037 0.130416766 -0.988081098
vn 0.00391298486 0.00621931115 -0.999973118
vn 0.00375199295 0.00598268118 -0.999975085
vn 0.0818020701 0.130408958 -0.988080025
vn 0.081786029 0.13038066 -0.988084972
vn 0.322919309 0.514733791 -0.794211745
vn 0.00389206409 0.00619475404 -0.999973178
vn 0.0818015933 0.130394071 -0.988082111
vn 0.0039417739 0.0062618088 -0.999972701
vn 0.00394171383 0.00626175012 -0.999972701
vn 0.00375240995 0.00598291913 -0.999975085
vn 0.00394153502 0.00626162998 -0.999972701
vn 0.53138411 0.847131014 1.38015423e-07
vn 0.531383991 0.847131073 1.38015437e-07
vn 0.531382024 0.847132325 1.3801565e-07
vn 0.531381905 0.847132504 1.38015679e-07
vn 0.531383991 0.847131014 1.38015423e-07
vn 0.0294908807 0.705804944 -0.707792282
vn 0.0339080617 0.45270294 -0.891016543
vn 0.531285524 0.847192883 1.38025513e-07
vn 0.207432002 0.43623355 -0.875598252
vn -0.0829947516 -0.33149305 -0.939800262
vn 0.00375217106 0.0059825019 -0.999975204
vn 0.00375151611 0.00598166697 -0.999975085
vn 0.531358302 0.847147286 1.38018081e-07
vn 0.531358421 0.847147226 1.38018066e-07
vn 0.531527221 0.847041309 1.38000814e-07
vn 0.00375318504 0.00598136894 -0.999975085
vn 0.531243205 0.847219527 1.38029847e-07
vn 0.531301618 0.847182691 1.3802385e-07
vn -0.0384163186 -0.49247846 -0.869476378
vn 0.531457424 0.847085178 1.38007962e-07
vn -0.290319413 0.761673093 -0.579282999
vn 0.531585991 0.847004473 1.37994817e-07
vn 0.531582475 0.8470065 1.37995144e-07
vn 0.531704426 0.846930206 1.3798271e-07
vn 0.531425714 0.847105026 -6.09742856e-05
vn 0.531150222 0.84727782 -1.83650656e-07
vn 0.531381905 0.847132385 1.3801565e-07
vn 0.531381726 0.847132623 1.38015693e-07
vn 0.322826296 0.514732838 -0.79425025
vn 0.0697112605 0.110988967 -0.991373718
vn 0.0818173811 0.130297869 -0.988093376
vn 0.00390076591 0.00619350187 -0.999973178
vn 0.303991407 -0.0486849137 -0.951430023
vn 0.360506088 0.0635183677 -0.930591702
vn 0.47859171 -0.0811016858 -0.874284029
vn 0.539026082 0.453613311 -0.709708452
vn 0.65069592 0.00799698103 -0.759296417
vn 0.765404999 0.375518799 -0.522628844
vn 0.920414209 0.263604462 -0.288704783
vn 0.821285427 0.552104473 -0.143773705
vn 0.490316093 0.78169924 -0.385404289
vn 0.478896707 0.763764679 -0.432806671
vn 0.787190795 0.613102198 0.0666067973
vn 0.952310503 0.229993671 0.20051834
vn 0.9710958 -0.020414209 0.237815693
vn 0.991430223 0.127602905 -0.0279954989
vn 0.906088412 0.266396254 0.328689724
vn 0.859915912 -0.145383671 0.489293784
vn 0.776617885 0.61168772 0.150674999
vn 0.8780725 0.27088365 0.394475639
vn 0.839478016 -0.134495184 0.526486278
vn 0.814929903 -0.122371688 0.566493273
vn 0.853500307 0.281208634 0.438701361
vn 0.761614621 0.618214667 0.1943039
vn 0.787621677 -0.107281893 0.606747627
vn 0.831663907 0.292385221 0.472065955
vn 0.760688901 -0.0958176628 0.64200592
vn 0.78176868 0.319654316 0.535405457
vn 0.777983129 0.589613259 0.217022091
vn 0.724681914 0.640880167 0.253196806
vn 0.695380926 0.65897572 0.286698908
vn 0.691479325 -0.0649022982 0.719474971
vn 0.725108385 0.348732203 0.593804479
vn 0.609084904 -0.0310147479 0.792498529
vn 0.614145815 -0.033216238 0.788493216
vn 0.775348127 0.593821645 0.214968383
vn 0.530055225 0.843372285 -0.0881176963
vn 0.528906226 0.843199074 -0.0962995663
vn 0.523385823 0.834407806 -0.172716364
vn 0.527923405 0.84051168 -0.121807165
vn 0.518800914 0.827772975 -0.213630065
vn 0.873802006 -0.152988374 0.461589158
vn 0.290593207 0.463156462 -0.837282419
vn 0.973191977 0.2299916 -0.00108077354
vn 0.664278328 -0.245080516 0.706165612
vn -0.531600773 -0.846995115 -1.86191937e-05
vn 0.227220103 0.0426127985 0.972910702
vn 0.254806608 0.0720959455 0.964300692
vn 0.148287803 0.0823862031 0.985506713
vn 0.185917005 0.0636053234 0.980504572
vn -0.120322198 -0.406811357 0.90555352
vn -0.388400197 -0.747111142 0.539416552
vn -0.154717594 -0.388601542 0.908323348
vn -0.408486009 -0.735413432 0.540653706
vn -0.178407893 -0.375364542 0.909545064
vn 0.138191804 0.0874866992 0.98653388
vn 0.1220036 0.0960896164 0.987867415
vn 0.103299603 0.106904633 0.988888621
vn -0.195719704 -0.365459442 0.910018265
vn 0.0942966864 0.112915039 0.989120007
vn -0.422452807 -0.727263987 0.540944457
vn -0.432648391 -0.721073389 0.54117316
vn -0.212025598 -0.354388535 0.910743654
vn -0.53142041 -0.847108424 3.4829684e-06
vn 0.236169398 0.0379975624 0.970968723
vn -0.531544685 -0.847030282 -9.98299947e-05
vn -0.531418979 -0.847109199 -9.17056095e-05
vn -0.53153789 -0.847034514 -9.43515042e-05
vn -0.531490326 -0.847064495 -0.000109176995
vn -0.0187814794 -0.999823391 -0.000696416886
vn -0.0188706499 -0.999166489 -0.0361997858
vn -0.5311625 -0.847270012 -0.000103027036
vn -0.0201190691 -0.997252703 -0.0712919012
vn -0.531467974 -0.847078383 -0.000108063003
vn -0.0218287706 -0.993853629 -0.108529367
vn 0.492806405 -0.861603916 -0.121576741
vn 0.490209699 -0.851779163 -0.184842229
vn 0.867141306 -0.472999275 -0.156005576
vn 0.863052428 -0.460429877 -0.207714275
vn 0.483873904 -0.836972952 -0.255621463
vn 0.853137791 -0.43661955 -0.285515755
vn 0.844388008 -0.420468926 -0.331986457
vn 0.881463587 -0.295705944 -0.368211657
vn 0.780083001 -0.211711004 -0.588769376
vn 0.891412616 -0.219802842 -0.396321118
vn 0.834246218 -0.405522436 -0.373610556
vn 0.916130304 -0.264204144 -0.30149883
vn 0.919192612 -0.285809278 -0.270920873
vn 0.915402472 -0.249726251 -0.315713525
vn 0.96907568 -0.246000499 -0.019395031
vn 0.913888395 -0.252740532 -0.31769532
vn 0.966477871 -0.255405188 -0.0262452103
vn 0.915857673 -0.23919484 -0.322475642
vn 0.953616023 -0.259534627 0.15250656
vn 0.949781001 -0.268908828 0.160013661
vn 0.952428699 -0.261397332 0.156687856
vn 0.793881714 -0.217167184 0.567970335
vn 0.9242661 -0.240127251 0.296767771
vn 0.797134697 -0.187947094 0.573805034
vn 0.963885486 -0.230500117 0.133396462
vn 0.808130205 -0.172266483 0.563249409
vn 0.970818818 -0.211227417 0.113550961
vn 0.914159477 -0.222385436 -0.338905841
vn 0.46571359 -0.086200431 0.880727172
vn 0.818503976 -0.158502996 0.552203
vn 0.459278792 -0.0939642936 0.883308411
vn 0.00399190094 0.00630672323 0.999972224
vn 0.00388640095 0.00632871687 0.999972522
vn 0.452289701 -0.102497041 0.885961771
vn 0.0034412141 0.00643278705 0.999973416
vn 0.0039879079 0.00629647123 0.999972224
vn 0.00161301997 0.00269664894 0.999995112
vn 0.446735799 -0.109389238 0.887953401
vn 0.0040080538 0.00631387625 0.999972105
vn 0.0405899212 0.0647820979 0.997073591
vn 0.042025499 0.00426311791 0.99910742
vn 0.283886909 -0.0685958564 0.95640111
vn 0.450674087 -0.107712641 0.886166513
vn 0.0407061502 0.0647898465 0.997068405
vn 0.333298504 0.0246169176 0.942500114
vn 0.604003429 -0.0603864789 0.794690728
vn 0.56730777 -0.143077433 0.810981274
vn 0.448993295 -0.0983059034 0.888110876
vn 0.794401884 -0.213308886 0.568704665
vn 0.808961928 -0.137876287 0.571463823
vn 0.504284978 0.315885276 0.803687274
vn 0.725105226 0.206608593 0.656913579
vn 0.883014977 0.083909139 0.461783409
vn 0.934592724 -0.201586649 0.293085873
vn 0.825410008 0.486004353 0.287225187
vn 0.972318172 -0.0460027754 0.229087681
vn 0.926840603 -0.311220378 -0.210020751
vn 0.994243622 0.0980036706 0.0433040336
vn 0.929222226 -0.316627055 -0.190508544
vn 0.935278416 -0.326072276 -0.137591764
vn 0.508599222 0.811225832 0.288512707
vn 0.471700907 0.752054453 0.460339725
vn 0.383200496 0.611003458 0.692699134
vn 0.508798897 0.811097622 0.28852123
vn 0.530219197 0.845327973 0.0654861405
vn 0.528326809 0.842350304 0.106381238
vn 0.938864589 -0.34428671 2.3927807e-05
vn 0.886140823 -0.463416308 3.33350755e-07
vn 0.915163517 -0.403082907 4.96346956e-06
vn 0.904580593 -0.426302701 -1.45962531e-05
vn 0.88833791 -0.459190607 5.07353798e-06
vn 0.885893703 -0.463888407 4.02457272e-06
vn 0.938862979 -0.344291002 9.70884066e-05
vn 0.967144072 -0.254229099 -1.49958187e-05
vn -2.04914002e-07 -1.62920998e-07 1
vn 0.924748182 -0.38057971 8.14015493e-06
vn 0.211419195 0.977395475 -9.57427619e-05
vn 0.211396396 0.977400482 1.59239065e-07
vn 0.446871489 0.894598305 7.1925291e-07
vn 0.447009712 0.894529104 1.45737573e-07
vn -2.46656981e-07 -1.62920998e-07 1
vn -0.267197996 0.963641226 0.000995127019
vn 0.00373578002 0.00613202201 0.99997431
vn 0.00379288103 0.00601227582 0.999974728
vn 0.00390440202 0.00622494612 0.999973118
vn 0.901313424 0.433167785 7.05721277e-08
vn 0.901208878 0.433385104 -2.31924241e-06
vn 0.901208699 0.433385491 7.0607598e-08
vn 0.00400185492 0.00629951106 0.999972224
vn 0.00345462491 0.00627912581 0.99997443
vn 0.00402372982 0.00629665004 0.999972224
vn 0.0687871501 0.109717637 0.991579711
vn 0.00361484196 0.00598020898 0.999975681
vn 0.00375247002 0.00598199712 0.999975204
vn 0.00400429917 0.00640954124 0.999971509
vn 0.0817970634 0.130498439 0.988068581
vn 0.53141588 0.847110987 1.38012169e-07
vn 0.531338692 0.847159624 1.38020084e-07
vn 0.531381607 0.847132623 1.38015693e-07
vn 0.531382084 0.847132325 1.3801565e-07
vn 0.531381786 0.847132504 1.38015679e-07
vn 1.36668007e-07 -1.62920998e-07 1
vn 0.00375187304 0.00598181784 0.999975085
vn 0.00375235011 0.00598175917 0.999975204
vn 0.00395876123 0.00624694023 0.999972701
vn 0.53138423 0.847131014 1.38015423e-07
vn 0.0037526479 0.00598324882 0.999975085
vn 0.53169179 0.846937895 3.67797952e-07
vn 2.48863017e-07 -1.62920998e-07 1
vn -0.00939536002 -0.180584058 0.983514726
vn 0.134882003 -0.544537842 0.827819765
vn 0.0377025604 -0.0169993415 0.999144495
vn -0.0176892206 -0.0281817727 0.999446392
vn 0.531569481 0.847014725 1.3799648e-07
vn 0.531358421 0.847147107 1.38018052e-07
vn -0.0896098018 -0.623345137 0.776795268
vn 0.531174421 0.847117186 -0.015690783
vn -0.148595795 -0.388981551 0.909182549
vn 0.531121314 0.847295821 1.38042282e-07
vn 0.00395852281 0.00624676095 0.999972701
vn 0.00375390006 0.00598205719 0.999975085
vn 0.531121075 0.847296 -9.17606826e-08
vn 0.53158623 0.847004175 2.66627751e-07
vn 0.531585813 0.847004473 1.37994817e-07
vn 0.531298518 0.847184777 1.38024191e-07
vn 0.531704307 0.846930206 1.3798271e-07
vn 0.531556308 0.84702301 1.3799783e-07
vn 0.531425714 0.847105026 6.12503063e-05
vn 0.531581104 0.847007513 0.000137515992
vn 0.531597495 0.846997082 5.12443592e-07
vn 3.13919003e-07 -1.62920998e-07 1
vn 0.636603296 0.771191478 1.25643282e-07
vn -7.92053015e-07 -1.62920998e-07 1
vn 0.08180397 0.13038604 0.988082826
vn 0.355400085 0.0367187485 0.933992803
vn 0.59318918 -0.125878438 0.795161128
vn 0.295099109 -0.0727967992 0.952689528
vn 0.467718691 -0.10402824 0.877734423
vn 0.821910322 -0.165299192 0.545105278
vn 0.822812021 -0.165397987 0.543713272
vn 0.957393408 -0.182408437 0.223886371
vn 0.980326891 -0.184399009 0.070400022
vn 0.976771116 -0.19329381 0.0924969614
vn 0.976172328 -0.181602687 -0.11877843
vn 0.90499568 -0.185605839 -0.382796824
vn 0.903644204 -0.182187438 -0.387601644
vn 0.909953713 -0.201092035 -0.362693042
vn 0.967144012 -0.254229188 8.94557388e-08
vn 0.165782899 0.264371157 0.950065255
vn 0.06169587 0.0984066874 0.993232012
vn 0.165803596 0.264377862 0.950059772
vn 0.383218497 0.610929906 0.692754209
vn 0.894532084 -0.44700399 8.23643404e-06
vn 0.251076102 0.40022105 0.881353378
vn 0.440592498 -0.784939051 -0.435602009
vn 0.799415827 -0.362200201 -0.479317546
vn 0.46929881 -0.816199243 -0.337012619
vn 0.757796705 -0.318820119 -0.569296062
vn 0.744395673 -0.30600521 -0.593494773
vn 0.39309299 -0.741301835 -0.544012427
vn -0.124103598 -0.91344893 -0.387568563
vn -0.0819003507 -0.942812622 -0.323104948
vn 0.323202103 -0.687016308 -0.650806546
vn -0.178267702 -0.877557814 -0.445098639
vn 0.233190596 -0.62330389 -0.746401012
vn 0.666702211 -0.240695983 -0.705389142
vn 0.569181204 -0.165405661 -0.805402875
vn 0.568606377 -0.165909559 -0.80570507
vn 0.143432304 -0.56418401 -0.813095093
vn 0.47169289 -0.102512456 -0.875783622
vn 0.588086903 -0.0935008973 -0.803375006
vn 0.381611794 -0.0472220406 -0.923115671
vn 0.0599245988 -0.512710392 -0.856467783
vn 0.365595788 -0.0376056656 -0.930013776
vn 0.390105009 0.00780329201 -0.920737326
vn -0.281706005 -0.812030435 -0.511124492
vn -0.00943619013 -0.471097052 -0.882030964
vn -0.232085407 -0.842982948 -0.485300153
vn -0.53148061 -0.847070575 -8.76003978e-05
vn -0.53159368 -0.846999526 -0.00011360299
vn -0.531485021 -0.847067714 -1.01516052e-05
vn -0.323104888 -0.786713541 -0.526008844
vn -0.531513691 -0.847049773 -0.000108087996
vn -0.355172485 -0.76730603 -0.533942044
vn -0.0642895103 -0.440009058 -0.89568913
vn -0.379943013 -0.752582252 -0.537832141
vn -0.106627598 -0.41675216 -0.902744889
vn 0.227199405 0.0392939188 -0.973055184
vn 0.2470925 0.0288005192 -0.968563795
vn 0.197245494 0.05490271 -0.978815615
vn 0.252993107 0.070405215 -0.964902997
vn 0.170018002 0.0681870878 -0.983079016
vn 0.150403306 0.0788120404 -0.985478401
vn -0.137509704 -0.399807364 -0.906225741
vn -0.398088306 -0.741995156 -0.5394153
vn -0.531473517 -0.847075105 -9.50027024e-05
vn -0.531480193 -0.847070813 0.000103707993
vn -0.531416595 -0.847110808 -2.26412103e-05
vn 0.306391209 -0.00331761804 -0.951900005
vn -0.531402707 -0.847119391 -0.000100027908
vn -0.531489372 -0.847064912 -0.000105817002
vn -0.531481504 -0.847069919 -0.000105727995
vn -0.531543612 -0.847031116 -8.41767978e-05
vn -0.0262038708 -0.988263905 -0.150491968
vn -0.0351906382 -0.979367316 -0.199000359
vn -0.531710625 -0.846926212 -0.000103000981
vn -0.0528824292 -0.964717746 -0.257920653
vn 0.594503522 -0.0508985408 -0.802480519
vn -0.841133893 0.540826976 -1.38989788e-06
vn -0.841095626 0.540886521 -7.76532332e-08
vn 0.383295506 0.611191928 -0.692480385
vn 0.177473605 0.283006847 -0.942555249
vn 0.384344012 0.618946195 -0.684971094
vn 0.165897101 0.264503837 -0.950008333
vn 0.0442883894 0.0706212372 -0.996519625
vn 0.165742695 0.264700949 -0.949980319
vn -0.848951876 0.528470278 -1.27689111e-06
vn -0.841666222 0.539998114 -3.73510306e-06
vn -0.845845401 0.533428192 1.37306665e-06
vn -0.843207002 0.537589073 8.11558402e-06
vn -0.861005902 -0.446893215 0.242807522
vn -0.908110678 0.101128936 0.406334817
vn -0.698373616 0.631701946 0.336492091
vn -0.531606019 -0.846991777 2.0814673e-06
vn -0.83156687 -0.463664174 0.305797696
vn -0.856315613 0.074896425 0.510993302
vn -0.790317118 -0.488506764 0.369811118
vn -0.531468928 -0.847077787 -0.000113284004
vn -0.531490326 -0.847064495 -9.72042035e-05
vn -0.680918872 -0.556821167 0.475709617
vn -0.736639202 -0.52170527 0.43033281
vn -0.602844 -0.0791919902 0.793919325
vn -0.69553709 -0.0201937482 0.718206406
vn -0.230901301 0.359232545 0.904232681
vn -0.379674703 0.459408075 0.802989066
vn -0.324128896 0.42309466 0.846127272
vn -0.380021602 0.470625371 0.796301067
vn -0.422219187 0.486114472 0.765129983
vn -0.519709229 0.544407606 0.658424437
vn -0.58643198 0.581149161 0.564236701
vn -0.785877228 0.0347025506 0.617408276
vn -0.597508311 0.586881757 0.546400845
vn -0.657077193 0.614801228 0.436198294
vn -0.743735671 0.593123317 0.308321089
vn -0.738237917 0.611232042 0.285307497
vn -0.737279892 0.614185452 0.281415492
vn -0.748841524 0.57254076 0.333816797
vn -0.769340277 0.638834417 -0.00248314394
vn -0.769900024 0.618375123 -0.157690391
vn -0.784766972 0.604507625 -0.136789396
vn -0.749823213 0.567527115 0.3401151
vn -0.800128579 0.588950813 -0.113715202
vn -0.815755725 0.570286691 0.0965178907
vn -0.815671504 0.571784496 -0.0879925638
vn -0.793371975 0.557480931 -0.244491011
vn -0.755792022 0.614061475 -0.227392092
vn -0.681298018 0.48179388 -0.551096737
vn -0.756573021 0.629775584 -0.17601119
vn 0.477322102 0.761274636 -0.438890278
vn 0.51906842 0.827406466 -0.214398667
vn 0.0147058899 0.183123335 0.982980072
vn -0.0910004303 0.237085029 0.967217565
vn -0.0345019586 0.20790194 0.97754097
vn 0.267416209 0.555227757 0.787534535
vn 0.224594295 0.578916252 0.783845246
vn 0.429312706 0.809932947 0.399624228
vn 0.529619813 0.844424903 -0.0803094283
vn 0.453095704 0.795785367 0.401783407
vn 0.52962482 0.844421089 -0.0803168863
vn 0.473283798 0.783680618 0.402302414
vn 0.303551793 0.535379708 0.788178146
vn 0.0582006499 0.16228053 0.985026777
vn 0.0896121189 0.148410141 0.98485738
vn 0.333826005 0.520200193 0.786099374
vn 0.50649929 0.76519382 0.397412717
vn 0.364468187 0.50690341 0.781160772
vn 0.141003907 0.128402635 0.981647015
vn 0.0990182087 0.14450784 0.984536886
vn 0.489874601 0.77416116 0.400871009
vn 0.529622018 0.844424427 -0.0802997723
vn 0.04004848 0.155491233 0.987025201
vn 0.0124228001 0.178315341 0.983895004
vn -0.0248483997 0.208747342 0.97765398
vn -0.531292021 -0.847188771 -0.000180725023
vn -0.531736374 -0.846909881 7.37966047e-06
vn -0.531413317 -0.847112775 -0.000109300003
vn -0.72851932 0.558407068 -0.396788716
vn -0.739312708 0.588118851 -0.327922404
vn -0.629154205 0.472496092 -0.617181063
vn -0.749298811 0.512086272 -0.419903725
vn -0.748298705 0.544990182 -0.378199518
vn -0.71279341 0.495992482 -0.495900422
vn -0.745276213 0.562574685 -0.357873321
vn -0.744294107 0.567498982 -0.352095515
vn -0.292410314 0.820490539 -0.491214186
vn -0.540768325 0.441889226 -0.715753913
vn -0.658649087 0.480811477 -0.578793466
vn -0.304984599 0.837127864 -0.454094142
vn -0.68759948 0.489122689 -0.53662467
vn -0.290806711 0.821668386 -0.490196586
vn 0.126466498 0.969460249 -0.21012634
vn -0.330432713 0.850946963 -0.408293545
vn 0.52766192 0.844841599 0.0884076431
vn -0.366571903 0.87159574 -0.325493366
vn -0.187396005 0.981912792 -0.0270191599
vn -0.41111359 0.89124018 -0.191511452
vn -0.604395628 0.718395174 -0.34440437
vn -0.389971286 0.850857258 0.352085739
vn -0.573683083 0.814302623 0.0883118063
vn -0.699679315 0.687787175 -0.193385184
vn -0.797441185 0.590909779 -0.122119404
vn -0.764397025 0.605795443 0.220702007
vn -0.745614707 0.508316755 -0.430897713
vn -0.732981205 0.503071368 -0.457884103
vn -0.823814571 0.556086719 -0.109987907
vn -0.833481789 0.547212124 0.0765968189
vn -0.750478208 0.513890564 -0.415570915
vn -0.751398802 0.519704461 -0.406579912
vn -0.733588815 0.606598377 -0.306408316
vn -0.618977189 0.520124197 0.588505089
vn -0.444825292 0.377423286 0.812208176
vn -0.345998704 0.29609406 0.890288234
vn 0.52961421 0.844430983 0.080282934
vn 0.52968502 0.844383121 0.0803181008
vn 0.529623806 0.844425321 0.0802785829
vn 0.530497313 0.84388572 0.0801854208
vn 0.477018714 0.782331169 -0.400513679
vn 0.495595098 0.771592379 -0.398786485
vn 0.513586879 0.76127243 -0.395844489
vn 0.3443304 0.516072631 -0.784286857
vn 0.377750307 0.500340104 -0.779079318
vn 0.411591291 0.485776514 -0.771112144
vn 0.153588906 0.12260446 -0.980499208
vn 0.111101903 0.137982458 -0.984183609
vn 0.100491904 0.142502666 -0.984679878
vn 0.310210109 0.53360182 -0.786790311
vn 0.457495898 0.793599844 -0.40111959
vn 0.531687617 0.751276076 -0.391014993
vn 0.550203025 0.741463661 -0.38406837
vn 0.446383089 0.471664011 -0.760444164
vn 0.529613674 0.844427288 0.0803235248
vn 0.529615104 0.84442842 0.0803033859
vn 0.529624522 0.844424903 0.0802785233
vn 0.488013297 0.45441252 -0.745219767
vn 0.572096825 0.729808986 -0.374278188
vn 0.0741230175 0.134999365 -0.988069415
vn 0.0942775011 0.116234563 -0.988737285

# Mesh 'calf_004-mesh' with 2090 faces
g calf_004-mesh
usemtl 黑色足端.005
f  1/1/1 2/2/2 3/3/3
f  4/4/4 1/1/1 3/3/3
f  5/5/5 1/1/1 6/6/6
f  6/6/6 1/1/1 4/4/4
f  1/1/1 5/5/5 7/7/7
f  8/8/8 1/1/1 7/7/7
f  8/8/8 9/9/9 1/1/1
f  10/10/10 1/1/1 9/9/9
f  2/2/2 1/1/1 10/10/10
f  11/11/11 2/12/2 10/13/10
f  10/13/10 12/14/12 11/11/11
f  12/14/12 10/13/10 9/15/9
f  13/16/13 11/11/11 12/14/12
f  14/17/14 2/12/2 11/11/11
f  13/16/13 15/18/15 11/11/11
f  14/17/14 11/11/11 15/18/15
f  16/19/16 14/17/14 17/20/17
f  14/17/14 18/21/18 17/20/17
f  14/17/14 15/18/15 19/22/19
f  19/22/19 20/23/20 14/17/14
f  14/17/14 20/23/20 18/21/18
f  14/17/14 16/19/16 2/12/2
f  16/19/16 17/20/17 21/24/21
f  3/3/3 2/2/2 16/25/16
f  21/26/21 3/3/3 16/25/16
f  17/20/17 22/27/22 21/24/21
f  3/3/3 21/26/21 23/28/23
f  23/28/23 21/26/21 22/29/22
f  24/30/24 3/3/3 23/28/23
f  25/31/25 23/28/23 26/32/26
f  23/28/23 25/31/25 27/33/27
f  23/28/23 27/33/27 24/30/24
f  23/28/23 22/29/22 26/32/26
f  24/30/24 27/33/27 28/34/28
f  28/34/28 27/33/27 29/35/29
f  30/36/30 29/37/29 27/38/27
f  27/33/27 25/31/25 30/39/30
f  31/40/31 29/37/29 30/36/30
f  32/41/32 30/36/30 25/42/25
f  31/40/31 30/36/30 32/41/32
f  31/40/31 32/41/32 33/43/33
f  29/37/29 31/40/31 34/44/34
f  31/40/31 33/43/33 35/45/35
f  35/45/35 34/44/34 31/40/31
f  36/46/36 29/47/29 34/48/34
f  35/45/35 36/49/36 34/44/34
f  36/46/36 37/50/37 29/47/29
f  35/45/35 38/51/38 36/49/36
f  39/52/39 36/46/36 38/53/38
f  39/52/39 40/54/40 36/46/36
f  36/46/36 40/54/40 37/50/37
f  4/4/4 37/55/37 6/6/6
f  6/6/6 37/55/37 40/56/40
f  4/4/4 28/34/28 37/55/37
f  29/47/29 37/50/37 28/57/28
f  6/6/6 40/56/40 41/58/41
f  42/59/42 40/54/40 43/60/43
f  40/54/40 42/59/42 41/61/41
f  44/62/44 40/54/40 39/52/39
f  43/60/43 40/54/40 44/62/44
f  45/63/45 43/64/43 46/65/46
f  43/60/43 44/62/44 46/66/46
f  47/67/47 43/60/43 48/68/48
f  45/63/45 48/69/48 43/64/43
f  42/59/42 43/60/43 47/67/47
f  45/63/45 46/65/46 49/70/49
f  45/63/45 50/71/50 51/72/51
f  52/73/52 50/71/50 45/63/45
f  52/73/52 45/63/45 49/70/49
f  51/72/51 48/69/48 45/63/45
f  46/74/46 52/75/52 49/76/49
f  51/72/51 50/71/50 53/77/53
f  51/72/51 53/77/53 54/78/54
f  54/78/54 55/79/55 51/72/51
f  51/72/51 55/79/55 48/69/48
f  54/78/54 56/80/56 55/79/55
f  56/81/56 48/68/48 55/82/55
f  47/67/47 56/81/56 57/83/57
f  58/84/58 57/85/57 56/86/56
f  47/67/47 48/68/48 56/81/56
f  54/78/54 58/87/58 56/80/56
f  59/88/59 57/85/57 58/84/58
f  54/78/54 60/89/60 58/87/58
f  59/88/59 58/84/58 60/90/60
f  61/91/61 60/90/60 62/92/62
f  63/93/63 62/94/62 60/89/60
f  59/88/59 60/90/60 61/91/61
f  63/93/63 60/89/60 54/78/54
f  62/94/62 63/93/63 64/95/64
f  53/77/53 65/96/65 63/93/63
f  54/78/54 53/77/53 63/93/63
f  63/93/63 65/96/65 66/97/66
f  63/93/63 66/97/66 64/95/64
f  64/98/64 61/91/61 62/92/62
f  67/99/67 64/98/64 68/100/68
f  64/95/64 66/97/66 68/101/68
f  64/98/64 67/99/67 61/91/61
f  69/102/69 67/103/67 68/104/68
f  67/103/67 70/105/70 71/106/71
f  61/91/61 67/99/67 71/107/71
f  69/102/69 70/105/70 67/103/67
f  66/108/66 69/109/69 68/110/68
f  70/105/70 69/102/69 72/111/72
f  66/108/66 73/20/73 69/109/69
f  69/109/69 74/112/74 72/113/72
f  73/20/73 74/112/74 69/109/69
f  75/114/75 74/115/76 76/116/77
f  75/117/78 77/118/79 74/119/80
f  73/20/73 76/120/81 74/112/74
f  72/113/72 74/112/74 77/121/82
f  78/122/83 79/123/84 77/118/79
f  79/124/85 72/111/72 77/125/82
f  78/122/83 77/118/79 80/126/86
f  80/126/86 77/118/79 75/117/78
f  81/127/87 78/128/88 82/129/89
f  80/130/90 82/131/91 78/132/92
f  83/133/93 78/122/94 83/134/95
f  78/128/96 84/135/97 83/136/98
f  78/128/99 83/136/95 83/137/100
f  84/138/101 78/122/102 83/133/103
f  79/139/104 78/128/88 81/127/87
f  78/128/105 79/139/106 85/140/107
f  79/123/108 78/122/109 85/141/110
f  83/142/111 78/122/112 86/143/113
f  78/128/114 83/144/115 86/145/116
f  83/134/117 78/122/118 83/142/95
f  78/128/119 83/137/95 83/144/120
f  78/128/121 87/146/122 84/135/123
f  87/147/124 78/122/125 84/138/126
f  78/128/127 88/148/128 87/146/129
f  88/149/130 78/122/131 87/147/132
f  78/128/133 89/150/134 88/148/135
f  89/151/136 78/122/137 88/149/138
f  78/128/139 90/152/140 89/150/141
f  90/153/142 78/122/143 89/151/144
f  78/128/145 91/154/146 90/152/147
f  91/155/148 78/122/149 90/153/150
f  78/128/151 92/156/152 91/154/153
f  92/157/154 78/122/155 91/155/156
f  78/128/157 93/158/158 92/156/159
f  93/159/160 78/122/161 92/157/162
f  78/128/163 94/160/164 93/158/165
f  94/161/166 78/122/167 93/159/168
f  78/128/169 95/162/170 94/160/171
f  95/163/172 78/122/173 94/161/174
f  78/128/175 96/164/176 95/162/177
f  96/165/178 78/122/179 95/163/180
f  78/128/181 85/140/182 96/164/183
f  85/141/184 78/122/185 96/165/186
f  83/142/187 86/143/188 97/166/189
f  86/145/190 83/144/191 97/167/192
f  86/145/193 97/167/194 98/168/195
f  97/166/196 86/143/197 98/169/198
f  98/169/199 86/143/199 98/170/199
f  86/145/200 98/168/199 98/171/201
f  98/169/199 98/170/199 98/172/95
f  86/145/200 98/171/201 98/173/199
f  99/174/202 81/175/203 100/176/204
f  99/174/202 79/124/85 81/175/203
f  100/176/204 81/175/203 101/177/205
f  82/178/89 102/179/206 81/180/87
f  101/177/205 81/175/203 102/181/207
f  100/176/204 101/177/205 103/182/208
f  102/179/206 104/183/209 101/184/210
f  101/184/210 104/183/209 103/185/211
f  105/186/212 104/187/213 106/188/214
f  105/186/212 107/189/215 104/187/213
f  104/183/209 102/179/206 106/190/216
f  103/185/211 104/183/209 107/191/217
f  105/186/212 108/192/218 107/189/215
f  108/193/219 103/185/211 107/191/217
f  108/192/218 105/186/212 109/194/220
f  108/192/218 109/194/220 110/195/221
f  99/196/222 108/197/219 110/198/223
f  108/197/219 99/196/222 100/199/224
f  103/185/211 108/193/219 100/200/224
f  110/198/223 111/201/225 99/196/222
f  112/202/226 111/201/225 110/198/223
f  110/195/221 113/203/227 112/204/228
f  110/195/221 114/205/229 113/203/227
f  110/195/221 109/194/220 114/205/229
f  115/206/230 112/204/228 113/203/227
f  115/206/230 116/207/231 112/204/228
f  117/208/232 112/202/226 116/209/233
f  111/201/225 112/202/226 117/208/232
f  117/210/234 70/105/70 111/211/235
f  118/212/236 70/105/70 117/210/234
f  119/213/237 118/214/238 117/215/232
f  119/213/237 117/215/232 116/216/233
f  118/214/238 119/213/237 120/217/239
f  70/105/70 118/212/236 120/218/240
f  121/219/241 120/220/239 122/221/242
f  121/219/241 123/222/243 120/220/239
f  120/217/239 119/213/237 122/223/242
f  124/224/244 120/218/240 123/225/245
f  70/105/70 120/218/240 124/224/244
f  124/224/244 71/106/71 70/105/70
f  124/224/244 125/226/246 126/227/247
f  124/224/244 126/227/247 127/228/248
f  124/224/244 127/228/248 128/229/249
f  129/230/250 71/106/71 124/224/244
f  130/231/251 124/224/244 123/225/245
f  125/226/246 124/224/244 130/231/251
f  124/224/244 128/229/249 129/230/250
f  129/232/250 131/233/252 132/234/253
f  131/233/252 129/232/250 128/235/249
f  129/232/250 132/234/253 133/236/254
f  71/106/71 129/230/250 134/237/255
f  134/237/255 129/230/250 133/238/254
f  135/239/256 133/236/254 132/234/253
f  135/239/256 134/240/255 133/236/254
f  136/241/257 137/242/258 135/239/256
f  137/242/258 138/243/259 135/239/256
f  136/241/257 135/239/256 132/234/253
f  135/239/256 138/243/259 134/240/255
f  137/242/258 71/107/71 138/243/259
f  71/106/71 134/237/255 138/244/259
f  139/245/260 137/242/258 136/241/257
f  136/241/257 132/234/253 140/246/261
f  136/241/257 141/247/262 139/245/260
f  140/246/261 141/247/262 136/241/257
f  139/245/260 141/247/262 47/248/47
f  142/249/263 47/67/47 141/250/262
f  140/246/261 142/251/263 141/247/262
f  143/252/264 142/249/263 144/253/265
f  145/254/266 142/249/263 143/252/264
f  42/59/42 142/249/263 145/254/266
f  42/59/42 47/67/47 142/249/263
f  140/246/261 144/255/265 142/251/263
f  146/256/267 143/257/264 144/255/265
f  146/256/267 144/255/265 140/246/261
f  146/256/267 147/258/268 143/257/264
f  131/233/252 147/258/268 146/256/267
f  146/256/267 132/234/253 131/233/252
f  140/246/261 132/234/253 146/256/267
f  131/233/252 148/259/269 147/258/268
f  143/257/264 147/258/268 149/260/270
f  148/261/269 149/262/270 147/263/268
f  148/259/269 150/264/271 151/265/272
f  152/266/273 148/261/269 151/267/272
f  148/259/269 128/235/249 150/264/271
f  152/266/273 149/262/270 148/261/269
f  128/235/249 148/259/269 131/233/252
f  152/266/273 153/268/274 154/269/275
f  155/270/276 152/266/273 154/269/275
f  149/262/270 152/266/273 155/270/276
f  152/266/273 151/267/272 156/271/277
f  153/268/274 152/266/273 156/271/277
f  157/272/278 153/273/274 156/274/277
f  157/272/278 158/275/279 153/273/274
f  154/269/275 153/268/274 158/276/279
f  159/277/280 160/278/281 158/275/279
f  160/279/281 154/269/275 158/276/279
f  159/277/280 158/275/279 157/272/278
f  161/280/282 159/277/280 162/281/283
f  161/280/282 163/282/284 159/277/280
f  164/283/285 160/278/281 159/277/280
f  165/284/286 164/283/285 159/277/280
f  162/281/283 159/277/280 157/272/278
f  165/284/286 159/277/280 163/282/284
f  162/285/287 166/286/288 161/287/289
f  162/285/287 167/288/290 166/286/288
f  168/289/291 167/288/290 162/285/287
f  157/272/278 168/290/292 162/281/283
f  169/291/293 166/292/294 167/293/295
f  168/289/291 169/294/296 167/288/290
f  170/295/297 166/292/294 169/291/293
f  171/296/298 169/294/296 168/289/291
f  169/294/296 171/296/298 172/297/299
f  170/295/297 169/291/293 173/298/300
f  174/299/301 169/291/293 172/300/302
f  173/298/300 169/291/293 174/299/301
f  174/299/301 175/301/303 176/302/304
f  174/299/301 172/300/302 175/301/303
f  177/303/305 174/304/306 176/305/307
f  177/303/305 173/306/308 174/304/306
f  177/307/309 178/308/310 179/309/311
f  180/310/312 177/303/305 179/311/313
f  180/310/312 173/306/308 177/303/305
f  176/302/304 181/312/314 177/313/309
f  178/308/310 177/307/309 181/314/314
f  181/315/315 182/316/316 178/317/317
f  176/302/304 183/318/318 181/312/314
f  183/319/319 171/296/298 181/315/315
f  181/315/315 171/296/298 182/316/316
f  184/320/320 185/321/321 182/316/316
f  186/322/322 184/320/320 182/316/316
f  182/316/316 187/323/323 188/324/324
f  182/316/316 189/325/325 187/323/323
f  190/326/326 182/316/316 188/324/324
f  191/327/327 182/316/316 171/296/298
f  192/328/328 182/316/316 191/327/327
f  182/316/316 193/329/329 194/330/330
f  193/329/329 182/316/316 195/331/331
f  182/316/316 196/332/332 189/325/325
f  182/316/316 197/333/333 196/332/332
f  182/316/316 198/334/334 197/333/333
f  195/331/331 182/316/316 199/335/335
f  182/316/316 185/321/321 200/336/336
f  201/337/337 182/316/316 190/326/326
f  202/338/338 182/316/316 203/339/339
f  203/339/339 182/316/316 194/330/330
f  182/316/316 200/336/336 198/334/334
f  204/340/340 182/316/316 201/337/337
f  186/322/322 182/316/316 202/338/338
f  199/335/335 182/316/316 192/328/328
f  178/317/317 182/316/316 204/340/340
f  194/341/341 205/342/342 203/343/343
f  194/330/330 193/329/329 206/344/344
f  194/330/330 206/344/344 207/345/345
f  208/346/346 194/341/341 207/347/347
f  194/341/341 208/346/346 205/342/342
f  209/348/348 205/349/349 208/350/350
f  205/349/349 210/351/351 211/352/352
f  205/349/349 211/352/352 212/353/353
f  212/354/354 203/355/343 205/356/342
f  209/348/348 210/351/351 205/349/349
f  213/357/355 209/348/348 214/358/356
f  213/357/355 210/351/351 209/348/348
f  209/348/348 215/359/357 214/358/356
f  209/348/348 216/360/358 215/359/357
f  217/361/359 209/348/348 218/362/360
f  217/361/359 219/363/361 209/348/348
f  216/360/358 209/348/348 219/363/361
f  209/348/348 208/350/350 218/362/360
f  218/364/362 220/365/363 221/366/364
f  218/364/362 221/366/364 217/367/365
f  220/365/363 218/364/362 208/346/346
f  220/368/366 206/344/344 121/369/367
f  121/369/367 221/370/368 220/368/366
f  220/365/363 208/346/346 207/347/347
f  207/345/345 206/344/344 220/368/366
f  122/371/369 221/370/368 121/369/367
f  222/372/370 217/373/365 221/374/364
f  116/207/231 221/370/368 122/371/369
f  116/207/231 222/375/371 221/370/368
f  115/376/372 223/377/373 222/372/370
f  222/375/371 116/207/231 115/206/230
f  222/372/370 223/377/373 217/373/365
f  223/377/373 115/376/372 224/378/374
f  224/379/375 217/361/359 223/380/376
f  115/381/372 225/382/377 224/383/374
f  219/363/361 224/379/375 225/384/378
f  219/363/361 217/361/359 224/379/375
f  113/385/379 225/382/377 115/381/372
f  225/382/377 113/385/379 226/386/380
f  226/387/381 219/363/361 225/384/378
f  226/386/380 113/385/379 114/388/382
f  227/389/383 219/363/361 226/387/381
f  109/390/384 226/386/380 114/388/382
f  226/386/380 109/390/384 227/391/385
f  228/392/386 229/393/387 227/394/385
f  227/391/385 109/390/384 228/395/386
f  230/396/388 227/389/383 229/397/389
f  231/398/390 227/389/383 230/396/388
f  219/363/361 227/389/383 231/398/390
f  232/399/391 231/400/392 233/401/393
f  231/400/392 232/399/391 234/356/394
f  235/402/395 231/398/390 234/403/396
f  233/401/393 231/400/392 230/404/397
f  231/398/390 235/402/395 219/363/361
f  236/405/398 233/406/399 105/186/212
f  236/405/398 232/407/400 233/406/399
f  105/186/212 233/406/399 237/408/401
f  230/404/397 237/409/402 233/401/393
f  105/186/212 237/408/401 228/410/403
f  229/393/387 228/392/386 237/409/402
f  229/393/387 237/409/402 230/404/397
f  105/186/212 238/411/404 236/405/398
f  236/405/398 239/412/405 240/413/406
f  241/414/407 236/405/398 240/413/406
f  242/415/408 236/405/398 243/416/409
f  232/407/400 236/405/398 242/415/408
f  244/417/410 236/405/398 245/418/411
f  246/419/412 236/405/398 244/417/410
f  236/405/398 238/411/404 245/418/411
f  239/412/405 236/405/398 247/420/413
f  236/405/398 248/421/414 247/420/413
f  243/416/409 236/405/398 249/422/415
f  250/423/416 236/405/398 241/414/407
f  249/422/415 236/405/398 250/423/416
f  246/419/412 248/421/414 236/405/398
f  251/424/417 243/425/418 249/426/419
f  252/427/420 249/426/419 250/428/421
f  251/424/417 249/426/419 252/427/420
f  252/427/420 250/428/421 253/429/422
f  252/430/423 254/431/424 251/432/425
f  253/433/426 254/431/424 252/430/423
f  255/434/427 253/433/426 256/435/428
f  253/429/422 250/428/421 256/436/429
f  255/434/427 254/431/424 253/433/426
f  257/437/430 255/438/431 258/439/432
f  256/436/429 258/440/432 255/441/431
f  235/402/395 254/431/424 255/434/427
f  257/437/430 235/442/433 255/438/431
f  258/443/434 240/413/406 257/444/435
f  259/445/436 235/442/433 257/437/430
f  257/444/435 260/446/437 259/447/438
f  257/444/435 240/413/406 260/446/437
f  261/448/439 259/447/438 260/446/437
f  260/449/440 262/450/441 261/451/442
f  263/452/443 260/449/440 240/453/444
f  260/449/440 263/452/443 262/450/441
f  264/454/445 262/455/446 263/456/447
f  265/457/448 264/454/445 263/456/447
f  263/452/443 240/453/444 265/458/449
f  247/459/450 265/458/449 239/460/451
f  265/458/449 240/453/444 239/460/451
f  266/461/452 264/454/445 265/457/448
f  265/458/449 247/459/450 266/462/453
f  264/454/445 266/461/452 267/463/454
f  268/464/455 267/465/454 266/466/452
f  266/462/453 247/459/450 268/467/456
f  248/468/457 269/469/458 268/467/456
f  268/467/456 247/459/450 248/468/457
f  269/470/459 267/465/454 268/464/455
f  269/469/458 248/468/457 270/471/460
f  267/465/454 269/470/459 271/472/461
f  270/473/462 271/472/461 269/470/459
f  248/421/414 272/474/463 270/475/464
f  273/476/465 270/473/462 272/477/466
f  274/478/467 270/473/462 273/476/465
f  270/473/462 275/479/468 271/472/461
f  275/479/468 270/473/462 274/478/467
f  275/480/469 276/481/470 277/482/471
f  277/483/472 271/472/461 275/479/468
f  278/484/473 275/480/469 279/485/474
f  276/481/470 275/480/469 278/484/473
f  275/479/468 274/478/467 279/486/475
f  280/487/476 281/488/477 276/489/478
f  280/487/476 276/489/478 282/490/479
f  282/490/479 276/489/478 278/491/480
f  283/492/481 276/481/470 281/493/482
f  276/481/470 283/492/481 277/482/471
f  283/492/481 281/493/482 284/494/483
f  284/495/484 285/496/485 283/497/486
f  283/498/486 271/472/461 277/483/472
f  271/472/461 283/498/486 285/499/485
f  286/500/487 271/472/461 285/499/485
f  285/496/485 264/454/445 286/501/487
f  264/454/445 285/496/485 284/495/484
f  264/454/445 267/463/454 286/501/487
f  271/472/461 286/500/487 267/465/454
f  264/454/445 284/495/484 287/502/488
f  287/502/488 284/495/484 288/503/489
f  288/503/489 284/495/484 289/504/490
f  289/504/490 284/495/484 290/505/491
f  284/494/483 281/493/482 291/506/492
f  291/507/493 290/508/494 284/509/495
f  290/508/494 291/507/493 292/510/496
f  292/511/496 293/512/497 290/513/494
f  289/504/490 290/505/491 294/514/498
f  294/514/498 290/505/491 293/515/499
f  295/516/500 294/517/501 296/518/502
f  294/517/501 295/516/500 289/519/503
f  294/514/498 293/515/499 297/520/504
f  297/521/505 298/522/506 294/517/501
f  294/517/501 298/522/506 296/518/502
f  299/523/507 295/524/508 296/525/509
f  299/523/507 296/525/509 298/526/510
f  300/527/511 299/523/507 301/528/512
f  299/523/507 302/529/513 301/528/512
f  302/529/513 299/523/507 303/530/514
f  299/523/507 304/531/515 303/530/514
f  281/488/477 304/531/515 299/523/507
f  299/523/507 305/532/516 292/533/517
f  299/523/507 298/526/510 305/532/516
f  306/534/518 299/523/507 300/527/511
f  299/523/507 307/535/519 308/536/520
f  299/523/507 306/534/518 307/535/519
f  295/524/508 299/523/507 308/536/520
f  299/523/507 292/533/517 281/488/477
f  309/537/521 306/538/522 310/539/523
f  306/538/522 309/537/521 307/540/524
f  310/539/523 306/538/522 300/541/525
f  300/542/525 311/543/526 310/544/523
f  312/545/527 310/546/528 311/547/529
f  312/545/527 313/548/530 310/546/528
f  310/546/528 313/548/530 309/549/531
f  313/550/532 308/551/533 307/552/524
f  314/553/534 308/551/533 313/550/532
f  307/540/524 309/537/521 313/513/532
f  313/548/530 312/545/527 314/554/535
f  308/551/533 314/553/534 315/555/536
f  314/553/534 316/556/537 315/555/536
f  317/557/538 316/556/537 314/553/534
f  314/554/535 312/545/527 317/558/539
f  316/556/537 317/557/538 318/559/540
f  318/559/540 317/557/538 319/560/541
f  312/545/527 319/561/542 317/558/539
f  319/562/541 320/563/543 318/564/540
f  312/545/527 321/565/544 319/561/542
f  319/561/542 321/565/544 322/566/545
f  322/567/546 320/563/543 319/562/541
f  323/568/547 318/569/548 320/570/549
f  320/563/543 321/571/550 324/572/551
f  323/568/547 320/570/549 324/573/552
f  320/563/543 322/567/546 321/571/550
f  318/569/548 323/568/547 325/574/553
f  326/575/554 327/576/555 323/577/556
f  323/568/547 324/573/552 326/578/557
f  323/579/556 328/580/558 329/581/559
f  328/580/558 323/579/556 327/582/555
f  325/574/553 323/568/547 329/583/560
f  318/569/548 325/574/553 330/584/561
f  328/580/558 325/585/562 329/581/559
f  325/585/562 328/580/558 331/586/563
f  331/587/563 330/588/564 325/589/562
f  331/590/565 264/454/445 287/502/488
f  328/591/566 264/454/445 331/590/565
f  287/592/567 330/588/564 331/587/563
f  318/569/548 330/584/561 316/593/568
f  332/594/569 316/593/568 330/584/561
f  330/588/564 287/592/567 332/595/570
f  332/595/570 289/596/503 295/597/500
f  295/524/508 315/598/571 332/594/569
f  332/594/569 315/598/571 316/593/568
f  332/595/570 287/592/567 288/599/572
f  332/595/570 288/599/572 289/596/503
f  326/575/554 333/600/573 327/576/555
f  264/454/445 327/601/574 334/602/575
f  264/454/445 328/591/566 327/601/574
f  334/602/575 327/601/574 333/603/576
f  334/602/575 335/604/577 336/605/578
f  337/606/579 334/602/575 336/605/578
f  337/606/579 264/454/445 334/602/575
f  338/607/580 334/602/575 333/603/576
f  334/602/575 338/607/580 339/608/581
f  334/602/575 339/608/581 340/609/582
f  341/610/583 334/602/575 340/609/582
f  334/602/575 341/610/583 342/611/584
f  334/602/575 342/611/584 335/604/577
f  343/612/585 342/613/586 344/614/587
f  342/613/586 343/612/585 335/615/588
f  341/616/583 344/617/589 342/618/584
f  343/612/585 344/614/587 345/619/590
f  346/620/591 345/619/590 344/614/587
f  341/616/583 346/621/592 344/617/589
f  346/621/592 341/616/583 347/622/593
f  347/622/593 348/623/594 346/621/592
f  345/619/590 346/620/591 348/624/595
f  349/625/596 345/626/597 348/627/598
f  348/623/594 350/628/599 349/629/600
f  348/623/594 351/630/601 350/628/599
f  348/623/594 352/631/602 351/630/601
f  352/631/602 348/623/594 347/622/593
f  351/630/601 165/284/286 350/628/599
f  350/628/599 353/632/603 354/633/604
f  355/634/605 350/628/599 354/633/604
f  350/628/599 356/635/606 353/632/603
f  163/282/284 356/635/606 350/628/599
f  350/628/599 355/634/605 349/629/600
f  350/628/599 165/284/286 163/282/284
f  345/626/597 355/636/607 357/637/608
f  355/636/607 345/626/597 349/625/596
f  358/638/609 357/639/610 355/640/611
f  355/634/605 354/633/604 358/641/612
f  357/639/610 358/638/609 359/642/613
f  354/633/604 359/643/614 358/641/612
f  359/644/614 360/645/615 361/646/616
f  362/647/617 360/645/615 359/644/614
f  359/643/614 354/633/604 362/648/617
f  357/639/610 359/642/613 361/649/618
f  361/646/616 360/645/615 363/650/619
f  363/651/620 364/652/621 361/653/618
f  361/653/618 364/652/621 357/654/610
f  365/655/622 366/656/623 364/652/621
f  345/626/597 364/657/624 366/658/625
f  365/655/622 364/652/621 363/651/620
f  345/626/597 357/637/608 364/657/624
f  366/656/623 365/655/622 360/659/626
f  363/650/619 360/645/615 365/660/627
f  345/626/597 366/658/625 184/320/320
f  366/656/623 360/659/626 367/381/628
f  184/320/320 366/658/625 367/661/629
f  360/662/626 368/663/630 367/664/628
f  184/320/320 367/661/629 368/665/631
f  185/321/321 184/320/320 368/665/631
f  368/663/630 369/666/632 185/667/633
f  369/666/632 368/663/630 360/662/626
f  369/668/632 200/669/634 185/670/633
f  198/671/635 369/668/632 370/672/636
f  369/668/632 198/671/635 200/669/634
f  362/647/617 369/673/637 360/645/615
f  362/647/617 371/674/638 369/673/637
f  369/673/637 371/674/638 372/675/639
f  369/673/637 372/675/639 370/676/640
f  372/677/641 197/678/642 370/672/636
f  370/672/636 197/678/642 198/671/635
f  373/679/643 196/680/644 372/677/641
f  372/677/641 196/680/644 197/678/642
f  372/675/639 371/674/638 373/681/645
f  373/679/643 189/682/646 196/680/644
f  371/683/647 189/682/646 373/679/643
f  374/684/648 189/682/646 371/683/647
f  374/684/648 371/683/647 375/685/649
f  371/674/638 362/647/617 375/686/650
f  362/648/617 374/687/651 375/688/650
f  187/689/652 189/682/646 374/684/648
f  376/690/653 187/691/652 374/115/648
f  374/687/651 362/648/617 376/692/654
f  353/693/655 187/691/652 376/690/653
f  354/633/604 353/632/603 376/692/654
f  376/692/654 362/648/617 354/633/604
f  356/694/656 187/323/323 353/695/657
f  188/324/324 187/323/323 356/694/656
f  377/696/658 188/697/659 356/564/660
f  356/635/606 163/282/284 378/698/661
f  356/635/606 378/698/661 377/699/662
f  378/698/661 379/700/663 377/699/662
f  188/697/659 377/696/658 379/701/664
f  188/697/659 379/701/664 380/702/665
f  180/310/312 179/311/313 379/703/663
f  378/698/661 180/704/312 379/700/663
f  379/703/663 179/311/313 380/705/666
f  201/706/667 380/707/665 381/708/668
f  380/705/666 382/709/669 381/710/670
f  380/705/666 179/311/313 382/709/669
f  380/707/665 201/706/667 190/564/671
f  188/697/659 380/702/665 190/711/671
f  204/712/672 382/713/673 178/714/310
f  382/713/673 204/712/672 381/708/668
f  178/714/310 382/713/673 179/715/311
f  381/708/668 204/712/672 201/706/667
f  163/282/284 383/716/674 378/698/661
f  383/716/674 180/704/312 378/698/661
f  383/717/675 166/718/294 384/115/676
f  161/719/677 166/718/294 383/717/675
f  384/720/678 180/704/312 383/716/674
f  163/282/284 161/280/282 383/716/674
f  166/292/294 170/295/297 384/721/676
f  180/704/312 384/720/678 170/722/679
f  385/723/680 352/724/681 386/725/682
f  347/622/593 386/726/683 352/631/602
f  352/724/681 385/723/680 387/727/684
f  351/630/601 352/631/602 388/728/685
f  352/724/681 387/727/684 388/729/686
f  385/730/687 389/731/688 387/732/689
f  387/732/689 389/731/688 390/733/690
f  391/734/691 387/735/692 392/736/693
f  392/736/693 387/735/692 390/737/694
f  393/738/695 388/728/685 387/735/692
f  393/738/695 387/735/692 391/734/691
f  15/18/15 391/739/691 394/740/696
f  15/18/15 393/741/695 391/739/691
f  395/742/697 394/740/696 391/739/691
f  391/734/691 392/736/693 395/743/697
f  396/744/698 394/740/696 395/742/697
f  395/743/697 392/736/693 396/745/698
f  397/746/699 394/740/696 396/744/698
f  397/746/699 396/744/698 398/747/700
f  396/745/698 392/736/693 399/748/701
f  400/749/702 396/745/698 399/748/701
f  396/745/698 400/749/702 398/750/700
f  400/751/703 401/752/704 402/115/705
f  400/751/703 389/753/706 401/752/704
f  402/754/707 403/755/708 400/749/702
f  389/753/706 400/751/703 399/756/709
f  398/750/700 400/749/702 404/757/710
f  404/757/710 400/749/702 403/755/708
f  403/758/708 405/759/711 406/760/712
f  403/758/708 407/761/713 405/759/711
f  407/761/713 403/758/708 408/762/714
f  403/755/708 402/754/707 408/763/714
f  403/758/708 406/760/712 404/764/710
f  406/765/715 409/766/716 410/767/717
f  411/768/718 406/765/715 410/767/717
f  406/765/715 411/768/718 412/769/719
f  412/770/720 413/771/721 406/760/712
f  409/766/716 406/765/715 405/772/722
f  406/760/712 413/771/721 414/773/723
f  404/764/710 406/760/712 414/773/723
f  413/774/721 415/775/724 416/776/725
f  416/776/725 414/777/723 413/774/721
f  417/778/726 413/771/721 412/770/720
f  413/771/721 417/778/726 418/779/727
f  415/775/724 413/774/721 418/780/727
f  417/781/728 419/782/729 418/783/730
f  418/783/730 419/782/729 415/784/731
f  415/784/731 419/782/729 420/785/732
f  419/786/733 421/787/734 420/788/735
f  422/789/736 423/790/737 419/782/729
f  423/791/738 421/787/734 419/786/733
f  422/789/736 419/782/729 417/781/728
f  420/788/735 421/787/734 424/792/739
f  425/793/740 421/787/734 426/794/741
f  421/787/734 425/793/740 427/795/742
f  428/796/743 421/797/744 429/798/745
f  428/796/743 424/799/746 421/797/744
f  429/798/745 421/797/744 430/800/747
f  421/787/734 431/801/748 430/802/749
f  427/795/742 431/801/748 421/787/734
f  432/803/750 421/787/734 423/791/738
f  426/794/741 421/787/734 432/803/750
f  432/804/751 412/805/719 426/806/752
f  426/806/752 412/805/719 425/807/753
f  427/795/742 433/808/754 431/801/748
f  427/795/742 434/809/755 433/808/754
f  427/795/742 435/810/756 434/809/755
f  427/795/742 436/811/757 435/810/756
f  427/795/742 410/812/758 437/813/759
f  437/813/759 438/814/760 427/795/742
f  427/795/742 425/793/740 411/815/761
f  410/812/758 427/795/742 411/815/761
f  436/811/757 427/795/742 439/816/762
f  427/795/742 440/817/763 439/816/762
f  427/795/742 438/814/760 441/818/764
f  427/795/742 442/819/765 440/817/763
f  427/795/742 441/818/764 442/819/765
f  441/820/766 438/821/767 443/822/768
f  441/820/766 443/822/768 444/544/769
f  444/823/769 442/824/770 441/825/766
f  443/822/768 438/821/767 445/826/771
f  445/827/772 446/828/773 443/829/774
f  446/828/773 444/830/775 443/829/774
f  447/831/776 446/828/773 448/832/777
f  449/833/778 446/828/773 447/831/776
f  446/828/773 450/834/779 451/835/780
f  446/828/773 445/827/772 450/834/779
f  446/828/773 452/836/781 448/832/777
f  312/545/527 452/836/781 446/828/773
f  446/828/773 451/835/780 453/837/782
f  321/565/544 446/828/773 453/837/782
f  446/828/773 449/833/778 444/830/775
f  321/565/544 312/545/527 446/828/773
f  449/838/783 439/839/784 440/840/785
f  447/841/786 439/839/784 449/838/783
f  444/830/775 449/833/778 454/842/787
f  440/843/785 454/844/788 449/513/783
f  454/844/788 442/824/770 444/823/769
f  454/844/788 440/843/785 442/824/770
f  451/845/789 455/846/790 456/847/791
f  457/848/792 451/845/789 456/847/791
f  455/846/790 451/845/789 450/849/793
f  457/848/792 453/850/794 451/845/789
f  457/851/795 458/852/796 326/578/557
f  326/578/557 324/573/552 457/851/795
f  453/850/794 457/848/792 324/853/551
f  456/854/797 458/852/796 457/851/795
f  459/855/798 458/856/799 460/857/800
f  456/854/797 460/858/801 458/852/796
f  333/600/573 326/575/554 458/856/799
f  461/859/802 458/856/799 459/855/798
f  333/600/573 458/856/799 461/859/802
f  338/607/580 461/860/803 459/861/804
f  338/607/580 333/603/576 461/860/803
f  460/862/800 462/863/805 459/394/798
f  463/864/806 459/861/804 462/865/807
f  464/866/808 459/861/804 463/864/806
f  338/607/580 459/861/804 464/866/808
f  465/867/809 466/868/810 464/356/811
f  467/869/812 464/870/811 466/871/810
f  464/870/811 467/869/812 338/872/813
f  464/866/808 463/864/806 465/873/814
f  466/868/810 465/867/809 468/874/815
f  463/875/816 469/876/817 465/867/809
f  465/867/809 469/876/817 468/874/815
f  468/877/818 437/813/759 466/878/819
f  469/879/820 437/813/759 468/877/818
f  470/880/821 437/813/759 469/879/820
f  462/863/805 470/881/822 469/876/817
f  462/863/805 469/876/817 463/875/816
f  460/858/801 437/813/759 470/880/821
f  462/863/805 460/862/800 470/881/822
f  471/882/823 338/883/824 467/884/825
f  466/878/819 471/885/826 467/886/827
f  471/882/823 472/887/828 338/883/824
f  385/723/680 472/887/828 471/882/823
f  473/888/829 471/885/826 437/813/759
f  466/878/819 437/813/759 471/885/826
f  471/885/826 473/888/829 474/889/830
f  471/885/826 401/890/831 385/730/687
f  471/885/826 475/891/832 401/890/831
f  471/885/826 476/892/833 475/891/832
f  471/885/826 474/889/830 476/892/833
f  405/893/722 474/894/834 473/895/835
f  474/894/834 477/896/836 476/897/837
f  478/898/838 474/894/834 405/893/722
f  477/896/836 474/894/834 478/898/838
f  405/759/711 477/899/839 478/900/840
f  405/759/711 407/761/713 477/899/839
f  477/896/836 475/901/841 476/897/837
f  407/902/842 475/901/841 477/896/836
f  407/902/842 402/903/705 475/901/841
f  475/901/841 402/903/705 401/904/704
f  473/888/829 437/813/759 409/905/843
f  409/766/716 405/772/722 473/906/835
f  472/887/828 385/723/680 386/725/682
f  347/622/593 472/907/844 386/726/683
f  347/622/593 339/908/581 472/907/844
f  339/608/581 338/607/580 472/909/844
f  437/813/759 460/858/801 455/910/845
f  455/910/845 460/858/801 456/854/797
f  479/911/846 437/813/759 455/910/845
f  455/846/790 450/849/793 479/912/847
f  437/813/759 479/911/846 480/913/848
f  481/914/849 479/915/847 450/519/793
f  479/915/847 481/914/849 480/916/850
f  437/813/759 480/913/848 438/814/760
f  480/916/850 481/914/849 445/917/771
f  480/916/850 445/917/771 438/918/767
f  450/834/779 445/827/772 481/919/851
f  448/920/852 482/921/853 447/841/786
f  483/922/854 448/920/852 452/923/855
f  482/921/853 448/920/852 483/922/854
f  447/841/786 482/921/853 484/924/856
f  483/925/857 485/926/858 482/927/859
f  486/928/860 482/927/859 485/926/858
f  486/928/860 484/929/861 482/927/859
f  436/811/757 484/929/861 486/928/860
f  439/839/784 447/841/786 484/924/856
f  436/811/757 439/816/762 484/929/861
f  486/930/862 487/931/863 436/381/864
f  486/930/862 488/932/865 487/931/863
f  486/930/862 489/933/866 488/932/865
f  485/934/867 489/933/866 486/930/862
f  488/935/868 429/936/869 487/937/870
f  489/938/871 429/936/869 488/935/868
f  489/933/866 485/934/867 490/939/872
f  490/940/873 491/941/874 489/938/871
f  491/941/874 429/936/869 489/938/871
f  491/941/874 492/942/875 429/936/869
f  490/940/873 493/943/876 491/941/874
f  493/943/876 494/944/877 491/941/874
f  495/945/878 491/941/874 496/946/879
f  491/941/874 494/944/877 496/946/879
f  491/941/874 497/947/880 498/948/881
f  497/947/880 491/941/874 495/945/878
f  492/942/875 491/941/874 498/948/881
f  499/949/882 500/950/883 494/951/884
f  494/944/877 501/952/885 499/949/886
f  493/943/876 501/952/885 494/944/877
f  502/953/887 494/954/884 500/955/883
f  502/953/887 496/956/888 494/954/884
f  500/957/889 503/958/890 504/959/891
f  505/960/892 503/958/890 500/957/889
f  500/957/889 506/961/893 502/962/894
f  500/957/889 504/959/891 506/961/893
f  500/950/883 499/949/882 505/963/895
f  506/964/896 507/965/897 508/966/898
f  506/964/896 508/966/898 509/967/899
f  507/965/897 506/964/896 504/968/900
f  509/969/901 502/962/894 506/961/893
f  509/969/901 510/970/902 502/962/894
f  511/971/903 510/970/902 509/969/901
f  509/967/899 508/966/898 512/972/904
f  509/967/899 512/972/904 511/973/905
f  513/974/906 511/975/905 512/976/904
f  511/975/905 513/974/906 514/977/907
f  514/978/908 510/970/902 511/971/903
f  514/978/908 515/979/909 510/970/902
f  516/980/910 515/979/909 514/978/908
f  513/974/906 516/981/911 514/977/907
f  517/982/912 515/979/909 516/980/910
f  518/983/913 517/984/914 516/981/911
f  518/983/913 516/981/911 519/985/915
f  519/985/915 516/981/911 513/974/906
f  512/986/916 519/987/917 513/988/918
f  512/986/916 520/989/919 519/987/917
f  519/987/917 520/989/919 521/990/920
f  519/987/917 521/990/920 518/991/921
f  522/992/922 523/993/923 520/994/924
f  524/995/925 520/996/924 523/381/923
f  508/997/926 520/989/919 512/986/916
f  524/995/925 521/998/927 520/996/924
f  508/997/926 522/999/928 520/989/919
f  523/993/923 522/992/922 525/1000/929
f  526/1001/930 525/564/929 522/1002/922
f  508/997/926 526/1003/931 522/999/928
f  526/1003/931 527/1004/932 528/1005/933
f  529/1006/934 527/1004/932 526/1003/931
f  528/1007/935 525/564/929 526/1001/930
f  526/1003/931 508/997/926 529/1006/934
f  527/1004/932 529/1006/934 530/1008/936
f  529/1006/934 508/997/926 507/1009/937
f  531/1010/938 529/1006/934 507/1009/937
f  530/1008/936 529/1006/934 532/1011/939
f  533/1012/940 534/1013/941 529/1006/934
f  529/1006/934 535/1014/942 533/1012/940
f  529/1006/934 534/1013/941 532/1011/939
f  529/1006/934 531/1010/938 535/1014/942
f  536/1015/943 531/627/944 504/1016/900
f  536/1015/943 535/1017/945 531/627/944
f  507/965/897 504/968/900 531/1018/944
f  503/1019/946 535/1017/945 536/1015/943
f  504/959/891 503/958/890 536/1020/947
f  537/1021/948 532/1022/949 538/1023/950
f  532/1022/949 537/1021/948 530/1024/951
f  538/1023/950 532/1022/949 534/1025/952
f  538/1026/953 539/1027/954 537/1028/955
f  538/1026/953 540/1029/956 539/1027/954
f  534/1030/952 541/1031/957 538/1032/950
f  542/1033/958 538/1026/953 541/1034/959
f  538/1026/953 542/1033/958 540/1029/956
f  540/1029/956 542/1033/958 543/1035/960
f  543/1036/961 544/1037/962 540/1038/963
f  544/1039/962 539/1040/964 540/1041/963
f  543/1036/961 545/1017/965 544/1037/962
f  542/1042/966 545/1017/965 543/1036/961
f  546/1043/967 544/1044/968 545/1045/969
f  546/1043/967 545/1045/969 547/1046/970
f  545/1017/965 542/1042/966 547/1047/971
f  548/1048/972 549/1049/973 547/1050/971
f  548/1048/972 547/1050/971 542/381/966
f  546/1043/967 547/1046/970 549/1051/974
f  550/1052/975 546/1043/967 549/1051/974
f  549/1049/973 548/1048/972 551/1053/976
f  549/1049/973 551/1053/976 550/1054/977
f  552/1055/978 550/1052/975 553/1056/979
f  554/1057/980 550/1052/975 552/1055/978
f  550/1054/977 555/1058/981 553/1059/982
f  554/1057/980 546/1043/967 550/1052/975
f  550/1054/977 551/1053/976 555/1058/981
f  556/1060/983 555/1061/984 557/1062/985
f  557/1062/985 555/1061/984 551/1063/986
f  555/1061/984 556/1060/983 558/1064/987
f  558/1065/988 553/1066/982 555/1067/981
f  558/1064/987 556/1060/983 559/1068/989
f  558/1065/988 560/1069/990 553/1066/982
f  560/1069/990 558/1065/988 559/1070/991
f  559/1068/989 556/1060/983 561/1071/992
f  560/1069/990 559/1070/991 562/1072/993
f  562/1072/993 559/1070/991 563/1073/994
f  563/1073/994 559/1070/991 561/1074/995
f  561/1071/992 556/1060/983 564/1075/996
f  564/1076/997 563/1073/994 561/1074/995
f  564/1075/996 556/1060/983 565/1077/998
f  564/1075/996 565/1077/998 566/1078/999
f  566/1079/1000 552/1080/1001 564/1081/997
f  563/1073/994 564/1076/997 552/1082/1001
f  567/1083/1002 566/1084/1003 565/1085/1004
f  568/1086/1005 566/1079/1006 569/1087/1007
f  566/1084/1008 570/1088/1009 568/1089/1010
f  566/1084/1011 568/1089/1012 569/1090/1013
f  570/1091/1014 566/1079/1015 568/1086/1016
f  554/1092/1017 566/1084/1003 567/1083/1002
f  571/1093/1018 566/1079/1019 571/1094/95
f  566/1084/1020 571/1095/95 571/1096/1021
f  572/1097/1022 566/1079/1023 571/1093/1024
f  566/1084/1025 573/1098/1026 572/1099/1027
f  566/1084/1028 572/1099/1029 571/1095/1030
f  573/1100/1031 566/1079/1032 572/1097/1033
f  569/1087/1034 566/1079/1035 573/1100/1036
f  566/1084/1037 569/1090/1038 573/1098/1039
f  566/1084/1040 574/1101/1041 570/1088/1042
f  574/1102/1043 566/1079/1044 570/1091/1045
f  575/1103/1046 566/1079/1047 574/1102/1048
f  566/1084/1049 576/1104/1050 575/1105/1051
f  566/1084/1052 575/1105/1053 574/1101/1054
f  576/1106/1055 566/1079/1056 575/1103/1057
f  566/1084/1058 577/1107/1059 576/1104/1060
f  577/1108/1061 566/1079/1062 576/1106/1063
f  566/1084/1064 578/1109/1065 577/1107/1066
f  578/1110/1067 566/1079/1068 577/1108/1069
f  566/1084/1070 579/1111/1071 578/1109/1072
f  579/1112/1073 566/1079/1074 578/1110/1075
f  580/1113/1076 566/1079/1077 579/1112/1078
f  566/1084/1079 581/1114/1080 580/1115/1081
f  566/1084/1082 580/1115/1083 579/1111/1084
f  581/1116/1085 566/1079/1086 580/1113/1087
f  566/1079/1000 554/1117/1088 552/1080/1001
f  566/1084/1089 554/1092/1090 582/1118/1091
f  554/1117/1092 566/1079/1093 582/1119/1094
f  566/1084/1095 582/1118/1096 581/1114/1097
f  582/1119/1098 566/1079/1099 581/1116/1100
f  571/1093/95 571/1094/95 571/1120/95
f  571/1096/201 571/1095/201 571/1121/201
f  571/1120/95 571/1094/95 571/1122/95
f  571/1096/95 571/1121/95 571/1123/95
f  571/1096/95 571/1123/201 571/1124/201
f  571/1122/95 571/1094/95 571/1125/95
f  571/1124/201 571/1123/201 571/1126/95
f  571/1125/95 571/1094/95 571/1127/95
f  567/1083/1002 583/1128/1101 584/1129/1102
f  584/1130/1103 585/1131/1104 567/1132/1105
f  567/1083/1002 565/1085/1004 583/1128/1101
f  585/1133/1104 554/1057/980 567/1134/1105
f  546/1043/967 585/1133/1104 586/1135/1106
f  546/1043/967 554/1057/980 585/1133/1104
f  584/1130/1103 586/1136/1106 585/1131/1104
f  546/1043/967 586/1135/1106 587/1137/1107
f  584/1130/1103 588/272/1108 586/1136/1106
f  588/272/1108 589/1138/1109 586/1136/1106
f  586/1136/1106 589/1138/1109 590/1139/1110
f  587/1137/1107 586/1135/1106 590/1140/1110
f  591/1141/1111 589/1142/1109 592/1143/1112
f  593/1144/1113 592/1143/1112 589/1142/1109
f  589/1142/1109 591/1141/1111 590/1145/1110
f  588/272/1108 593/273/1113 589/1138/1109
f  588/272/1108 594/1146/1114 593/273/1113
f  595/1147/1115 593/1144/1113 594/1148/1114
f  592/1143/1112 593/1144/1113 595/1147/1115
f  596/1149/1116 592/1143/1112 595/1147/1115
f  595/1147/1115 597/1150/1117 598/1151/1118
f  599/1152/1119 595/1147/1115 598/1151/1118
f  597/1150/1117 595/1147/1115 594/1148/1114
f  596/1149/1116 595/1147/1115 599/1152/1119
f  599/1152/1119 598/1151/1118 600/1153/1120
f  599/1152/1119 601/1154/1121 596/1149/1116
f  600/1153/1120 602/1155/1122 599/1152/1119
f  599/1152/1119 602/1155/1122 601/1154/1121
f  602/1156/1122 39/52/39 603/1157/1123
f  44/62/44 39/52/39 602/1156/1122
f  600/1153/1120 44/1158/44 602/1155/1122
f  602/1156/1122 603/1157/1123 601/1159/1121
f  604/1160/1124 603/1161/1123 605/1162/1125
f  604/1160/1124 606/1163/1126 603/1161/1123
f  603/1157/1123 39/52/39 605/1164/1125
f  603/1165/1123 596/1149/1116 601/1154/1121
f  596/1149/1116 603/1165/1123 606/1166/1126
f  606/1163/1126 604/1160/1124 607/1167/1127
f  591/1141/1111 606/1166/1126 608/1168/1128
f  592/1143/1112 606/1166/1126 591/1141/1111
f  606/1166/1126 592/1143/1112 596/1149/1116
f  608/1168/1128 606/1166/1126 607/1169/1127
f  609/1170/1129 607/1167/1127 604/1160/1124
f  609/1170/1129 608/1171/1128 607/1167/1127
f  604/1160/1124 610/1172/1130 609/1170/1129
f  611/1173/1131 609/1170/1129 610/1172/1130
f  609/1170/1129 611/1173/1131 587/1174/1107
f  587/1174/1107 608/1171/1128 609/1170/1129
f  611/1175/1131 612/1176/1132 613/1177/1133
f  611/1175/1131 613/1177/1133 546/1043/967
f  612/1176/1132 611/1175/1131 614/1178/1134
f  546/1043/967 587/1137/1107 611/1175/1131
f  614/1178/1134 611/1175/1131 615/1179/1135
f  611/1173/1131 610/1172/1130 615/1180/1135
f  616/1181/1136 615/1180/1135 610/1172/1130
f  616/1181/1136 614/1182/1134 615/1180/1135
f  617/1183/1137 33/43/33 616/1181/1136
f  33/43/33 618/1184/1138 616/1181/1136
f  617/1183/1137 616/1181/1136 610/1172/1130
f  616/1181/1136 618/1184/1138 614/1182/1134
f  33/43/33 612/1185/1132 618/1184/1138
f  612/1176/1132 614/1178/1134 618/1186/1138
f  35/45/35 33/43/33 617/1183/1137
f  617/1183/1137 610/1172/1130 619/1187/1139
f  617/1183/1137 38/51/38 35/45/35
f  619/1187/1139 38/51/38 617/1183/1137
f  619/1187/1139 605/1162/1125 39/1188/39
f  604/1160/1124 605/1162/1125 619/1187/1139
f  619/1187/1139 610/1172/1130 604/1160/1124
f  619/1187/1139 39/1188/39 38/51/38
f  32/41/32 612/1185/1132 33/43/33
f  32/41/32 620/1189/1140 612/1185/1132
f  620/1190/1140 613/1177/1133 612/1176/1132
f  25/42/25 620/1189/1140 32/41/32
f  620/1189/1140 25/42/25 621/1191/1141
f  622/1192/1142 620/1190/1140 621/1193/1141
f  622/1192/1142 613/1177/1133 620/1190/1140
f  22/27/22 622/1194/1142 621/110/1141
f  613/1177/1133 622/1192/1142 623/1195/1143
f  622/1194/1142 624/1196/1144 623/1197/1143
f  22/27/22 17/20/17 622/1194/1142
f  17/20/17 624/1196/1144 622/1194/1142
f  625/1198/1145 626/1199/1146 624/1200/1147
f  623/1197/1143 624/1196/1144 626/1201/1148
f  17/20/17 627/1202/1149 624/1196/1144
f  625/1203/1150 624/115/1151 627/1204/1152
f  627/1205/1153 628/1206/1154 625/1207/1155
f  629/1208/1156 628/1206/1154 627/1205/1153
f  17/20/17 18/21/18 627/1202/1149
f  630/1209/1157 627/1205/1153 18/1210/1158
f  629/1208/1156 627/1205/1153 630/1209/1157
f  630/1211/1159 20/1212/1160 631/1213/1161
f  630/1209/1157 18/1210/1158 20/1214/1162
f  632/1215/1163 630/1216/1159 633/1217/1164
f  630/1211/1159 631/1213/1161 633/627/1164
f  630/1216/1159 632/1215/1163 629/1218/1165
f  629/1218/1165 632/1215/1163 634/1219/1166
f  632/1220/1167 635/1221/1168 634/1222/1169
f  633/1223/1170 635/1224/1168 632/1225/1167
f  636/1226/1171 635/1221/1168 637/1227/1172
f  638/1228/1173 635/1221/1168 636/1226/1171
f  639/1229/1174 637/1230/1172 635/1224/1168
f  635/1224/1168 631/1231/1175 639/1229/1174
f  635/1224/1168 633/1223/1170 631/1231/1175
f  634/1222/1169 635/1221/1168 638/1228/1173
f  640/1232/1176 641/1233/1177 638/1234/1178
f  638/1235/1178 642/1236/1179 640/1237/1176
f  643/1238/1180 638/1228/1173 641/1239/1181
f  642/1236/1179 638/1235/1178 636/1240/1182
f  634/1222/1169 638/1228/1173 643/1238/1180
f  643/1241/1183 644/1242/1184 629/1218/1165
f  641/1233/1177 644/1242/1184 643/1241/1183
f  643/1241/1183 629/1218/1165 634/1219/1166
f  644/1242/1184 641/1233/1177 645/1243/1185
f  628/1206/1154 629/1208/1156 644/1244/1186
f  628/1206/1154 644/1244/1186 645/1245/1187
f  641/1233/1177 640/1232/1176 645/1243/1185
f  628/1206/1154 645/1245/1187 640/1246/1188
f  646/1247/1189 642/1248/1190 647/1249/1191
f  646/1247/1189 640/1246/1188 642/1248/1190
f  636/1250/1182 647/1251/1192 642/1252/1179
f  646/1247/1189 647/1249/1191 648/1253/1193
f  649/1254/1194 648/1255/1195 647/1251/1192
f  650/1256/1196 647/1251/1192 636/1250/1182
f  649/1254/1194 647/1251/1192 650/1256/1196
f  636/1226/1171 651/1257/1197 650/1258/1198
f  650/1258/1198 651/1257/1197 649/1259/1199
f  636/1226/1171 637/1227/1172 651/1257/1197
f  648/1255/1195 649/1254/1194 651/1260/1200
f  637/1261/1201 652/1262/1202 651/1263/1200
f  651/1263/1200 652/1262/1202 653/1264/1203
f  648/1255/1195 651/1260/1200 653/381/1203
f  654/1265/1204 646/1247/1189 652/1266/1205
f  646/1247/1189 653/1267/1206 652/1266/1205
f  655/1268/1207 652/1262/1202 637/1261/1201
f  652/1262/1202 655/1268/1207 656/381/1208
f  654/1265/1204 652/1266/1205 656/1269/1209
f  657/1270/1210 658/1271/1211 654/1272/1212
f  654/1273/1212 659/1274/1213 657/627/1210
f  654/1273/1212 660/1275/1214 659/1274/1213
f  658/1276/1215 646/1247/1189 654/1265/1204
f  654/1265/1204 656/1269/1209 660/1277/1216
f  656/1278/1217 661/476/1218 660/1279/1219
f  660/1279/1219 662/1280/1220 659/1281/1221
f  660/1279/1219 661/476/1218 662/1280/1220
f  663/1282/1222 659/1281/1221 662/1280/1220
f  662/1280/1220 664/1283/1223 663/1282/1222
f  661/476/1218 665/1284/1224 662/1280/1220
f  662/1280/1220 666/1285/1225 664/1283/1223
f  662/1280/1220 665/1284/1224 666/1285/1225
f  666/1286/1226 667/1287/1227 664/1288/1228
f  667/1287/1227 666/1286/1226 665/1289/1229
f  668/1290/1230 669/1291/1231 667/1292/1227
f  664/1288/1228 667/1287/1227 669/1293/1231
f  667/1294/1232 670/1295/1233 668/1296/1234
f  665/1297/1235 670/1295/1233 667/1294/1232
f  671/1298/1236 668/1290/1230 672/1299/1237
f  668/1290/1230 671/1298/1236 669/1291/1231
f  672/1299/1237 668/1290/1230 673/1300/1238
f  668/1296/1234 670/1295/1233 673/1301/1239
f  674/1302/1240 672/1299/1237 673/1300/1238
f  673/1301/1239 515/979/909 674/1303/1241
f  673/1301/1239 670/1295/1233 515/979/909
f  674/1303/1241 515/979/909 675/1304/1242
f  675/1305/1243 676/1306/1244 674/1307/1240
f  672/1299/1237 674/1302/1240 676/1308/1244
f  676/1306/1244 675/1305/1243 677/1309/1245
f  677/1310/1246 663/1311/1222 676/1312/1247
f  676/1312/1247 664/1313/1223 669/1314/1248
f  676/1312/1247 663/1311/1222 664/1313/1223
f  676/1312/1247 671/1315/1249 672/1316/1250
f  676/1312/1247 669/1314/1248 671/1315/1249
f  677/1309/1245 675/1305/1243 678/1317/1251
f  678/1318/1251 679/1319/1252 677/1320/1245
f  680/1321/1253 663/1311/1222 677/1310/1246
f  680/1321/1253 677/1310/1246 681/1322/1254
f  681/1322/1254 677/1310/1246 679/1323/1255
f  679/1319/1252 678/1318/1251 682/1324/1256
f  679/1319/1252 682/1324/1256 683/1325/1257
f  679/1319/1252 683/1325/1257 681/1326/1258
f  683/1327/1259 646/1247/1189 684/1328/1260
f  682/1329/1261 646/1247/1189 683/1327/1259
f  681/1326/1258 683/1325/1257 684/1330/1262
f  684/1328/1260 646/1247/1189 658/1276/1215
f  681/1326/1258 684/1330/1262 685/1331/1263
f  685/1331/1263 684/1330/1262 658/1271/1211
f  685/1331/1263 658/1271/1211 680/1332/1264
f  680/1321/1253 681/1322/1254 685/1333/1265
f  678/1334/1266 646/1247/1189 682/1329/1261
f  658/1271/1211 686/1335/1267 680/1332/1264
f  686/1336/1268 663/1311/1222 680/1321/1253
f  686/1335/1267 658/1271/1211 657/1270/1210
f  657/1337/1269 663/1282/1222 686/1338/1268
f  646/1247/1189 678/1334/1266 515/979/909
f  515/979/909 678/1334/1266 675/1304/1242
f  515/979/909 670/1295/1233 687/1339/1270
f  670/1295/1233 665/1297/1235 688/1340/1271
f  689/1341/1272 670/1342/1273 690/1343/1274
f  670/1295/1233 688/1340/1271 690/381/1275
f  670/1342/1273 689/1341/1272 691/1344/1276
f  691/1344/1276 687/1345/1277 670/1342/1273
f  661/476/1218 688/1346/1278 665/1284/1224
f  661/476/1218 690/1347/1279 688/1346/1278
f  692/1348/1280 515/979/909 687/1339/1270
f  687/1345/1277 495/1349/1281 692/1350/1282
f  495/1349/1281 687/1345/1277 497/1351/1283
f  497/1351/1283 687/1345/1277 691/1344/1276
f  515/979/909 692/1348/1280 510/970/902
f  495/1349/1281 510/1352/1284 692/1350/1282
f  689/1353/1285 693/1354/1286 691/1355/1287
f  693/1354/1286 689/1353/1285 694/472/1288
f  690/1347/1279 694/472/1288 689/1353/1285
f  498/948/881 497/947/880 693/1356/1286
f  691/1355/1287 693/1354/1286 497/1357/880
f  694/472/1288 498/1358/881 693/1354/1286
f  694/472/1288 428/1359/1289 492/1360/875
f  498/1358/881 694/472/1288 492/1360/875
f  695/1361/1290 694/472/1288 696/1362/1291
f  428/1359/1289 694/472/1288 695/1361/1290
f  694/472/1288 697/1363/1292 696/1362/1291
f  690/1347/1279 697/1363/1292 694/472/1288
f  698/1364/1293 696/1365/1294 697/1366/1295
f  424/799/746 696/1365/1294 698/1364/1293
f  696/1365/1294 424/799/746 695/1367/1296
f  698/1368/1297 394/740/696 397/746/699
f  394/740/696 698/1368/1297 697/1363/1292
f  699/1369/1298 698/1370/1299 700/1371/1300
f  698/1368/1297 397/746/699 700/1372/1301
f  699/1369/1298 424/792/739 698/1370/1299
f  420/1373/732 699/1374/1302 416/1375/1303
f  416/1375/1303 699/1374/1302 701/1376/1304
f  701/1376/1304 699/1374/1302 397/1377/1305
f  420/788/735 424/792/739 699/1369/1298
f  699/1369/1298 700/1371/1300 397/1378/1306
f  397/746/699 398/747/700 701/1379/1307
f  398/747/700 416/776/725 701/1379/1307
f  697/1363/1292 690/1347/1279 394/740/696
f  424/799/746 428/796/743 695/1367/1296
f  394/740/696 690/1347/1279 661/476/1218
f  663/1282/1222 657/1337/1269 659/1281/1221
f  19/22/19 15/18/15 661/476/1218
f  661/476/1218 656/1278/1217 19/22/19
f  661/476/1218 15/18/15 394/740/696
f  639/1229/1174 656/1278/1217 655/1380/1308
f  19/22/19 656/1278/1217 639/1229/1174
f  637/1230/1172 639/1229/1174 655/1380/1308
f  646/1247/1189 648/1253/1193 653/1267/1206
f  628/1206/1154 640/1246/1188 646/1247/1189
f  702/1381/1309 646/1247/1189 703/1382/1310
f  646/1247/1189 702/1381/1309 704/1383/1311
f  646/1247/1189 705/1384/1312 703/1382/1310
f  646/1247/1189 706/1385/1313 705/1384/1312
f  646/1247/1189 707/1386/1314 708/1387/1315
f  646/1247/1189 709/1388/1316 707/1386/1314
f  646/1247/1189 704/1383/1311 709/1388/1316
f  646/1247/1189 710/1389/1317 706/1385/1313
f  515/979/909 710/1389/1317 646/1247/1189
f  646/1247/1189 708/1387/1315 628/1206/1154
f  711/1390/1318 704/1391/1319 702/564/1320
f  712/1392/1321 709/1393/1322 704/1391/1319
f  712/1392/1321 704/1391/1319 711/1390/1318
f  713/1394/1323 709/1393/1322 712/1392/1321
f  711/1395/1324 713/1396/1325 712/1397/1326
f  714/1398/1327 707/1399/1328 713/1394/1323
f  713/1394/1323 707/1399/1328 709/1393/1322
f  711/1395/1324 715/1400/1329 713/1396/1325
f  713/1396/1325 715/1400/1329 714/1401/1330
f  716/1402/1331 715/1400/1329 711/1395/1324
f  716/1402/1331 717/1403/1332 715/1400/1329
f  708/1404/1333 714/1398/1327 715/1066/1334
f  717/1405/1335 708/1406/1333 715/1407/1334
f  626/1199/1146 628/1408/1336 717/1409/1337
f  717/1403/1332 623/1195/1143 626/1410/1148
f  613/1177/1133 717/1403/1332 716/1402/1331
f  613/1177/1133 623/1195/1143 717/1403/1332
f  708/1406/1333 717/1405/1335 718/1411/1338
f  717/1409/1337 628/1408/1336 718/1412/1339
f  628/1206/1154 708/1387/1315 718/1413/1340
f  613/1177/1133 716/1402/1331 719/1414/1341
f  702/1415/1320 716/1416/1342 711/1417/1318
f  720/1418/1343 719/1419/1344 716/1416/1342
f  716/1416/1342 702/1415/1320 720/1418/1343
f  720/1420/1345 703/1382/1310 721/1421/1346
f  702/1381/1309 703/1382/1310 720/1420/1345
f  720/1420/1345 721/1421/1346 537/1028/955
f  720/1420/1345 537/1028/955 539/1027/954
f  539/1040/964 719/1419/1344 720/1418/1343
f  703/1422/1347 530/1024/951 721/1423/1348
f  530/1024/951 537/1021/948 721/1423/1348
f  719/1419/1344 539/1040/964 544/1039/962
f  544/1044/968 613/1177/1133 719/1414/1341
f  714/1398/1327 708/1404/1333 707/1399/1328
f  527/1424/1349 703/1422/1347 705/1425/1350
f  530/1024/951 703/1422/1347 527/1424/1349
f  528/1007/935 706/1426/1351 710/1427/1352
f  525/564/929 528/1007/935 710/1427/1352
f  515/979/909 525/1428/1353 710/1389/1317
f  706/1426/1351 722/1429/1354 527/1430/1349
f  722/1429/1354 706/1426/1351 528/1007/935
f  706/1426/1351 527/1430/1349 705/1431/1350
f  528/1005/933 527/1004/932 722/1432/1355
f  631/1231/1175 19/22/19 639/1229/1174
f  19/22/19 631/1231/1175 20/23/20
f  625/1198/1145 628/1408/1336 626/1199/1146
f  621/1191/1141 25/42/25 26/1433/26
f  26/32/26 22/29/22 621/1434/1141
f  544/1044/968 546/1043/967 613/1177/1133
f  608/1171/1128 587/1174/1107 590/1435/1110
f  608/1171/1128 590/1435/1110 591/1436/1111
f  598/1151/1118 52/75/52 600/1153/1120
f  600/1153/1120 46/74/46 44/1158/44
f  600/1153/1120 52/75/52 46/74/46
f  723/277/1356 597/278/1117 594/1146/1114
f  724/283/1357 725/1437/1358 597/278/1117
f  598/1151/1118 597/1150/1117 725/1438/1358
f  724/283/1357 597/278/1117 723/277/1356
f  723/277/1356 594/1146/1114 588/272/1108
f  726/1439/1359 727/282/1360 723/277/1356
f  726/1439/1359 723/277/1356 728/1440/1361
f  728/1440/1361 723/277/1356 588/272/1108
f  729/284/1362 724/283/1357 723/277/1356
f  729/284/1362 723/277/1356 727/282/1360
f  730/1441/1363 727/282/1360 731/698/1364
f  727/282/1360 730/1441/1363 732/628/1365
f  727/282/1360 726/1439/1359 733/1442/1366
f  727/282/1360 733/1442/1366 731/698/1364
f  732/628/1365 729/284/1362 727/282/1360
f  732/628/1365 730/1441/1363 734/1443/1367
f  735/630/1368 729/284/1362 732/628/1365
f  736/1444/1369 735/630/1368 732/628/1365
f  736/1444/1369 732/628/1365 737/1445/1370
f  732/628/1365 734/1443/1367 738/633/1371
f  739/1446/1372 732/628/1365 738/633/1371
f  732/628/1365 739/1446/1372 737/1445/1370
f  734/1447/1373 740/1448/1374 741/1449/1375
f  730/1450/1376 740/1451/1377 734/1452/1378
f  738/633/1371 734/1443/1367 741/1453/1379
f  741/1449/1375 740/1448/1374 742/115/1380
f  742/1454/1381 743/1455/1382 741/1453/1379
f  741/1453/1379 743/1455/1382 738/633/1371
f  743/1456/1382 744/1457/1383 745/564/1384
f  745/1458/1384 738/633/1371 743/1455/1382
f  743/1455/1382 742/1454/1381 746/1459/1385
f  743/1456/1382 747/1460/1386 744/1457/1383
f  743/1456/1382 748/1461/1387 747/1460/1386
f  748/1461/1387 743/1456/1382 746/1462/1385
f  746/1463/1388 749/1464/1389 748/1465/1390
f  749/1464/1389 746/1463/1388 742/1466/1380
f  556/1060/983 749/1467/1391 740/1451/1377
f  556/1060/983 750/1468/1392 749/1467/1391
f  749/1464/1389 742/1466/1380 740/1469/1374
f  748/1465/1390 749/1464/1389 751/1470/1393
f  751/1470/1393 749/1464/1389 750/1471/1394
f  752/1472/1395 750/1471/1394 753/1473/1396
f  556/1060/983 753/1474/1397 750/1468/1392
f  751/1470/1393 750/1471/1394 752/1472/1395
f  752/1472/1395 753/1473/1396 754/1475/1398
f  752/1476/1399 748/1461/1387 751/1477/1400
f  747/1460/1386 752/1476/1399 754/1478/1401
f  747/1460/1386 748/1461/1387 752/1476/1399
f  754/1475/1398 753/1473/1396 755/1479/1402
f  756/1480/1403 754/1475/1398 755/1479/1402
f  754/1475/1398 756/1480/1403 747/1481/1404
f  556/1060/983 756/1482/1405 755/1483/1406
f  757/1484/1407 756/1482/1405 556/1060/983
f  758/1485/1408 747/1486/1404 756/1487/1403
f  756/1482/1405 757/1484/1407 758/1488/1409
f  759/1489/1410 757/1484/1407 556/1060/983
f  760/1490/1411 757/1484/1407 761/1491/1412
f  760/1490/1411 762/1492/1413 757/1484/1407
f  757/1484/1407 763/1493/1414 764/1494/1415
f  757/1484/1407 765/1495/1416 763/1493/1414
f  757/1484/1407 766/1496/1417 767/1497/1418
f  757/1484/1407 768/1498/1419 766/1496/1417
f  757/1484/1407 769/1499/1420 768/1498/1419
f  757/1484/1407 759/1489/1410 769/1499/1420
f  757/1484/1407 764/1494/1415 770/1500/1421
f  757/1484/1407 770/1500/1421 761/1491/1412
f  757/1484/1407 771/1501/1422 758/1488/1409
f  757/1484/1407 762/1492/1413 771/1501/1422
f  757/1484/1407 767/1497/1418 765/1495/1416
f  772/1502/1423 771/1503/1424 762/1504/1425
f  772/1502/1423 762/1504/1425 773/1505/1426
f  760/1490/1411 774/1506/1427 762/1492/1413
f  773/1505/1426 762/1504/1425 774/1507/1428
f  774/1508/1428 745/1509/1429 773/1510/1426
f  745/564/1384 744/1457/1383 773/1511/1430
f  773/1511/1430 744/1457/1383 772/1512/1431
f  775/1513/1432 774/1508/1428 739/1514/1433
f  760/1490/1411 739/1515/1434 774/1506/1427
f  774/1508/1428 775/1513/1432 745/1509/1429
f  738/633/1371 745/1458/1384 775/1516/1435
f  739/1446/1372 738/633/1371 775/1516/1435
f  771/1503/1424 772/1502/1423 744/659/1436
f  764/1517/1437 776/1518/1438 770/1519/1439
f  776/1518/1438 761/1520/1440 770/1519/1439
f  764/1517/1437 777/1521/1441 776/1518/1438
f  778/1522/1442 761/1520/1440 776/1518/1438
f  493/943/876 776/1523/1443 777/1524/1444
f  493/943/876 778/1525/1445 776/1523/1443
f  761/1520/1440 778/1522/1442 779/1526/1446
f  780/1527/1447 779/1528/1448 778/1529/1445
f  493/943/876 780/1530/1447 778/1525/1445
f  781/1531/1449 780/1527/1447 782/622/1450
f  780/1527/1447 781/1531/1449 779/1528/1448
f  780/1530/1447 493/943/876 783/1532/1451
f  782/622/1450 780/1527/1447 783/1533/1451
f  493/943/876 784/1534/1452 783/1532/1451
f  782/622/1450 783/1533/1451 784/908/1452
f  493/943/876 785/1535/1453 784/1534/1452
f  782/622/1450 784/908/1452 786/1536/1454
f  784/1534/1452 785/1535/1453 786/1537/1454
f  787/1538/1455 786/1539/1456 785/1540/1457
f  787/1538/1455 785/1540/1457 788/1541/1458
f  789/1542/1459 788/1543/1460 785/1544/1461
f  785/1535/1453 790/1545/1462 789/1546/1463
f  785/1535/1453 791/1547/1464 790/1545/1462
f  785/1535/1453 792/1548/1465 791/1547/1464
f  785/1535/1453 493/943/876 792/1548/1465
f  792/1549/1466 793/1550/1467 791/1551/1468
f  792/1549/1466 794/1552/1469 793/1550/1467
f  794/1552/1469 792/1549/1466 795/1553/1470
f  493/943/876 795/1554/1471 792/1548/1465
f  794/1555/1472 796/1556/1473 797/1557/1474
f  798/1558/1475 796/1556/1473 794/1555/1472
f  797/1557/1474 793/1559/1476 794/1555/1472
f  794/1552/1469 795/1553/1470 798/1560/1477
f  483/925/857 798/1558/1475 799/1561/1478
f  798/1558/1475 483/925/857 800/1562/1479
f  798/1558/1475 800/1562/1479 796/1556/1473
f  801/1017/1480 798/1563/1477 795/582/1470
f  798/1563/1477 801/1017/1480 802/1564/1481
f  799/1561/1478 798/1558/1475 802/1565/1482
f  800/1566/1483 803/1567/1484 796/381/1485
f  800/1566/1483 804/1568/1486 803/1567/1484
f  452/1569/855 800/1566/1483 483/1570/854
f  804/1568/1486 800/1566/1483 452/1569/855
f  452/836/781 803/1571/1487 804/1568/1488
f  312/545/527 803/1571/1487 452/836/781
f  805/1572/1489 796/1573/1485 803/1574/1484
f  803/1571/1487 312/545/527 805/1575/1490
f  805/1572/1489 797/1576/1491 796/1573/1485
f  797/1576/1491 805/1572/1489 806/1577/1492
f  312/545/527 806/1578/1493 805/1575/1490
f  806/1577/1492 807/1579/1494 808/1580/1495
f  797/1576/1491 806/1577/1492 808/1580/1495
f  312/545/527 809/1581/1496 806/1578/1493
f  807/1579/1494 806/1577/1492 809/1582/1497
f  301/528/512 810/1583/1498 807/1584/1499
f  811/1585/1500 301/528/512 807/1584/1499
f  807/1579/1494 809/1582/1497 811/1586/1501
f  807/1584/1499 810/1583/1498 808/1587/1502
f  812/1588/1503 301/528/512 811/1585/1500
f  813/1589/1504 811/1590/1501 809/519/1497
f  813/1589/1504 812/1591/1505 811/1590/1501
f  812/1591/1505 813/1589/1504 814/1592/1506
f  809/1581/1496 814/1593/1507 813/1594/1508
f  812/1591/1505 814/1592/1506 815/1595/1509
f  311/543/526 815/1596/1509 814/826/1506
f  814/1593/1507 312/545/527 311/547/529
f  312/545/527 814/1593/1507 809/1581/1496
f  815/1597/1510 301/528/512 812/1588/1503
f  300/527/511 301/528/512 815/1597/1510
f  300/542/525 815/1596/1509 311/543/526
f  810/1583/1498 301/528/512 816/1598/1511
f  810/1599/1512 817/1600/1513 790/394/1514
f  817/1600/1513 810/1599/1512 816/1601/1515
f  790/1602/1514 793/1550/1467 810/1603/1512
f  808/1587/1502 810/1583/1498 793/1559/1476
f  816/1598/1511 301/528/512 818/1604/1516
f  817/1600/1513 816/1601/1515 819/1605/1517
f  819/1605/1517 816/1601/1515 818/1606/1518
f  818/1604/1516 301/528/512 820/1607/1519
f  819/1605/1517 818/1606/1518 821/1608/1520
f  821/1608/1520 818/1606/1518 820/1609/1521
f  822/1610/1522 821/1608/1520 820/1609/1521
f  821/1608/1520 822/1610/1522 789/356/1459
f  789/1546/1463 819/1611/1523 821/1612/1524
f  822/1613/1525 301/528/512 787/1614/1526
f  822/1613/1525 787/1614/1526 788/1615/1527
f  820/1607/1519 301/528/512 822/1613/1525
f  788/1543/1460 789/1542/1459 822/381/1522
f  819/1611/1523 790/1545/1462 817/1616/1528
f  789/1546/1463 790/1545/1462 819/1611/1523
f  808/1587/1502 793/1559/1476 797/1557/1474
f  801/1017/1480 799/1617/1529 802/1564/1481
f  799/1617/1529 801/1017/1480 490/586/872
f  490/939/872 485/934/867 799/1618/1529
f  483/925/857 799/1561/1478 485/926/858
f  493/943/876 801/1619/1530 795/1554/1471
f  493/943/876 490/940/873 801/1619/1530
f  791/1551/1468 793/1550/1467 790/1602/1514
f  787/1614/1526 823/1620/1531 824/1621/1532
f  787/1614/1526 825/1622/1533 823/1620/1531
f  787/1614/1526 826/1623/1534 825/1622/1533
f  827/1624/1535 786/1539/1456 787/1538/1455
f  787/1614/1526 824/1621/1532 828/1625/1536
f  787/1614/1526 828/1625/1536 827/1626/1537
f  826/1623/1534 787/1614/1526 301/528/512
f  829/1627/1538 825/1628/1539 826/1629/1540
f  830/1630/1541 829/1631/1538 826/1632/1540
f  826/1623/1534 301/528/512 830/1633/1542
f  301/528/512 302/529/513 830/1633/1542
f  831/1634/1543 830/1630/1541 302/1635/1544
f  830/1630/1541 831/1634/1543 829/1631/1538
f  831/1636/1545 832/1637/1546 833/1638/1547
f  834/1639/1548 832/1637/1546 831/1636/1545
f  835/1640/1549 829/1641/1550 831/1636/1545
f  831/1634/1543 303/1642/1551 834/1643/1552
f  831/1636/1545 833/1638/1547 836/1644/1553
f  835/1640/1549 831/1636/1545 836/1644/1553
f  303/1642/1551 831/1634/1543 302/1635/1544
f  835/1640/1549 837/1645/1554 829/1641/1550
f  838/1646/1555 835/1647/1549 839/1648/1556
f  836/1649/1553 839/1648/1556 835/1647/1549
f  837/1645/1554 835/1640/1549 840/1650/1557
f  835/1647/1549 838/1646/1555 840/1651/1557
f  828/1652/1558 840/1653/1559 838/1654/1560
f  839/1655/1561 828/1656/1558 838/115/1560
f  840/1653/1559 828/1652/1558 824/1657/1562
f  840/1653/1559 824/1657/1562 837/1658/1563
f  829/1641/1550 837/1645/1554 841/1659/1564
f  837/1658/1563 824/1657/1562 841/1660/1565
f  829/1641/1550 841/1659/1564 842/1661/1566
f  841/1660/1565 824/1657/1562 823/1662/1567
f  841/1660/1565 823/1662/1567 842/1663/1568
f  842/1663/1568 825/1628/1539 829/1627/1538
f  842/1663/1568 823/1662/1567 825/1628/1539
f  843/1664/1569 839/1655/1561 844/1665/1570
f  839/1648/1556 845/1666/1571 844/1667/1572
f  836/1649/1553 845/1666/1571 839/1648/1556
f  839/1655/1561 843/1664/1569 828/1656/1558
f  827/1626/1537 828/1625/1536 843/1668/1573
f  827/1626/1537 843/1668/1573 846/1669/1574
f  843/1664/1569 844/1665/1570 847/381/1575
f  848/1670/1576 843/1668/1573 847/1671/1577
f  846/1669/1574 843/1668/1573 848/1670/1576
f  847/1672/1578 846/1673/1579 848/1674/1580
f  849/1675/1581 827/1624/1535 846/1676/1582
f  849/1675/1581 846/1676/1582 850/1677/1583
f  851/1678/1584 850/1679/1585 846/1673/1579
f  851/1678/1584 846/1673/1579 852/1680/1586
f  852/1680/1586 846/1673/1579 847/1672/1578
f  851/1681/1584 853/1682/1587 854/1683/1588
f  853/1682/1587 851/1681/1584 852/1684/1586
f  854/1685/1588 729/284/1362 851/1678/1584
f  850/1679/1585 851/1678/1584 735/630/1368
f  851/1678/1584 729/284/1362 735/630/1368
f  853/1682/1587 855/1686/1589 854/1683/1588
f  729/284/1362 854/1685/1588 855/1687/1589
f  855/1686/1589 853/1682/1587 856/1688/1590
f  857/1689/1591 724/283/1357 855/1687/1589
f  855/1686/1589 856/1688/1590 857/1690/1591
f  855/1687/1589 724/283/1357 729/284/1362
f  858/17/1592 859/1691/1593 856/1688/1590
f  856/1688/1590 859/1691/1593 860/1692/1594
f  860/1692/1594 857/1690/1591 856/1688/1590
f  858/17/1592 856/1688/1590 853/1682/1587
f  857/1690/1591 860/1692/1594 861/15/1595
f  860/1693/1594 50/71/50 861/1694/1595
f  859/1695/1593 50/71/50 860/1693/1594
f  857/1690/1591 861/15/1595 862/1696/1596
f  862/1696/1596 861/15/1595 863/1697/1597
f  861/1694/1595 864/1698/1598 863/1699/1597
f  864/1698/1598 861/1694/1595 50/71/50
f  864/1700/1598 865/1701/1599 863/1702/1597
f  865/1701/1599 864/1700/1598 598/1151/1118
f  864/1698/1598 50/71/50 866/1703/1600
f  866/1704/1600 598/1151/1118 864/1700/1598
f  598/1151/1118 866/1704/1600 52/75/52
f  50/71/50 52/73/52 866/1703/1600
f  865/1705/1599 862/1706/1596 863/1707/1597
f  724/283/1357 865/1705/1599 725/1437/1358
f  598/1151/1118 725/1438/1358 865/1701/1599
f  865/1705/1599 724/283/1357 862/1706/1596
f  724/283/1357 857/1689/1591 862/1706/1596
f  858/17/1592 853/1682/1587 867/22/1601
f  868/1708/1602 858/17/1592 73/20/73
f  858/17/1592 868/1708/1602 859/1691/1593
f  858/17/1592 869/1709/1603 73/20/73
f  867/22/1601 870/1710/1604 858/17/1592
f  858/17/1592 870/1710/1604 869/1709/1603
f  871/1711/1605 76/1712/1606 869/1713/1607
f  73/20/73 869/1709/1603 76/120/81
f  871/1711/1605 869/1713/1607 870/1714/1608
f  872/1715/1609 76/1712/1606 871/1711/1605
f  871/1716/1610 870/1717/1611 873/1718/1612
f  874/1719/1613 871/1720/1610 875/1721/1614
f  871/1720/1610 874/1719/1613 872/1722/1615
f  871/1716/1610 873/1718/1612 875/627/1614
f  80/130/90 872/1715/1609 876/1723/1616
f  872/1715/1609 80/130/90 76/1712/1606
f  877/1724/1617 876/1725/1618 872/1722/1615
f  872/1722/1615 874/1719/1613 878/1726/1619
f  877/1724/1617 872/1722/1615 878/1726/1619
f  879/1727/1620 876/1725/1618 877/1724/1617
f  878/1728/1621 880/1729/1622 877/1730/1623
f  877/1730/1623 880/1729/1622 879/1731/1624
f  881/1732/1625 880/1733/1626 882/1734/1627
f  880/1733/1626 881/1732/1625 883/1735/1628
f  884/1736/1629 880/1737/1626 883/1738/1628
f  884/1736/1629 879/1727/1620 880/1737/1626
f  880/1729/1622 885/1739/1630 882/1740/1631
f  878/1728/1621 885/1739/1630 880/1729/1622
f  80/130/90 884/1741/1632 883/1742/1633
f  80/130/90 883/1742/1633 105/186/212
f  105/186/212 883/1742/1633 881/1743/1634
f  882/1740/1631 885/1739/1630 886/115/1635
f  887/1229/1636 886/1744/1635 885/1745/1630
f  874/1746/1637 885/1739/1630 878/1728/1621
f  875/1747/1638 885/1745/1630 874/1748/1637
f  885/1745/1630 875/1747/1638 873/1749/1639
f  885/1745/1630 873/1749/1639 887/1229/1636
f  873/1749/1639 867/22/1601 887/1229/1636
f  886/1744/1635 887/1229/1636 888/1750/1640
f  887/1229/1636 889/1751/1641 888/1750/1640
f  867/22/1601 889/1751/1641 887/1229/1636
f  890/1752/1642 888/1753/1643 889/381/1644
f  891/1754/1645 890/1755/1646 889/1756/1647
f  891/1754/1645 889/1756/1647 892/1757/1648
f  889/1751/1641 273/476/465 892/1758/1649
f  273/476/465 889/1751/1641 867/22/1601
f  891/1759/1650 892/1760/1651 893/1761/1652
f  894/1762/1653 895/1763/1654 891/1764/1650
f  895/1765/1655 105/186/212 891/1754/1645
f  891/1754/1645 105/186/212 890/1755/1646
f  891/1759/1650 893/1761/1652 894/627/1653
f  896/1766/1656 893/1767/1657 897/1280/1658
f  896/1766/1656 894/1768/1659 893/1767/1657
f  892/1758/1649 897/1280/1658 893/1767/1657
f  897/1280/1658 898/1769/1660 896/1766/1656
f  892/1758/1649 273/476/465 897/1280/1658
f  897/1280/1658 899/1770/1661 898/1769/1660
f  273/476/465 900/1771/1662 897/1280/1658
f  897/1280/1658 900/1771/1662 899/1770/1661
f  899/1772/1663 901/1773/1664 898/1774/1665
f  901/1773/1664 899/1772/1663 900/1775/1666
f  900/1776/1667 248/421/414 901/1777/1668
f  901/1777/1668 248/421/414 246/419/412
f  246/1778/1669 902/1779/1670 901/1780/1664
f  898/1774/1665 901/1773/1664 902/1781/1670
f  246/1778/1669 903/1782/1671 902/1779/1670
f  904/1783/1672 898/115/1660 902/1784/1673
f  904/1783/1672 902/1784/1673 903/1785/1674
f  244/1786/1675 903/1782/1671 246/1778/1669
f  903/1782/1671 244/1786/1675 904/1308/1676
f  904/1787/1676 245/1788/1677 905/1789/1678
f  245/1788/1677 904/1787/1676 244/1790/1675
f  905/1791/1679 896/1792/1656 904/1783/1672
f  904/1783/1672 896/1792/1656 898/115/1660
f  905/1789/1678 245/1788/1677 238/1793/1680
f  238/1794/1680 906/1795/1681 905/1796/1678
f  907/1797/1682 896/1792/1656 905/1791/1679
f  907/1797/1682 905/1791/1679 908/1798/1683
f  908/1798/1683 905/1791/1679 906/1799/1684
f  907/1797/1682 908/1798/1683 909/1800/1685
f  908/1801/1686 910/1802/1687 909/1803/1688
f  906/1795/1681 911/1804/1689 908/1801/1686
f  908/1801/1686 911/1804/1689 910/1802/1687
f  910/1805/1690 105/186/212 895/1765/1655
f  911/1806/1691 105/186/212 910/1805/1690
f  909/1803/1688 910/1802/1687 895/1763/1654
f  912/1807/1692 105/186/212 911/1806/1691
f  906/1795/1681 912/1808/1693 911/1804/1689
f  238/411/404 105/186/212 912/1807/1692
f  906/1795/1681 238/1794/1680 912/1808/1693
f  909/1803/1688 895/1763/1654 907/1809/1694
f  894/1762/1653 907/1809/1694 895/1763/1654
f  907/1809/1694 894/1762/1653 913/1810/1695
f  913/1811/1696 896/1792/1656 907/1797/1682
f  894/1768/1659 896/1766/1656 913/1812/1696
f  248/421/414 900/1776/1667 272/474/463
f  273/476/465 272/477/466 900/1771/1662
f  105/186/212 914/1813/1697 890/1755/1646
f  915/1814/1698 890/1752/1642 914/1815/1699
f  886/1816/1700 890/1752/1642 915/1814/1698
f  888/1753/1643 890/1752/1642 886/1816/1700
f  882/1740/1631 915/1817/1701 916/1818/1702
f  882/1740/1631 886/115/1635 915/1817/1701
f  917/1819/1703 915/1820/1698 914/1821/1699
f  917/1819/1703 916/1822/1704 915/1820/1698
f  882/1740/1631 916/1818/1702 918/1823/1705
f  919/1824/1706 916/1822/1704 917/1819/1703
f  916/1822/1704 919/1824/1706 918/1825/1707
f  918/1825/1707 919/1824/1706 881/1826/1625
f  105/186/212 881/1743/1634 919/1827/1708
f  105/186/212 919/1827/1708 917/1828/1709
f  918/1825/1707 881/1826/1625 882/1829/1627
f  105/186/212 917/1828/1709 914/1813/1697
f  80/130/90 876/1723/1616 884/1741/1632
f  879/1727/1620 884/1736/1629 876/1725/1618
f  867/22/1601 873/1749/1639 870/1710/1604
f  867/22/1601 853/1682/1587 273/476/465
f  53/77/53 859/1695/1593 868/1830/1602
f  65/96/65 53/77/53 868/1830/1602
f  868/1708/1602 73/20/73 65/24/65
f  50/71/50 859/1695/1593 53/77/53
f  273/476/465 853/1682/1587 274/478/467
f  853/1682/1587 852/1684/1586 274/478/467
f  920/1831/1710 274/478/467 852/1684/1586
f  852/1680/1586 847/1672/1578 920/1832/1710
f  845/1833/1571 274/478/467 920/1831/1710
f  920/1832/1710 847/1672/1578 845/1666/1571
f  736/1444/1369 850/1679/1585 735/630/1368
f  850/1679/1585 736/1444/1369 782/622/1450
f  850/1679/1585 782/622/1450 849/1834/1711
f  827/1624/1535 849/1675/1581 921/1835/1712
f  782/622/1450 921/1836/1713 849/1834/1711
f  782/622/1450 786/1536/1454 921/1836/1713
f  786/1539/1456 827/1624/1535 921/1835/1712
f  845/1666/1571 847/1672/1578 844/1667/1572
f  922/1837/1714 274/478/467 845/1833/1571
f  922/1837/1714 845/1833/1571 923/1838/1715
f  845/1666/1571 833/1839/1547 923/1840/1715
f  845/1666/1571 836/1649/1553 833/1839/1547
f  922/1837/1714 923/1838/1715 924/1841/1716
f  833/1842/1547 925/1843/1717 923/1838/1715
f  923/1838/1715 925/1843/1717 924/1841/1716
f  924/1844/1718 282/1845/1719 922/564/1720
f  925/1846/1721 282/1845/1719 924/1844/1718
f  280/1847/1722 925/1846/1721 926/627/1723
f  280/1847/1722 282/1845/1719 925/1846/1721
f  832/1848/1546 926/1849/1724 925/1843/1717
f  925/1843/1717 833/1842/1547 832/1848/1546
f  927/1850/1725 280/1851/1722 926/1852/1723
f  926/1849/1724 832/1848/1546 927/1853/1726
f  280/1851/1722 927/1850/1725 928/1854/1727
f  928/1854/1727 927/1850/1725 929/1855/1728
f  832/1637/1546 929/1856/1729 927/1857/1726
f  928/1858/1730 281/488/477 280/487/476
f  930/1859/1731 931/1860/1732 928/1854/1727
f  931/1861/1733 281/488/477 928/1858/1730
f  930/1859/1731 928/1854/1727 929/1855/1728
f  929/1856/1729 834/1639/1548 930/1862/1734
f  932/1863/1735 931/1860/1732 930/1859/1731
f  930/1862/1734 834/1639/1548 932/1864/1736
f  932/1863/1735 933/1865/1737 931/1860/1732
f  933/1865/1737 932/1863/1735 834/1866/1552
f  933/1865/1737 834/1866/1552 304/1867/1738
f  304/531/515 281/488/477 933/1868/1739
f  933/1868/1739 281/488/477 931/1861/1733
f  929/1856/1729 832/1637/1546 834/1639/1548
f  282/490/479 934/1869/1740 922/1870/1741
f  278/1871/1742 922/1837/1714 934/1872/1743
f  278/1871/1742 274/478/467 922/1837/1714
f  282/490/479 278/491/480 934/1869/1740
f  834/1643/1552 303/1642/1551 304/1873/1738
f  782/622/1450 736/1444/1369 781/1531/1449
f  760/1874/1744 781/1875/1745 736/1876/1746
f  781/1875/1745 760/1874/1744 779/1526/1446
f  761/1520/1440 779/1526/1446 760/1874/1744
f  777/1521/1441 935/1877/1747 501/1878/1748
f  935/1877/1747 777/1521/1441 764/1517/1437
f  501/952/885 493/943/876 777/1524/1444
f  935/1879/1749 936/1880/1750 937/1881/1751
f  764/1494/1415 936/1880/1750 935/1879/1749
f  501/1878/1748 935/1877/1747 938/1882/1752
f  937/1881/1751 938/1883/1753 935/1879/1749
f  503/958/890 938/1883/1753 937/1881/1751
f  503/958/890 505/960/892 938/1883/1753
f  938/1884/1752 499/949/882 501/1885/1748
f  499/949/882 938/1884/1752 505/963/895
f  939/1886/1754 937/1887/1755 940/1888/1756
f  940/1888/1756 937/1887/1755 936/1889/1757
f  937/1887/1755 939/1886/1754 503/1890/946
f  940/1891/1758 533/1012/940 939/1892/1759
f  533/1012/940 941/1893/1760 939/1892/1759
f  503/1890/946 939/1886/1754 941/1894/1761
f  533/1012/940 535/1014/942 941/1893/1760
f  535/1017/945 503/1019/946 941/115/1761
f  940/1891/1758 942/1895/1762 533/1012/940
f  940/1888/1756 936/1889/1757 943/1896/1763
f  944/1897/1764 940/1891/1758 943/1898/1765
f  945/1899/1766 940/1891/1758 944/1897/1764
f  942/1895/1762 940/1891/1758 945/1899/1766
f  944/1897/1764 946/1900/1767 947/1901/1768
f  947/1902/1769 766/1903/1770 944/1904/1771
f  944/1897/1764 943/1898/1765 946/1900/1767
f  768/1905/1772 945/1906/1773 944/1907/1771
f  944/1904/1771 766/1903/1770 768/1908/1772
f  946/1900/1767 943/1898/1765 948/1909/1774
f  948/1910/1775 765/1911/1776 946/1912/1777
f  947/1901/1768 946/1900/1767 949/1913/1778
f  946/1912/1777 765/1911/1776 949/1914/1779
f  949/1914/1779 765/1911/1776 767/1915/1780
f  949/1914/1779 766/1903/1770 947/1902/1769
f  949/1914/1779 767/1915/1780 766/1903/1770
f  948/1910/1775 950/1916/1781 763/1917/1782
f  950/1916/1781 948/1910/1775 943/1918/1763
f  948/1910/1775 763/1917/1782 765/1911/1776
f  943/1896/1763 936/1889/1757 950/1919/1781
f  764/1494/1415 950/1920/1783 936/1880/1750
f  764/1494/1415 763/1493/1414 950/1920/1783
f  533/1012/940 942/1895/1762 951/1921/1784
f  951/1921/1784 942/1895/1762 952/1922/1785
f  769/1923/1786 952/1924/1787 942/1925/1788
f  769/1923/1786 942/1925/1788 945/394/1773
f  951/1921/1784 952/1922/1785 953/1926/1789
f  952/1924/1787 954/1927/1790 953/1928/1791
f  952/1924/1787 769/1923/1786 759/1929/1792
f  952/1924/1787 759/1929/1792 954/1927/1790
f  954/1930/1793 556/1060/983 955/1931/1794
f  759/1489/1410 556/1060/983 954/1930/1793
f  955/1932/1795 953/1928/1791 954/1927/1790
f  557/1933/1796 951/1934/1797 955/1935/1795
f  955/1931/1794 556/1060/983 557/1062/985
f  953/1928/1791 955/1932/1795 951/356/1797
f  533/1012/940 951/1921/1784 956/1936/1798
f  557/1933/1796 956/1937/1799 951/1934/1797
f  956/1937/1799 557/1933/1796 957/1938/1800
f  958/1939/1801 956/1937/1799 957/1938/1800
f  533/1012/940 956/1936/1798 959/1940/1802
f  958/1939/1801 959/1941/1803 956/1937/1799
f  959/1941/1803 958/1939/1801 960/1942/1804
f  548/1943/1805 960/1944/1806 958/1945/1807
f  958/1945/1807 551/1063/986 548/1943/1805
f  957/1946/1808 551/1063/986 958/1945/1807
f  542/1033/958 960/1944/1806 548/1943/1805
f  542/1033/958 541/1034/959 960/1944/1806
f  541/1031/957 961/1947/1809 960/1948/1804
f  959/1941/1803 960/1942/1804 961/1949/1809
f  961/1950/1810 533/1012/940 959/1940/1802
f  533/1012/940 961/1950/1810 534/1013/941
f  541/1031/957 962/1951/1811 961/1947/1809
f  534/1013/941 961/1950/1810 962/1951/1812
f  962/1951/1811 541/1031/957 534/1030/952
f  557/1062/985 551/1063/986 957/1946/1808
f  945/1906/1773 768/1905/1772 769/1952/1786
f  744/1953/1436 758/1485/1408 771/1954/1424
f  737/1955/1813 760/1490/1411 736/541/1814
f  739/1515/1434 760/1490/1411 737/1955/1813
f  747/1486/1404 758/1485/1408 744/1953/1436
f  556/1060/983 755/1483/1406 753/1474/1397
f  556/1060/983 740/1451/1377 963/1956/1815
f  963/1956/1815 740/1451/1377 730/1450/1376
f  964/1957/1816 556/1060/983 963/1956/1815
f  963/1958/1817 965/1959/1818 966/1960/1819
f  963/1958/1817 967/1961/1820 965/1959/1818
f  963/1958/1817 966/1960/1819 964/1962/1821
f  967/1961/1820 963/1958/1817 730/564/1822
f  968/1963/1823 556/1060/983 964/1957/1816
f  964/1964/1821 969/1965/1824 968/1966/1825
f  969/1965/1824 964/1964/1821 966/1308/1819
f  970/1967/1826 968/1966/1825 969/1965/1824
f  969/1968/1827 971/1969/1828 970/1970/1829
f  966/1971/1830 971/1969/1828 969/1968/1827
f  972/1972/1831 970/1967/1826 971/715/1832
f  973/1973/1833 972/1974/1831 971/1975/1832
f  974/1976/1834 973/1977/1835 971/1969/1828
f  974/1976/1834 971/1969/1828 965/564/1836
f  965/564/1836 971/1969/1828 966/1971/1830
f  972/1978/1837 556/1060/983 975/1979/1838
f  976/1980/1839 556/1060/983 972/1978/1837
f  970/1967/1826 972/1972/1831 975/1981/1840
f  972/1974/1831 973/1973/1833 976/1982/1841
f  975/1979/1838 556/1060/983 968/1963/1823
f  970/1967/1826 975/1981/1840 968/1966/1825
f  977/1983/1842 565/1077/998 976/1980/1839
f  976/1980/1839 565/1077/998 556/1060/983
f  978/1984/1843 976/1985/1841 973/1986/1833
f  976/1985/1841 978/1984/1843 977/1987/1844
f  979/1988/1845 565/1077/998 977/1983/1842
f  978/1984/1843 979/1989/1846 977/1987/1844
f  980/1990/1847 565/1077/998 979/1988/1845
f  981/1991/1848 980/1992/1849 979/1989/1846
f  981/1991/1848 979/1989/1846 978/1984/1843
f  982/1993/1850 980/1992/1849 981/1991/1848
f  973/1977/1835 981/1994/1851 978/1995/1852
f  973/1977/1835 982/1996/1853 981/1994/1851
f  983/1997/1854 980/1992/1849 982/1993/1850
f  974/1976/1834 982/1996/1853 973/1977/1835
f  982/1996/1853 974/1976/1834 983/1998/1855
f  984/1999/1856 983/1997/1854 985/2000/1857
f  983/1997/1854 984/1999/1856 980/1992/1849
f  974/2001/1834 985/2002/1858 983/2003/1855
f  733/2004/1859 984/2005/1856 985/115/1857
f  985/2002/1858 974/2001/1834 733/1442/1366
f  986/2006/1860 984/2007/1861 728/2008/1862
f  728/2008/1862 984/2007/1861 726/2009/1863
f  726/2010/1864 984/2005/1856 733/2004/1859
f  986/2006/1860 980/1990/1847 984/2007/1861
f  986/2011/1865 588/272/1108 584/1130/1103
f  588/272/1108 986/2011/1865 728/1440/1361
f  584/627/1866 583/2012/1867 986/2013/1868
f  565/1077/998 986/2006/1860 583/2014/1869
f  565/1077/998 980/1990/1847 986/2006/1860
f  733/1442/1366 974/2001/1834 731/698/1364
f  731/698/1364 974/2001/1834 965/2015/1836
f  730/1441/1363 731/698/1364 967/2016/1870
f  731/698/1364 965/2015/1836 967/2016/1870
f  552/1055/978 562/2017/1871 563/2018/1872
f  552/1055/978 553/1056/979 562/2017/1871
f  562/2017/1871 553/1056/979 560/2019/1873
f  525/1428/1353 515/979/909 523/2020/1874
f  523/2020/1874 515/979/909 524/2021/1875
f  521/998/927 524/995/925 517/984/914
f  524/2021/1875 515/979/909 517/982/912
f  521/998/927 517/984/914 518/983/913
f  496/956/888 502/953/887 510/1352/1284
f  496/956/888 510/1352/1284 495/1349/1281
f  429/936/869 492/942/875 428/2022/1289
f  487/937/870 987/2023/1876 988/2024/1877
f  487/937/870 429/936/869 987/2023/1876
f  988/2025/1878 436/2026/864 487/951/863
f  988/2024/1877 989/2027/1879 990/2028/1880
f  988/2024/1877 987/2023/1876 989/2027/1879
f  436/2026/864 988/2025/1878 435/2029/1881
f  990/2030/1882 434/2031/1883 988/2025/1878
f  988/2025/1878 434/2031/1883 435/2029/1881
f  989/2032/1884 433/2033/1885 990/2030/1882
f  990/2030/1882 433/2033/1885 434/2031/1883
f  431/2034/1886 989/2032/1884 987/1885/1887
f  989/2032/1884 431/2034/1886 433/2033/1885
f  430/2035/1888 987/2036/1887 429/2037/1889
f  987/2036/1887 430/2035/1888 431/2038/1886
f  453/850/794 324/853/551 321/2039/550
f  437/813/759 410/812/758 409/905/843
f  991/2040/1890 432/804/751 422/789/736
f  412/805/719 432/804/751 991/2040/1890
f  422/789/736 432/804/751 423/790/737
f  422/2041/1891 412/770/720 991/2042/1892
f  412/769/719 411/768/718 425/2043/753
f  417/778/726 412/770/720 422/2041/1891
f  420/1373/732 416/1375/1303 415/627/731
f  398/747/700 414/777/723 416/776/725
f  414/777/723 398/747/700 404/2044/710
f  402/903/705 407/902/842 408/2045/1893
f  385/730/687 401/890/831 389/731/688
f  389/753/706 399/756/709 392/2046/1894
f  393/738/695 165/284/286 351/630/601
f  388/728/685 393/738/695 351/630/601
f  992/2047/1895 165/284/286 393/738/695
f  393/741/695 15/18/15 992/2048/1895
f  15/18/15 13/16/13 992/2048/1895
f  165/284/286 992/2047/1895 13/2049/13
f  390/733/690 389/731/688 392/2050/1896
f  347/622/593 340/2051/582 339/908/581
f  347/622/593 341/616/583 340/2051/582
f  345/626/597 184/320/320 343/2052/1897
f  335/615/588 343/612/585 993/2053/1898
f  184/320/320 993/2054/1899 343/2052/1897
f  994/2055/1900 335/615/588 993/2053/1898
f  184/320/320 994/2056/1901 993/2054/1899
f  994/2056/1901 995/2057/1902 996/2058/1903
f  994/2056/1901 997/2059/1904 995/2057/1902
f  998/2060/1905 336/2061/1906 994/2055/1900
f  994/2056/1901 996/2058/1903 998/2062/1907
f  994/2055/1900 336/2061/1906 335/615/588
f  184/320/320 997/2059/1904 994/2056/1901
f  999/2063/1908 995/2064/1909 997/2065/1910
f  999/2063/1908 997/2065/1910 1000/2066/1911
f  184/320/320 1000/2067/1912 997/2059/1904
f  995/2064/1909 999/2063/1908 1001/509/1913
f  1002/2068/1914 1001/2069/1915 999/2070/1916
f  999/2063/1908 1000/2066/1911 1002/2071/1917
f  1003/2072/1918 1002/2068/1914 1004/2073/1919
f  1003/2072/1918 1001/2069/1915 1002/2068/1914
f  1002/2071/1917 1000/2066/1911 1004/2074/1920
f  1004/2074/1920 1000/2066/1911 1005/2075/1921
f  1004/2074/1920 1005/2075/1921 1006/2076/1922
f  1003/2072/1918 1004/2073/1919 1007/2077/1923
f  1004/2074/1920 1006/2076/1922 1007/2078/1924
f  184/320/320 1006/2079/1925 1005/2080/1926
f  1003/2081/1927 1006/2076/1922 1008/2082/1928
f  184/320/320 1008/2083/1929 1006/2079/1925
f  1007/2078/1924 1006/2076/1922 1003/2081/1927
f  1009/2084/1930 1008/2085/1928 1010/2086/1931
f  184/320/320 1010/2087/1932 1008/2083/1929
f  1008/2085/1928 1009/2084/1930 1003/2088/1927
f  1010/2089/1931 210/2090/1933 1009/394/1930
f  210/351/351 213/357/355 1009/2091/1934
f  1009/2091/1934 213/357/355 1003/2072/1918
f  210/2090/1933 1010/2089/1931 186/2092/1935
f  184/320/320 186/322/322 1010/2087/1932
f  184/320/320 1005/2080/1926 1000/2067/1912
f  1003/2072/1918 213/357/355 1001/2069/1915
f  1001/2093/1913 996/2094/1936 995/2095/1909
f  213/2096/1937 996/2094/1936 1001/2093/1913
f  213/2096/1937 1011/2097/1938 996/2094/1936
f  998/2062/1907 996/2058/1903 1011/2098/1939
f  1011/2098/1939 1012/2099/1940 998/2062/1907
f  1011/2097/1938 214/2100/1941 1013/2101/1942
f  1013/2102/1943 1012/2099/1940 1011/2098/1939
f  214/2100/1941 1011/2097/1938 213/2096/1937
f  1013/2102/1943 1014/2103/1944 1012/2099/1940
f  337/2104/1945 998/2060/1905 1012/2105/1946
f  1014/2106/1947 1015/2107/1948 1012/2108/1946
f  1012/2108/1946 1015/2107/1948 337/1885/1945
f  261/2109/442 1015/2107/1948 1014/2106/1947
f  262/455/446 337/606/579 1015/2110/1949
f  1015/2107/1948 261/2109/442 262/951/441
f  1014/2103/1944 1013/2102/1943 261/448/439
f  261/448/439 1013/2102/1943 1016/2111/1950
f  1016/2111/1950 1013/2102/1943 1017/2112/1951
f  1013/2113/1942 216/580/1952 1017/2114/1953
f  1013/2101/1942 214/2100/1941 215/2115/1954
f  216/580/1952 1013/2113/1942 215/115/1954
f  216/580/1952 1016/2116/1955 1017/2114/1953
f  1018/2117/1956 259/445/436 1016/2118/1955
f  261/448/439 1016/2111/1950 259/447/438
f  1018/2117/1956 1016/2118/1955 1019/2119/1957
f  1016/2116/1955 216/580/1952 1019/627/1957
f  1019/2120/1958 219/363/361 1018/2121/1959
f  219/363/361 235/402/395 1018/2121/1959
f  259/445/436 1018/2117/1956 235/442/433
f  216/360/358 219/363/361 1019/2120/1958
f  336/2061/1906 998/2060/1905 337/2104/1945
f  264/454/445 337/606/579 262/455/446
f  295/524/508 308/536/520 315/598/571
f  293/512/497 292/511/496 305/2122/1960
f  293/512/497 305/2122/1960 298/522/506
f  293/512/497 298/522/506 297/521/505
f  281/488/477 292/533/517 291/2123/1961
f  274/478/467 278/1871/1742 279/486/475
f  258/440/432 256/436/429 241/2124/1962
f  241/414/407 240/413/406 258/443/434
f  256/436/429 250/428/421 241/2124/1962
f  243/425/418 251/424/417 254/2125/1963
f  243/425/418 254/2125/1963 242/381/1964
f  234/2126/394 242/2127/1964 254/2128/1963
f  235/402/395 234/403/396 254/431/424
f  242/2127/1964 234/2126/394 232/2129/391
f  105/186/212 228/410/403 109/194/220
f  210/2090/1933 186/2092/1935 211/2130/1965
f  211/2130/1965 202/2131/1966 212/354/354
f  203/355/343 212/354/354 202/2131/1966
f  211/2130/1965 186/2092/1935 202/2131/1966
f  193/2132/1967 130/2133/1968 206/2134/1969
f  123/222/243 121/219/241 206/2134/1969
f  123/222/243 206/2134/1969 130/2133/1968
f  1020/2135/1970 199/2136/1971 192/2137/1972
f  191/2138/1973 1021/2139/1974 192/2137/1972
f  1020/2135/1970 192/2137/1972 1021/2139/1974
f  1022/2140/1975 199/2136/1971 1020/2135/1970
f  1020/2141/1976 1023/2142/1977 1022/2143/1978
f  1024/2144/1979 1023/2142/1977 1020/2141/1976
f  1024/2144/1979 1020/2141/1976 1021/2145/1980
f  191/2146/1973 125/2147/1981 1024/2148/1982
f  125/226/246 130/231/251 1024/2144/1979
f  1021/2139/1974 191/2138/1973 1024/200/1982
f  1024/2144/1979 130/231/251 1023/2142/1977
f  193/2149/1967 1022/2140/1975 1023/180/1983
f  130/2133/1968 193/2132/1967 1023/2150/1983
f  1022/2140/1975 193/2149/1967 195/2151/1984
f  1022/2140/1975 195/2151/1984 199/2136/1971
f  187/323/1985 189/325/1986 1025/2152/1987
f  189/682/1988 187/689/1989 1025/2153/1990
f  191/327/327 171/296/298 1026/2154/1991
f  125/2147/1981 191/2146/1973 1026/2155/1992
f  171/2156/1993 125/2157/1994 1026/2158/1995
f  183/318/318 176/302/304 175/301/303
f  175/2159/1996 171/296/298 183/319/319
f  173/306/308 180/310/312 170/2160/679
f  172/297/299 171/296/298 175/2159/1996
f  171/296/298 168/289/291 1027/2161/1997
f  1027/2162/1998 1028/2163/1999 171/2156/1993
f  171/2156/1993 1028/2163/1999 125/2157/1994
f  1028/2163/1999 1027/2162/1998 1029/2164/2000
f  1029/2165/2001 126/2166/247 1028/2167/2002
f  126/227/247 125/226/246 1028/2168/2002
f  1029/627/2003 1027/2169/2004 168/2170/2005
f  168/290/292 157/272/278 1029/2165/2001
f  1029/2165/2001 127/2171/248 126/2166/247
f  1029/2165/2001 157/272/278 127/2171/248
f  13/2049/13 164/283/285 165/284/286
f  164/283/285 12/2172/12 1030/2173/2006
f  1031/2174/2007 164/283/285 1030/2173/2006
f  12/2172/12 164/283/285 13/2049/13
f  164/283/285 1031/2174/2007 1032/2175/2008
f  164/283/285 1032/2175/2008 160/278/281
f  1031/2176/2007 8/2177/8 1033/2178/2009
f  8/2177/8 1031/2176/2007 1034/2179/2010
f  1031/2174/2007 1030/2173/2006 1034/2180/2010
f  1033/2178/2009 1032/2181/2008 1031/2176/2007
f  7/2182/7 1033/2178/2009 8/2177/8
f  1033/2178/2009 7/2182/7 5/2183/5
f  1033/2178/2009 5/2183/5 1035/2184/2011
f  154/269/275 160/279/281 1033/2178/2009
f  1036/2185/2012 154/269/275 1033/2178/2009
f  1033/2178/2009 160/279/281 1032/2181/2008
f  1036/2185/2012 1033/2178/2009 1035/2184/2011
f  1035/2184/2011 145/2186/266 1036/2185/2012
f  1036/2185/2012 145/2186/266 1037/2187/2013
f  1036/2185/2012 1037/2187/2013 155/270/276
f  155/270/276 154/269/275 1036/2185/2012
f  145/254/266 143/252/264 1037/2188/2013
f  149/262/270 1037/2187/2013 143/2189/264
f  155/270/276 1037/2187/2013 149/262/270
f  1035/2184/2011 42/2190/42 145/2186/266
f  1035/2184/2011 41/2191/41 42/2190/42
f  1035/2184/2011 1038/2192/2014 41/2191/41
f  1038/2192/2014 1035/2184/2011 5/2183/5
f  5/5/5 6/6/6 1038/2193/2014
f  6/6/6 41/58/41 1038/2193/2014
f  1030/2194/2006 9/15/9 1034/2195/2010
f  9/9/9 8/8/8 1034/2196/2010
f  12/14/12 9/15/9 1030/2194/2006
f  157/272/278 156/274/277 127/2171/248
f  156/271/277 151/267/272 150/2197/271
f  127/2171/248 156/274/277 150/1139/271
f  128/229/249 127/228/248 150/2198/271
f  59/88/59 137/242/258 139/245/260
f  139/245/260 57/85/57 59/88/59
f  139/245/260 47/248/47 57/85/57
f  59/88/59 61/91/61 137/242/258
f  61/91/61 71/107/71 137/242/258
f  116/207/231 122/371/369 119/2199/2015
f  70/105/70 99/174/202 111/211/235
f  105/186/212 106/188/214 82/131/91
f  102/179/206 82/178/89 106/190/216
f  105/186/212 82/131/91 80/130/90
f  70/105/70 79/124/85 99/174/202
f  76/1712/1606 80/130/90 75/2200/2016
f  70/105/70 72/111/72 79/124/85
f  73/20/73 66/108/66 65/24/65
f  24/30/24 28/34/28 4/4/4
f  4/4/4 3/3/3 24/30/24

# Mesh 'calf_004-mesh' with 6512 faces
g calf_004-mesh
usemtl 深色橡胶.005
f  1039/2201/2017 1040/2202/2018 1041/2203/2019
f  1042/2204/2020 1039/2201/2017 1041/2203/2019
f  1043/2205/2021 1041/2203/2019 1044/2206/2022
f  1044/2206/2022 1041/2203/2019 1045/2207/2023
f  1045/2207/2023 1041/2203/2019 1046/2208/2024
f  1041/2203/2019 1040/2202/2018 1046/2208/2024
f  1042/2204/2020 1041/2203/2019 1043/2205/2021
f  1039/2201/2017 1042/2204/2020 1047/2209/2025
f  1048/2210/2026 1047/2211/2025 1042/2212/2020
f  1043/2213/2021 1048/2210/2026 1042/2212/2020
f  1047/2211/2025 1048/2210/2026 1049/2214/2027
f  1050/2215/2028 1048/2210/2026 1043/2213/2021
f  1049/2214/2027 1048/2210/2026 1051/2216/2029
f  1048/2210/2026 1052/2217/2030 1051/2216/2029
f  1053/2218/2031 1048/2210/2026 1050/2215/2028
f  1052/2217/2030 1048/2210/2026 1053/2218/2031
f  1053/2219/2031 1054/2220/2032 1055/2221/2033
f  1054/2220/2032 1053/2219/2031 1050/2222/2028
f  1055/2221/2033 1052/2223/2030 1053/2219/2031
f  1056/2224/2034 1055/2221/2033 1057/2225/2035
f  1055/2221/2033 1058/2226/2036 1057/2225/2035
f  1054/2220/2032 1059/2227/2037 1055/2221/2033
f  1055/2221/2033 1059/2227/2037 1058/2226/2036
f  1052/2223/2030 1055/2221/2033 1056/2224/2034
f  1056/2228/2034 1051/2216/2029 1052/2217/2030
f  1056/2224/2034 1060/2229/2038 1061/381/2039
f  1061/2230/2039 1051/2216/2029 1056/2228/2034
f  1056/2224/2034 1057/2225/2035 1060/2229/2038
f  1062/2231/2040 1061/2232/2039 1060/2233/2038
f  1062/2231/2040 1060/2233/2038 1063/2234/2041
f  1060/2229/2038 1058/2226/2036 1063/2235/2041
f  1060/2229/2038 1057/2225/2035 1058/2226/2036
f  1063/2235/2041 1058/2226/2036 1062/2236/2040
f  1062/2231/2040 1064/2237/2042 1061/2232/2039
f  1065/2238/2043 1064/2237/2042 1062/2231/2040
f  1065/2238/2043 1062/2231/2040 1066/2239/2044
f  1066/2239/2044 1062/2231/2040 1067/2240/2045
f  1062/2236/2040 1068/2241/2046 1067/2242/2045
f  1062/2236/2040 1058/2226/2036 1068/2241/2046
f  1067/2242/2045 1069/2243/2047 1066/2244/2044
f  1069/2245/2047 1070/2246/2048 1066/2247/2044
f  1066/2247/2044 1070/2246/2048 1065/2248/2043
f  1071/2249/2049 1070/2246/2048 1069/2245/2047
f  1071/2249/2049 1072/2250/2050 1070/2246/2048
f  1065/2248/2043 1070/2246/2048 1073/2251/2051
f  1072/2250/2050 1074/2252/2052 1070/2246/2048
f  1070/2246/2048 1074/2252/2052 1073/2251/2051
f  1075/2253/2053 1073/2251/2051 1074/2252/2052
f  1075/2253/2053 1076/2254/2054 1073/2251/2051
f  1065/2248/2043 1073/2251/2051 1076/2254/2054
f  1077/2255/2055 1076/2256/2054 1078/2257/2056
f  1078/2257/2056 1076/2256/2054 1079/2258/2057
f  1076/2254/2054 1075/2253/2053 1079/2259/2057
f  1076/2256/2054 1077/2255/2055 1065/2238/2043
f  1065/2238/2043 1077/2255/2055 1064/2237/2042
f  1077/2260/2055 1051/2216/2029 1064/2261/2042
f  1077/2255/2055 1078/2257/2056 1080/2262/2058
f  1077/2260/2055 1081/2263/2059 1051/2216/2029
f  1077/2260/2055 1082/2264/2060 1081/2263/2059
f  1080/2265/2058 1082/2264/2060 1077/2260/2055
f  1080/2262/2058 1078/2257/2056 1083/2266/2061
f  1084/2267/2062 1082/2264/2060 1080/2265/2058
f  1084/2267/2062 1080/2265/2058 1083/2268/2061
f  1085/2269/2063 1084/2270/2062 1083/564/2061
f  1085/2269/2063 1083/564/2061 1086/2271/2064
f  1078/2272/2056 1086/2273/2064 1083/1982/2061
f  1086/2273/2064 1078/2272/2056 1087/2274/2065
f  1087/2275/2065 1088/2276/2066 1086/2271/2064
f  1085/2269/2063 1086/2271/2064 1088/2276/2066
f  1087/2275/2065 1089/2277/2067 1088/2276/2066
f  1090/2278/2068 1089/2277/2067 1087/2275/2065
f  1078/2272/2056 1090/2279/2068 1087/2274/2065
f  1090/2279/2068 1078/2272/2056 1091/2280/2069
f  1090/2279/2068 1091/2280/2069 1092/2281/2070
f  1089/2277/2067 1090/2278/2068 1093/2282/2071
f  1092/2281/2070 1093/2283/2071 1090/2279/2068
f  1093/2283/2071 1092/2281/2070 1094/2284/2072
f  1095/2285/2073 1096/2286/2074 1092/2281/2070
f  1092/2281/2070 1096/2286/2074 1094/2284/2072
f  1092/2281/2070 1097/2287/2075 1095/2285/2073
f  1092/2281/2070 1091/2280/2069 1097/2287/2075
f  1095/2285/2073 1097/2287/2075 1098/2288/2076
f  1091/2289/2069 1099/2290/2077 1097/2291/2075
f  1097/2291/2075 1100/2292/2078 1098/2293/2076
f  1097/2291/2075 1099/2290/2077 1100/2292/2078
f  1091/2289/2069 1079/2258/2057 1099/2290/2077
f  1099/2294/2077 1101/2295/2079 1100/2296/2078
f  1079/2259/2057 1075/2253/2053 1099/2294/2077
f  1099/2294/2077 1075/2253/2053 1101/2295/2079
f  1101/2295/2079 1102/2297/2080 1103/2298/2081
f  1102/2297/2080 1101/2295/2079 1075/2253/2053
f  1101/2295/2079 1103/2298/2081 1104/2299/2082
f  1105/2300/2083 1101/2295/2079 1104/2299/2082
f  1105/2300/2083 1106/2301/2084 1101/2295/2079
f  1100/2296/2078 1101/2295/2079 1106/2301/2084
f  1106/2301/2084 1105/2300/2083 1107/2302/2085
f  1108/2303/2086 1106/2301/2084 1107/2302/2085
f  1108/2303/2086 1109/2304/2087 1106/2301/2084
f  1110/2305/2088 1106/2301/2084 1109/2304/2087
f  1100/2296/2078 1106/2301/2084 1110/2305/2088
f  1107/2306/2085 1111/2307/2089 1108/2308/2086
f  1107/2306/2085 1112/2309/2090 1111/2307/2089
f  1112/2309/2090 1107/2306/2085 1105/2310/2083
f  1113/2311/2091 1111/2307/2089 1112/2309/2090
f  1104/2312/2082 1114/2313/2092 1112/2309/2090
f  1104/2312/2082 1112/2309/2090 1105/2310/2083
f  1115/2314/2093 1113/2311/2091 1112/2309/2090
f  1115/2314/2093 1112/2309/2090 1114/2313/2092
f  1114/2313/2092 1104/2312/2082 1103/2315/2081
f  1103/2315/2081 1116/2316/2094 1114/2313/2092
f  1117/2317/2095 1114/2313/2092 1116/2316/2094
f  1114/2313/2092 1117/2317/2095 1115/2314/2093
f  1117/2318/2096 1118/2319/2097 1115/2320/2098
f  1117/2318/2096 1119/2321/2099 1118/2319/2097
f  1120/2322/2100 1119/2321/2099 1117/2318/2096
f  1121/2323/201 1120/2324/201 1117/627/201
f  1117/2317/2095 1116/2316/2094 1121/2325/2101
f  1122/2326/201 1123/2327/2102 1120/2324/201
f  1124/2328/2103 1120/2322/2100 1123/2329/2104
f  1119/2321/2099 1120/2322/2100 1124/2328/2103
f  1122/2326/201 1120/2324/201 1121/2323/201
f  1122/2330/2105 1125/2331/2106 1126/2332/2107
f  1122/2330/2105 1116/2316/2094 1125/2331/2106
f  1121/2325/2101 1116/2316/2094 1122/2330/2105
f  1126/2333/2108 1123/2327/2102 1122/2326/201
f  1126/2332/2107 1125/2331/2106 1127/2334/2109
f  1126/2332/2107 1127/2334/2109 1128/2335/2110
f  1128/2336/2111 1123/2327/2102 1126/2333/2108
f  1128/2335/2110 1127/2334/2109 1129/2337/2112
f  1129/2337/2112 1130/2338/2113 1128/2335/2110
f  1128/2336/2111 1131/2339/2114 1132/2340/2115
f  1130/2341/2116 1131/2339/2114 1128/2336/2111
f  1128/2336/2111 1132/2340/2115 1123/2327/2102
f  1133/2342/2117 1132/2343/2118 1131/2344/2119
f  1134/2345/2120 1132/2343/2118 1133/2342/2117
f  1134/2345/2120 1123/2329/2104 1132/2343/2118
f  1124/2328/2103 1123/2329/2104 1134/2345/2120
f  1134/2346/2121 1135/2347/95 1124/2348/95
f  1134/2346/2121 1136/2349/2122 1135/2347/95
f  1134/2346/2121 1137/2350/2123 1136/2349/2122
f  1133/2351/2124 1137/2350/2123 1134/2346/2121
f  1137/2352/2125 1138/2353/2126 1139/2354/2127
f  1140/2355/2128 1138/2353/2126 1137/2352/2125
f  1137/2352/2125 1139/2354/2127 1136/2356/2129
f  1141/2357/2130 1140/2358/2131 1137/2350/2123
f  1141/2357/2130 1137/2350/2123 1133/2351/2124
f  1142/2359/2132 1141/2357/2130 1143/2360/2133
f  1141/2357/2130 1142/2359/2132 1144/2361/2134
f  1145/2362/95 1141/2357/2130 1146/2363/95
f  1143/2360/2133 1141/2357/2130 1145/2362/95
f  1141/2357/2130 1144/2361/2134 1147/2364/2135
f  1141/2357/2130 1147/2364/2135 1148/2365/2136
f  1141/2357/2130 1148/2365/2136 1149/2366/2137
f  1141/2357/2130 1149/2366/2137 1150/2367/2138
f  1141/2368/2139 1131/2344/2119 1151/2369/2140
f  1133/2342/2117 1131/2344/2119 1141/2368/2139
f  1141/2368/2139 1151/2369/2140 1152/2370/2141
f  1141/2357/2130 1150/2367/2138 1140/2358/2131
f  1146/2363/95 1141/2357/2130 1152/2371/95
f  1152/2372/2142 1153/2373/2143 1146/2374/2144
f  1146/2374/2144 1153/2373/2143 1145/2375/2145
f  1154/2376/2146 1153/2373/2143 1155/2377/2147
f  1156/2378/2148 1153/2373/2143 1154/2376/2146
f  1145/2375/2145 1153/2373/2143 1156/2378/2148
f  1153/2373/2143 1157/2379/2149 1155/2377/2147
f  1157/2379/2149 1153/2373/2143 1158/2380/2150
f  1152/2372/2142 1158/2380/2150 1153/2373/2143
f  1159/2381/2151 1160/2382/2152 1158/2380/2150
f  1158/2380/2150 1152/2372/2142 1159/2381/2151
f  1160/2382/2152 1161/2383/2153 1158/2380/2150
f  1157/2379/2149 1158/2380/2150 1162/2384/2154
f  1162/2384/2154 1158/2380/2150 1163/2385/2155
f  1158/2380/2150 1161/2383/2153 1163/2385/2155
f  1163/2386/2155 1164/2387/2156 1165/2388/2157
f  1163/2386/2155 1165/2388/2157 1162/2389/2154
f  1163/2386/2155 1166/2390/2158 1164/2387/2156
f  1161/2391/2153 1166/2390/2158 1163/2386/2155
f  1167/2392/2159 1168/2393/2160 1166/2390/2158
f  1167/2392/2159 1166/2390/2158 1161/2391/2153
f  1169/2394/2161 1164/2387/2156 1166/2390/2158
f  1169/2394/2161 1166/2390/2158 1168/2393/2160
f  1169/2395/2161 1170/2396/2162 1171/2397/2163
f  1169/2395/2161 1172/2398/2164 1170/2396/2162
f  1173/2399/2165 1174/2400/2166 1169/2395/2161
f  1169/2394/2161 1168/2393/2160 1173/2401/2165
f  1169/2395/2161 1175/2402/2167 1172/2398/2164
f  1176/2403/2168 1169/2394/2161 1171/2404/2163
f  1164/2387/2156 1169/2394/2161 1176/2403/2168
f  1169/2395/2161 1177/2405/2169 1175/2402/2167
f  1169/2395/2161 1174/2400/2166 1177/2405/2169
f  1174/2406/2166 1178/2407/2170 1177/2408/2169
f  1174/2406/2166 1179/2409/2171 1178/2407/2170
f  1180/2410/2172 1179/2409/2171 1174/2406/2166
f  1173/2399/2165 1180/2411/2172 1174/2400/2166
f  1173/2399/2165 1181/2412/2173 1180/2411/2172
f  1181/2413/2173 1179/2409/2171 1180/2410/2172
f  1182/2414/2174 1183/2415/2175 1181/2413/2173
f  1181/2413/2173 1183/2415/2175 1179/2409/2171
f  1173/2399/2165 1182/2416/2174 1181/2412/2173
f  1173/2399/2165 1184/2417/2176 1182/2416/2174
f  1184/2418/2176 1185/2419/2177 1182/2414/2174
f  1182/2414/2174 1185/2419/2177 1183/2415/2175
f  1184/2418/2176 1186/2420/2178 1185/2419/2177
f  1186/2420/2178 1187/2421/2179 1185/2419/2177
f  1187/2421/2179 1188/2422/2180 1185/2419/2177
f  1185/2419/2177 1188/2422/2180 1183/2415/2175
f  1189/2423/2181 1190/2424/2182 1186/2420/2178
f  1190/2424/2182 1187/2421/2179 1186/2420/2178
f  1191/2425/2183 1186/2420/2178 1184/2418/2176
f  1191/2425/2183 1189/2423/2181 1186/2420/2178
f  1192/2426/2184 1193/2427/2185 1189/2423/2181
f  1194/2428/2186 1192/2426/2184 1189/2423/2181
f  1193/2427/2185 1190/2424/2182 1189/2423/2181
f  1194/2428/2186 1189/2423/2181 1191/2425/2183
f  1195/2429/2187 1194/2430/2186 1191/2431/2183
f  1196/2432/2188 1192/2426/2184 1194/2428/2186
f  1195/2429/2187 1196/2433/2188 1194/2430/2186
f  1197/2434/2189 1195/2429/2187 1198/2435/2190
f  1199/2436/2191 1195/2429/2187 1197/2434/2189
f  1195/2437/2187 1200/2438/2192 1198/2439/2190
f  1173/2401/2165 1201/2440/2193 1195/2437/2187
f  1195/2429/2187 1184/2417/2176 1173/2399/2165
f  1195/2437/2187 1201/2440/2193 1200/2438/2192
f  1195/2429/2187 1191/2431/2183 1184/2417/2176
f  1195/2429/2187 1202/2441/2194 1196/2433/2188
f  1195/2429/2187 1199/2436/2191 1202/2441/2194
f  1199/2442/2191 1203/2443/2195 1202/2444/2194
f  1199/2436/2191 1197/2434/2189 1204/2445/2196
f  1204/2446/2196 1205/2447/2197 1199/2442/2191
f  1199/2442/2191 1206/2448/2198 1203/2443/2195
f  1199/2442/2191 1205/2447/2197 1206/2448/2198
f  1205/2447/2197 1207/381/2199 1208/2449/2200
f  1205/2447/2197 1208/2449/2200 1209/2450/2201
f  1207/381/2199 1205/2447/2197 1204/2446/2196
f  1209/2450/2201 1210/2451/2202 1205/2447/2197
f  1210/2451/2202 1211/2452/2203 1205/2447/2197
f  1205/2447/2197 1211/2452/2203 1206/2448/2198
f  1212/2453/2204 1211/2452/2203 1210/2451/2202
f  1213/2454/2205 1211/2452/2203 1212/2453/2204
f  1213/2454/2205 1214/2455/2206 1211/2452/2203
f  1211/2452/2203 1214/2455/2206 1206/2448/2198
f  1215/2456/2207 1214/2455/2206 1213/2454/2205
f  1215/2456/2207 1216/2457/2208 1214/2455/2206
f  1214/2455/2206 1216/2457/2208 1203/2443/2195
f  1206/2448/2198 1214/2455/2206 1203/2443/2195
f  1216/2457/2208 1215/2456/2207 1217/2458/2209
f  1218/2459/2210 1216/2457/2208 1217/2458/2209
f  1218/2459/2210 1219/2460/2211 1216/2457/2208
f  1216/2457/2208 1219/2460/2211 1220/2461/2212
f  1203/2443/2195 1216/2457/2208 1220/2461/2212
f  1220/2461/2212 1219/2460/2211 1192/2426/2184
f  1196/2432/2188 1220/2461/2212 1192/2426/2184
f  1202/2444/2194 1203/2443/2195 1220/2461/2212
f  1202/2444/2194 1220/2461/2212 1196/2432/2188
f  1221/2462/2213 1219/2460/2211 1218/2459/2210
f  1221/2462/2213 1193/2427/2185 1219/2460/2211
f  1219/2460/2211 1193/2427/2185 1192/2426/2184
f  1222/2463/2214 1221/2464/2213 1223/2465/2215
f  1221/2464/2213 1222/2463/2214 1224/2466/2216
f  1223/2465/2215 1221/2464/2213 1218/2467/2210
f  1224/2468/2216 1190/2424/2182 1221/2462/2213
f  1221/2462/2213 1190/2424/2182 1193/2427/2185
f  1224/2466/2216 1222/2463/2214 1225/2469/2217
f  1225/2470/2217 1190/2424/2182 1224/2468/2216
f  1225/2469/2217 1222/2463/2214 1226/2471/2218
f  1226/2471/2218 1227/2472/2219 1225/2469/2217
f  1225/2470/2217 1187/2421/2179 1190/2424/2182
f  1187/2421/2179 1225/2470/2217 1227/2473/2219
f  1226/2471/2218 1228/2474/2220 1227/2472/2219
f  1228/2475/2220 1188/2422/2180 1227/2473/2219
f  1227/2473/2219 1188/2422/2180 1187/2421/2179
f  1229/2476/2221 1228/2474/2220 1226/2471/2218
f  1229/2476/2221 1230/2477/2222 1228/2474/2220
f  1230/2478/2222 1188/2422/2180 1228/2475/2220
f  1230/2477/2222 1231/2479/2223 1232/2480/2224
f  1232/2481/2224 1233/2482/2225 1230/2478/2222
f  1230/2478/2222 1233/2482/2225 1188/2422/2180
f  1234/2483/2226 1230/2477/2222 1235/2484/2227
f  1231/2479/2223 1230/2477/2222 1234/2483/2226
f  1235/2484/2227 1230/2477/2222 1229/2476/2221
f  1236/2485/2228 1231/2486/2223 1234/2487/2226
f  1237/2488/2229 1238/2489/2230 1231/2479/2223
f  1232/2480/2224 1231/2479/2223 1238/2489/2230
f  1231/2486/2223 1239/2490/2231 1237/2491/2229
f  1231/2486/2223 1236/2485/2228 1239/2490/2231
f  1240/2492/2232 1236/2485/2228 1241/2493/2233
f  1242/2494/2234 1236/2485/2228 1240/2492/2232
f  1235/2495/2227 1241/2493/2233 1236/2485/2228
f  1242/2494/2234 1239/2490/2231 1236/2485/2228
f  1235/2495/2227 1236/2485/2228 1234/2487/2226
f  1243/2496/2235 1242/2494/2234 1240/2492/2232
f  1243/2496/2235 1244/2497/2236 1242/2494/2234
f  1242/2494/2234 1245/2498/2237 1239/2490/2231
f  1244/2497/2236 1245/2498/2237 1242/2494/2234
f  1246/2499/2238 1244/2497/2236 1243/2496/2235
f  1246/2499/2238 1247/2500/2239 1244/2497/2236
f  1247/2500/2239 1248/2501/2240 1244/2497/2236
f  1244/2497/2236 1248/2501/2240 1245/2498/2237
f  1249/2502/2241 1248/2501/2240 1250/2503/2242
f  1250/2503/2242 1248/2501/2240 1251/2504/2243
f  1247/2500/2239 1251/2504/2243 1248/2501/2240
f  1252/2505/2244 1248/2501/2240 1249/2502/2241
f  1252/2505/2244 1245/2498/2237 1248/2501/2240
f  1249/2506/2241 1253/2507/2245 1252/2508/2244
f  1254/2509/2246 1252/2508/2244 1253/2507/2245
f  1245/2498/2237 1252/2505/2244 1255/2510/2247
f  1254/2509/2246 1255/2511/2247 1252/2508/2244
f  1256/2512/2248 1255/2511/2247 1254/2509/2246
f  1254/2513/2246 1257/2514/2249 1256/2515/2248
f  1253/2516/2245 1257/2514/2249 1254/2513/2246
f  1256/2515/2248 1257/2514/2249 1258/2517/2250
f  1258/2517/2250 1257/2514/2249 1259/2518/2251
f  1253/2516/2245 1260/2519/2252 1257/2514/2249
f  1257/2514/2249 1260/2519/2252 1261/2520/2253
f  1257/2514/2249 1261/2520/2253 1259/2518/2251
f  1262/2521/2254 1261/2520/2253 1263/2522/2255
f  1170/2523/2162 1261/2520/2253 1262/2521/2254
f  1170/2523/2162 1259/2518/2251 1261/2520/2253
f  1260/2519/2252 1264/2524/2256 1261/2520/2253
f  1263/2522/2255 1261/2520/2253 1264/2524/2256
f  1171/2397/2163 1263/2525/2255 1265/2526/2257
f  1263/2522/2255 1264/2524/2256 1265/2527/2257
f  1171/2397/2163 1262/2528/2254 1263/2525/2255
f  1171/2397/2163 1265/2526/2257 1266/2529/2258
f  1265/2527/2257 1267/2530/2259 1266/2531/2258
f  1265/2527/2257 1264/2524/2256 1267/2530/2259
f  1268/2532/2260 1269/2533/2261 1267/2530/2259
f  1266/2531/2258 1267/2530/2259 1269/2533/2261
f  1270/2534/2262 1267/2530/2259 1264/2524/2256
f  1270/2534/2262 1268/2532/2260 1267/2530/2259
f  1271/2535/2263 1268/2532/2260 1272/2536/2264
f  1272/2536/2264 1268/2532/2260 1270/2534/2262
f  1271/2535/2263 1273/2537/2265 1268/2532/2260
f  1268/2532/2260 1273/2537/2265 1269/2533/2261
f  1274/2538/2266 1273/2537/2265 1271/2535/2263
f  1275/2539/2267 1273/2537/2265 1274/2538/2266
f  1276/2540/2268 1269/2533/2261 1273/2537/2265
f  1276/2540/2268 1273/2537/2265 1275/2539/2267
f  1277/564/2269 1269/2533/2261 1276/2540/2268
f  1275/2541/2267 1278/2542/2270 1276/2450/2268
f  1276/2450/2268 1278/2542/2270 1279/2543/2271
f  1276/2450/2268 1279/2543/2271 1277/381/2269
f  1280/2544/2272 1277/2545/2269 1279/2546/2271
f  1280/2544/2272 1266/2529/2258 1277/2545/2269
f  1266/2531/2258 1269/2533/2261 1277/564/2269
f  1281/2547/2273 1266/2529/2258 1280/2544/2272
f  1280/2548/2272 1282/2549/2274 1281/627/2273
f  1280/2544/2272 1279/2546/2271 1283/2550/2275
f  1284/2551/2276 1280/2552/2272 1283/2553/2275
f  1284/2551/2276 1285/2554/2277 1280/2552/2272
f  1285/2555/2278 1282/2549/2274 1280/2548/2272
f  1282/2556/2274 1286/2557/2279 1281/627/2273
f  1285/2555/2278 1287/2558/2280 1282/2549/2274
f  1287/2559/2280 1288/2560/2281 1282/2556/2274
f  1282/2556/2274 1288/2560/2281 1286/2557/2279
f  1286/2561/2279 1171/2404/2163 1281/381/2273
f  1286/2561/2279 1176/2403/2168 1171/2404/2163
f  1289/2562/2282 1286/2561/2279 1290/2563/2283
f  1289/2562/2282 1176/2403/2168 1286/2561/2279
f  1286/2557/2279 1288/2560/2281 1290/2564/2283
f  1288/2560/2281 1289/2565/2282 1290/2564/2283
f  1291/2566/2284 1164/2387/2156 1289/2562/2282
f  1176/2403/2168 1289/2562/2282 1164/2387/2156
f  1291/2566/2284 1289/2562/2282 1292/2567/2285
f  1289/2565/2282 1288/2560/2281 1293/2568/2286
f  1289/2565/2282 1293/2568/2286 1292/2569/2285
f  1293/2568/2286 1291/2570/2284 1292/2569/2285
f  1294/2571/2287 1291/2570/2284 1293/2568/2286
f  1294/2571/2287 1293/2568/2286 1295/2572/2288
f  1293/2568/2286 1296/2573/2289 1295/2572/2288
f  1296/2573/2289 1293/2568/2286 1288/2560/2281
f  1296/2574/2289 1294/2575/2287 1295/2576/2288
f  1294/2575/2287 1296/2574/2289 1297/2577/2290
f  1298/2578/2291 1297/2577/2290 1296/2574/2289
f  1296/2573/2289 1288/2560/2281 1298/2579/2291
f  1297/2577/2290 1298/2578/2291 1299/2580/2292
f  1299/2580/2292 1298/2578/2291 1300/2581/2293
f  1301/2582/2294 1298/2578/2291 1302/2583/2295
f  1300/2581/2293 1298/2578/2291 1301/2582/2294
f  1298/2579/2291 1303/2584/2296 1302/2585/2295
f  1298/2579/2291 1288/2560/2281 1303/2584/2296
f  1288/2560/2281 1304/2586/2297 1303/2584/2296
f  1302/2585/2295 1303/2584/2296 1304/2586/2297
f  1304/2587/2297 1305/2588/2298 1306/381/2299
f  1304/2587/2297 1307/2589/2300 1305/2588/2298
f  1307/2589/2300 1304/2587/2297 1308/2590/2301
f  1302/2585/2295 1304/2586/2297 1309/2591/2302
f  1309/2591/2302 1304/2586/2297 1306/2592/2299
f  1304/2586/2297 1288/2560/2281 1308/2593/2301
f  1306/2594/2299 1310/2595/2303 1309/2596/2302
f  1306/2594/2299 1311/2597/2304 1310/2595/2303
f  1311/2597/2304 1306/2594/2299 1312/2598/2305
f  1306/381/2299 1305/2588/2298 1312/564/2305
f  1312/2599/2306 1313/2600/2307 1311/115/2308
f  1313/2600/2307 1312/2599/2306 1305/2601/2309
f  1313/2602/2307 1314/2603/2310 1315/2604/2311
f  1313/2602/2307 1315/2604/2311 1311/2605/2308
f  1314/2603/2310 1313/2602/2307 1316/2606/2312
f  1313/2600/2307 1317/2607/2313 1316/2608/2312
f  1313/2600/2307 1305/2601/2309 1317/2607/2313
f  1317/2607/2313 1318/2609/2314 1316/2608/2312
f  1318/2609/2314 1317/2607/2313 1319/2610/2315
f  1319/2610/2315 1317/2607/2313 1278/2542/2270
f  1278/2542/2270 1317/2607/2313 1284/2551/2276
f  1317/2607/2313 1320/2611/2316 1284/2551/2276
f  1307/2612/2317 1317/2607/2313 1305/2601/2309
f  1317/2607/2313 1307/2612/2317 1320/2611/2316
f  1308/2590/2301 1320/2613/2318 1307/2589/2300
f  1287/2558/2280 1320/2613/2318 1308/2590/2301
f  1287/2558/2280 1285/2555/2278 1320/2613/2318
f  1285/2554/2277 1284/2551/2276 1320/2611/2316
f  1318/2609/2314 1319/2610/2315 1321/2614/2319
f  1321/2614/2319 1319/2610/2315 1322/627/2320
f  1322/627/2320 1319/2610/2315 1275/2541/2267
f  1275/2541/2267 1319/2610/2315 1278/2542/2270
f  1275/2539/2267 1274/2538/2266 1322/115/2320
f  1274/2615/2266 1323/2616/2321 1322/2617/2320
f  1323/381/2321 1321/2618/2319 1322/564/2320
f  1324/2619/2322 1321/2618/2319 1323/381/2321
f  1323/2616/2321 1325/2620/2323 1324/2621/2322
f  1326/2622/2324 1325/2620/2323 1323/2616/2321
f  1323/115/2321 1251/2504/2243 1326/2623/2324
f  1250/2503/2242 1251/2504/2243 1323/115/2321
f  1274/2615/2266 1250/2624/2242 1323/2616/2321
f  1327/2625/2325 1325/2620/2323 1326/2622/2324
f  1326/2623/2324 1328/2626/2326 1327/2622/2325
f  1326/2623/2324 1251/2504/2243 1328/2626/2326
f  1329/2627/2327 1328/2626/2326 1330/2628/2328
f  1330/2628/2328 1328/2626/2326 1247/2500/2239
f  1327/2622/2325 1328/2626/2326 1329/2627/2327
f  1328/2626/2326 1251/2504/2243 1247/2500/2239
f  1331/2629/2329 1329/2630/2327 1246/2631/2238
f  1331/2629/2329 1332/2632/2330 1329/2630/2327
f  1246/2631/2238 1329/2630/2327 1330/2633/2328
f  1327/2622/2325 1329/2627/2327 1332/627/2330
f  1331/2629/2329 1333/2634/2331 1332/2632/2330
f  1333/2635/2331 1327/2625/2325 1332/2636/2330
f  1331/2629/2329 1334/2637/2332 1333/2634/2331
f  1333/2635/2331 1335/2638/2333 1336/2639/2334
f  1333/2635/2331 1336/2639/2334 1327/2625/2325
f  1333/2634/2331 1334/2637/2332 1337/2640/2335
f  1337/2641/2335 1335/2638/2333 1333/2635/2331
f  1338/2642/2336 1339/2643/2337 1335/2638/2333
f  1339/2643/2337 1336/2639/2334 1335/2638/2333
f  1338/2642/2336 1335/2638/2333 1337/2641/2335
f  1340/2541/2338 1338/2539/2336 1341/115/2339
f  1338/2642/2336 1337/2641/2335 1341/2644/2339
f  1340/2541/2338 1342/2540/2340 1338/2539/2336
f  1342/2645/2340 1339/2643/2337 1338/2642/2336
f  1342/2540/2340 1343/2450/2341 1344/564/2342
f  1343/2450/2341 1342/2540/2340 1340/2541/2338
f  1314/2646/2310 1339/2643/2337 1342/2645/2340
f  1314/2646/2310 1342/2645/2340 1344/2647/2342
f  1344/564/2342 1343/2450/2341 1345/381/2343
f  1315/2604/2311 1314/2603/2310 1344/2648/2342
f  1344/2649/2342 1345/564/2343 1315/627/2311
f  1310/2595/2303 1315/2650/2311 1345/2651/2343
f  1343/2652/2341 1346/2653/2344 1345/627/2343
f  1345/627/2343 1346/2653/2344 1310/381/2303
f  1346/2654/2344 1347/2655/2345 1301/2656/2294
f  1348/2652/2346 1347/2655/2345 1346/2654/2344
f  1346/2654/2344 1301/2656/2294 1310/627/2303
f  1346/2653/2344 1343/2652/2341 1348/2657/2346
f  1343/2652/2341 1349/2110/2347 1348/2657/2346
f  1350/2658/2348 1348/2652/2346 1349/2659/2347
f  1348/2652/2346 1350/2658/2348 1347/2655/2345
f  1351/2660/2349 1350/2658/2348 1352/2661/2350
f  1351/2660/2349 1353/2662/2351 1350/2658/2348
f  1299/2663/2292 1347/2655/2345 1350/2658/2348
f  1299/2663/2292 1350/2658/2348 1353/2662/2351
f  1354/2664/2352 1352/2661/2350 1350/2658/2348
f  1354/2664/2352 1350/2658/2348 1349/2659/2347
f  1349/2110/2347 1340/2664/2338 1354/2665/2352
f  1340/2664/2338 1355/2666/2353 1354/2665/2352
f  1352/2661/2350 1354/2664/2352 1355/2667/2353
f  1355/2666/2353 1340/2664/2338 1356/115/2354
f  1355/2666/2353 1356/115/2354 1357/564/2355
f  1358/2668/2356 1355/2667/2353 1357/115/2355
f  1358/2668/2356 1352/2661/2350 1355/2667/2353
f  1358/2669/2356 1359/2670/2357 1351/2671/2349
f  1351/2660/2349 1352/2661/2350 1358/2668/2356
f  1359/2670/2357 1358/2669/2356 1357/2672/2355
f  1360/2673/2358 1361/2674/2359 1359/2670/2357
f  1360/2673/2358 1359/2670/2357 1362/2675/2360
f  1359/2670/2357 1357/2672/2355 1334/2676/2332
f  1361/2674/2359 1351/2671/2349 1359/2670/2357
f  1362/2675/2360 1359/2670/2357 1334/2676/2332
f  1363/2677/2361 1362/2678/2360 1364/2679/2362
f  1362/2678/2360 1363/2677/2361 1360/2680/2358
f  1365/2681/2363 1362/2678/2360 1366/2682/2364
f  1365/2681/2363 1364/2679/2362 1362/2678/2360
f  1362/2675/2360 1334/2676/2332 1366/381/2364
f  1367/2683/2365 1363/2677/2361 1364/2679/2362
f  1365/2681/2363 1367/2683/2365 1364/2679/2362
f  1368/2684/2366 1369/2685/2367 1367/2683/2365
f  1370/2686/2368 1368/2684/2366 1367/2683/2365
f  1369/2685/2367 1363/2677/2361 1367/2683/2365
f  1371/2687/2369 1367/2683/2365 1365/2681/2363
f  1370/2686/2368 1367/2683/2365 1371/2687/2369
f  1365/2688/2363 1370/2689/2368 1371/2690/2369
f  1366/2691/2364 1370/2689/2368 1365/2688/2363
f  1334/2637/2332 1370/2689/2368 1366/2691/2364
f  1370/2689/2368 1372/2692/2370 1373/2693/2371
f  1370/2689/2368 1374/2694/2372 1372/2692/2370
f  1373/2695/2371 1368/2684/2366 1370/2686/2368
f  1334/2637/2332 1374/2694/2372 1370/2689/2368
f  1374/2696/2372 1375/2697/2373 1372/2616/2370
f  1374/2696/2372 1376/2698/2374 1375/2697/2373
f  1331/2699/2329 1376/2698/2374 1374/2696/2372
f  1334/2637/2332 1331/2629/2329 1374/2694/2372
f  1376/2698/2374 1377/2700/2375 1378/2701/2376
f  1375/2697/2373 1376/2698/2374 1378/2701/2376
f  1331/2699/2329 1377/2700/2375 1376/2698/2374
f  1379/2702/2377 1377/2700/2375 1331/2699/2329
f  1380/2703/2378 1377/2700/2375 1379/2702/2377
f  1381/2704/2379 1378/2701/2376 1377/2700/2375
f  1380/2703/2378 1382/2705/2380 1377/2700/2375
f  1383/2706/2381 1377/2700/2375 1382/2705/2380
f  1381/2704/2379 1377/2700/2375 1384/2707/2382
f  1377/2700/2375 1383/2706/2381 1384/2707/2382
f  1384/2708/2382 1385/2709/2383 1381/2710/2379
f  1384/2708/2382 1386/2711/2384 1385/2709/2383
f  1386/2711/2384 1384/2708/2382 1383/2712/2381
f  1119/2713/2385 1386/2711/2384 1387/2714/2386
f  1388/2715/2387 1387/2714/2386 1386/2711/2384
f  1135/2716/2388 1385/2709/2383 1386/2711/2384
f  1386/2711/2384 1119/2713/2385 1389/2717/2389
f  1135/2716/2388 1386/2711/2384 1389/2717/2389
f  1388/2715/2387 1386/2711/2384 1383/2712/2381
f  1390/2718/2390 1387/2714/2386 1388/2715/2387
f  1388/2719/2387 1382/2705/2380 1390/2720/2390
f  1383/2706/2381 1382/2705/2380 1388/2719/2387
f  1382/2705/2380 1391/2721/2391 1390/2720/2390
f  1390/2718/2390 1392/2722/2392 1387/2714/2386
f  1392/2722/2392 1390/2718/2390 1391/2723/2391
f  1393/2724/2393 1392/2722/2392 1391/2723/2391
f  1391/2721/2391 1382/2705/2380 1394/2725/2394
f  1391/2721/2391 1394/2725/2394 1393/2726/2393
f  1394/2725/2394 1395/2727/2395 1393/2726/2393
f  1396/2728/2396 1393/2724/2393 1395/2729/2395
f  1393/2724/2393 1396/2728/2396 1392/2722/2392
f  1397/2730/2397 1396/2728/2396 1395/2729/2395
f  1395/2727/2395 1398/2731/2398 1397/2732/2397
f  1395/2727/2395 1394/2725/2394 1398/2731/2398
f  1398/2731/2398 1399/2733/2399 1397/2732/2397
f  1397/2730/2397 1400/2734/2400 1396/2728/2396
f  1400/2734/2400 1397/2730/2397 1399/2735/2399
f  1401/2736/2401 1400/2734/2400 1402/2737/2402
f  1403/2738/2403 1400/2734/2400 1401/2736/2401
f  1404/2739/2404 1400/2734/2400 1403/2738/2403
f  1404/2739/2404 1396/2728/2396 1400/2734/2400
f  1405/2740/2405 1402/2737/2402 1400/2734/2400
f  1405/2740/2405 1400/2734/2400 1399/2735/2399
f  1399/2733/2399 1406/2741/2406 1405/2742/2405
f  1406/2741/2406 1407/2743/2407 1405/2742/2405
f  1402/2737/2402 1405/2740/2405 1407/2744/2407
f  1407/2743/2407 1408/2745/2408 1409/2746/2409
f  1407/2743/2407 1406/2741/2406 1408/2745/2408
f  1409/2747/2409 1402/2737/2402 1407/2744/2407
f  1410/2748/2410 1411/2749/2411 1409/2747/2409
f  1409/2746/2409 1412/2750/2412 1410/2751/2410
f  1409/2746/2409 1408/2745/2408 1412/2750/2412
f  1409/2747/2409 1411/2749/2411 1402/2737/2402
f  1413/2752/2413 1402/2737/2402 1411/2749/2411
f  1413/2752/2413 1411/2749/2411 1414/2753/2414
f  1415/2754/2415 1414/2753/2414 1411/2749/2411
f  1415/2754/2415 1411/2749/2411 1410/2748/2410
f  1412/2750/2412 1415/2755/2415 1410/2751/2410
f  1415/2755/2415 1412/2750/2412 1416/2756/2416
f  1415/2755/2415 1416/2756/2416 1417/2757/2417
f  1418/2758/2418 1415/2754/2415 1417/2759/2417
f  1419/2760/2419 1415/2754/2415 1418/2758/2418
f  1414/2753/2414 1415/2754/2415 1419/2760/2419
f  1420/2761/2420 1418/2758/2418 1417/2759/2417
f  1417/2757/2417 1416/2756/2416 1420/564/2420
f  1416/2762/2416 1421/2763/2421 1420/381/2420
f  1422/2764/2422 1420/2761/2420 1421/2765/2421
f  1418/2758/2418 1420/2761/2420 1423/2766/2423
f  1423/2766/2423 1420/2761/2420 1422/2764/2422
f  1421/2765/2421 1424/2767/2424 1422/2764/2422
f  1425/2768/2425 1422/2769/2422 1424/2770/2424
f  1422/2769/2422 1425/2768/2425 1423/2771/2423
f  1425/2768/2425 1424/2770/2424 1426/2772/2426
f  1427/2773/2427 1428/2774/2428 1425/115/2425
f  1423/2771/2423 1425/2768/2425 1428/2775/2428
f  1426/2776/2426 1427/2777/2427 1425/627/2425
f  1429/2778/2429 1430/2779/2430 1427/2773/2427
f  1427/2773/2427 1430/2779/2430 1431/2780/2431
f  1427/2773/2427 1431/2780/2431 1428/2774/2428
f  1427/2777/2427 1426/2776/2426 1429/2781/2429
f  1429/2781/2429 1426/2776/2426 1432/2782/2432
f  1432/2782/2432 1433/2783/2433 1429/2781/2429
f  1434/2784/2434 1429/2778/2429 1433/2785/2433
f  1429/2778/2429 1434/2784/2434 1430/2779/2430
f  1435/2786/2435 1436/2787/2436 1434/2784/2434
f  1435/2786/2435 1434/2784/2434 1433/2785/2433
f  1434/2784/2434 1437/2788/2437 1430/2779/2430
f  1434/2784/2434 1438/2789/2438 1437/2788/2437
f  1438/2789/2438 1434/2784/2434 1439/2790/2439
f  1436/2787/2436 1439/2790/2439 1434/2784/2434
f  1440/2791/2440 1436/2787/2436 1441/2792/2441
f  1441/2792/2441 1436/2787/2436 1442/2793/2442
f  1436/2787/2436 1435/2786/2435 1442/2793/2442
f  1443/2794/2443 1436/2787/2436 1440/2791/2440
f  1443/2794/2443 1439/2790/2439 1436/2787/2436
f  1444/2795/2444 1110/2796/2088 1443/2797/2443
f  1444/2795/2444 1443/2797/2443 1445/2798/2445
f  1445/2798/2445 1443/2797/2443 1440/2799/2440
f  1110/2305/2088 1109/2304/2087 1443/2794/2443
f  1443/2794/2443 1109/2304/2087 1439/2790/2439
f  1446/2800/2446 1444/2801/2444 1445/2802/2445
f  1447/2803/2447 1445/2802/2445 1448/2804/2448
f  1445/2798/2445 1440/2799/2440 1448/2805/2448
f  1446/2800/2446 1445/2802/2445 1447/2803/2447
f  1449/2806/2449 1446/2800/2446 1447/2803/2447
f  1450/2807/2450 1449/2806/2449 1447/2803/2447
f  1447/2803/2447 1448/2804/2448 1451/2808/2451
f  1450/2807/2450 1447/2803/2447 1451/2808/2451
f  1452/2809/2452 1450/2807/2450 1451/2808/2451
f  1441/2810/2441 1451/2808/2451 1448/2804/2448
f  1451/2808/2451 1441/2810/2441 1453/2811/2453
f  1452/2809/2452 1451/2808/2451 1453/2811/2453
f  1454/2812/2454 1452/2809/2452 1453/2811/2453
f  1455/2813/2455 1453/2811/2453 1456/2814/2456
f  1453/2811/2453 1455/2813/2455 1457/2815/2457
f  1454/2812/2454 1453/2811/2453 1457/2815/2457
f  1453/2811/2453 1441/2810/2441 1458/2816/2458
f  1456/2814/2456 1453/2811/2453 1458/2816/2458
f  1458/2817/2458 1459/2818/2459 1456/2819/2456
f  1456/2819/2456 1459/2818/2459 1455/2820/2455
f  1435/2821/2435 1459/2818/2459 1458/2817/2458
f  1455/2820/2455 1459/2818/2459 1460/2822/2460
f  1432/2782/2432 1459/2818/2459 1435/2821/2435
f  1459/2818/2459 1432/2782/2432 1461/2823/2461
f  1461/2823/2461 1460/2822/2460 1459/2818/2459
f  1461/2823/2461 1462/2824/2462 1460/2822/2460
f  1462/2824/2462 1463/2825/2463 1460/2822/2460
f  1464/2826/2464 1460/2822/2460 1463/2825/2463
f  1455/2820/2455 1460/2822/2460 1464/2826/2464
f  1457/2815/2457 1455/2813/2455 1464/2827/2464
f  1464/2827/2464 1454/2812/2454 1457/2815/2457
f  1465/2828/2465 1454/2812/2454 1464/2827/2464
f  1464/2826/2464 1463/2825/2463 1465/2829/2465
f  1465/2829/2465 1463/2825/2463 1466/2830/2466
f  1466/2831/2466 1454/2812/2454 1465/2828/2465
f  1466/2830/2466 1463/2825/2463 1467/2832/2467
f  1454/2812/2454 1466/2831/2466 1468/2833/2468
f  1467/2832/2467 1468/2834/2468 1466/2830/2466
f  1468/2834/2468 1467/2832/2467 1469/2835/2469
f  1468/2834/2468 1469/2835/2469 1470/2836/2470
f  1454/2812/2454 1468/2833/2468 1470/2837/2470
f  1471/2838/2471 1470/2837/2470 1472/2839/2472
f  1454/2812/2454 1470/2837/2470 1471/2838/2471
f  1472/2839/2472 1470/2837/2470 1473/2840/2473
f  1470/2836/2470 1474/2841/2474 1473/2842/2473
f  1470/2836/2470 1469/2835/2469 1474/2841/2474
f  1474/2841/2474 1475/2843/2475 1476/2844/2476
f  1473/2842/2473 1474/2841/2474 1476/2844/2476
f  1469/2835/2469 1477/2845/2477 1474/2841/2474
f  1477/2845/2477 1475/2843/2475 1474/2841/2474
f  1478/2846/2478 1475/2843/2475 1479/2847/2479
f  1479/2847/2479 1475/2843/2475 1477/2845/2477
f  1478/2846/2478 1480/2848/2480 1475/2843/2475
f  1475/2843/2475 1480/2848/2480 1481/2849/2481
f  1475/2843/2475 1481/2849/2481 1476/2844/2476
f  1472/2850/2472 1481/2849/2481 1471/2851/2471
f  1481/2849/2481 1482/2852/2482 1471/2851/2471
f  1472/2850/2472 1476/2844/2476 1481/2849/2481
f  1480/2848/2480 1483/2853/2483 1481/2849/2481
f  1482/2852/2482 1481/2849/2481 1483/2853/2483
f  1482/2854/2482 1452/2809/2452 1454/2812/2454
f  1452/2809/2452 1482/2854/2482 1484/2855/2484
f  1482/2852/2482 1483/2853/2483 1484/2856/2484
f  1454/2812/2454 1471/2838/2471 1482/2854/2482
f  1452/2809/2452 1484/2855/2484 1485/2857/2485
f  1483/2853/2483 1485/2858/2485 1484/2856/2484
f  1452/2809/2452 1485/2857/2485 1486/2859/2486
f  1485/2858/2485 1483/2853/2483 1487/2860/2487
f  1485/2858/2485 1487/2860/2487 1486/2861/2486
f  1450/2807/2450 1486/2859/2486 1488/2862/2488
f  1452/2809/2452 1486/2859/2486 1450/2807/2450
f  1487/2860/2487 1488/2863/2488 1486/2861/2486
f  1450/2807/2450 1488/2862/2488 1489/2864/2489
f  1488/2863/2488 1487/2860/2487 1490/2865/2490
f  1488/2863/2488 1490/2865/2490 1489/2866/2489
f  1450/2807/2450 1489/2864/2489 1449/2806/2449
f  1490/2865/2490 1491/2867/2491 1489/2866/2489
f  1449/2806/2449 1489/2864/2489 1491/2868/2491
f  1491/2867/2491 1490/2865/2490 1492/2869/2492
f  1491/2867/2491 1492/2869/2492 1493/2870/2493
f  1493/2871/2493 1449/2806/2449 1491/2868/2491
f  1492/2869/2492 1494/2872/2494 1493/2870/2493
f  1495/2873/2495 1493/2871/2493 1494/2874/2494
f  1449/2806/2449 1493/2871/2493 1495/2873/2495
f  1495/2873/2495 1496/2875/2496 1497/2876/2497
f  1495/2873/2495 1498/2877/2498 1496/2875/2496
f  1495/2873/2495 1497/2876/2497 1446/2800/2446
f  1498/2877/2498 1495/2873/2495 1494/2874/2494
f  1449/2806/2449 1495/2873/2495 1446/2800/2446
f  1494/2872/2494 1499/2878/2499 1498/2879/2498
f  1499/2878/2499 1500/2880/2500 1498/2879/2498
f  1496/2875/2496 1498/2877/2498 1500/2881/2500
f  1501/2882/2501 1496/2875/2496 1500/2881/2500
f  1500/2880/2500 1499/2878/2499 1502/2883/2502
f  1500/2880/2500 1502/2883/2502 1501/2884/2501
f  1502/2883/2502 1503/2885/2503 1501/2884/2501
f  1503/2886/2503 1496/2875/2496 1501/2882/2501
f  1504/2887/2504 1503/2886/2503 1505/2888/2505
f  1496/2875/2496 1503/2886/2503 1504/2887/2504
f  1503/2885/2503 1502/2883/2502 1506/2889/2506
f  1503/2885/2503 1506/2889/2506 1505/2890/2505
f  1504/2887/2504 1505/2888/2505 1095/2285/2073
f  1095/2285/2073 1505/2888/2505 1096/2286/2074
f  1505/2890/2505 1506/2889/2506 1096/2891/2074
f  1506/2889/2506 1094/2892/2072 1096/2891/2074
f  1507/2893/2507 1506/2889/2506 1508/2894/2508
f  1506/2889/2506 1509/2895/2509 1508/2894/2508
f  1506/2889/2506 1507/2893/2507 1510/2896/2510
f  1094/2892/2072 1506/2889/2506 1510/2896/2510
f  1502/2883/2502 1509/2895/2509 1506/2889/2506
f  1509/2895/2509 1511/2897/2511 1508/2894/2508
f  1511/2897/2511 1509/2895/2509 1512/2898/2512
f  1512/2898/2512 1509/2895/2509 1513/2899/2513
f  1513/2899/2513 1509/2895/2509 1514/2900/2514
f  1509/2895/2509 1502/2883/2502 1514/2900/2514
f  1515/2901/2515 1516/2902/2516 1514/2900/2514
f  1514/2900/2514 1516/2902/2516 1513/2899/2513
f  1515/2901/2515 1514/2900/2514 1502/2883/2502
f  1517/2903/2517 1515/2901/2515 1518/2904/2518
f  1516/2902/2516 1515/2901/2515 1517/2903/2517
f  1519/2905/2519 1515/2901/2515 1520/2906/2520
f  1520/2906/2520 1515/2901/2515 1499/2878/2499
f  1515/2901/2515 1519/2905/2519 1518/2904/2518
f  1515/2901/2515 1502/2883/2502 1499/2878/2499
f  1518/2907/2518 1521/2908/2521 1517/2909/2517
f  1521/2908/2521 1518/2907/2518 1519/2910/2519
f  1522/2911/2522 1517/2909/2517 1521/2908/2521
f  1522/2911/2522 1521/2908/2521 1523/2912/2523
f  1523/2912/2523 1521/2908/2521 1524/2913/2524
f  1525/2914/2525 1524/2913/2524 1521/2908/2521
f  1525/2914/2525 1521/2908/2521 1519/2910/2519
f  1520/2906/2520 1526/2915/2526 1525/2916/2525
f  1524/2913/2524 1525/2914/2525 1526/2917/2526
f  1519/2905/2519 1520/2906/2520 1525/2916/2525
f  1526/2915/2526 1520/2906/2520 1527/2918/2527
f  1527/2919/2527 1528/2920/2528 1526/2917/2526
f  1524/2913/2524 1526/2917/2526 1528/2920/2528
f  1524/2913/2524 1528/2920/2528 1529/2921/2529
f  1529/2921/2529 1528/2920/2528 1530/2922/2530
f  1527/2919/2527 1530/2922/2530 1528/2920/2528
f  1531/2923/2531 1529/2921/2529 1530/2922/2530
f  1530/2922/2530 1527/2919/2527 1532/2924/2532
f  1530/2922/2530 1532/2924/2532 1533/2925/2533
f  1534/2926/2534 1531/2923/2531 1530/2922/2530
f  1534/2926/2534 1530/2922/2530 1533/2925/2533
f  1533/2927/2533 1535/2928/2535 1534/2929/2534
f  1533/2927/2533 1536/2930/2536 1535/2928/2535
f  1536/2930/2536 1533/2927/2533 1532/2931/2532
f  1537/2932/2537 1535/2928/2535 1538/2933/2538
f  1487/2860/2487 1538/2933/2538 1535/2928/2535
f  1535/2928/2535 1490/2865/2490 1487/2860/2487
f  1534/2929/2534 1535/2928/2535 1539/2934/2539
f  1535/2928/2535 1537/2932/2537 1539/2934/2539
f  1535/2928/2535 1536/2930/2536 1490/2865/2490
f  1540/2935/2540 1539/2936/2539 1537/2937/2537
f  1539/2936/2539 1540/2935/2540 1534/2926/2534
f  1531/2923/2531 1540/2935/2540 1541/2938/2541
f  1531/2923/2531 1534/2926/2534 1540/2935/2540
f  1541/2938/2541 1540/2935/2540 1542/2939/2542
f  1543/2940/2543 1540/2935/2540 1537/2937/2537
f  1544/2941/2544 1540/2935/2540 1543/2940/2543
f  1544/2941/2544 1542/2939/2542 1540/2935/2540
f  1542/2939/2542 1544/2941/2544 1545/2942/2545
f  1546/2943/2546 1545/2942/2545 1544/2941/2544
f  1544/2944/2544 1547/2945/2547 1546/2946/2546
f  1544/2944/2544 1538/2933/2538 1547/2945/2547
f  1538/2933/2538 1544/2944/2544 1543/2947/2543
f  1547/2945/2547 1548/2948/2548 1546/2946/2546
f  1545/2942/2545 1546/2943/2546 1548/2949/2548
f  1549/2950/2549 1545/2942/2545 1548/2949/2548
f  1547/2945/2547 1549/2951/2549 1548/2948/2548
f  1549/2951/2549 1480/2848/2480 1478/2846/2478
f  1478/2952/2478 1550/2953/2550 1549/2950/2549
f  1549/2951/2549 1547/2945/2547 1480/2848/2480
f  1549/2950/2549 1550/2953/2550 1545/2942/2545
f  1551/2954/2551 1545/2942/2545 1550/2953/2550
f  1550/2953/2550 1552/2955/2552 1553/2956/2553
f  1550/2953/2550 1553/2956/2553 1554/2957/2554
f  1552/2955/2552 1550/2953/2550 1479/2958/2479
f  1551/2954/2551 1550/2953/2550 1555/2959/2555
f  1555/2959/2555 1550/2953/2550 1554/2957/2554
f  1479/2958/2479 1550/2953/2550 1478/2952/2478
f  1556/2960/2556 1551/2954/2551 1555/2959/2555
f  1557/2961/2557 1542/2939/2542 1551/2954/2551
f  1557/2961/2557 1551/2954/2551 1556/2960/2556
f  1542/2939/2542 1545/2942/2545 1551/2954/2551
f  1558/2962/2558 1556/2960/2556 1559/2963/2559
f  1558/2962/2558 1557/2961/2557 1556/2960/2556
f  1559/2963/2559 1556/2960/2556 1560/2964/2560
f  1556/2960/2556 1555/2959/2555 1560/2964/2560
f  1561/2965/2561 1560/2964/2560 1562/2966/2562
f  1560/2964/2560 1563/2967/2563 1562/2966/2562
f  1560/2964/2560 1555/2959/2555 1563/2967/2563
f  1559/2963/2559 1560/2964/2560 1561/2965/2561
f  1564/2968/2564 1561/2965/2561 1565/2969/2565
f  1564/2968/2564 1559/2963/2559 1561/2965/2561
f  1561/2965/2561 1562/2966/2562 1566/2970/2566
f  1565/2969/2565 1561/2965/2561 1566/2970/2566
f  1565/2969/2565 1566/2970/2566 1567/2971/2567
f  1567/2971/2567 1568/2972/2568 1565/2969/2565
f  1565/2969/2565 1569/2973/2569 1564/2968/2564
f  1569/2973/2569 1565/2969/2565 1570/2974/2570
f  1565/2969/2565 1568/2972/2568 1570/2974/2570
f  1571/2975/2571 1570/2976/2570 1568/2977/2568
f  1570/2976/2570 1571/2975/2571 1569/2978/2569
f  1572/2979/2572 1569/2978/2569 1571/2975/2571
f  1571/2975/2571 1568/2977/2568 1573/2980/2573
f  1574/2981/2574 1571/2975/2571 1573/2980/2573
f  1575/2982/2575 1572/2979/2572 1571/2975/2571
f  1575/2982/2575 1571/2975/2571 1574/2981/2574
f  1576/2983/2576 1574/2981/2574 1577/2984/2577
f  1574/2981/2574 1573/2980/2573 1577/2984/2577
f  1578/2985/2578 1575/2982/2575 1574/2981/2574
f  1578/2985/2578 1574/2981/2574 1576/2983/2576
f  1576/2983/2576 1577/2984/2577 1579/2986/2579
f  1580/2987/2580 1576/2983/2576 1581/2988/2581
f  1580/2987/2580 1578/2985/2578 1576/2983/2576
f  1581/2988/2581 1576/2983/2576 1579/2986/2579
f  1579/2986/2579 1582/2989/2582 1583/2990/2583
f  1584/2991/2584 1579/2986/2579 1583/2990/2583
f  1579/2986/2579 1577/2984/2577 1582/2989/2582
f  1581/2988/2581 1579/2986/2579 1584/2991/2584
f  1585/2992/2585 1584/2991/2584 1586/2993/2586
f  1587/2994/2587 1584/2991/2584 1585/2992/2585
f  1587/2994/2587 1581/2988/2581 1584/2991/2584
f  1584/2991/2584 1583/2990/2583 1586/2993/2586
f  1585/2992/2585 1586/2993/2586 1588/2995/2588
f  1588/2995/2588 1586/2993/2586 1589/2996/2589
f  1586/2993/2586 1590/2997/2590 1589/2996/2589
f  1586/2993/2586 1583/2990/2583 1590/2997/2590
f  1583/2990/2583 1591/2998/2591 1590/2997/2590
f  1590/2997/2590 1591/2998/2591 1592/2999/2592
f  1589/2996/2589 1590/2997/2590 1593/3000/2593
f  1590/2997/2590 1592/2999/2592 1593/3000/2593
f  1593/3000/2593 1592/2999/2592 1594/3001/2594
f  1591/2998/2591 1595/3002/2595 1592/2999/2592
f  1592/2999/2592 1595/3002/2595 1596/3003/2596
f  1592/2999/2592 1596/3003/2596 1594/3001/2594
f  1595/3002/2595 1597/3004/2597 1596/3003/2596
f  1598/3005/2598 1596/3003/2596 1597/3004/2597
f  1596/3003/2596 1599/3006/2599 1600/3007/2600
f  1596/3003/2596 1598/3005/2598 1599/3006/2599
f  1594/3001/2594 1596/3003/2596 1600/3007/2600
f  1601/3008/2601 1599/3009/2599 1598/3010/2598
f  1598/3010/2598 1602/3011/2602 1601/3008/2601
f  1597/3012/2597 1602/3011/2602 1598/3010/2598
f  1602/3011/2602 1603/3013/2603 1601/3008/2601
f  1604/3014/2604 1605/3015/2605 1602/3011/2602
f  1602/3011/2602 1605/3015/2605 1603/3013/2603
f  1602/3011/2602 1597/3012/2597 1606/3016/2606
f  1606/3016/2606 1604/3014/2604 1602/3011/2602
f  1607/3017/2607 1604/3014/2604 1606/3016/2606
f  1606/3018/2606 1595/3002/2595 1607/3019/2607
f  1595/3002/2595 1606/3018/2606 1597/3004/2597
f  1604/3014/2604 1607/3017/2607 1608/3020/2608
f  1609/3021/2609 1608/3022/2608 1607/3019/2607
f  1609/3021/2609 1607/3019/2607 1595/3002/2595
f  1591/2998/2591 1609/3021/2609 1595/3002/2595
f  1582/2989/2582 1610/3023/2610 1609/3021/2609
f  1582/2989/2582 1609/3021/2609 1591/2998/2591
f  1608/3022/2608 1609/3021/2609 1611/3024/2611
f  1610/3023/2610 1611/3024/2611 1609/3021/2609
f  1573/2980/2573 1612/3025/2612 1610/3023/2610
f  1577/2984/2577 1573/2980/2573 1610/3023/2610
f  1610/3023/2610 1613/3026/2613 1611/3024/2611
f  1613/3026/2613 1610/3023/2610 1612/3025/2612
f  1577/2984/2577 1610/3023/2610 1582/2989/2582
f  1613/3027/2613 1567/2971/2567 1614/3028/2614
f  1614/3028/2614 1611/3029/2611 1613/3027/2613
f  1612/3030/2612 1567/2971/2567 1613/3027/2613
f  1614/3028/2614 1615/3031/2615 1616/3032/2616
f  1614/3028/2614 1616/3032/2616 1604/3014/2604
f  1611/3029/2611 1614/3028/2614 1608/3020/2608
f  1567/2971/2567 1615/3031/2615 1614/3028/2614
f  1608/3020/2608 1614/3028/2614 1604/3014/2604
f  1567/2971/2567 1566/2970/2566 1615/3031/2615
f  1615/3031/2615 1617/3033/2617 1616/3032/2616
f  1615/3031/2615 1618/3034/2618 1617/3033/2617
f  1566/2970/2566 1618/3034/2618 1615/3031/2615
f  1562/2966/2562 1619/3035/2619 1618/3034/2618
f  1566/2970/2566 1562/2966/2562 1618/3034/2618
f  1618/3034/2618 1620/3036/2620 1617/3033/2617
f  1618/3034/2618 1619/3035/2619 1620/3036/2620
f  1617/3033/2617 1620/3036/2620 1621/3037/2621
f  1620/3036/2620 1622/3038/2622 1621/3037/2621
f  1619/3035/2619 1623/3039/2623 1620/3036/2620
f  1620/3036/2620 1623/3039/2623 1622/3038/2622
f  1621/3037/2621 1622/3038/2622 1624/3040/2624
f  1622/3038/2622 1625/3041/2625 1624/3040/2624
f  1623/3039/2623 1626/3042/2626 1622/3038/2622
f  1622/3038/2622 1626/3042/2626 1625/3041/2625
f  1625/3041/2625 1627/3043/2627 1628/3044/2628
f  1625/3041/2625 1628/3044/2628 1629/3045/2629
f  1624/3040/2624 1625/3041/2625 1629/3045/2629
f  1626/3042/2626 1627/3043/2627 1625/3041/2625
f  1626/3042/2626 1630/3046/2630 1627/3043/2627
f  1631/3047/2631 1627/3043/2627 1630/3046/2630
f  1632/3048/2632 1627/3043/2627 1631/3047/2631
f  1633/3049/2633 1627/3043/2627 1632/3048/2632
f  1633/3049/2633 1628/3044/2628 1627/3043/2627
f  1634/3050/2634 1628/3044/2628 1633/3049/2633
f  1633/3051/2633 1635/3052/2635 1634/3053/2634
f  1633/3051/2633 1636/3054/2636 1635/3052/2635
f  1632/3055/2632 1636/3054/2636 1633/3051/2633
f  1637/3056/2637 1628/3044/2628 1634/3050/2634
f  1634/3053/2634 1635/3052/2635 1637/3057/2637
f  1637/3056/2637 1638/3058/2638 1628/3044/2628
f  1639/3059/2639 1638/3058/2638 1637/3056/2637
f  1637/3057/2637 1640/3060/2640 1639/3061/2639
f  1637/3057/2637 1635/3052/2635 1640/3060/2640
f  1629/3045/2629 1638/3058/2638 1641/3062/2641
f  1641/3062/2641 1638/3058/2638 1642/3063/2642
f  1643/3064/2643 1642/3063/2642 1638/3058/2638
f  1629/3045/2629 1628/3044/2628 1638/3058/2638
f  1643/3064/2643 1638/3058/2638 1639/3059/2639
f  1644/3065/2644 1642/3063/2642 1643/3064/2643
f  1643/3066/2643 1645/3067/2645 1644/3068/2644
f  1639/3061/2639 1640/3060/2640 1643/3066/2643
f  1643/3066/2643 1640/3060/2640 1645/3067/2645
f  1644/3068/2644 1645/3067/2645 1646/3069/2646
f  1646/3069/2646 1645/3067/2645 1647/3070/2647
f  1640/3060/2640 1648/3071/2648 1645/3067/2645
f  1645/3067/2645 1649/3072/2649 1647/3070/2647
f  1645/3067/2645 1648/3071/2648 1649/3072/2649
f  1647/3070/2647 1649/3072/2649 1650/3073/2650
f  1648/3071/2648 1651/3074/2651 1649/3072/2649
f  1649/3072/2649 1652/3075/2652 1650/3073/2650
f  1649/3072/2649 1651/3074/2651 1652/3075/2652
f  1652/3075/2652 1653/3076/2653 1654/3077/2654
f  1652/3075/2652 1654/3077/2654 1655/3078/2655
f  1651/3074/2651 1653/3076/2653 1652/3075/2652
f  1650/3073/2650 1652/3075/2652 1655/3078/2655
f  1656/3079/2656 1655/3078/2655 1657/3080/2657
f  1650/3073/2650 1655/3078/2655 1656/3079/2656
f  1655/3078/2655 1654/3077/2654 1658/3081/2658
f  1655/3078/2655 1658/3081/2658 1657/3080/2657
f  1654/3077/2654 1659/3082/2659 1658/3081/2658
f  1658/3081/2658 1659/3082/2659 1660/3083/2660
f  1658/3081/2658 1660/3083/2660 1661/3084/2661
f  1657/3080/2657 1658/3081/2658 1661/3084/2661
f  1662/3085/2662 1661/3084/2661 1663/3086/2663
f  1657/3080/2657 1661/3084/2661 1662/3085/2662
f  1661/3084/2661 1664/3087/2664 1663/3086/2663
f  1661/3084/2661 1660/3083/2660 1664/3087/2664
f  1660/3083/2660 1665/3088/2665 1664/3087/2664
f  1664/3087/2664 1665/3088/2665 1666/3089/2666
f  1663/3086/2663 1664/3087/2664 1667/3090/2667
f  1664/3087/2664 1666/3089/2666 1667/3090/2667
f  1665/3088/2665 1668/3091/2668 1666/3089/2666
f  1666/3089/2666 1668/3091/2668 1669/3092/2669
f  1666/3089/2666 1669/3092/2669 1670/3093/2670
f  1667/3090/2667 1666/3089/2666 1670/3093/2670
f  1670/3093/2670 1669/3092/2669 1671/3094/2671
f  1670/3093/2670 1671/3094/2671 1672/3095/2672
f  1667/3090/2667 1670/3093/2670 1673/3096/2673
f  1673/3096/2673 1670/3093/2670 1672/3095/2672
f  1672/3095/2672 1671/3094/2671 1674/3097/2674
f  1672/3095/2672 1674/3097/2674 1675/3098/2675
f  1673/3096/2673 1672/3095/2672 1676/3099/2676
f  1676/3099/2676 1672/3095/2672 1675/3098/2675
f  1677/3100/2677 1675/3098/2675 1678/3101/2678
f  1679/3102/2679 1675/3098/2675 1677/3100/2677
f  1675/3098/2675 1680/3103/2680 1678/3101/2678
f  1675/3098/2675 1674/3097/2674 1680/3103/2680
f  1676/3099/2676 1675/3098/2675 1679/3102/2679
f  1681/3104/2681 1679/3102/2679 1682/3105/2682
f  1679/3102/2679 1677/3100/2677 1682/3105/2682
f  1683/3106/2683 1679/3102/2679 1684/3107/2684
f  1683/3106/2683 1676/3099/2676 1679/3102/2679
f  1684/3107/2684 1679/3102/2679 1681/3104/2681
f  1685/3108/2685 1681/3104/2681 1686/3109/2686
f  1681/3104/2681 1687/3110/2687 1686/3109/2686
f  1681/3104/2681 1682/3105/2682 1687/3110/2687
f  1684/3107/2684 1681/3104/2681 1685/3108/2685
f  1685/3108/2685 1686/3109/2686 1688/3111/2688
f  1689/3112/2689 1685/3108/2685 1688/3111/2688
f  1689/3112/2689 1684/3107/2684 1685/3108/2685
f  1689/3112/2689 1688/3111/2688 1690/3113/2690
f  1691/3114/2691 1690/3113/2690 1688/3111/2688
f  1691/3114/2691 1688/3111/2688 1692/3115/2692
f  1692/3115/2692 1688/3111/2688 1693/3116/2693
f  1693/3116/2693 1688/3111/2688 1694/3117/2694
f  1694/3117/2694 1688/3111/2688 1686/3109/2686
f  1692/3118/2692 1695/3119/2695 1691/3120/2691
f  1696/3121/2696 1692/3118/2692 1693/3122/2693
f  1692/3118/2692 1696/3121/2696 1695/3119/2695
f  1696/3121/2696 1697/3123/2697 1695/3119/2695
f  1697/3123/2697 1698/3124/2698 1695/3119/2695
f  1695/3119/2695 1699/3125/2699 1691/3120/2691
f  1699/3125/2699 1695/3119/2695 1698/3124/2698
f  1700/3126/2700 1690/3113/2690 1699/3127/2699
f  1699/3125/2699 1701/3128/2701 1700/3129/2700
f  1690/3113/2690 1691/3114/2691 1699/3127/2699
f  1699/3125/2699 1698/3124/2698 1701/3128/2701
f  1700/3129/2700 1701/3128/2701 1702/3130/2702
f  1698/3124/2698 1703/3131/2703 1701/3128/2701
f  1701/3128/2701 1703/3131/2703 1702/3130/2702
f  1698/3124/2698 1704/3132/2704 1703/3131/2703
f  1704/3132/2704 1705/3133/2705 1703/3131/2703
f  1703/3131/2703 1705/3133/2705 1706/3134/2706
f  1703/3131/2703 1706/3134/2706 1702/3130/2702
f  1705/3133/2705 1707/3135/2707 1706/3134/2706
f  1706/3134/2706 1707/3135/2707 1708/3136/2708
f  1706/3134/2706 1708/3136/2708 1709/3137/2709
f  1702/3130/2702 1706/3134/2706 1709/3137/2709
f  1710/3138/2710 1709/3137/2709 1711/3139/2711
f  1710/3138/2710 1702/3130/2702 1709/3137/2709
f  1709/3137/2709 1708/3136/2708 1712/3140/2712
f  1711/3139/2711 1709/3137/2709 1712/3140/2712
f  1712/3140/2712 1713/3141/2713 1714/3142/2714
f  1713/3141/2713 1712/3140/2712 1715/3143/2715
f  1716/3144/2716 1712/3140/2712 1708/3136/2708
f  1711/3139/2711 1712/3140/2712 1714/3142/2714
f  1715/3143/2715 1712/3140/2712 1716/3144/2716
f  1713/3141/2713 1715/3143/2715 1717/564/2717
f  1716/3145/2716 1718/3146/2718 1715/3147/2715
f  1715/3147/2715 1718/3146/2718 1719/3148/2719
f  1715/3147/2715 1719/3148/2719 1717/3149/2717
f  1720/3150/2720 1721/3151/2721 1717/3152/2717
f  1717/3152/2717 1721/3151/2721 1713/3153/2713
f  1717/3149/2717 1719/3148/2719 1720/3154/2720
f  1722/3155/2722 1720/3150/2720 1723/3156/2723
f  1720/3150/2720 1722/3155/2722 1721/3151/2721
f  1720/3154/2720 1724/3157/2724 1723/3158/2723
f  1720/3154/2720 1719/3148/2719 1724/3157/2724
f  1725/3159/2725 1724/3157/2724 1726/3160/2726
f  1719/3148/2719 1726/3160/2726 1724/3157/2724
f  1724/3157/2724 1725/3159/2725 1723/3158/2723
f  1727/3161/2727 1728/3162/2728 1725/3163/2725
f  1725/3163/2725 1728/3162/2728 1722/3155/2722
f  1722/3155/2722 1723/3156/2723 1725/3163/2725
f  1725/3159/2725 1729/3164/2729 1727/3165/2727
f  1725/3159/2725 1726/3160/2726 1729/3164/2729
f  1728/3162/2728 1727/3161/2727 1730/3166/2730
f  1727/3165/2727 1731/3167/2731 1730/3168/2730
f  1727/3165/2727 1729/3164/2729 1731/3167/2731
f  1729/3164/2729 1732/3169/2732 1731/3167/2731
f  1732/3169/2732 1733/3170/2733 1731/3167/2731
f  1730/3168/2730 1731/3167/2731 1734/3171/2734
f  1731/3167/2731 1733/3170/2733 1734/3171/2734
f  1735/3172/2735 1733/3170/2733 1732/3169/2732
f  1736/3173/2736 1733/3170/2733 1737/3174/2737
f  1733/3170/2733 1735/3172/2735 1737/3174/2737
f  1738/3175/2738 1733/3170/2733 1736/3173/2736
f  1739/3176/2739 1734/3171/2734 1733/3170/2733
f  1739/3176/2739 1733/3170/2733 1740/3177/2740
f  1740/3177/2740 1733/3170/2733 1738/3175/2738
f  1741/3178/2741 1742/3179/2742 1738/3180/2738
f  1741/3178/2741 1738/3180/2738 1743/627/2743
f  1742/3179/2742 1740/3181/2740 1738/3180/2738
f  1738/3175/2738 1736/3173/2736 1743/115/2743
f  1736/3182/2736 1744/3183/2744 1743/627/2743
f  1744/3184/2744 1741/3185/2741 1743/3186/2743
f  1736/3182/2736 1745/3187/2745 1744/3183/2744
f  1744/3183/2744 1745/3187/2745 1746/3188/2746
f  1744/3184/2744 1747/3189/2747 1741/3185/2741
f  1746/3190/2746 1747/3189/2747 1744/3184/2744
f  1746/3188/2746 1745/3187/2745 1748/3191/2748
f  1746/3188/2746 1748/3191/2748 1749/3192/2749
f  1746/3190/2746 1750/3193/2750 1747/3189/2747
f  1749/3194/2749 1750/3193/2750 1746/3190/2746
f  1749/3192/2749 1751/3195/2751 1752/3196/2752
f  1749/3192/2749 1748/3191/2748 1751/3195/2751
f  1753/3197/2753 1749/3194/2749 1752/3198/2752
f  1749/3194/2749 1754/3199/2754 1750/3193/2750
f  1749/3194/2749 1755/3200/2755 1754/3199/2754
f  1755/3200/2755 1749/3194/2749 1756/3201/2756
f  1756/3201/2756 1749/3194/2749 1753/3197/2753
f  1753/3197/2753 1752/3198/2752 1757/3202/2757
f  1753/3203/2753 1758/3204/2758 1756/3205/2756
f  1753/3203/2753 1759/3206/2759 1758/3204/2758
f  1757/3207/2757 1759/3206/2759 1753/3203/2753
f  1760/3208/2760 1759/3206/2759 1757/3207/2757
f  1758/3204/2758 1759/3206/2759 1761/3209/2761
f  1760/3208/2760 1761/3209/2761 1759/3206/2759
f  1762/3210/2762 1760/3211/2760 1763/3212/2763
f  1760/3211/2760 1762/3210/2762 1764/3213/2764
f  1760/3208/2760 1757/3207/2757 1765/115/2765
f  1763/3212/2763 1760/3211/2760 1765/627/2765
f  1766/3214/2766 1760/3208/2760 1764/3215/2764
f  1767/3216/2767 1760/3208/2760 1766/3214/2766
f  1761/3209/2761 1760/3208/2760 1767/3216/2767
f  1767/3217/2767 1768/3218/2768 1769/381/2769
f  1766/3219/2766 1768/3218/2768 1767/3217/2767
f  1769/564/2769 1761/3209/2761 1767/3216/2767
f  1769/3220/2769 1770/3221/2770 1771/3222/2771
f  1769/3220/2769 1771/3222/2771 1772/3223/2772
f  1772/3224/2772 1761/3209/2761 1769/564/2769
f  1768/3225/2768 1770/3221/2770 1769/3220/2769
f  1773/3226/2773 1770/3221/2770 1774/3227/2774
f  1770/3221/2770 1775/3228/2775 1774/3227/2774
f  1770/3221/2770 1776/3229/2776 1777/3230/2777
f  1777/3230/2777 1771/3222/2771 1770/3221/2770
f  1776/3229/2776 1770/3221/2770 1778/3231/2778
f  1773/3226/2773 1779/3232/2779 1770/3221/2770
f  1778/3231/2778 1770/3221/2770 1779/3232/2779
f  1770/3221/2770 1780/3233/2780 1775/3228/2775
f  1770/3221/2770 1781/3234/2781 1780/3233/2780
f  1770/3221/2770 1768/3225/2768 1781/3234/2781
f  1768/3218/2768 1782/3235/2782 1781/3236/2781
f  1781/3236/2781 1782/3235/2782 1783/3237/2783
f  1781/3236/2781 1783/3237/2783 1780/3238/2780
f  1762/3210/2762 1783/3237/2783 1782/3235/2782
f  1762/3210/2762 1784/3239/2784 1783/3237/2783
f  1784/3239/2784 1785/3240/2785 1783/3237/2783
f  1780/3238/2780 1783/3237/2783 1785/3240/2785
f  1784/3239/2784 1786/3241/2786 1785/3240/2785
f  1785/3240/2785 1775/3242/2775 1780/3238/2780
f  1775/3242/2775 1785/3240/2785 1787/3243/2787
f  1786/3241/2786 1787/3243/2787 1785/3240/2785
f  1788/3244/2788 1787/3243/2787 1789/3245/2789
f  1789/3245/2789 1787/3243/2787 1790/3246/2790
f  1775/3242/2775 1787/3243/2787 1788/3244/2788
f  1786/3241/2786 1791/3247/2791 1787/3243/2787
f  1791/3247/2791 1790/3246/2790 1787/3243/2787
f  1792/3248/2792 1793/3249/2793 1790/3246/2790
f  1791/3247/2791 1792/3248/2792 1790/3246/2790
f  1789/3245/2789 1790/3246/2790 1793/3249/2793
f  1792/3248/2792 1794/3250/2794 1793/3249/2793
f  1793/3249/2793 1795/3251/2795 1796/3252/2796
f  1795/3251/2795 1793/3249/2793 1797/3253/2797
f  1789/3245/2789 1793/3249/2793 1798/3254/2798
f  1798/3254/2798 1793/3249/2793 1799/3255/2799
f  1793/3249/2793 1796/3252/2796 1799/3255/2799
f  1797/3253/2797 1793/3249/2793 1794/3250/2794
f  1798/3254/2798 1799/3255/2799 1800/3256/2800
f  1796/3257/2796 1801/3258/2801 1799/3259/2799
f  1799/3259/2799 1801/3258/2801 1800/381/2800
f  1802/3260/2802 1800/3261/2800 1801/3262/2801
f  1802/3260/2802 1798/3263/2798 1800/3261/2800
f  1678/3101/2678 1802/3260/2802 1803/3264/2803
f  1678/3101/2678 1680/3103/2680 1802/3260/2802
f  1680/3103/2680 1774/3227/2774 1802/3260/2802
f  1789/3265/2789 1802/3260/2802 1774/3227/2774
f  1804/3266/2804 1802/3260/2802 1801/3262/2801
f  1802/3260/2802 1789/3265/2789 1798/3263/2798
f  1804/3266/2804 1803/3264/2803 1802/3260/2802
f  1677/3100/2677 1803/3264/2803 1805/3267/2805
f  1806/3268/2806 1805/3267/2805 1803/3264/2803
f  1806/3268/2806 1803/3264/2803 1807/3269/2807
f  1803/3264/2803 1804/3266/2804 1807/3269/2807
f  1677/3100/2677 1678/3101/2678 1803/3264/2803
f  1807/3270/2807 1808/3271/2808 1806/3272/2806
f  1809/3273/2809 1807/3270/2807 1804/3274/2804
f  1807/3270/2807 1809/3273/2809 1808/3271/2808
f  1810/3275/2810 1811/3276/2811 1808/3271/2808
f  1812/3277/2812 1808/3271/2808 1811/3276/2811
f  1813/3278/2813 1808/3271/2808 1809/3273/2809
f  1813/3278/2813 1810/3275/2810 1808/3271/2808
f  1808/3271/2808 1812/3277/2812 1806/3272/2806
f  1814/3279/2814 1810/3275/2810 1815/3280/2815
f  1815/3280/2815 1810/3275/2810 1813/3278/2813
f  1814/3279/2814 1816/3281/2816 1810/3275/2810
f  1810/3275/2810 1816/3281/2816 1811/3276/2811
f  1816/3281/2816 1817/3282/2817 1811/3276/2811
f  1818/3283/2818 1819/3284/2819 1816/3281/2816
f  1816/3281/2816 1819/3284/2819 1817/3282/2817
f  1818/3283/2818 1816/3281/2816 1814/3279/2814
f  1820/3285/2820 1821/3286/2821 1818/3287/2818
f  1820/3285/2820 1818/3287/2818 1814/3288/2814
f  1821/3289/2821 1819/3284/2819 1818/3283/2818
f  1821/3286/2821 1822/3290/2822 1823/3291/2823
f  1822/3290/2822 1821/3286/2821 1824/3292/2824
f  1824/3292/2824 1821/3286/2821 1820/3285/2820
f  1821/3289/2821 1825/3293/2825 1819/3284/2819
f  1823/3294/2823 1825/3293/2825 1821/3289/2821
f  1823/3291/2823 1822/3290/2822 1826/3295/2826
f  1826/3296/2826 1825/3293/2825 1823/3294/2823
f  1826/3295/2826 1822/3290/2822 1827/3297/2827
f  1827/3298/2827 1828/3299/2828 1826/3296/2826
f  1826/3296/2826 1828/3299/2828 1825/3293/2825
f  1827/3298/2827 1697/3123/2697 1828/3299/2828
f  1825/3293/2825 1828/3299/2828 1829/3300/2829
f  1829/3300/2829 1828/3299/2828 1696/3121/2696
f  1828/3299/2828 1697/3123/2697 1696/3121/2696
f  1830/3301/2830 1829/3300/2829 1694/3302/2694
f  1694/3302/2694 1829/3300/2829 1696/3121/2696
f  1830/3301/2830 1817/3282/2817 1829/3300/2829
f  1817/3282/2817 1825/3293/2825 1829/3300/2829
f  1694/3117/2694 1686/3109/2686 1830/3303/2830
f  1686/3109/2686 1831/3304/2831 1830/3303/2830
f  1817/3282/2817 1830/3301/2830 1831/3305/2831
f  1831/3304/2831 1686/3109/2686 1687/3110/2687
f  1831/3304/2831 1687/3110/2687 1832/3306/2832
f  1832/3307/2832 1817/3282/2817 1831/3305/2831
f  1687/3110/2687 1833/3308/2833 1832/3306/2832
f  1811/3276/2811 1832/3307/2832 1833/3309/2833
f  1832/3307/2832 1811/3276/2811 1817/3282/2817
f  1833/3308/2833 1687/3110/2687 1805/3267/2805
f  1833/3308/2833 1805/3267/2805 1812/3310/2812
f  1812/3277/2812 1811/3276/2811 1833/3309/2833
f  1827/3297/2827 1822/3290/2822 1834/3311/2834
f  1827/3297/2827 1834/3311/2834 1835/3312/2835
f  1836/3313/2836 1827/3298/2827 1835/3314/2835
f  1827/3298/2827 1837/3315/2837 1697/3123/2697
f  1837/3315/2837 1827/3298/2827 1836/3313/2836
f  1838/3316/2838 1834/3311/2834 1839/3317/2839
f  1840/3318/2840 1839/3319/2839 1834/3320/2834
f  1822/3321/2822 1840/3318/2840 1834/3320/2834
f  1835/3312/2835 1834/3311/2834 1841/3322/2841
f  1841/3322/2841 1834/3311/2834 1842/3323/2842
f  1842/3323/2842 1834/3311/2834 1838/3316/2838
f  1822/3321/2822 1843/3324/2843 1840/3318/2840
f  1844/3325/2844 1840/3318/2840 1843/3324/2843
f  1840/3318/2840 1845/3326/2845 1839/3319/2839
f  1845/3326/2845 1840/3318/2840 1846/3327/2846
f  1844/3325/2844 1846/3327/2846 1840/3318/2840
f  1847/3328/2847 1848/3329/2848 1844/3325/2844
f  1847/3328/2847 1844/3325/2844 1849/3330/2849
f  1850/3331/2850 1844/3325/2844 1848/3329/2848
f  1844/3325/2844 1843/3324/2843 1849/3330/2849
f  1844/3325/2844 1850/3331/2850 1846/3327/2846
f  1848/3332/2848 1851/3333/2851 1850/3334/2850
f  1851/3333/2851 1846/3335/2846 1850/3334/2850
f  1848/3332/2848 1852/3336/2852 1851/3333/2851
f  1853/3337/2853 1851/3333/2851 1854/3338/2854
f  1846/3335/2846 1851/3333/2851 1853/3337/2853
f  1854/3338/2854 1851/3333/2851 1852/3336/2852
f  1848/3332/2848 1855/3339/2855 1852/3336/2852
f  1854/3338/2854 1852/3336/2852 1856/3340/2856
f  1856/3340/2856 1852/3336/2852 1857/3341/2857
f  1729/3164/2729 1852/3336/2852 1855/3339/2855
f  1852/3336/2852 1729/3164/2729 1857/3341/2857
f  1857/3341/2857 1729/3164/2729 1726/3160/2726
f  1718/3146/2718 1857/3341/2857 1726/3160/2726
f  1856/3340/2856 1857/3341/2857 1718/3146/2718
f  1855/3339/2855 1848/3332/2848 1858/3342/2858
f  1859/3343/2859 1855/3339/2855 1858/3342/2858
f  1859/3343/2859 1732/3169/2732 1855/3339/2855
f  1855/3339/2855 1732/3169/2732 1729/3164/2729
f  1848/3329/2848 1859/3344/2859 1858/3345/2858
f  1860/3346/2860 1859/3344/2859 1847/3328/2847
f  1859/3344/2859 1860/3346/2860 1735/3347/2735
f  1848/3329/2848 1847/3328/2847 1859/3344/2859
f  1859/3344/2859 1735/3347/2735 1861/3348/2861
f  1732/3169/2732 1859/3343/2859 1861/3349/2861
f  1735/3172/2735 1732/3169/2732 1861/3349/2861
f  1745/3187/2745 1860/3346/2860 1862/3350/2862
f  1860/3346/2860 1863/3351/2863 1862/3350/2862
f  1860/3346/2860 1847/3328/2847 1863/3351/2863
f  1745/3187/2745 1735/3347/2735 1860/3346/2860
f  1862/3350/2862 1863/3351/2863 1864/3352/2864
f  1847/3328/2847 1849/3330/2849 1863/3351/2863
f  1863/3351/2863 1849/3330/2849 1865/3353/2865
f  1863/3351/2863 1865/3353/2865 1864/3352/2864
f  1862/3350/2862 1864/3352/2864 1866/3354/2866
f  1866/3354/2866 1864/3352/2864 1867/3355/2867
f  1864/3352/2864 1868/3356/2868 1867/3355/2867
f  1864/3352/2864 1865/3353/2865 1868/3356/2868
f  1869/3357/2869 1867/3355/2867 1868/3356/2868
f  1865/3353/2865 1870/3358/2870 1868/3356/2868
f  1869/3357/2869 1868/3356/2868 1871/3359/2871
f  1871/3359/2871 1868/3356/2868 1870/3358/2870
f  1871/3359/2871 1870/3358/2870 1872/3360/2872
f  1869/3357/2869 1871/3359/2871 1873/3361/2873
f  1871/3362/2871 1792/3248/2792 1873/3363/2873
f  1871/3362/2871 1794/3250/2794 1792/3248/2792
f  1794/3250/2794 1871/3362/2871 1874/3364/2874
f  1871/3359/2871 1872/3360/2872 1874/3365/2874
f  1797/3253/2797 1874/3364/2874 1872/115/2872
f  1872/3366/2872 1795/3367/2795 1797/3368/2797
f  1815/3280/2815 1795/3367/2795 1872/3366/2872
f  1820/3285/2820 1815/3369/2815 1872/115/2872
f  1872/3360/2872 1870/3358/2870 1820/3370/2820
f  1792/3248/2792 1869/3371/2869 1873/3363/2873
f  1797/3253/2797 1794/3250/2794 1874/3364/2874
f  1865/3353/2865 1875/3372/2875 1870/3358/2870
f  1820/3370/2820 1870/3358/2870 1875/3372/2875
f  1820/3370/2820 1875/3372/2875 1824/3373/2824
f  1824/3373/2824 1875/3372/2875 1843/3324/2843
f  1849/3330/2849 1843/3324/2843 1875/3372/2875
f  1849/3330/2849 1875/3372/2875 1865/3353/2865
f  1869/3371/2869 1791/3247/2791 1876/3374/2876
f  1869/3371/2869 1792/3248/2792 1791/3247/2791
f  1877/3375/2877 1869/3357/2869 1876/3376/2876
f  1877/3375/2877 1867/3355/2867 1869/3357/2869
f  1878/3377/2878 1879/3378/2879 1877/3375/2877
f  1877/3375/2877 1879/3378/2879 1867/3355/2867
f  1878/3377/2878 1877/3375/2877 1880/3379/2880
f  1877/3380/2877 1786/3241/2786 1880/3381/2880
f  1877/3380/2877 1791/3247/2791 1786/3241/2786
f  1791/3247/2791 1877/3380/2877 1876/3374/2876
f  1786/3241/2786 1878/3382/2878 1880/3381/2880
f  1881/3383/2881 1882/3384/2882 1878/3377/2878
f  1878/3377/2878 1882/3384/2882 1879/3378/2879
f  1881/3383/2881 1878/3377/2878 1883/3385/2883
f  1878/3382/2878 1784/3239/2784 1883/3386/2883
f  1878/3382/2878 1786/3241/2786 1784/3239/2784
f  1784/3239/2784 1881/3387/2881 1883/3386/2883
f  1881/3383/2881 1752/3196/2752 1882/3384/2882
f  1752/3196/2752 1881/3383/2881 1765/381/2765
f  1765/381/2765 1881/3383/2881 1763/3388/2763
f  1762/3210/2762 1881/3387/2881 1784/3239/2784
f  1881/3387/2881 1762/3210/2762 1763/3212/2763
f  1752/3196/2752 1751/3195/2751 1882/3384/2882
f  1751/3195/2751 1879/3378/2879 1882/3384/2882
f  1751/3195/2751 1866/3354/2866 1879/3378/2879
f  1866/3354/2866 1867/3355/2867 1879/3378/2879
f  1748/3191/2748 1866/3354/2866 1751/3195/2751
f  1748/3191/2748 1862/3350/2862 1866/3354/2866
f  1745/3187/2745 1862/3350/2862 1748/3191/2748
f  1884/3389/2884 1854/3338/2854 1856/3340/2856
f  1716/3145/2716 1856/3340/2856 1718/3146/2718
f  1884/3389/2884 1856/3340/2856 1716/3145/2716
f  1885/3390/2885 1854/3338/2854 1884/3389/2884
f  1884/3391/2884 1707/3135/2707 1885/3392/2885
f  1884/3391/2884 1708/3136/2708 1707/3135/2707
f  1716/3144/2716 1708/3136/2708 1884/3391/2884
f  1885/3392/2885 1886/3393/2886 1887/3394/2887
f  1885/3392/2885 1707/3135/2707 1886/3393/2886
f  1887/3395/2887 1853/3337/2853 1885/3390/2885
f  1885/3390/2885 1853/3337/2853 1854/3338/2854
f  1887/3394/2887 1886/3393/2886 1888/3396/2888
f  1845/3397/2845 1853/3337/2853 1887/3395/2887
f  1845/3397/2845 1887/3395/2887 1839/627/2839
f  1887/3394/2887 1888/3396/2888 1839/3398/2839
f  1839/3398/2839 1888/3396/2888 1838/3399/2838
f  1838/3399/2838 1888/3396/2888 1889/3400/2889
f  1889/3400/2889 1888/3396/2888 1890/3401/2890
f  1890/3401/2890 1888/3396/2888 1886/3393/2886
f  1891/3402/2891 1890/3401/2890 1704/3132/2704
f  1891/3402/2891 1889/3400/2889 1890/3401/2890
f  1890/3401/2890 1886/3393/2886 1705/3133/2705
f  1704/3132/2704 1890/3401/2890 1705/3133/2705
f  1892/3403/2892 1891/3402/2891 1704/3132/2704
f  1837/3315/2837 1893/3404/2893 1891/3402/2891
f  1893/3404/2893 1889/3400/2889 1891/3402/2891
f  1837/3315/2837 1891/3402/2891 1892/3403/2892
f  1698/3124/2698 1697/3123/2697 1892/3403/2892
f  1892/3403/2892 1697/3123/2697 1837/3315/2837
f  1892/3403/2892 1704/3132/2704 1698/3124/2698
f  1841/3405/2841 1893/3404/2893 1835/3314/2835
f  1835/3314/2835 1893/3404/2893 1836/3313/2836
f  1842/3406/2842 1893/3404/2893 1841/3405/2841
f  1836/3313/2836 1893/3404/2893 1837/3315/2837
f  1842/3406/2842 1889/3400/2889 1893/3404/2893
f  1838/3399/2838 1889/3400/2889 1842/3406/2842
f  1705/3133/2705 1886/3393/2886 1707/3135/2707
f  1846/3335/2846 1853/3337/2853 1845/3397/2845
f  1824/3373/2824 1843/3324/2843 1822/3321/2822
f  1819/3284/2819 1825/3293/2825 1817/3282/2817
f  1820/3285/2820 1814/3288/2814 1815/3369/2815
f  1815/3280/2815 1813/3278/2813 1795/3367/2795
f  1805/3267/2805 1806/3268/2806 1812/3310/2812
f  1795/3367/2795 1813/3278/2813 1796/3257/2796
f  1796/3257/2796 1813/3278/2813 1809/3273/2809
f  1796/3257/2796 1809/3273/2809 1801/3258/2801
f  1801/3258/2801 1809/3273/2809 1804/3274/2804
f  1682/3105/2682 1805/3267/2805 1687/3110/2687
f  1682/3105/2682 1677/3100/2677 1805/3267/2805
f  1789/3265/2789 1774/3227/2774 1788/3407/2788
f  1788/3407/2788 1774/3227/2774 1775/3228/2775
f  1766/3219/2766 1762/3210/2762 1782/3235/2782
f  1768/3218/2768 1766/3219/2766 1782/3235/2782
f  1674/3097/2674 1894/3408/2894 1779/3232/2779
f  1779/3232/2779 1894/3408/2894 1778/3231/2778
f  1674/3097/2674 1779/3232/2779 1773/3226/2773
f  1895/3409/2895 1896/3410/2896 1894/3411/2894
f  1894/3408/2894 1674/3097/2674 1895/3412/2895
f  1896/3410/2896 1778/3413/2778 1894/3411/2894
f  1776/3414/2776 1896/3410/2896 1897/3415/2897
f  1897/3415/2897 1896/3410/2896 1898/3416/2898
f  1896/3410/2896 1899/3417/2899 1898/3416/2898
f  1896/3410/2896 1900/3418/2900 1899/3417/2899
f  1901/3419/2901 1902/3420/2902 1896/3410/2896
f  1896/3410/2896 1902/3420/2902 1900/3418/2900
f  1896/3410/2896 1895/3409/2895 1901/3419/2901
f  1778/3413/2778 1896/3410/2896 1776/3414/2776
f  1902/3420/2902 1903/3421/2903 1900/3418/2900
f  1900/3418/2900 1904/3422/2904 1905/3423/2905
f  1900/3418/2900 1905/3423/2905 1906/3424/2906
f  1900/3418/2900 1903/3421/2903 1904/3422/2904
f  1899/3417/2899 1900/3418/2900 1906/3424/2906
f  1899/3417/2899 1906/3424/2906 1907/3425/2907
f  1907/3425/2907 1906/3424/2906 1908/3426/2908
f  1906/3424/2906 1905/3423/2905 1908/3426/2908
f  1909/3427/2909 1907/3425/2907 1908/3426/2908
f  1908/3426/2908 1905/3423/2905 1910/3428/2910
f  1911/3429/2911 1908/3426/2908 1910/3428/2910
f  1909/3427/2909 1908/3426/2908 1912/3430/2912
f  1908/3426/2908 1911/3429/2911 1912/3430/2912
f  1913/3431/2913 1912/3432/2912 1911/3433/2911
f  1914/3434/2914 1913/3431/2913 1911/3433/2911
f  1911/3429/2911 1910/3428/2910 1914/3435/2914
f  1910/3428/2910 1915/3436/2915 1914/3435/2914
f  1916/3437/2916 1914/3434/2914 1915/3438/2915
f  1914/3434/2914 1916/3437/2916 1913/3431/2913
f  1917/3439/2917 1916/3437/2916 1915/3438/2915
f  1915/3436/2915 1918/3440/2918 1917/3441/2917
f  1915/3436/2915 1910/3428/2910 1918/3440/2918
f  1910/3428/2910 1919/3442/2919 1918/3440/2918
f  1919/3442/2919 1920/3443/2920 1918/3440/2918
f  1918/3440/2918 1920/3443/2920 1921/3444/2921
f  1922/3445/2922 1918/3440/2918 1921/3444/2921
f  1918/3440/2918 1922/3445/2922 1917/3441/2917
f  1923/3446/2923 1917/3439/2917 1922/3447/2922
f  1924/3448/2924 1923/3446/2923 1922/3447/2922
f  1922/3445/2922 1921/3444/2921 1924/3449/2924
f  1921/3444/2921 1925/3450/2925 1924/3449/2924
f  1924/3448/2924 1926/3451/2926 1923/3446/2923
f  1926/3451/2926 1924/3448/2924 1925/3452/2925
f  1927/3453/2927 1928/3454/2928 1925/3452/2925
f  1929/3455/2929 1927/3456/2927 1925/3450/2925
f  1925/3452/2925 1928/3454/2928 1926/3451/2926
f  1929/3455/2929 1925/3450/2925 1921/3444/2921
f  1921/3444/2921 1930/3457/2930 1929/3455/2929
f  1929/3455/2929 1931/3458/2931 1932/3459/2932
f  1933/3460/2933 1929/3455/2929 1932/3459/2932
f  1927/3456/2927 1929/3455/2929 1934/3461/2934
f  1929/3455/2929 1933/3460/2933 1934/3461/2934
f  1930/3457/2930 1931/3458/2931 1929/3455/2929
f  1935/3462/2935 1934/3463/2934 1933/3464/2933
f  1936/3465/2936 1935/3462/2935 1933/3464/2933
f  1933/3460/2933 1932/3459/2932 1936/3466/2936
f  1932/3459/2932 1937/3467/2937 1936/3466/2936
f  1938/3468/2938 1936/3465/2936 1937/3469/2937
f  1939/3470/2939 1936/3465/2936 1938/3468/2938
f  1936/3465/2936 1939/3470/2939 1935/3462/2935
f  1932/3459/2932 1940/3471/2940 1937/3467/2937
f  1940/3472/2940 1941/3473/2941 1937/3469/2937
f  1937/3469/2937 1941/3473/2941 1938/3468/2938
f  1942/3474/2942 1941/3473/2941 1940/3472/2940
f  1942/3474/2942 1943/3475/2943 1941/3473/2941
f  1944/3476/2944 1938/3468/2938 1941/3473/2941
f  1945/3477/2945 1941/3473/2941 1943/3475/2943
f  1945/3477/2945 1944/3476/2944 1941/3473/2941
f  1944/3476/2944 1939/3470/2939 1938/3468/2938
f  1946/3478/2946 1944/3476/2944 1945/3477/2945
f  1946/3478/2946 1947/3479/2947 1944/3476/2944
f  1947/3479/2947 1939/3470/2939 1944/3476/2944
f  1948/3480/2948 1949/3481/2949 1947/3479/2947
f  1947/3479/2947 1949/3481/2949 1939/3470/2939
f  1950/3482/2950 1947/3479/2947 1946/3478/2946
f  1950/3482/2950 1948/3480/2948 1947/3479/2947
f  1948/3480/2948 1951/3483/2951 1949/3481/2949
f  1952/3484/2952 1948/3480/2948 1950/3482/2950
f  1953/3485/2953 1951/3483/2951 1948/3480/2948
f  1952/3484/2952 1953/3485/2953 1948/3480/2948
f  1954/3486/2954 1955/3487/2955 1953/3485/2953
f  1953/3485/2953 1955/3487/2955 1951/3483/2951
f  1954/3486/2954 1953/3485/2953 1956/3488/2956
f  1956/3488/2956 1953/3485/2953 1952/3484/2952
f  1957/3489/2957 1954/3490/2954 1956/3491/2956
f  1957/3489/2957 1958/3492/2958 1954/3490/2954
f  1958/3493/2958 1955/3487/2955 1954/3486/2954
f  1957/3489/2957 1959/3494/2959 1958/3492/2958
f  1959/3495/2959 1955/3487/2955 1958/3493/2958
f  1960/3496/2960 1959/3494/2959 1957/3489/2957
f  1960/3496/2960 1961/3497/2961 1959/3494/2959
f  1961/3498/2961 1962/3499/2962 1959/3495/2959
f  1959/3495/2959 1951/3483/2951 1955/3487/2955
f  1959/3495/2959 1963/3500/2963 1951/3483/2951
f  1959/3495/2959 1962/3499/2962 1963/3500/2963
f  1961/3498/2961 1964/3501/2964 1962/3499/2962
f  1962/3499/2962 1964/3501/2964 1926/3451/2926
f  1962/3499/2962 1926/3451/2926 1928/3454/2928
f  1963/3500/2963 1962/3499/2962 1928/3454/2928
f  1965/3502/2965 1964/3501/2964 1966/3503/2966
f  1966/3503/2966 1964/3501/2964 1961/3498/2961
f  1965/3502/2965 1967/3504/2967 1964/3501/2964
f  1964/3501/2964 1923/3446/2923 1926/3451/2926
f  1964/3501/2964 1967/3504/2967 1923/3446/2923
f  1968/3505/2968 1967/3504/2967 1965/3502/2965
f  1968/3505/2968 1969/3506/2969 1967/3504/2967
f  1967/3504/2967 1969/3506/2969 1923/3446/2923
f  1970/3507/2970 1969/3506/2969 1968/3505/2968
f  1970/3507/2970 1971/3508/2971 1969/3506/2969
f  1923/3446/2923 1969/3506/2969 1916/3437/2916
f  1969/3506/2969 1971/3508/2971 1916/3437/2916
f  1972/3509/2972 1973/3510/2973 1971/3508/2971
f  1971/3508/2971 1973/3510/2973 1913/3431/2913
f  1916/3437/2916 1971/3508/2971 1913/3431/2913
f  1972/3509/2972 1971/3508/2971 1970/3507/2970
f  1970/3511/2970 1974/3512/2974 1972/3513/2972
f  1975/3514/2975 1973/3510/2973 1972/3509/2972
f  1975/3514/2975 1972/3509/2972 1976/115/2976
f  1972/3513/2972 1974/3512/2974 1976/627/2976
f  1977/3515/2977 1976/3516/2976 1974/3196/2974
f  1976/3516/2976 1977/3515/2977 1978/3517/2978
f  1979/3518/2979 1975/3519/2975 1976/627/2976
f  1976/3516/2976 1978/3517/2978 1979/3520/2979
f  1979/3518/2979 1980/3521/2980 1975/3519/2975
f  1978/3522/2978 1980/3521/2980 1979/3518/2979
f  1978/3522/2978 1981/3523/2981 1980/3521/2980
f  1982/3524/2982 1975/3519/2975 1980/3521/2980
f  1980/3521/2980 1981/3523/2981 1982/3524/2982
f  1981/3523/2981 1978/3522/2978 1983/3525/2983
f  1982/3524/2982 1981/3523/2981 1984/3526/2984
f  1985/3527/2985 1981/3523/2981 1983/3525/2983
f  1981/3523/2981 1986/3528/2986 1984/3526/2984
f  1985/3527/2985 1986/3528/2986 1981/3523/2981
f  1986/3528/2986 1985/3527/2985 1987/3529/2987
f  1984/3526/2984 1986/3528/2986 1988/3530/2988
f  1989/3531/2989 1986/3528/2986 1987/3529/2987
f  1989/3531/2989 1990/3532/2990 1986/3528/2986
f  1986/3528/2986 1990/3532/2990 1988/3530/2988
f  1990/3532/2990 1989/3531/2989 1991/3533/2991
f  1988/3530/2988 1990/3532/2990 1992/3534/2992
f  1993/3535/2993 1990/3532/2990 1991/3533/2991
f  1993/3535/2993 1994/3536/2994 1990/3532/2990
f  1990/3532/2990 1994/3536/2994 1992/3534/2992
f  1989/3537/2989 1993/3538/2993 1991/3539/2991
f  1989/3537/2989 1995/3540/2995 1993/3538/2993
f  1996/3541/2996 1993/3538/2993 1995/3540/2995
f  1993/3538/2993 1997/3542/2997 1998/3543/2998
f  1993/3538/2993 1996/3541/2996 1997/3542/2997
f  1994/3536/2994 1993/3535/2993 1998/3544/2998
f  1999/3545/2999 1996/3541/2996 2000/3546/3000
f  2000/3546/3000 1996/3541/2996 2001/3547/3001
f  2002/3548/3002 1996/3541/2996 1995/3540/2995
f  1999/3545/2999 1997/3542/2997 1996/3541/2996
f  2002/3548/3002 2001/3547/3001 1996/3541/2996
f  2003/3549/3003 2001/3547/3001 2002/3548/3002
f  2004/3550/3004 2002/3548/3002 2005/3551/3005
f  2004/3550/3004 2003/3549/3003 2002/3548/3002
f  2005/3551/3005 2002/3548/3002 1995/3540/2995
f  2003/3549/3003 2006/3552/3006 2001/3547/3001
f  2007/3553/3007 2003/3549/3003 2004/3550/3004
f  2007/3553/3007 2008/3554/3008 2003/3549/3003
f  2008/3554/3008 2006/3552/3006 2003/3549/3003
f  2009/3555/3009 2006/3552/3006 2010/3556/3010
f  2010/3556/3010 2006/3552/3006 2011/3557/3011
f  2009/3555/3009 2001/3547/3001 2006/3552/3006
f  2008/3554/3008 2011/3557/3011 2006/3552/3006
f  2010/3556/3010 2011/3557/3011 2012/3558/3012
f  2013/3559/3013 2011/3557/3011 2008/3554/3008
f  2012/3558/3012 2011/3557/3011 2013/3559/3013
f  2010/3556/3010 2012/3558/3012 2014/115/3014
f  2012/3560/3012 2015/3561/3015 2014/627/3014
f  2012/3558/3012 2013/3559/3013 2016/3562/3016
f  2017/3563/3017 2015/3561/3015 2012/3560/3012
f  2017/3563/3017 2012/3560/3012 2016/3564/3016
f  2018/3565/3018 2017/3563/3017 2019/3566/3019
f  2017/3563/3017 2020/3567/3020 2019/3566/3019
f  2017/3563/3017 2021/3568/3021 2020/3567/3020
f  2013/3569/3013 2021/3568/3021 2017/3563/3017
f  2015/3561/3015 2017/3563/3017 2022/3570/3022
f  2013/3569/3013 2017/3563/3017 2016/3564/3016
f  2022/3570/3022 2017/3563/3017 2018/3565/3018
f  2022/3571/3022 2023/3572/3023 2015/3573/3015
f  2018/3574/3018 2023/3572/3023 2022/3571/3022
f  2024/3575/3024 2023/3572/3023 2025/3576/3025
f  2025/3576/3025 2023/3572/3023 2026/3577/3026
f  2015/3573/3015 2023/3572/3023 2024/3575/3024
f  2026/3577/3026 2023/3572/3023 2027/3578/3027
f  2018/3574/3018 2027/3578/3027 2023/3572/3023
f  2027/3578/3027 2028/3579/3028 2029/3580/3029
f  2028/3579/3028 2027/3578/3027 2030/3581/3030
f  2026/3577/3026 2027/3578/3027 2031/3582/3031
f  2029/3580/3029 2031/3582/3031 2027/3578/3027
f  2027/3578/3027 2018/3574/3018 2030/3581/3030
f  2032/3583/3032 2029/3584/3029 2028/3585/3028
f  2032/3583/3032 2033/3586/3033 2029/3584/3029
f  2033/3587/3033 2031/3582/3031 2029/3580/3029
f  2032/3583/3032 2034/3588/3034 2033/3586/3033
f  2034/3589/3034 2035/3590/3035 2033/3587/3033
f  2033/3587/3033 2035/3590/3035 2031/3582/3031
f  2036/3591/3036 2035/3590/3035 2037/3592/3037
f  2036/3591/3036 2038/3593/3038 2035/3590/3035
f  2038/3593/3038 2031/3582/3031 2035/3590/3035
f  2034/3589/3034 2037/3592/3037 2035/3590/3035
f  2039/3594/3039 2036/3591/3036 2037/3592/3037
f  2039/3594/3039 2037/3592/3037 2040/3595/3040
f  2041/3596/3041 2040/3595/3040 2037/3592/3037
f  2041/3596/3041 2037/3592/3037 2034/3589/3034
f  2041/3597/3041 2032/3583/3032 2042/3598/3042
f  2041/3597/3041 2042/3598/3042 2043/3599/3043
f  2034/3588/3034 2032/3583/3032 2041/3597/3041
f  2043/3600/3043 2040/3595/3040 2041/3596/3041
f  2043/3599/3043 2042/3598/3042 2044/3601/3044
f  2044/3602/3044 2040/3595/3040 2043/3600/3043
f  2042/3598/3042 2045/3603/3045 2044/3601/3044
f  2046/3604/3046 2044/3602/3044 2045/3605/3045
f  2044/3602/3044 2046/3604/3046 2040/3595/3040
f  2047/3606/3047 2040/3595/3040 2046/3604/3046
f  2045/3605/3045 2048/3607/3048 2046/3604/3046
f  2049/3608/3049 2047/3606/3047 2046/3604/3046
f  2049/3608/3049 2046/3604/3046 2048/3607/3048
f  2050/3609/3050 2048/3607/3048 2045/3605/3045
f  2051/3610/3051 2048/3607/3048 2050/3609/3050
f  2052/3611/3052 2048/3607/3048 2051/3610/3051
f  2052/3611/3052 2049/3608/3049 2048/3607/3048
f  2053/3612/3053 2051/3613/3051 2054/3614/3054
f  2051/3613/3051 2053/3612/3053 2052/3615/3052
f  2051/3610/3051 2050/3609/3050 2055/381/3055
f  2054/3614/3054 2051/3613/3051 2055/564/3055
f  2056/3616/3056 2055/3617/3055 2042/3598/3042
f  2042/3598/3042 2055/3617/3055 2050/3618/3050
f  2055/3617/3055 2056/3616/3056 2054/3619/3054
f  2057/3620/3057 2056/3616/3056 2042/3598/3042
f  2056/3621/3056 2058/3622/3058 2059/3623/3059
f  2056/3621/3056 2059/3623/3059 2060/3624/3060
f  2058/3622/3058 2056/3621/3056 2061/3625/3061
f  2062/3626/3062 2056/3616/3056 2057/3620/3057
f  2056/3616/3056 2062/3626/3062 2063/3627/3063
f  2054/3619/3054 2056/3616/3056 2064/3628/3064
f  2064/3628/3064 2056/3616/3056 2060/3629/3060
f  2056/3616/3056 2063/3627/3063 2061/3630/3061
f  2065/3631/3065 2063/3632/3063 2062/381/3062
f  2063/3632/3063 2066/3633/3066 2061/3625/3061
f  2065/3631/3065 2066/3633/3066 2063/3632/3063
f  2066/3633/3066 2067/3634/3067 2068/3635/3068
f  2068/3635/3068 2069/3636/3069 2066/3633/3066
f  2067/3634/3067 2066/3633/3066 2070/3637/3070
f  2066/3633/3066 2069/3636/3069 2058/3622/3058
f  2061/3625/3061 2066/3633/3066 2058/3622/3058
f  2070/3637/3070 2066/3633/3066 2071/3638/3071
f  2071/3638/3071 2066/3633/3066 2065/3631/3065
f  2070/3639/3070 2072/3640/3072 2067/3641/3067
f  2070/3639/3070 2073/3637/3073 2072/3640/3072
f  2071/3615/3071 2073/3637/3073 2070/3639/3070
f  2074/3642/3074 2073/3639/3073 2075/3637/3075
f  2073/3639/3073 2074/3642/3074 2072/3643/3072
f  2073/3639/3073 2076/3644/3076 2075/3637/3075
f  2077/3645/3077 2076/3644/3076 2073/3639/3073
f  2071/3615/3071 2077/3631/3077 2073/3637/3073
f  2076/3644/3076 2077/3645/3077 2078/3646/3078
f  2078/3646/3078 2077/3645/3077 2079/564/3079
f  2077/3631/3077 2065/3647/3065 2079/381/3079
f  2077/3631/3077 2071/3615/3071 2065/3647/3065
f  2080/3648/3080 2078/3645/3078 2081/564/3081
f  2078/3646/3078 2079/564/3079 2081/381/3081
f  2078/3645/3078 2082/3649/3082 2076/3650/3076
f  2082/3649/3082 2078/3645/3078 2080/3648/3080
f  2083/3651/3083 2082/3649/3082 2084/3652/3084
f  2083/3651/3083 2085/3653/3085 2082/3649/3082
f  2086/3654/3086 2084/3652/3084 2082/3649/3082
f  2086/3654/3086 2082/3649/3082 2080/3648/3080
f  2075/3639/3075 2082/3649/3082 2085/3653/3085
f  2082/3649/3082 2075/3639/3075 2076/3650/3076
f  2080/3655/3080 2087/3656/3087 2086/3657/3086
f  2087/3658/3087 2084/3652/3084 2086/3654/3086
f  2080/3655/3080 2088/3659/3088 2087/3656/3087
f  2087/3656/3087 2089/3660/3089 2090/3661/3090
f  2091/3662/3091 2087/3658/3087 2090/3663/3090
f  2087/3656/3087 2092/3664/3092 2089/3660/3089
f  2087/3656/3087 2093/3665/3093 2092/3664/3092
f  2093/3665/3093 2087/3656/3087 2094/3666/3094
f  2087/3658/3087 2091/3662/3091 2084/3652/3084
f  2087/3656/3087 2088/3659/3088 2094/3666/3094
f  2088/3667/3088 2032/3583/3032 2095/3668/3095
f  2095/3669/3095 2094/3666/3094 2088/3659/3088
f  2088/3667/3088 2042/3598/3042 2032/3583/3032
f  2057/3620/3057 2042/3598/3042 2088/3667/3088
f  2088/3659/3088 2080/3655/3080 2081/3670/3081
f  2088/3659/3088 2081/3670/3081 2057/3671/3057
f  2096/3672/3096 2094/3666/3094 2095/3669/3095
f  2095/3668/3095 2032/3583/3032 2096/3673/3096
f  2094/3666/3094 2096/3672/3096 2097/3674/3097
f  2098/3675/3098 2097/3674/3097 2096/3672/3096
f  2096/3673/3096 2032/3583/3032 2098/3676/3098
f  2098/3676/3098 2099/3677/3099 2100/3678/3100
f  2100/3679/3100 2097/3674/3097 2098/3675/3098
f  2098/3676/3098 2032/3583/3032 2099/3677/3099
f  2101/3680/3101 2102/3681/3102 2099/3677/3099
f  2099/3677/3099 2103/3682/3103 2101/3680/3101
f  2104/3683/3104 2099/3677/3099 2102/3681/3102
f  2100/3678/3100 2099/3677/3099 2104/3683/3104
f  2105/3684/3105 2099/3677/3099 2106/3685/3106
f  2103/3682/3103 2099/3677/3099 2105/3684/3105
f  2106/3685/3106 2099/3677/3099 2107/3686/3107
f  2107/3686/3107 2099/3677/3099 2032/3583/3032
f  2104/3683/3104 2108/3687/3108 2109/3688/3109
f  2109/3689/3109 1728/3162/2728 2104/3690/3104
f  2104/3690/3104 1728/3162/2728 2100/3679/3100
f  2108/3687/3108 2104/3683/3104 2102/3681/3102
f  2110/3691/3110 2111/3692/3111 2108/3687/3108
f  2112/3693/3112 2108/3687/3108 2111/3692/3111
f  2110/3691/3110 2108/3687/3108 2113/3694/3113
f  2113/3694/3113 2108/3687/3108 2114/3695/3114
f  2108/3687/3108 2102/3681/3102 2114/3695/3114
f  2115/3696/3115 2108/3687/3108 2116/3697/3116
f  2109/3688/3109 2108/3687/3108 2115/3696/3115
f  2116/3697/3116 2108/3687/3108 2112/3693/3112
f  2116/3698/3116 2117/3699/3117 2115/3700/3115
f  2112/3701/3112 2117/3699/3117 2116/3698/3116
f  2118/3702/3118 2117/3699/3117 2119/3703/3119
f  2115/3700/3115 2117/3699/3117 2118/3702/3118
f  2117/3699/3117 2120/3704/3120 2121/3705/3121
f  2121/3705/3121 2122/3706/3122 2117/3699/3117
f  2117/3699/3117 2123/3707/3123 2119/3703/3119
f  2117/3699/3117 2122/3706/3122 2123/3707/3123
f  2120/3704/3120 2117/3699/3117 2112/3701/3112
f  2120/3708/3120 2111/3692/3111 2124/3709/3124
f  2112/3693/3112 2111/3692/3111 2120/3708/3120
f  2124/3710/3124 2121/3705/3121 2120/3704/3120
f  2124/3709/3124 2111/3692/3111 2125/3711/3125
f  2126/3712/3126 2121/3705/3121 2124/3710/3124
f  2124/3709/3124 2125/3711/3125 2126/3713/3126
f  2127/3714/3127 2128/3715/3128 2125/3711/3125
f  2129/3716/3129 2125/3711/3125 2128/3715/3128
f  2127/3714/3127 2125/3711/3125 2130/3717/3130
f  2130/3717/3130 2125/3711/3125 2111/3692/3111
f  2126/3713/3126 2125/3711/3125 2129/3716/3129
f  2129/3718/3129 2131/3719/3131 2126/3712/3126
f  2129/3716/3129 2128/3715/3128 2132/3720/3132
f  2132/3721/3132 2133/3722/3133 2129/3718/3129
f  2129/3718/3129 2133/3722/3133 2131/3719/3131
f  2134/3723/3134 2135/3724/3135 2133/3722/3133
f  2135/3724/3135 2136/3725/3136 2133/3722/3133
f  2133/3722/3133 2136/3725/3136 2137/3726/3137
f  2133/3722/3133 2137/3726/3137 2131/3719/3131
f  2134/3723/3134 2133/3722/3133 2132/3721/3132
f  2134/3727/3134 2128/3715/3128 2138/3728/3138
f  2134/3727/3134 2138/3728/3138 2139/3729/3139
f  2139/3730/3139 2135/3724/3135 2134/3723/3134
f  2132/3720/3132 2128/3715/3128 2134/3727/3134
f  2139/3729/3139 2138/3728/3138 2140/3731/3140
f  2140/3732/3140 2135/3724/3135 2139/3730/3139
f  2140/3731/3140 2138/3728/3138 2141/3733/3141
f  2140/3732/3140 2142/3734/3142 2135/3724/3135
f  2143/3735/3143 2142/3734/3142 2140/3732/3140
f  2140/3731/3140 2141/3733/3141 2143/3736/3143
f  2144/3737/3144 2145/3738/3145 2141/3733/3141
f  2146/3739/3146 2141/3733/3141 2145/3738/3145
f  2144/3737/3144 2141/3733/3141 2147/3740/3147
f  2147/3740/3147 2141/3733/3141 2138/3728/3138
f  2143/3736/3143 2141/3733/3141 2146/3739/3146
f  2146/3739/3146 2145/3738/3145 2148/3741/3148
f  2148/3742/3148 2149/3743/3149 2146/3744/3146
f  2146/3744/3146 2142/3734/3142 2143/3735/3143
f  2146/3744/3146 2149/3743/3149 2142/3734/3142
f  2150/3745/3150 2149/3743/3149 2148/3742/3148
f  2150/3745/3150 2151/3746/3151 2149/3743/3149
f  2151/3746/3151 2152/3747/3152 2149/3743/3149
f  2149/3743/3149 2153/3748/3153 2142/3734/3142
f  2149/3743/3149 2152/3747/3152 2153/3748/3153
f  2150/3749/3150 2145/3738/3145 2154/3750/3154
f  2150/3749/3150 2154/3750/3154 2155/3751/3155
f  2148/3741/3148 2145/3738/3145 2150/3749/3150
f  2155/3752/3155 2151/3746/3151 2150/3745/3150
f  2156/3753/3156 2151/3746/3151 2155/3752/3155
f  2155/3751/3155 2154/3750/3154 2156/3754/3156
f  2156/3754/3156 2157/3755/3157 2158/3756/3158
f  2156/3754/3156 2154/3750/3154 2157/3755/3157
f  2156/3753/3156 2159/3757/3159 2151/3746/3151
f  2158/3758/3158 2159/3757/3159 2156/3753/3156
f  2158/3756/3158 2157/3755/3157 2160/3759/3160
f  2160/3760/3160 2159/3757/3159 2158/3758/3158
f  2160/3759/3160 2157/3755/3157 2161/3761/3161
f  2160/3759/3160 2161/3761/3161 2162/3762/3162
f  2162/3763/3162 1647/3070/2647 2160/3760/3160
f  2160/3760/3160 1647/3070/2647 2159/3757/3159
f  2162/3762/3162 2161/3761/3161 1646/3764/2646
f  1646/3069/2646 1647/3070/2647 2162/3763/3162
f  2163/3765/3163 2161/3761/3161 2164/3766/3164
f  2164/3766/3164 2161/3761/3161 2157/3755/3157
f  1646/3764/2646 2161/3761/3161 1642/3063/2642
f  2163/3765/3163 1642/3063/2642 2161/3761/3161
f  2165/3767/3165 2163/3765/3163 2166/3768/3166
f  2165/3767/3165 1641/3062/2641 2163/3765/3163
f  2166/3768/3166 2163/3765/3163 2164/3766/3164
f  1641/3062/2641 1642/3063/2642 2163/3765/3163
f  2167/3769/3167 2165/3767/3165 2166/3768/3166
f  2167/3769/3167 2166/3768/3166 2168/3770/3168
f  2166/3768/3166 2164/3766/3164 2169/3771/3169
f  2168/3770/3168 2166/3768/3166 2169/3771/3169
f  2170/3772/3170 2168/3770/3168 2171/3773/3171
f  2170/3772/3170 2167/3769/3167 2168/3770/3168
f  2171/3773/3171 2168/3770/3168 2172/3774/3172
f  2168/3770/3168 2169/3771/3169 2172/3774/3172
f  2171/3773/3171 2172/3774/3172 2173/3775/3173
f  2172/3774/3172 2169/3771/3169 2174/3776/3174
f  2172/3774/3172 2174/3776/3174 2175/3777/3175
f  2173/3775/3173 2172/3774/3172 2175/3777/3175
f  2175/3777/3175 2176/3778/3176 2177/3779/3177
f  2175/3777/3175 2174/3776/3174 2176/3778/3176
f  2178/3780/3178 2175/3777/3175 2177/3779/3177
f  2173/3775/3173 2175/3777/3175 2178/3780/3178
f  2179/3781/3179 2178/3780/3178 2180/3782/3180
f  2180/3782/3180 2178/3780/3178 2181/3783/3181
f  2178/3780/3178 2177/3779/3177 2181/3783/3181
f  2179/3781/3179 2173/3775/3173 2178/3780/3178
f  2182/3784/3182 2179/3781/3179 2183/3785/3183
f  2183/3785/3183 2179/3781/3179 2180/3782/3180
f  2182/3784/3182 2184/3786/3184 2179/3781/3179
f  2184/3786/3184 2173/3775/3173 2179/3781/3179
f  2185/3787/3185 2186/3788/3186 2184/3786/3184
f  2186/3788/3186 2171/3773/3171 2184/3786/3184
f  2185/3787/3185 2184/3786/3184 2182/3784/3182
f  2184/3786/3184 2171/3773/3171 2173/3775/3173
f  2187/3789/3187 2185/3787/3185 2182/3784/3182
f  2188/3790/3188 2189/3791/3189 2185/3787/3185
f  2185/3787/3185 2190/3792/3190 2188/3790/3188
f  2190/3792/3190 2185/3787/3185 2187/3789/3187
f  2189/3791/3189 2186/3788/3186 2185/3787/3185
f  1601/3008/2601 2191/3793/3191 2189/3791/3189
f  2189/3791/3189 2191/3793/3191 2186/3788/3186
f  2192/3794/3192 2189/3791/3189 2188/3790/3188
f  2189/3791/3189 2192/3794/3192 2193/3795/3193
f  2193/3795/3193 1601/3008/2601 2189/3791/3189
f  1599/3009/2599 1601/3008/2601 2193/3795/3193
f  2193/3796/3193 1600/3007/2600 1599/3006/2599
f  1600/3007/2600 2193/3796/3193 2192/3797/3192
f  2188/3798/3188 2194/3799/3194 2192/3797/3192
f  1600/3007/2600 2192/3797/3192 2194/3799/3194
f  2195/3800/3195 1600/3007/2600 2194/3799/3194
f  2194/3799/3194 2188/3798/3188 2190/3801/3190
f  2196/3802/3196 2194/3799/3194 2197/3803/3197
f  2194/3799/3194 2190/3801/3190 2197/3803/3197
f  2195/3800/3195 2194/3799/3194 2196/3802/3196
f  1659/3082/2659 2196/3802/3196 1660/3083/2660
f  1660/3083/2660 2196/3802/3196 1665/3088/2665
f  2196/3802/3196 2197/3803/3197 1665/3088/2665
f  1659/3082/2659 2195/3800/3195 2196/3802/3196
f  1594/3001/2594 1600/3007/2600 2195/3800/3195
f  2198/3804/3198 1594/3001/2594 2195/3800/3195
f  2198/3804/3198 2195/3800/3195 1659/3082/2659
f  1653/3076/2653 2198/3804/3198 1654/3077/2654
f  1654/3077/2654 2198/3804/3198 1659/3082/2659
f  1593/3000/2593 1594/3001/2594 2198/3804/3198
f  1653/3076/2653 1593/3000/2593 2198/3804/3198
f  2197/3803/3197 2199/3805/3199 1668/3091/2668
f  1665/3088/2665 2197/3803/3197 1668/3091/2668
f  2197/3803/3197 2187/3806/3187 2199/3805/3199
f  2187/3806/3187 2197/3803/3197 2190/3801/3190
f  2200/3807/3200 1668/3091/2668 2199/3805/3199
f  2199/3808/3199 2183/3785/3183 2200/3809/3200
f  2183/3785/3183 2199/3808/3199 2182/3784/3182
f  2182/3784/3182 2199/3808/3199 2187/3789/3187
f  1668/3091/2668 2200/3807/3200 2201/3810/3201
f  2183/3785/3183 2201/3811/3201 2200/3809/3200
f  1668/3091/2668 2201/3810/3201 1669/3092/2669
f  2202/3812/3202 1669/3092/2669 2201/3810/3201
f  2203/3813/3203 2201/3811/3201 2183/3785/3183
f  2201/3811/3201 2203/3813/3203 2202/3814/3202
f  2203/3813/3203 2204/3815/3204 2202/3814/3202
f  1669/3092/2669 2202/3812/3202 2204/3816/3204
f  2205/3817/3205 1671/3094/2671 2204/3816/3204
f  2204/3815/3204 1901/3419/2901 2205/3818/3205
f  1901/3419/2901 2204/3815/3204 2203/3813/3203
f  1669/3092/2669 2204/3816/3204 1671/3094/2671
f  1671/3094/2671 2205/3817/3205 1895/3412/2895
f  1901/3419/2901 1895/3409/2895 2205/3818/3205
f  2183/3785/3183 2180/3782/3180 2203/3813/3203
f  2203/3813/3203 2180/3782/3180 2206/3819/3206
f  2203/3813/3203 2206/3819/3206 1901/3419/2901
f  2180/3782/3180 2181/3783/3181 2206/3819/3206
f  2206/3819/3206 2181/3783/3181 2207/3820/3207
f  2206/3819/3206 2207/3820/3207 1902/3420/2902
f  1901/3419/2901 2206/3819/3206 1902/3420/2902
f  2208/3821/3208 2207/3820/3207 2181/3783/3181
f  2207/3820/3207 2209/3822/3209 2210/3823/3210
f  2207/3820/3207 2210/3823/3210 1903/3421/2903
f  2209/3822/3209 2207/3820/3207 2208/3821/3208
f  1902/3420/2902 2207/3820/3207 1903/3421/2903
f  2209/3822/3209 2211/3824/3211 2210/3823/3210
f  2208/3821/3208 2212/3825/3212 2209/3822/3209
f  2209/3822/3209 2147/3740/3147 2211/3824/3211
f  2212/3825/3212 2147/3740/3147 2209/3822/3209
f  2177/3779/3177 2212/3825/3212 2208/3821/3208
f  2177/3779/3177 2176/3778/3176 2212/3825/3212
f  2176/3778/3176 2144/3737/3144 2212/3825/3212
f  2212/3825/3212 2144/3737/3144 2147/3740/3147
f  2147/3740/3147 2138/3728/3138 2211/3824/3211
f  2210/3823/3210 2211/3824/3211 2127/3714/3127
f  2211/3824/3211 2138/3728/3138 2128/3715/3128
f  2211/3824/3211 2128/3715/3128 2127/3714/3127
f  2181/3783/3181 2177/3779/3177 2208/3821/3208
f  2210/3823/3210 2127/3714/3127 2213/3826/3213
f  1903/3421/2903 2210/3823/3210 2213/3826/3213
f  2213/3826/3213 2127/3714/3127 2130/3717/3130
f  1903/3421/2903 2213/3826/3213 1904/3422/2904
f  1904/3422/2904 2213/3826/3213 2214/3827/3214
f  2213/3826/3213 2130/3717/3130 2214/3827/3214
f  1920/3443/2920 2214/3827/3214 1930/3457/2930
f  2214/3827/3214 1931/3458/2931 1930/3457/2930
f  1904/3422/2904 2214/3827/3214 1920/3443/2920
f  2214/3827/3214 2110/3691/3110 1931/3458/2931
f  2214/3827/3214 2130/3717/3130 2110/3691/3110
f  1601/3008/2601 1603/3013/2603 2191/3793/3191
f  2191/3793/3191 2170/3772/3170 2186/3788/3186
f  2191/3793/3191 2215/3828/3215 2170/3772/3170
f  1603/3013/2603 2215/3828/3215 2191/3793/3191
f  1603/3013/2603 2216/3829/3216 2215/3828/3215
f  2216/3829/3216 2217/3830/3217 2215/3828/3215
f  2215/3828/3215 2167/3769/3167 2170/3772/3170
f  2215/3828/3215 2217/3830/3217 2167/3769/3167
f  2217/3830/3217 2165/3767/3165 2167/3769/3167
f  2217/3830/3217 2218/3831/3218 2165/3767/3165
f  2219/3832/3219 2218/3831/3218 2217/3830/3217
f  2216/3829/3216 2219/3832/3219 2217/3830/3217
f  2220/3833/3220 1621/3037/2621 2219/3832/3219
f  2220/3833/3220 2219/3832/3219 2216/3829/3216
f  1621/3037/2621 1624/3040/2624 2219/3832/3219
f  2219/3832/3219 1624/3040/2624 2218/3831/3218
f  1616/3032/2616 1617/3033/2617 2220/3833/3220
f  1616/3032/2616 2220/3833/3220 1605/3015/2605
f  1617/3033/2617 1621/3037/2621 2220/3833/3220
f  1605/3015/2605 2220/3833/3220 2216/3829/3216
f  1624/3040/2624 1629/3045/2629 2218/3831/3218
f  2218/3831/3218 1629/3045/2629 1641/3062/2641
f  2218/3831/3218 1641/3062/2641 2165/3767/3165
f  1605/3015/2605 2216/3829/3216 1603/3013/2603
f  2186/3788/3186 2170/3772/3170 2171/3773/3171
f  2176/3778/3176 2221/3834/3221 2144/3737/3144
f  2174/3776/3174 2221/3834/3221 2176/3778/3176
f  2222/3835/3222 2154/3750/3154 2221/3834/3221
f  2221/3834/3221 2154/3750/3154 2145/3738/3145
f  2221/3834/3221 2145/3738/3145 2144/3737/3144
f  2174/3776/3174 2222/3835/3222 2221/3834/3221
f  2222/3835/3222 2157/3755/3157 2154/3750/3154
f  2164/3766/3164 2157/3755/3157 2222/3835/3222
f  2169/3771/3169 2222/3835/3222 2174/3776/3174
f  2169/3771/3169 2164/3766/3164 2222/3835/3222
f  1647/3070/2647 1650/3073/2650 2159/3757/3159
f  2159/3757/3159 1650/3073/2650 1656/3079/2656
f  2159/3757/3159 1656/3079/2656 2151/3746/3151
f  2142/3734/3142 2153/3748/3153 2223/3836/3223
f  2153/3748/3153 2224/3837/3224 2223/3836/3223
f  2153/3748/3153 1662/3085/2662 2224/3837/3224
f  2152/3747/3152 1662/3085/2662 2153/3748/3153
f  2224/3837/3224 2225/3838/3225 2226/3839/3226
f  2223/3836/3223 2224/3837/3224 2226/3839/3226
f  2224/3837/3224 1663/3086/2663 2225/3838/3225
f  1662/3085/2662 1663/3086/2663 2224/3837/3224
f  1673/3096/2673 2226/3839/3226 2225/3838/3225
f  1673/3096/2673 2225/3838/3225 1667/3090/2667
f  1663/3086/2663 1667/3090/2667 2225/3838/3225
f  2136/3725/3136 2226/3839/3226 2227/3840/3227
f  2226/3839/3226 1673/3096/2673 2227/3840/3227
f  2223/3836/3223 2226/3839/3226 2136/3725/3136
f  2136/3725/3136 2227/3840/3227 2137/3726/3137
f  2137/3726/3137 2227/3840/3227 1683/3106/2683
f  2227/3840/3227 1676/3099/2676 1683/3106/2683
f  2227/3840/3227 1673/3096/2673 1676/3099/2676
f  2142/3734/3142 2223/3836/3223 2135/3724/3135
f  2135/3724/3135 2223/3836/3223 2136/3725/3136
f  2151/3746/3151 1656/3079/2656 2152/3747/3152
f  1656/3079/2656 1657/3080/2657 2152/3747/3152
f  2152/3747/3152 1657/3080/2657 1662/3085/2662
f  2137/3726/3137 1683/3106/2683 2228/3841/3228
f  2131/3719/3131 2137/3726/3137 2228/3841/3228
f  2121/3705/3121 2228/3841/3228 2122/3706/3122
f  2131/3719/3131 2228/3841/3228 2121/3705/3121
f  2228/3841/3228 1684/3107/2684 2122/3706/3122
f  2228/3841/3228 1683/3106/2683 1684/3107/2684
f  2121/3705/3121 2126/3712/3126 2131/3719/3131
f  2130/3717/3130 2111/3692/3111 2110/3691/3110
f  2123/3707/3123 2122/3706/3122 2229/3842/3229
f  2122/3706/3122 1689/3112/2689 2229/3842/3229
f  2122/3706/3122 1684/3107/2684 1689/3112/2689
f  2123/3707/3123 2229/3842/3229 2230/3843/3230
f  2229/3842/3229 1689/3112/2689 1690/3113/2690
f  2229/3842/3229 1690/3113/2690 2230/3843/3230
f  2123/3707/3123 2230/3843/3230 1721/3151/2721
f  1711/3844/2711 1721/3151/2721 2230/3843/3230
f  1711/3844/2711 2230/3843/3230 1710/3845/2710
f  2231/3846/3231 2230/3843/3230 1690/3113/2690
f  1710/3845/2710 2230/3843/3230 2231/3846/3231
f  1702/3130/2702 1710/3138/2710 2231/3847/3231
f  2231/3846/3231 1690/3113/2690 1700/3126/2700
f  1700/3129/2700 1702/3130/2702 2231/3847/3231
f  2119/3703/3119 2123/3707/3123 1721/3151/2721
f  2118/3702/3118 2119/3703/3119 1722/3155/2722
f  2119/3703/3119 1721/3151/2721 1722/3155/2722
f  1728/3162/2728 2109/3689/3109 2118/3702/3118
f  2115/3700/3115 2118/3702/3118 2109/3689/3109
f  2118/3702/3118 1722/3155/2722 1728/3162/2728
f  2232/3848/3232 2114/3695/3114 2101/3680/3101
f  2113/3694/3113 2114/3695/3114 2232/3848/3232
f  2114/3695/3114 2102/3681/3102 2101/3680/3101
f  2233/3849/3233 2113/3694/3113 2232/3848/3232
f  2234/3850/3234 2232/3848/3232 2235/3851/3235
f  2234/3850/3234 2233/3849/3233 2232/3848/3232
f  2235/3851/3235 2232/3848/3232 2236/3852/3236
f  2232/3848/3232 2237/3853/3237 2238/3854/3238
f  2237/3853/3237 2232/3848/3232 2101/3680/3101
f  2232/3848/3232 2238/3854/3238 2236/3852/3236
f  1932/3459/2932 2239/3855/3239 2233/3849/3233
f  2233/3849/3233 1940/3471/2940 1932/3459/2932
f  2233/3849/3233 2234/3850/3234 1942/3856/2942
f  1940/3471/2940 2233/3849/3233 1942/3856/2942
f  2239/3855/3239 2113/3694/3113 2233/3849/3233
f  1931/3458/2931 2110/3691/3110 2239/3855/3239
f  1931/3458/2931 2239/3855/3239 1932/3459/2932
f  2110/3691/3110 2113/3694/3113 2239/3855/3239
f  2240/3857/3240 2236/3858/3236 2238/381/3238
f  2237/3859/3237 2241/3860/3241 2238/564/3238
f  2238/564/3238 2241/3860/3241 2240/3861/3240
f  2240/3861/3240 2242/3862/3242 2243/3863/3243
f  2243/3864/3243 2244/3865/3244 2240/3857/3240
f  2240/3857/3240 2244/3865/3244 2236/3858/3236
f  2240/3861/3240 2241/3860/3241 2242/3862/3242
f  2245/3866/3245 2242/3862/3242 2241/3860/3241
f  2246/3867/3246 2242/3862/3242 2245/3866/3245
f  2246/3867/3246 2247/3868/3247 2242/3862/3242
f  2243/3863/3243 2242/3862/3242 2247/3868/3247
f  2248/3869/3248 2246/3867/3246 2245/3866/3245
f  2249/3870/3249 2246/3867/3246 2248/3869/3248
f  2249/3870/3249 2250/3871/3250 2246/3867/3246
f  2250/3871/3250 2247/3868/3247 2246/3867/3246
f  2251/3872/3251 2250/3871/3250 2249/3870/3249
f  2250/3871/3250 2251/3872/3251 2252/3873/3252
f  2252/3873/3252 2253/3874/3253 2250/3871/3250
f  2250/3871/3250 2253/3874/3253 2247/3868/3247
f  2252/3873/3252 2254/3875/3254 2253/3874/3253
f  2255/3876/3255 2253/3874/3253 2254/3875/3254
f  2256/3877/3256 2247/3868/3247 2253/3874/3253
f  2256/3877/3256 2253/3874/3253 2255/3876/3255
f  2255/3878/3255 2257/3879/3257 2256/3880/3256
f  2255/3878/3255 2258/3881/3258 2257/3879/3257
f  2259/3882/3259 2258/3881/3258 2255/3878/3255
f  2255/3876/3255 2254/3875/3254 2259/3883/3259
f  2259/3883/3259 2260/3884/3260 2261/115/3261
f  2261/627/3261 2262/3885/3262 2259/3882/3259
f  2259/3883/3259 2254/3875/3254 2260/3884/3260
f  2259/3882/3259 2262/3885/3262 2258/3881/3258
f  2263/3886/3263 1952/3484/2952 2262/3885/3262
f  2263/3886/3263 2262/3885/3262 2261/627/3261
f  2262/3885/3262 1952/3484/2952 1950/3482/2950
f  2262/3885/3262 1950/3482/2950 2258/3881/3258
f  1957/3489/2957 1956/3491/2956 2263/3887/3263
f  1956/3488/2956 1952/3484/2952 2263/3886/3263
f  1957/3489/2957 2263/3887/3263 2261/381/3261
f  2254/3875/3254 2264/3888/3264 2260/3884/3260
f  2264/3889/3264 2265/3890/3265 2260/3891/3260
f  2260/3891/3260 2265/3890/3265 2261/3892/3261
f  1957/3183/2957 2265/3890/3265 2266/3893/3266
f  2265/3890/3265 2267/3894/3267 2266/3893/3266
f  2264/3889/3264 2268/3895/3268 2265/3890/3265
f  2265/3890/3265 2268/3895/3268 2267/3894/3267
f  2261/3892/3261 2265/3890/3265 1957/3183/2957
f  2266/3893/3266 2267/3894/3267 2269/3896/3269
f  2267/3894/3267 2005/3551/3005 2269/3896/3269
f  2268/3895/3268 2004/3550/3004 2267/3894/3267
f  2267/3894/3267 2004/3550/3004 2005/3551/3005
f  2269/3896/3269 2270/3897/3270 2271/3898/3271
f  2272/3899/3272 2269/3896/3269 2271/3898/3271
f  2269/3896/3269 2005/3551/3005 2270/3897/3270
f  2266/3893/3266 2269/3896/3269 2272/3899/3272
f  1960/3188/2960 2266/3893/3266 2272/3899/3272
f  2272/3899/3272 2271/3898/3271 1977/3515/2977
f  2273/3192/3273 2272/3899/3272 1977/3515/2977
f  1960/3188/2960 2272/3899/3272 2273/3192/3273
f  2273/3900/3273 1965/3901/2965 1960/3496/2960
f  2273/3192/3273 1977/3515/2977 1974/3196/2974
f  1965/3901/2965 2273/3900/3273 1974/3512/2974
f  2270/3897/3270 1985/3902/2985 2271/3898/3271
f  1995/3540/2995 1989/3537/2989 2270/3897/3270
f  2005/3551/3005 1995/3540/2995 2270/3897/3270
f  1985/3902/2985 2270/3897/3270 1989/3537/2989
f  2271/3898/3271 1978/3517/2978 1977/3515/2977
f  1978/3517/2978 2271/3898/3271 1985/3902/2985
f  2264/3889/3264 2251/3903/3251 2268/3895/3268
f  2251/3903/3251 2007/3553/3007 2268/3895/3268
f  2268/3895/3268 2007/3553/3007 2004/3550/3004
f  1957/3183/2957 2266/3893/3266 1960/3188/2960
f  2251/3903/3251 2264/3889/3264 2274/3904/3274
f  2264/3888/3264 2254/3875/3254 2252/3873/3252
f  2264/3888/3264 2252/3873/3252 2274/3905/3274
f  2252/3873/3252 2251/3872/3251 2274/3905/3274
f  2258/3881/3258 1950/3482/2950 1946/3478/2946
f  2258/3881/3258 1946/3478/2946 2257/3879/3257
f  2256/3880/3256 2257/3879/3257 2275/3906/3275
f  2257/3879/3257 1946/3478/2946 1945/3477/2945
f  2257/3879/3257 1945/3477/2945 2275/3906/3275
f  2256/3880/3256 2275/3906/3275 2243/3864/3243
f  2243/3864/3243 2275/3906/3275 2244/3865/3244
f  2275/3906/3275 1943/3475/2943 2244/3865/3244
f  2275/3906/3275 1945/3477/2945 1943/3475/2943
f  2243/3863/3243 2247/3868/3247 2256/3877/3256
f  2251/3872/3251 2249/3870/3249 2276/3907/3276
f  2277/3908/3277 2007/3553/3007 2251/3903/3251
f  2277/3908/3277 2251/3903/3251 2276/3909/3276
f  2249/3870/3249 2277/3910/3277 2276/3907/3276
f  2277/3908/3277 2008/3554/3008 2007/3553/3007
f  2277/3910/3277 2021/3568/3021 2278/3911/3278
f  2277/3910/3277 2249/3870/3249 2021/3568/3021
f  2013/3559/3013 2277/3908/3277 2278/3912/3278
f  2013/3559/3013 2008/3554/3008 2277/3908/3277
f  2021/3568/3021 2013/3569/3013 2278/3911/3278
f  2248/3869/3248 2245/3866/3245 2279/3913/3279
f  2020/3567/3020 2249/3870/3249 2248/3869/3248
f  2020/3567/3020 2248/3869/3248 2279/3913/3279
f  2105/3914/3105 2020/3567/3020 2279/3913/3279
f  2103/3915/3103 2279/3913/3279 2245/3866/3245
f  2279/3913/3279 2103/3915/3103 2105/3914/3105
f  2249/3870/3249 2020/3567/3020 2021/3568/3021
f  2103/3915/3103 2245/3866/3245 2280/3916/3280
f  2245/3866/3245 2241/3860/3241 2280/3916/3280
f  2237/3859/3237 2280/3916/3280 2241/3860/3241
f  2281/3917/3281 2280/3916/3280 2237/3859/3237
f  2103/3915/3103 2280/3916/3280 2281/3917/3281
f  2281/3918/3281 2101/3680/3101 2103/3682/3103
f  2237/3853/3237 2101/3680/3101 2281/3918/3281
f  2234/3919/3234 2244/3865/3244 1943/3475/2943
f  2235/3920/3235 2244/3865/3244 2234/3919/3234
f  2236/3858/3236 2244/3865/3244 2235/3920/3235
f  1943/3475/2943 1942/3474/2942 2234/3919/3234
f  2107/3921/3107 2019/3566/3019 2106/3922/3106
f  2030/3923/3030 2107/3921/3107 2282/381/3282
f  2018/3565/3018 2107/3921/3107 2030/3923/3030
f  2107/3921/3107 2018/3565/3018 2019/3566/3019
f  2107/3686/3107 2032/3583/3032 2282/3924/3282
f  2282/3924/3282 2032/3583/3032 2028/3585/3028
f  2028/3579/3028 2030/3581/3030 2282/564/3282
f  2106/3922/3106 2019/3566/3019 2020/3567/3020
f  2106/3922/3106 2020/3567/3020 2105/3914/3105
f  2097/3674/3097 2100/3679/3100 1728/3162/2728
f  2097/3674/3097 2283/3925/3283 2284/3926/3284
f  2285/3927/3285 2097/3674/3097 2284/3926/3284
f  2097/3674/3097 2286/3928/3286 2283/3925/3283
f  2287/3929/3287 2097/3674/3097 2285/3927/3285
f  2288/3930/3288 2097/3674/3097 2287/3929/3287
f  2289/3931/3289 2097/3674/3097 2288/3930/3288
f  2097/3674/3097 2289/3931/3289 2094/3666/3094
f  1728/3162/2728 2286/3928/3286 2097/3674/3097
f  1728/3162/2728 1730/3166/2730 2286/3928/3286
f  1730/3168/2730 1734/3171/2734 2286/3932/3286
f  1739/3176/2739 2286/3932/3286 1734/3171/2734
f  2286/3932/3286 1739/3176/2739 2290/3933/3290
f  2286/3932/3286 2290/3933/3290 2283/564/3283
f  1739/3934/2739 2291/3935/3291 2290/3936/3290
f  2290/3936/3290 2284/3937/3284 2283/381/3283
f  2290/3936/3290 2291/3935/3291 2284/3937/3284
f  1739/3934/2739 1742/3179/2742 2291/3935/3291
f  1742/3179/2742 2292/3938/3292 2291/3935/3291
f  2284/3937/3284 2291/3935/3291 2285/3939/3285
f  2285/3939/3285 2291/3935/3291 2293/3940/3293
f  2291/3935/3291 2292/3938/3292 2293/3940/3293
f  2292/3938/3292 2294/3941/3294 2293/3940/3293
f  2293/3940/3293 2294/3941/3294 2295/3942/3295
f  2285/3939/3285 2293/3940/3293 2287/3943/3287
f  2287/3943/3287 2293/3940/3293 2295/3942/3295
f  2287/3943/3287 2295/3942/3295 2288/3944/3288
f  2288/3944/3288 2295/3942/3295 2296/3945/3296
f  2294/3941/3294 2297/3946/3297 2295/3942/3295
f  2295/3942/3295 2297/3946/3297 2296/3945/3296
f  2288/3944/3288 2296/3945/3296 2289/3947/3289
f  2297/3946/3297 2298/3948/3298 2296/3945/3296
f  2296/3945/3296 2298/3948/3298 2299/3949/3299
f  2289/3947/3289 2296/3945/3296 2299/3949/3299
f  2299/3949/3299 2300/3950/3300 2301/3951/3301
f  2300/3950/3300 2299/3949/3299 2302/3952/3302
f  2298/3948/3298 2303/3953/3303 2299/3949/3299
f  2299/3949/3299 2303/3953/3303 2302/3952/3302
f  2289/3947/3289 2299/3949/3299 2301/3951/3301
f  2300/3950/3300 2302/3952/3302 2304/3954/3304
f  2304/3954/3304 2302/3952/3302 2305/3955/3305
f  2303/3953/3303 2306/3956/3306 2302/3952/3302
f  2302/3952/3302 2306/3956/3306 2305/3955/3305
f  2304/3954/3304 2305/3955/3305 2307/3957/3307
f  2307/3957/3307 2305/3955/3305 2308/3933/3308
f  2309/3958/3309 2305/3955/3305 2306/3956/3306
f  2305/3955/3305 2309/3958/3309 2308/3933/3308
f  2309/3644/3309 2310/3959/3310 2308/3960/3308
f  2309/3958/3309 2306/3956/3306 2311/3961/3311
f  2311/3962/3311 2310/3959/3310 2309/3644/3309
f  2308/3960/3308 2310/3959/3310 2092/3963/3092
f  2092/3963/3092 2310/3959/3310 2089/3964/3089
f  2311/3962/3311 2312/3965/3312 2310/3959/3310
f  2312/3965/3312 2313/3966/3313 2310/3959/3310
f  2089/3964/3089 2310/3959/3310 2313/3966/3313
f  2312/3965/3312 2314/3967/3314 2313/3966/3313
f  2314/3967/3314 2091/3662/3091 2313/3966/3313
f  2089/3964/3089 2313/3966/3313 2090/3663/3090
f  2090/3663/3090 2313/3966/3313 2091/3662/3091
f  2314/3967/3314 2315/3968/3315 2316/3969/3316
f  2316/3969/3316 2317/3970/3317 2314/3967/3314
f  2312/3965/3312 2315/3968/3315 2314/3967/3314
f  2314/3967/3314 2317/3970/3317 2091/3662/3091
f  2318/3971/3318 2315/3972/3315 2319/3973/3319
f  2318/3971/3318 2316/3974/3316 2315/3972/3315
f  2320/3975/3320 2319/3973/3319 2315/3972/3315
f  2315/3968/3315 2312/3965/3312 2320/3976/3320
f  2320/3976/3320 2321/3977/3321 2322/627/3322
f  2312/3965/3312 2321/3977/3321 2320/3976/3320
f  2319/3973/3319 2320/3975/3320 2322/3978/3322
f  2323/3979/3323 2324/3980/3324 2322/3981/3322
f  2322/115/3322 2306/3956/3306 2323/3982/3323
f  2321/3983/3321 2306/3956/3306 2322/115/3322
f  2319/3973/3319 2322/3978/3322 2324/3984/3324
f  2325/3985/3325 2326/3986/3326 2324/3980/3324
f  2326/3987/3326 2319/3973/3319 2324/3984/3324
f  2325/3985/3325 2324/3980/3324 2327/3988/3327
f  2327/3988/3327 2324/3980/3324 2328/3989/3328
f  2328/3989/3328 2324/3980/3324 2323/3979/3323
f  2328/3990/3328 2303/3953/3303 2327/3991/3327
f  2323/3982/3323 2306/3956/3306 2328/3990/3328
f  2328/3990/3328 2306/3956/3306 2303/3953/3303
f  2327/3991/3327 2298/3948/3298 2325/3992/3325
f  2327/3991/3327 2303/3953/3303 2298/3948/3298
f  1747/3189/2747 2326/3986/3326 2325/3985/3325
f  2325/3992/3325 2294/3941/3294 1747/3993/2747
f  2325/3992/3325 2298/3948/3298 2297/3946/3297
f  2325/3992/3325 2297/3946/3297 2294/3941/3294
f  1747/3189/2747 1750/3193/2750 2326/3986/3326
f  1750/3639/2750 2329/3994/3329 2326/3987/3326
f  2326/3987/3326 2329/3994/3329 2319/3973/3319
f  1750/3639/2750 2330/3995/3330 2329/3994/3329
f  2318/3971/3318 2329/3994/3329 2331/3996/3331
f  2318/3971/3318 2319/3973/3319 2329/3994/3329
f  2331/3996/3331 2329/3994/3329 2330/3995/3330
f  2332/3997/3332 2318/3971/3318 2331/3996/3331
f  2332/3997/3332 2331/3996/3331 2333/3998/3333
f  2333/3998/3333 2331/3996/3331 2334/3999/3334
f  2331/3996/3331 2330/3995/3330 2334/3999/3334
f  2335/4000/3335 2334/3999/3334 2336/4001/3336
f  2334/3999/3334 2337/4002/3337 2336/4001/3336
f  2333/3998/3333 2334/3999/3334 2335/4000/3335
f  2334/3999/3334 2330/3995/3330 2337/4002/3337
f  1754/4003/2754 2337/4002/3337 2330/3995/3330
f  2338/4004/3338 2337/4002/3337 1754/4003/2754
f  2338/4004/3338 2339/4005/3339 2337/4002/3337
f  2336/4001/3336 2337/4002/3337 2339/4005/3339
f  2336/4001/3336 2339/4005/3339 2340/4006/3340
f  2341/4007/3341 2340/4006/3340 2339/4005/3339
f  2342/4008/3342 2339/4005/3339 2338/4004/3338
f  2341/4007/3341 2339/4005/3339 2343/4009/3343
f  2343/4009/3343 2339/4005/3339 2342/4008/3342
f  2338/4010/3338 2344/4011/3344 2342/4012/3342
f  2344/4013/3344 2345/4014/3345 2342/627/3342
f  2346/4015/3346 2343/4016/3343 2342/115/3342
f  2342/627/3342 2345/4014/3345 2346/4017/3346
f  2347/4018/3347 2343/4016/3343 2346/4015/3346
f  2345/4014/3345 2347/4019/3347 2346/4017/3346
f  2343/4016/3343 2347/4018/3347 2348/4020/3348
f  2347/4018/3347 2349/4021/3349 2348/4020/3348
f  2350/4022/3350 2349/4021/3349 2347/4018/3347
f  2347/4019/3347 2351/4023/3351 2350/4024/3350
f  2347/4019/3347 2345/4014/3345 2351/4023/3351
f  2345/4014/3345 2352/4025/3352 2351/4023/3351
f  2353/4026/3353 2351/4023/3351 2354/4027/3354
f  2354/4027/3354 2351/4023/3351 2355/4028/3355
f  2355/4028/3355 2351/4023/3351 2356/4029/3356
f  2356/4029/3356 2351/4023/3351 2352/4025/3352
f  2350/4024/3350 2351/4023/3351 2353/4026/3353
f  2355/4030/3355 2357/4031/3357 2354/4032/3354
f  2356/4033/3356 2357/4031/3357 2355/4030/3355
f  2357/4031/3357 2358/4034/3358 2359/4035/3359
f  2358/4034/3358 2357/4031/3357 2360/4036/3360
f  2359/4035/3359 2361/4037/3361 2357/4031/3357
f  2360/4036/3360 2357/4031/3357 1771/3222/2771
f  2356/4033/3356 1771/3222/2771 2357/4031/3357
f  2357/4031/3357 2362/4038/3362 2354/4032/3354
f  2357/4031/3357 2363/4039/3363 2362/4038/3362
f  2361/4037/3361 2363/4039/3363 2357/4031/3357
f  2364/4040/3364 2365/4041/3365 2363/4042/3363
f  2363/4039/3363 2366/4043/3366 2364/4044/3364
f  2363/4039/3363 2367/4045/3367 2366/4043/3366
f  2363/4039/3363 2368/4046/3368 2367/4045/3367
f  2363/4039/3363 2361/4037/3361 2368/4046/3368
f  2349/4021/3349 2353/4047/3353 2363/4042/3363
f  2363/4042/3363 2353/4047/3353 2362/564/3362
f  2363/4042/3363 2365/4041/3365 2349/4021/3349
f  2365/4041/3365 2348/4020/3348 2349/4021/3349
f  2369/4048/3369 2348/4020/3348 2365/4041/3365
f  2370/4049/3370 2369/4048/3369 2365/4041/3365
f  2364/4040/3364 2370/4049/3370 2365/4041/3365
f  2371/4050/3371 2369/4048/3369 2370/4049/3370
f  2372/4051/3372 2371/4050/3371 2370/4049/3370
f  2373/4052/3373 2370/4049/3370 2364/4040/3364
f  2370/4049/3370 2373/4052/3373 2372/4051/3372
f  2364/4044/3364 2366/4043/3366 2373/4053/3373
f  2366/4054/3366 2374/4055/3374 2373/4052/3373
f  2373/4052/3373 2374/4055/3374 2372/4051/3372
f  2375/4056/3375 2376/4057/3376 2374/4055/3374
f  2367/4058/3367 2375/4056/3375 2374/4055/3374
f  2376/4057/3376 2377/4059/3377 2374/4055/3374
f  2374/4055/3374 2377/4059/3377 2372/4051/3372
f  2367/4058/3367 2374/4055/3374 2366/4054/3366
f  2378/4060/3378 2379/4061/3379 2377/4059/3377
f  2379/4061/3379 2372/4051/3372 2377/4059/3377
f  2378/4060/3378 2377/4059/3377 2380/4062/3380
f  2380/4062/3380 2377/4059/3377 2376/4057/3376
f  2380/4063/3381 2381/4064/3382 2378/4065/3383
f  2378/4060/3378 2371/4050/3371 2379/4061/3379
f  2381/4066/3384 2371/4050/3371 2378/4060/3378
f  2381/4064/3382 2340/4006/3340 2382/4067/3385
f  2383/4068/3386 2340/4006/3340 2381/4064/3382
f  2383/4068/3386 2381/4064/3382 2380/4063/3381
f  2382/4069/3385 2371/4050/3371 2381/4066/3384
f  2384/4070/3387 2385/4071/3388 2383/4068/3386
f  2383/4068/3386 2385/4071/3388 2340/4006/3340
f  2383/4072/3386 2386/4073/3389 2384/4074/3387
f  2383/4068/3386 2387/4075/3390 2388/4076/3391
f  2388/4077/3391 2386/4073/3389 2383/4072/3386
f  2383/4068/3386 2380/4063/3381 2387/4075/3390
f  2386/4073/3389 2389/4078/3392 2390/4079/3393
f  2384/4074/3387 2386/4073/3389 2390/4079/3393
f  2391/4080/3394 2386/4073/3389 2392/4081/3395
f  2393/4082/3396 2386/4073/3389 2391/4080/3394
f  2386/4073/3389 2394/4083/3397 2392/4081/3395
f  2386/4073/3389 2388/4077/3391 2394/4083/3397
f  2389/4078/3392 2386/4073/3389 2393/4082/3396
f  2393/4082/3396 2395/4084/3398 2396/4085/3399
f  2397/4086/3400 2395/4084/3398 2393/4082/3396
f  2389/4078/3392 2393/4082/3396 2396/4085/3399
f  2397/4086/3400 2393/4082/3396 2391/4080/3394
f  2395/4087/3398 2389/4088/3392 2396/4089/3399
f  2395/4084/3398 2397/4086/3400 2398/4090/3401
f  2398/4090/3401 2397/4086/3400 2399/4091/3402
f  2397/4086/3400 2400/4092/3403 2399/4091/3402
f  2397/4086/3400 2391/4080/3394 2401/4093/3404
f  2402/4094/3405 2397/4086/3400 2401/4093/3404
f  2403/4095/3406 2397/4086/3400 2402/4094/3405
f  2397/4086/3400 2403/4095/3406 2400/4092/3403
f  2404/381/3407 2403/4096/3406 2402/4022/3405
f  2403/4096/3406 2405/4095/3408 2400/4097/3403
f  2403/4096/3406 2404/381/3407 2405/4095/3408
f  2406/4098/3409 2407/4099/3410 2404/4100/3407
f  2408/4101/3411 2406/4102/3409 2404/4103/3407
f  2409/4104/3412 2404/564/3407 2407/381/3410
f  2404/564/3407 2409/4105/3413 2405/4106/3408
f  2409/4105/3413 2404/564/3407 2409/4104/3412
f  2404/381/3407 2402/4022/3405 2408/564/3411
f  2402/4094/3405 2410/4107/3414 2408/381/3411
f  2410/4108/3414 2406/4102/3409 2408/4101/3411
f  2361/4037/3361 2410/4108/3414 2411/4109/3415
f  2410/4107/3414 2401/4093/3404 2411/4110/3415
f  2402/4094/3405 2401/4093/3404 2410/4107/3414
f  2361/4037/3361 2406/4102/3409 2410/4108/3414
f  2391/4080/3394 2361/4111/3361 2411/4110/3415
f  2411/4110/3415 2401/4093/3404 2391/4080/3394
f  2412/4112/3416 2409/4106/3413 2409/4113/3412
f  2413/4114/3417 2412/4112/3416 2409/4113/3412
f  2413/4114/3417 2409/4113/3412 2407/564/3410
f  2406/4098/3409 2413/4115/3417 2407/4099/3410
f  2414/4116/3418 2413/4115/3417 2406/4098/3409
f  2413/4115/3417 2414/4116/3418 2415/4117/3419
f  2415/4118/3419 2412/4112/3416 2413/4114/3417
f  2415/4118/3419 2416/4119/3420 2412/4112/3416
f  2414/4120/3418 2416/4119/3420 2415/4118/3419
f  2417/4121/3421 2418/4122/3422 2416/4119/3420
f  2419/4123/3423 2417/4121/3421 2416/4119/3420
f  2416/4119/3420 2418/4122/3422 2412/4112/3416
f  2414/4120/3418 2420/4124/3424 2416/4119/3420
f  2419/4123/3423 2416/4119/3420 2420/4124/3424
f  2420/4124/3424 2414/4120/3418 2421/4125/3425
f  2421/4125/3425 2422/4126/3426 2420/4124/3424
f  2423/4127/3427 2419/4123/3423 2420/4124/3424
f  2423/4127/3427 2420/4124/3424 2422/4126/3426
f  2424/4128/3428 2423/4127/3427 2422/4126/3426
f  2424/4128/3428 2422/4126/3426 2425/4129/3429
f  2426/4130/3430 2422/4126/3426 2421/4125/3425
f  2426/4130/3430 2425/4129/3429 2422/4126/3426
f  2427/4131/3431 2424/4128/3428 2425/4129/3429
f  2428/4132/3432 2425/4129/3429 2426/4130/3430
f  2429/4133/3433 2425/4129/3429 2428/4132/3432
f  2430/4104/3434 2425/4129/3429 2429/4133/3433
f  2427/4131/3431 2425/4129/3429 2430/4104/3434
f  2428/4134/3432 2431/4135/3435 2432/4136/3436
f  2421/4137/3425 2431/4135/3435 2428/4134/3432
f  2421/4137/3425 2428/4134/3432 2426/4138/3430
f  2429/4133/3433 2428/4132/3432 2432/381/3436
f  2432/4136/3436 2431/4135/3435 2433/4139/3437
f  2433/4140/3437 2429/4141/3433 2432/564/3436
f  2431/4135/3435 2434/4142/3438 2433/4139/3437
f  2433/4140/3437 2435/4143/3439 2429/4141/3433
f  2435/4143/3439 2433/4140/3437 2434/4144/3438
f  2431/4135/3435 2436/4145/3440 2434/4142/3438
f  2436/4146/3440 2435/4143/3439 2434/4144/3438
f  2437/4147/3441 2436/4145/3440 2431/4135/3435
f  2436/4145/3440 2437/4147/3441 2438/4148/3442
f  2438/4149/3442 2439/4150/3443 2436/4146/3440
f  2436/4146/3440 2439/4150/3443 2435/4143/3439
f  2438/4149/3442 2440/4151/3444 2439/4150/3443
f  2441/4152/3445 2442/4153/3446 2439/4150/3443
f  2440/4151/3444 2441/4152/3445 2439/4150/3443
f  2439/4150/3443 2442/4153/3446 2435/4143/3439
f  2427/4154/3431 2435/4143/3439 2442/4153/3446
f  2443/4155/3447 2442/4153/3446 2444/4156/3448
f  2444/4156/3448 2442/4153/3446 2441/4152/3445
f  2445/4157/3449 2442/4153/3446 2446/115/3450
f  2446/115/3450 2442/4153/3446 2443/4155/3447
f  2427/4154/3431 2442/4153/3446 2445/4157/3449
f  2447/4158/3451 2445/4159/3449 2446/627/3450
f  2447/4158/3451 2427/4131/3431 2445/4159/3449
f  2448/4160/3452 2447/4161/3451 2446/4162/3450
f  2447/4161/3451 2448/4160/3452 2449/4163/3453
f  2449/4164/3453 2423/4127/3427 2447/4158/3451
f  2427/4131/3431 2447/4158/3451 2424/4128/3428
f  2447/4158/3451 2423/4127/3427 2424/4128/3428
f  2450/4165/3454 2449/4163/3453 2448/4160/3452
f  2450/4165/3454 2451/4166/3455 2449/4163/3453
f  2423/4127/3427 2449/4164/3453 2451/4167/3455
f  2451/4167/3455 2419/4123/3423 2423/4127/3427
f  2452/4168/3456 2419/4123/3423 2451/4167/3455
f  2451/4166/3455 2450/4165/3454 2452/4169/3456
f  2452/4169/3456 2450/4165/3454 2453/4170/3457
f  2452/4169/3456 2453/4170/3457 2454/4171/3458
f  2419/4123/3423 2452/4168/3456 2454/4172/3458
f  2419/4123/3423 2454/4172/3458 2455/4173/3459
f  2453/4170/3457 2455/4174/3459 2454/4171/3458
f  2456/4175/3460 2419/4123/3423 2455/4173/3459
f  2455/4174/3459 2457/4176/3461 2456/4177/3460
f  2457/4176/3461 2455/4174/3459 2453/4170/3457
f  2458/4178/3462 2457/4176/3461 2453/4170/3457
f  2459/4179/3463 2460/4180/3464 2457/4176/3461
f  2458/4178/3462 2459/4179/3463 2457/4176/3461
f  2460/4180/3464 2456/4177/3460 2457/4176/3461
f  2461/4181/3465 2462/4182/3466 2458/4178/3462
f  2462/4182/3466 2459/4179/3463 2458/4178/3462
f  2463/4183/3467 2458/4178/3462 2453/4170/3457
f  2461/4181/3465 2458/4178/3462 2463/4183/3467
f  2464/4184/3468 2463/4183/3467 2450/4165/3454
f  2463/4183/3467 2453/4170/3457 2450/4165/3454
f  2465/4185/3469 2463/4183/3467 2464/4184/3468
f  2465/4185/3469 2461/4181/3465 2463/4183/3467
f  2466/3637/3470 2465/4185/3469 2464/4184/3468
f  2467/4186/3471 2464/4184/3468 2448/4160/3452
f  2466/3637/3470 2464/4184/3468 2467/4186/3471
f  2464/4184/3468 2450/4165/3454 2448/4160/3452
f  2467/4187/3471 2000/4188/3000 2466/4189/3470
f  2466/4189/3470 2000/4188/3000 2009/4190/3009
f  2466/4189/3470 2009/4190/3009 2468/4191/3472
f  2466/4189/3470 2468/4191/3472 2469/4192/3473
f  2469/4193/3473 2465/4185/3469 2466/3637/3470
f  2470/4194/3474 2471/4195/3475 2469/4193/3473
f  2469/4193/3473 2471/4195/3475 2465/4185/3469
f  2469/4192/3473 2472/4196/3476 2470/4197/3474
f  2469/4192/3473 2468/4191/3472 2472/4196/3476
f  2470/4197/3474 2472/4196/3476 2473/4198/3477
f  2472/4199/3476 2036/3591/3036 2473/4200/3477
f  2472/4199/3476 2038/3593/3038 2036/3591/3036
f  2468/4201/3472 2038/3593/3038 2472/4199/3476
f  2473/4200/3477 2047/3606/3047 2474/4202/3478
f  2470/4197/3474 2473/4198/3477 2474/4203/3478
f  2473/4200/3477 2039/3594/3039 2047/3606/3047
f  2473/4200/3477 2036/3591/3036 2039/3594/3039
f  2474/4202/3478 2049/3608/3049 2475/4204/3479
f  2470/4197/3474 2474/4203/3478 2475/4205/3479
f  2474/4202/3478 2047/3606/3047 2049/3608/3049
f  2475/4204/3479 2049/3608/3049 2476/627/3480
f  2470/4197/3474 2475/4205/3479 2476/4206/3480
f  2476/4207/3480 2477/4208/3481 2470/4194/3474
f  2478/4209/3482 2477/4208/3481 2476/4207/3480
f  2479/4210/3483 2478/4211/3482 2476/115/3484
f  2476/627/3480 2049/3608/3049 2479/3561/3483
f  2479/4210/3483 2480/4212/3485 2478/4211/3482
f  2481/3641/3486 2480/4212/3485 2479/4210/3483
f  2049/3608/3049 2481/4213/3486 2479/3561/3483
f  2481/3641/3486 2053/3612/3053 2480/4212/3485
f  2052/3615/3052 2053/3612/3053 2481/3641/3486
f  2049/3608/3049 2052/3611/3052 2481/4213/3486
f  2482/4214/3487 2480/4212/3485 2053/3612/3053
f  2483/4215/3488 2480/4212/3485 2484/4216/3489
f  2478/4211/3482 2480/4212/3485 2483/4215/3488
f  2484/4216/3489 2480/4212/3485 2482/4214/3487
f  2059/3623/3059 2484/4216/3489 2482/4214/3487
f  2060/3624/3060 2059/3623/3059 2482/4214/3487
f  2060/3624/3060 2482/4214/3487 2064/4217/3064
f  2064/4217/3064 2482/4214/3487 2053/3612/3053
f  2485/4218/3490 2486/4219/3491 2484/4216/3489
f  2483/4215/3488 2484/4216/3489 2486/4219/3491
f  2485/4218/3490 2484/4216/3489 2059/3623/3059
f  2486/4219/3491 2485/4218/3490 2487/4220/3492
f  2069/3636/3069 2488/4221/3493 2485/4218/3490
f  2485/4218/3490 2488/4221/3493 2489/4222/3494
f  2069/3636/3069 2485/4218/3490 2058/3622/3058
f  2490/4223/3495 2485/4218/3490 2489/4222/3494
f  2058/3622/3058 2485/4218/3490 2059/3623/3059
f  2487/4220/3492 2485/4218/3490 2490/4223/3495
f  2490/4224/3495 2491/4225/3496 2487/4226/3492
f  2490/4224/3495 2492/4227/3497 2491/4225/3496
f  2488/4228/3493 2492/4227/3497 2490/4224/3495
f  2488/4228/3493 2490/4224/3495 2489/4229/3494
f  2491/4225/3496 2492/4227/3497 2493/4230/3498
f  2488/4228/3493 2494/4231/3499 2492/4227/3497
f  2492/4227/3497 2494/4231/3499 2495/4232/3500
f  2492/4227/3497 2495/4232/3500 2493/4230/3498
f  2491/4225/3496 2493/4230/3498 2496/4233/3501
f  2496/4233/3501 2493/4230/3498 2497/4234/3502
f  2493/4230/3498 2495/4232/3500 2498/4235/3503
f  2493/4230/3498 2498/4235/3503 2497/4234/3502
f  2496/4233/3501 2497/4234/3502 2462/4182/3466
f  2462/4182/3466 2497/4234/3502 2459/4179/3463
f  2497/4234/3502 2498/4235/3503 2499/4236/3504
f  2497/4234/3502 2499/4236/3504 2459/4179/3463
f  2459/4179/3463 2499/4236/3504 2460/4180/3464
f  2500/4003/3505 2460/4180/3464 2499/4236/3504
f  2499/4236/3504 2501/4237/3506 2500/4003/3505
f  2501/4237/3506 2499/4236/3504 2498/4235/3503
f  2501/4237/3506 2502/4238/3507 2500/4239/3505
f  2500/4239/3505 2502/4238/3507 2503/4240/3508
f  2500/4239/3505 2503/4240/3508 2504/4241/3509
f  2504/4004/3509 2460/4180/3464 2500/4003/3505
f  2504/4004/3509 2505/4242/3510 2460/4180/3464
f  2505/4242/3510 2504/4004/3509 2506/564/3511
f  2504/4241/3509 2507/4243/3512 2506/4244/3511
f  2504/4241/3509 2508/4245/3513 2507/4243/3512
f  2504/4241/3509 2503/4240/3508 2508/4245/3513
f  2503/4186/3508 2509/4246/3514 2508/4247/3513
f  2395/4087/3398 2508/4247/3513 2509/4246/3514
f  2508/4247/3513 2395/4087/3398 2510/381/3515
f  2507/4243/3512 2508/4245/3513 2510/4248/3515
f  2398/4090/3401 2399/4091/3402 2510/627/3515
f  2399/4018/3402 2507/627/3512 2510/115/3515
f  2510/381/3515 2395/4087/3398 2398/4249/3401
f  2503/4186/3508 2511/4250/3516 2509/4246/3514
f  2511/4250/3516 2512/4251/3517 2509/4246/3514
f  2389/4088/3392 2509/4246/3514 2512/4251/3517
f  2395/4087/3398 2509/4246/3514 2389/4088/3392
f  2511/4250/3516 2513/4252/3518 2512/4251/3517
f  2513/4252/3518 2385/4071/3388 2512/4251/3517
f  2390/4253/3393 2512/4251/3517 2385/4071/3388
f  2389/4088/3392 2512/4251/3517 2390/4253/3393
f  2513/4252/3518 2514/4254/3519 2385/4071/3388
f  2515/4255/3520 2516/4256/3521 2513/4252/3518
f  2516/4256/3521 2514/4254/3519 2513/4252/3518
f  2515/4255/3520 2513/4252/3518 2511/4250/3516
f  2514/4254/3519 2340/4006/3340 2385/4071/3388
f  2516/4256/3521 2335/4000/3335 2514/4254/3519
f  2514/4254/3519 2336/4001/3336 2340/4006/3340
f  2335/4000/3335 2336/4001/3336 2514/4254/3519
f  2517/4257/3522 2518/4258/3523 2515/4255/3520
f  2518/4258/3523 2516/4256/3521 2515/4255/3520
f  2502/3637/3507 2515/4255/3520 2511/4250/3516
f  2517/4257/3522 2515/4255/3520 2502/3637/3507
f  2518/4258/3523 2517/4257/3522 2519/4193/3524
f  2501/4237/3506 2517/3637/3522 2502/4238/3507
f  2501/4237/3506 2519/4259/3524 2517/3637/3522
f  2520/4194/3525 2518/4258/3523 2519/4193/3524
f  2519/4259/3524 2521/4260/3526 2520/4261/3525
f  2519/4259/3524 2501/4237/3506 2522/3639/3527
f  2519/4259/3524 2522/3639/3527 2521/4260/3526
f  2501/4237/3506 2498/4235/3503 2522/3639/3527
f  2522/3639/3527 2498/4235/3503 2521/3987/3526
f  2520/4261/3525 2521/4260/3526 2523/4262/3528
f  2521/3987/3526 2495/4232/3500 2523/3984/3528
f  2521/3987/3526 2498/4235/3503 2495/4232/3500
f  2524/4263/3529 2523/3984/3528 2494/4231/3499
f  2523/3984/3528 2495/4232/3500 2494/4231/3499
f  2523/3984/3528 2524/4263/3529 2525/115/3530
f  2520/4261/3525 2523/4262/3528 2526/4264/3531
f  2526/4264/3531 2523/4262/3528 2525/4265/3530
f  2527/4266/3532 2526/627/3531 2525/115/3530
f  2525/115/3530 2524/4263/3529 2528/4267/3533
f  2528/4268/3533 2527/3640/3532 2525/627/3530
f  2527/4266/3532 2072/3640/3072 2526/627/3531
f  2067/3641/3067 2072/3640/3072 2527/4266/3532
f  2527/3640/3532 2068/3635/3068 2067/3634/3067
f  2068/3635/3068 2527/3640/3532 2528/4268/3533
f  2524/4269/3529 2068/3635/3068 2528/4268/3533
f  2520/4261/3525 2526/4264/3531 2529/4270/3534
f  2072/3643/3072 2529/627/3534 2526/115/3531
f  2530/4271/3535 2520/4194/3525 2529/627/3534
f  2530/4271/3535 2529/627/3534 2531/4272/3536
f  2532/3643/3537 2531/4273/3536 2529/115/3534
f  2072/3643/3072 2532/4274/3537 2529/627/3534
f  2531/4273/3536 2533/4275/3538 2530/4276/3535
f  2532/3643/3537 2533/4275/3538 2531/4273/3536
f  2530/4276/3535 2533/4275/3538 2083/3651/3083
f  2085/3653/3085 2083/3651/3083 2533/4275/3538
f  2534/3961/3539 2085/3653/3085 2533/4275/3538
f  2534/3961/3539 2533/4275/3538 2532/3643/3537
f  2074/4277/3074 2085/3653/3085 2534/3961/3539
f  2072/3643/3072 2074/3642/3074 2534/4278/3539
f  2072/3643/3072 2534/4278/3539 2532/4274/3537
f  2520/4194/3525 2530/4271/3535 2535/4279/3540
f  2536/4280/3541 2530/4271/3535 2537/4281/3542
f  2536/4280/3541 2535/4279/3540 2530/4271/3535
f  2530/4276/3535 2083/3651/3083 2537/4282/3542
f  2520/4194/3525 2535/4279/3540 2518/4258/3523
f  2535/4279/3540 2536/4280/3541 2538/4283/3543
f  2535/4279/3540 2539/4284/3544 2518/4258/3523
f  2535/4279/3540 2538/4283/3543 2539/4284/3544
f  2539/4284/3544 2335/4000/3335 2516/4256/3521
f  2518/4258/3523 2539/4284/3544 2516/4256/3521
f  2539/4284/3544 2333/3998/3333 2335/4000/3335
f  2538/4283/3543 2333/3998/3333 2539/4284/3544
f  2538/4283/3543 2540/4285/3545 2332/3997/3332
f  2538/4283/3543 2332/3997/3332 2333/3998/3333
f  2540/4285/3545 2538/4283/3543 2536/4280/3541
f  2540/4285/3545 2536/4280/3541 2541/4286/3546
f  2317/3970/3317 2540/4287/3545 2541/4288/3546
f  2317/3970/3317 2542/4289/3547 2540/4287/3545
f  2542/4290/3547 2332/3997/3332 2540/4285/3545
f  2316/3974/3316 2318/3971/3318 2542/4290/3547
f  2542/4290/3547 2318/3971/3318 2332/3997/3332
f  2542/4289/3547 2317/3970/3317 2316/3969/3316
f  2536/4291/3541 2317/3970/3317 2541/4288/3546
f  2537/4282/3542 2083/3651/3083 2536/4291/3541
f  2536/4291/3541 2083/3651/3083 2317/3970/3317
f  2524/4263/3529 2488/4228/3493 2543/4292/3548
f  2524/4263/3529 2494/4231/3499 2488/4228/3493
f  2069/3636/3069 2524/4269/3529 2543/4293/3548
f  2068/3635/3068 2524/4269/3529 2069/3636/3069
f  2488/4221/3493 2069/3636/3069 2543/4293/3548
f  2502/3637/3507 2511/4250/3516 2503/4186/3508
f  2507/115/3512 2544/4131/3549 2506/627/3511
f  2399/4018/3402 2545/4092/3550 2507/627/3512
f  2545/4294/3550 2544/4131/3549 2507/115/3512
f  2545/4294/3550 2546/4295/3551 2544/4131/3549
f  2546/4294/3551 2412/4112/3416 2544/4296/3549
f  2544/4296/3549 2547/4297/3552 2506/115/3511
f  2544/4296/3549 2418/4122/3422 2547/4297/3552
f  2544/4296/3549 2412/4112/3416 2418/4122/3422
f  2505/4242/3510 2506/564/3511 2547/4298/3552
f  2547/4297/3552 2418/4122/3422 2505/4299/3510
f  2405/4106/3408 2409/4105/3413 2546/4295/3551
f  2405/4106/3408 2546/4295/3551 2545/4294/3550
f  2412/4112/3416 2546/4294/3551 2409/4106/3413
f  2400/4097/3403 2545/4092/3550 2399/4018/3402
f  2400/4097/3403 2405/4095/3408 2545/4092/3550
f  2456/4177/3460 2460/4180/3464 2505/4242/3510
f  2456/4177/3460 2505/4242/3510 2548/4300/3553
f  2505/4299/3510 2417/4121/3421 2548/4301/3553
f  2505/4299/3510 2418/4122/3422 2417/4121/3421
f  2417/4121/3421 2456/4175/3460 2548/4301/3553
f  2549/4302/3554 2496/4233/3501 2462/4182/3466
f  2550/4303/3555 2496/4233/3501 2549/4302/3554
f  2550/4303/3555 2491/4225/3496 2496/4233/3501
f  2477/4208/3481 2550/4303/3555 2549/4302/3554
f  2477/4208/3481 2549/4302/3554 2471/4195/3475
f  2471/4195/3475 2549/4302/3554 2461/4181/3465
f  2549/4302/3554 2462/4182/3466 2461/4181/3465
f  2487/4226/3492 2491/4225/3496 2550/4303/3555
f  2483/4304/3488 2550/4303/3555 2477/4208/3481
f  2486/4305/3491 2550/4303/3555 2483/4304/3488
f  2487/4226/3492 2550/4303/3555 2486/4305/3491
f  2483/4304/3488 2477/4208/3481 2478/4209/3482
f  2470/4194/3474 2477/4208/3481 2471/4195/3475
f  2471/4195/3475 2461/4181/3465 2465/4185/3469
f  2025/3576/3025 2026/3577/3026 2468/4201/3472
f  2468/4191/3472 2024/4306/3024 2025/4307/3025
f  2468/4191/3472 2010/4308/3010 2024/4306/3024
f  2468/4201/3472 2026/3577/3026 2038/3593/3038
f  2468/4191/3472 2009/4190/3009 2010/4308/3010
f  2467/4186/3471 2448/4160/3452 2551/4247/3556
f  2444/4309/3448 2467/4187/3471 2551/4310/3556
f  2467/4187/3471 2552/4311/3557 2000/4188/3000
f  2552/4311/3557 2467/4187/3471 2553/4312/3558
f  2553/4312/3558 2467/4187/3471 2554/4313/3559
f  2554/4313/3559 2467/4187/3471 2444/4309/3448
f  2553/4314/3558 2555/4315/3560 2556/4316/3561
f  2553/4314/3558 2556/4316/3561 2557/4317/3562
f  2554/4318/3559 2555/4315/3560 2553/4314/3558
f  2553/4314/3558 2557/4317/3562 2552/4319/3557
f  2552/4319/3557 2557/4317/3562 2558/4320/3563
f  2558/4320/3563 2557/4317/3562 2559/4321/3564
f  2559/4321/3564 2557/4317/3562 2560/4322/3565
f  2557/4317/3562 2556/4316/3561 2560/4322/3565
f  2560/4322/3565 2561/4323/3566 2562/4324/3567
f  2561/4323/3566 2560/4322/3565 2563/4325/3568
f  2560/4322/3565 2556/4316/3561 2563/4325/3568
f  2564/4326/3569 2559/4321/3564 2560/4322/3565
f  2564/4326/3569 2560/4322/3565 2562/4324/3567
f  2564/4327/3569 2565/4328/3570 2566/4329/3571
f  2566/381/3571 2559/4321/3564 2564/4326/3569
f  2562/4330/3567 2565/4328/3570 2564/4327/3569
f  2565/4328/3570 2360/4331/3360 2567/4332/3572
f  2437/4147/3441 2360/4331/3360 2565/4328/3570
f  2568/4333/3573 2565/4328/3570 2569/4334/3574
f  2566/4329/3571 2565/4328/3570 2568/4333/3573
f  2570/4335/3575 2565/4328/3570 2571/4336/3576
f  2569/4334/3574 2565/4328/3570 2570/4335/3575
f  2565/4328/3570 1777/4337/2777 1897/3415/2897
f  1897/3415/2897 1898/3416/2898 2565/4328/3570
f  2565/4328/3570 1898/3416/2898 2572/4338/3577
f  2565/4328/3570 2561/4339/3566 2437/4147/3441
f  2571/4336/3576 2565/4328/3570 2572/4338/3577
f  1777/4337/2777 2565/4328/3570 2567/4332/3572
f  2565/4328/3570 2562/4330/3567 2561/4339/3566
f  2570/4340/3575 2573/4341/3578 2569/4342/3574
f  2569/4342/3574 2573/4341/3578 2574/4343/3579
f  2569/4342/3574 2574/4343/3579 2568/4344/3573
f  2573/4341/3578 2575/4345/3580 2574/4343/3579
f  2576/4346/3581 2574/4343/3579 2575/4345/3580
f  2576/4346/3581 2568/4344/3573 2574/4343/3579
f  2576/4347/3581 2559/4321/3564 2577/4348/3582
f  2578/4349/3583 2559/4321/3564 2576/4347/3581
f  2568/4344/3573 2576/4346/3581 2577/4350/3582
f  2576/4346/3581 2575/4345/3580 2578/4351/3583
f  2578/4349/3583 2558/4320/3563 2559/4321/3564
f  2558/4320/3563 2578/4349/3583 2579/4352/3584
f  2578/4351/3583 2575/4345/3580 2579/4157/3584
f  2580/4353/3585 2558/4320/3563 2579/4352/3584
f  2579/4157/3584 2581/4354/3586 2582/115/3587
f  2580/4353/3585 2579/4352/3584 2582/627/3587
f  2579/4157/3584 2575/4345/3580 2581/4354/3586
f  1999/4355/2999 2580/4356/3585 2582/4357/3587
f  1999/4355/2999 2552/4311/3557 2580/4356/3585
f  2552/4319/3557 2558/4320/3563 2580/4353/3585
f  1997/3542/2997 2582/564/3587 2581/4358/3586
f  2581/4354/3586 2575/4345/3580 1997/4359/2997
f  1997/3542/2997 1999/3545/2999 2582/564/3587
f  2577/4348/3582 2559/4321/3564 2566/381/3571
f  2568/4344/3573 2577/4350/3582 2566/564/3571
f  1997/4359/2997 2575/4345/3580 1994/3536/2994
f  1994/3536/2994 2575/4345/3580 2573/4341/3578
f  1992/3534/2992 1994/3536/2994 2573/4341/3578
f  2570/4340/3575 1992/3534/2992 2573/4341/3578
f  2571/4360/3576 1992/3534/2992 2570/4340/3575
f  2572/4338/3577 2583/4361/3588 2571/4336/3576
f  1988/3530/2988 2571/4360/3576 2583/4362/3588
f  2571/4360/3576 1988/3530/2988 1992/3534/2992
f  2572/4338/3577 2584/4363/3589 2583/4361/3588
f  2584/4364/3589 1988/3530/2988 2583/4362/3588
f  2584/4363/3589 2572/4338/3577 1907/3425/2907
f  2584/4363/3589 1907/3425/2907 2585/4365/3590
f  2584/4364/3589 1982/3524/2982 1984/3526/2984
f  2585/4366/3590 1982/3524/2982 2584/4364/3589
f  2584/4364/3589 1984/3526/2984 1988/3530/2988
f  2585/4365/3590 1907/3425/2907 2586/4367/3591
f  2587/4368/3592 2585/4366/3590 2586/381/3591
f  2587/4368/3592 1982/3524/2982 2585/4366/3590
f  2588/4369/3593 1982/3524/2982 2587/4368/3592
f  2589/4370/3594 2587/4371/3592 2586/564/3591
f  2589/4370/3594 2588/4372/3593 2587/4371/3592
f  2590/4373/3595 1982/3524/2982 2588/4369/3593
f  2589/4370/3594 2591/4374/3596 2588/4372/3593
f  2588/4372/3593 1973/3510/2973 2590/4375/3595
f  2588/4372/3593 2591/4374/3596 1973/3510/2973
f  1912/3432/2912 2591/4374/3596 1909/4376/2909
f  2591/4374/3596 2589/4370/3594 1909/4376/2909
f  1913/3431/2913 1973/3510/2973 2591/4374/3596
f  1912/3432/2912 1913/3431/2913 2591/4374/3596
f  1975/3519/2975 1982/3524/2982 2590/4373/3595
f  1973/3510/2973 1975/3514/2975 2590/4375/3595
f  1907/3425/2907 1909/3427/2909 2589/4377/3594
f  2586/4367/3591 1907/3425/2907 2589/4377/3594
f  2567/4378/3572 1771/3222/2771 1777/3230/2777
f  1771/3222/2771 2567/4378/3572 2360/4036/3360
f  2572/4338/3577 1899/3417/2899 1907/3425/2907
f  1898/3416/2898 1899/3417/2899 2572/4338/3577
f  2561/4323/3566 2563/4325/3568 2592/4379/3597
f  2556/4316/3561 2555/4315/3560 2563/4325/3568
f  2563/4325/3568 2555/4315/3560 2440/4151/3444
f  2592/4379/3597 2563/4325/3568 2440/4151/3444
f  2592/4380/3597 2437/4147/3441 2561/4339/3566
f  2438/4148/3442 2437/4147/3441 2592/4380/3597
f  2592/4379/3597 2440/4151/3444 2438/4149/3442
f  2554/4318/3559 2441/4152/3445 2555/4315/3560
f  2555/4315/3560 2441/4152/3445 2440/4151/3444
f  2444/4156/3448 2441/4152/3445 2554/4318/3559
f  2000/4188/3000 2552/4311/3557 1999/4355/2999
f  2448/4160/3452 2446/4162/3450 2551/4247/3556
f  2444/4309/3448 2551/4310/3556 2443/4381/3447
f  2443/4381/3447 2551/4310/3556 2446/4382/3450
f  2456/4175/3460 2417/4121/3421 2419/4123/3423
f  2431/4135/3435 2359/4383/3359 2437/4147/3441
f  2437/4147/3441 2359/4383/3359 2358/4384/3358
f  2360/4331/3360 2437/4147/3441 2358/4384/3358
f  2435/4143/3439 2427/4154/3431 2430/4385/3434
f  2435/4143/3439 2430/4385/3434 2429/4141/3433
f  2359/4383/3359 2431/4135/3435 2406/4098/3409
f  2414/4116/3418 2406/4098/3409 2431/4135/3435
f  2414/4116/3418 2431/4135/3435 2421/4137/3425
f  2361/4037/3361 2359/4035/3359 2406/4102/3409
f  2387/4386/3390 2394/4083/3397 2388/4077/3391
f  2392/4081/3395 2394/4083/3397 2375/4056/3375
f  2387/4386/3390 2376/4057/3376 2394/4083/3397
f  2394/4083/3397 2376/4057/3376 2375/4056/3375
f  2361/4111/3361 2391/4080/3394 2392/4081/3395
f  2361/4111/3361 2392/4081/3395 2368/4387/3368
f  2368/4387/3368 2392/4081/3395 2375/4056/3375
f  2390/4253/3393 2385/4071/3388 2384/4070/3387
f  2380/4062/3380 2376/4057/3376 2387/4386/3390
f  2341/4388/3341 2369/4048/3369 2382/4069/3385
f  2382/4067/3385 2340/4006/3340 2341/4007/3341
f  2382/4069/3385 2369/4048/3369 2371/4050/3371
f  2372/4051/3372 2379/4061/3379 2371/4050/3371
f  2368/4387/3368 2375/4056/3375 2367/4058/3367
f  2341/4388/3341 2348/4020/3348 2369/4048/3369
f  2353/4026/3353 2354/4027/3354 2362/381/3362
f  2353/4047/3353 2349/4021/3349 2350/4022/3350
f  2593/4389/3598 2594/4390/3599 2352/4025/3352
f  2595/4391/3600 2352/4025/3352 2594/4390/3599
f  2356/4029/3356 2352/4025/3352 2595/4391/3600
f  2345/4014/3345 2593/4389/3598 2352/4025/3352
f  1755/4392/2755 2593/4389/3598 2345/4014/3345
f  1756/3205/2756 2593/4389/3598 1755/4392/2755
f  1756/3205/2756 2596/4393/3601 2593/4389/3598
f  2593/4389/3598 2596/4393/3601 2594/4390/3599
f  1756/3205/2756 1758/3204/2758 2596/4393/3601
f  2596/4393/3601 1758/3204/2758 2597/4394/3602
f  2596/4393/3601 2597/4394/3602 2594/4390/3599
f  2598/4395/3603 2594/4390/3599 2597/4394/3602
f  1758/3204/2758 1761/3209/2761 2597/4394/3602
f  2597/4394/3602 2599/4396/3604 2598/4395/3603
f  2599/4396/3604 2597/4394/3602 1761/3209/2761
f  2599/4397/3604 1771/3222/2771 2598/4398/3603
f  1772/3223/2772 1771/3222/2771 2599/4397/3604
f  2599/4396/3604 1761/3209/2761 1772/3224/2772
f  2598/4398/3603 1771/3222/2771 2595/4399/3600
f  2595/4391/3600 2594/4390/3599 2598/4395/3603
f  2595/4399/3600 1771/3222/2771 2356/4033/3356
f  2343/4016/3343 2348/4020/3348 2341/4388/3341
f  1755/4392/2755 2345/4014/3345 2344/4013/3344
f  2338/4010/3338 1755/3200/2755 2344/4011/3344
f  1754/3199/2754 1755/3200/2755 2338/4010/3338
f  1754/4003/2754 2330/3995/3330 1750/3639/2750
f  2311/3961/3311 2306/3956/3306 2321/3983/3321
f  2321/3977/3321 2312/3965/3312 2311/3962/3311
f  2317/3970/3317 2083/3651/3083 2084/3652/3084
f  2317/3970/3317 2084/3652/3084 2091/3662/3091
f  2308/3960/3308 2092/3963/3092 2093/381/3093
f  2307/3957/3307 2308/3933/3308 2093/564/3093
f  2307/4400/3307 2094/3666/3094 2304/4401/3304
f  2093/3665/3093 2094/3666/3094 2307/4400/3307
f  2304/4401/3304 2094/3666/3094 2300/4402/3300
f  2094/3666/3094 2301/4403/3301 2300/4402/3300
f  2094/3666/3094 2289/3931/3289 2301/4403/3301
f  1747/3993/2747 2294/3941/3294 2292/3938/3292
f  1747/3993/2747 2292/3938/3292 2600/4404/3605
f  2600/4404/3605 2292/3938/3292 1742/3179/2742
f  1741/3185/2741 1747/3189/2747 2600/4405/3605
f  2600/4404/3605 1742/3179/2742 1741/3178/2741
f  2075/3639/3075 2085/3653/3085 2074/4277/3074
f  2057/3671/3057 2081/3670/3081 2079/381/3079
f  2062/3626/3062 2057/3620/3057 2079/4406/3079
f  2079/381/3079 2065/3647/3065 2062/564/3062
f  2064/4217/3064 2053/3612/3053 2054/3614/3054
f  2042/3598/3042 2050/3618/3050 2045/3603/3045
f  2047/3606/3047 2039/3594/3039 2040/3595/3040
f  2038/3593/3038 2026/3577/3026 2031/3582/3031
f  2024/4306/3024 2010/4308/3010 2014/4407/3014
f  2015/3573/3015 2024/3575/3024 2014/115/3014
f  2000/3546/3000 2001/3547/3001 2009/3555/3009
f  1997/4359/2997 1994/3536/2994 1998/3544/2998
f  1985/3902/2985 1989/3537/2989 1987/4408/2987
f  1978/3517/2978 1985/3902/2985 1983/4409/2983
f  1965/3901/2965 1974/3512/2974 1968/4410/2968
f  1968/4410/2968 1974/3512/2974 1970/3511/2970
f  1960/3496/2960 1965/3901/2965 1966/4411/2966
f  1960/3496/2960 1966/4411/2966 1961/3497/2961
f  1963/3500/2963 1949/3481/2949 1951/3483/2951
f  1963/3500/2963 1939/3470/2939 1949/3481/2949
f  1939/3470/2939 1963/3500/2963 1935/3462/2935
f  1963/3500/2963 1928/3454/2928 1935/3462/2935
f  1934/3463/2934 1935/3462/2935 1928/3454/2928
f  1920/3443/2920 1930/3457/2930 1921/3444/2921
f  1934/3463/2934 1928/3454/2928 1927/3453/2927
f  1917/3439/2917 1923/3446/2923 1916/3437/2916
f  1904/3422/2904 1920/3443/2920 1919/3442/2919
f  1905/3423/2905 1904/3422/2904 1919/3442/2919
f  1905/3423/2905 1919/3442/2919 1910/3428/2910
f  1897/3415/2897 1777/4337/2777 1776/3414/2776
f  1671/3094/2671 1895/3412/2895 1674/3097/2674
f  1680/3103/2680 1773/3226/2773 1774/3227/2774
f  1680/3103/2680 1674/3097/2674 1773/3226/2773
f  1764/3213/2764 1762/3210/2762 1766/3219/2766
f  1757/3202/2757 1752/3198/2752 1765/4412/2765
f  1735/3347/2735 1745/3187/2745 1736/3182/2736
f  1742/3179/2742 1739/3934/2739 1740/3181/2740
f  1735/3347/2735 1736/3182/2736 1737/4413/2737
f  1718/3146/2718 1726/3160/2726 1719/3148/2719
f  1721/3151/2721 1714/4414/2714 1713/3153/2713
f  1721/3151/2721 1711/3844/2711 1714/4414/2714
f  1694/3302/2694 1696/3121/2696 1693/3122/2693
f  1651/3074/2651 1589/2996/2589 1653/3076/2653
f  1589/2996/2589 1593/3000/2593 1653/3076/2653
f  1588/2995/2588 1589/2996/2589 1651/3074/2651
f  1648/3071/2648 1588/2995/2588 1651/3074/2651
f  1640/3060/2640 2601/4415/3606 1648/3071/2648
f  2601/4415/3606 1588/2995/2588 1648/3071/2648
f  2601/4415/3606 1585/2992/2585 1588/2995/2588
f  2602/4416/3607 1585/2992/2585 2601/4415/3606
f  1635/3052/2635 2602/4416/3607 2601/4415/3606
f  1635/3052/2635 2601/4415/3606 1640/3060/2640
f  1636/3054/2636 2603/4417/3608 2602/4416/3607
f  2603/4417/3608 1587/2994/2587 2602/4416/3607
f  2602/4416/3607 1587/2994/2587 1585/2992/2585
f  1636/3054/2636 2602/4416/3607 1635/3052/2635
f  2604/4418/3609 2605/4419/3610 2603/4417/3608
f  2604/4418/3609 2603/4417/3608 1636/3054/2636
f  2603/4417/3608 2606/4420/3611 1587/2994/2587
f  2605/4419/3610 2606/4420/3611 2603/4417/3608
f  2605/4419/3610 2607/4421/3612 2606/4420/3611
f  2607/4421/3612 1580/2987/2580 2606/4420/3611
f  2606/4420/3611 1581/2988/2581 1587/2994/2587
f  2606/4420/3611 1580/2987/2580 1581/2988/2581
f  2608/4422/3613 2607/4421/3612 2605/4419/3610
f  2608/4422/3613 2609/4423/3614 2607/4421/3612
f  2609/4423/3614 2610/4424/3615 2607/4421/3612
f  2607/4421/3612 2610/4424/3615 1580/2987/2580
f  2609/4423/3614 2611/4425/3616 2610/4424/3615
f  2611/4425/3616 2612/4426/3617 2610/4424/3615
f  2610/4424/3615 2612/4426/3617 1578/2985/2578
f  2610/4424/3615 1578/2985/2578 1580/2987/2580
f  2613/4427/3618 2614/4428/3619 2612/4426/3617
f  2611/4425/3616 2613/4427/3618 2612/4426/3617
f  2612/4426/3617 2614/4428/3619 1575/2982/2575
f  2612/4426/3617 1575/2982/2575 1578/2985/2578
f  2613/4427/3618 2615/4429/3620 2614/4428/3619
f  2615/4429/3620 2616/4430/3621 2614/4428/3619
f  2614/4428/3619 2616/4430/3621 1572/2979/2572
f  2614/4428/3619 1572/2979/2572 1575/2982/2575
f  2616/4430/3621 2617/4431/3622 2618/4432/3623
f  2616/4430/3621 2618/4432/3623 1572/2979/2572
f  2615/4429/3620 2619/4433/3624 2616/4430/3621
f  2619/4433/3624 2620/4434/3625 2616/4430/3621
f  2617/4431/3622 2616/4430/3621 2620/4434/3625
f  2621/4435/3626 2620/4436/3625 2622/4437/3627
f  2620/4436/3625 2621/4435/3626 2617/4438/3622
f  2619/4433/3624 2623/4439/3628 2620/4434/3625
f  2622/4437/3627 2620/4436/3625 2623/4440/3628
f  2622/4437/3627 1558/2962/2558 2621/4435/3626
f  2622/4437/3627 2624/4441/3629 2625/4442/3630
f  2625/4442/3630 2626/4443/3631 2622/4437/3627
f  2624/4441/3629 2622/4437/3627 2623/4440/3628
f  2622/4437/3627 2626/4443/3631 1558/2962/2558
f  2623/4439/3628 2619/4433/3624 2624/4444/3629
f  2627/4445/3632 2624/4444/3629 2619/4433/3624
f  2627/4445/3632 2628/4446/3633 2624/4444/3629
f  2625/4442/3630 2624/4441/3629 2628/4447/3633
f  2629/4448/3634 2625/4442/3630 2628/4447/3633
f  2628/4446/3633 2627/4445/3632 2629/4449/3634
f  2630/4450/3635 2629/4449/3634 2627/4445/3632
f  2630/4450/3635 2631/4451/3636 2629/4449/3634
f  2625/4442/3630 2629/4448/3634 2632/4452/3637
f  2632/4452/3637 2629/4448/3634 2631/4453/3636
f  2633/4454/3638 2634/4455/3639 2632/4452/3637
f  2632/4452/3637 2635/4456/3640 2633/4454/3638
f  2632/4452/3637 2636/4457/3641 2625/4442/3630
f  2632/4452/3637 2634/4455/3639 2636/4457/3641
f  2635/4456/3640 2632/4452/3637 2631/4453/3636
f  2634/4455/3639 1529/2921/2529 1531/2923/2531
f  2634/4455/3639 1531/2923/2531 2636/4457/3641
f  2633/4454/3638 2637/4458/3642 2634/4455/3639
f  1529/2921/2529 2634/4455/3639 2637/4458/3642
f  2638/4459/3643 2637/4458/3642 2633/4454/3638
f  2638/4459/3643 1523/2912/2523 2637/4458/3642
f  1523/2912/2523 1524/2913/2524 2637/4458/3642
f  2637/4458/3642 1524/2913/2524 1529/2921/2529
f  2633/4454/3638 2639/4460/3644 2638/4459/3643
f  2638/4459/3643 2639/4460/3644 2640/4461/3645
f  2641/4462/3646 2638/4459/3643 2640/4461/3645
f  2638/4459/3643 2641/4462/3646 2642/4463/3647
f  2642/4463/3647 1523/2912/2523 2638/4459/3643
f  2643/4464/3648 2642/4463/3647 2644/4465/3649
f  2642/4463/3647 2643/4464/3648 2645/4466/3650
f  2645/4466/3650 1522/2911/2522 2642/4463/3647
f  2642/4463/3647 1522/2911/2522 1523/2912/2523
f  2642/4463/3647 2641/4462/3646 2644/4465/3649
f  2644/4467/3649 2646/4468/3651 2643/4469/3648
f  2646/4468/3651 2644/4467/3649 2641/4470/3646
f  2646/4468/3651 2641/4470/3646 2647/4471/3652
f  2648/4472/3653 2646/4468/3651 2647/4471/3652
f  2649/4473/3654 2650/4474/3655 2646/4468/3651
f  2650/4474/3655 2643/4469/3648 2646/4468/3651
f  2649/4473/3654 2646/4468/3651 2648/4472/3653
f  2651/4475/3656 2650/4474/3655 2649/4473/3654
f  2649/4473/3654 2652/4476/3657 2651/4475/3656
f  2653/4477/3658 2649/4473/3654 2648/4472/3653
f  2654/4478/3659 2649/4473/3654 2653/4477/3658
f  2652/4476/3657 2649/4473/3654 2654/4478/3659
f  2654/4478/3659 2653/4477/3658 2655/4479/3660
f  2656/4480/3661 2654/4481/3659 2655/4482/3660
f  2657/4483/3662 2654/4481/3659 2656/4480/3661
f  2654/4481/3659 2657/4483/3662 2652/4484/3657
f  2655/4479/3660 2653/4477/3658 2658/4485/3663
f  2658/4486/3663 2656/4480/3661 2655/4482/3660
f  2653/4477/3658 2659/4487/3664 2658/4485/3663
f  2658/4486/3663 2660/4488/3665 2656/4480/3661
f  2660/4488/3665 2658/4486/3663 2659/4489/3664
f  2653/4477/3658 2661/4490/3666 2659/4487/3664
f  2661/4491/3666 2660/4488/3665 2659/4489/3664
f  2662/4492/3667 2663/4493/3668 2661/4491/3666
f  2661/4490/3666 2664/4494/3669 2662/4495/3667
f  2664/4494/3669 2661/4490/3666 2653/4477/3658
f  2661/4491/3666 2663/4493/3668 2660/4488/3665
f  2665/4496/3670 2663/4493/3668 2662/4492/3667
f  2665/4496/3670 2666/4497/3671 2663/4493/3668
f  2666/4497/3671 2667/4498/3672 2663/4493/3668
f  2667/4498/3672 2668/4499/3673 2663/4493/3668
f  2663/4493/3668 2668/4499/3673 2660/4488/3665
f  2669/4500/3674 2670/4501/3675 2668/4499/3673
f  2668/4499/3673 2670/4501/3675 2660/4488/3665
f  2671/4502/3676 2668/4499/3673 2667/4498/3672
f  2668/4499/3673 2671/4502/3676 2672/4503/3677
f  2669/4500/3674 2668/4499/3673 2672/4503/3677
f  2669/4504/3674 2673/4505/3678 2674/4506/3679
f  2674/4507/3679 2670/4501/3675 2669/4500/3674
f  2672/4508/3677 2673/4505/3678 2669/4504/3674
f  2673/4505/3678 2675/4509/3680 2676/4510/3681
f  2673/4505/3678 2672/4508/3677 2675/4509/3680
f  2677/4511/3682 2673/4505/3678 2676/4510/3681
f  2678/4512/3683 2679/4513/3684 2673/4505/3678
f  2678/4512/3683 2673/4505/3678 2677/4511/3682
f  2673/4505/3678 2679/4513/3684 2674/4506/3679
f  2679/4513/3684 2678/4512/3683 2680/4514/3685
f  2680/4515/3685 2681/4516/3686 2679/4517/3684
f  2681/4516/3686 2674/4507/3679 2679/4517/3684
f  2680/4515/3685 2682/4518/3687 2681/4516/3686
f  2670/4501/3675 2681/4516/3686 2656/4480/3661
f  2674/4507/3679 2681/4516/3686 2670/4501/3675
f  2656/4480/3661 2681/4516/3686 2657/4483/3662
f  2681/4516/3686 2682/4518/3687 2657/4483/3662
f  2683/4519/3688 2682/4518/3687 2680/4515/3685
f  2657/4483/3662 2682/4518/3687 2684/4520/3689
f  2682/4518/3687 2685/4521/3690 2684/4520/3689
f  2683/4519/3688 2685/4521/3690 2682/4518/3687
f  2678/4512/3683 2686/4522/3691 2683/4523/3688
f  2680/4514/3685 2678/4512/3683 2683/4523/3688
f  2685/4521/3690 2683/4519/3688 2686/4524/3691
f  2678/4512/3683 2687/4525/3692 2686/4522/3691
f  2687/4526/3692 2685/4521/3690 2686/4524/3691
f  2677/4511/3682 2687/4525/3692 2678/4512/3683
f  2688/4527/3693 2687/4525/3692 2677/4511/3682
f  2688/4527/3693 2689/4528/3694 2687/4525/3692
f  2687/4525/3692 2689/4528/3694 2690/4529/3695
f  2690/4530/3695 2691/4531/3696 2687/4526/3692
f  2687/4526/3692 2691/4531/3696 2685/4521/3690
f  2692/4532/3697 2693/4533/3698 2689/4528/3694
f  2689/4528/3694 2693/4533/3698 2694/4534/3699
f  2689/4528/3694 2694/4534/3699 2695/4535/3700
f  2696/4536/3701 2689/4537/3694 2695/115/3700
f  2689/4537/3694 2691/4531/3696 2690/4530/3695
f  2691/4531/3696 2689/4537/3694 2696/4536/3701
f  2692/4532/3697 2689/4528/3694 2688/4527/3693
f  2688/4527/3693 2697/4538/3702 2692/4532/3697
f  2692/4532/3697 2697/4538/3702 2698/4539/3703
f  2693/4533/3698 2692/4532/3697 2699/4540/3704
f  2692/4532/3697 2700/4541/3705 2699/4540/3704
f  2692/4532/3697 2701/4542/3706 2700/4541/3705
f  2692/4532/3697 2702/4543/3707 2701/4542/3706
f  2698/4539/3703 2702/4543/3707 2692/4532/3697
f  1331/2629/2329 2698/4544/3703 1379/4545/2377
f  1331/2629/2329 2703/4546/3708 2698/4544/3703
f  1379/4545/2377 2698/4544/3703 1380/4547/2378
f  1380/4547/2378 2698/4544/3703 2697/4548/3702
f  2698/4544/3703 2703/4546/3708 2704/4549/3709
f  2698/4539/3703 2705/4550/3710 2702/4543/3707
f  2698/4539/3703 2706/4551/3711 2705/4550/3710
f  2706/4551/3711 2698/4539/3703 2704/564/3709
f  2704/381/3709 2707/2645/3712 2708/4552/3713
f  2703/4553/3708 2707/2645/3712 2704/381/3709
f  2708/4554/3713 2706/4555/3711 2704/564/3709
f  2707/4556/3712 2709/4557/3714 2708/4554/3713
f  2708/4554/3713 2709/4557/3714 2706/4555/3711
f  2709/4557/3714 2710/2645/3715 2711/4558/3716
f  2711/4558/3716 2712/4559/3717 2709/4557/3714
f  2705/4560/3710 2709/4557/3714 2712/4559/3717
f  2710/2645/3715 2709/4557/3714 2707/4556/3712
f  2706/4555/3711 2709/4557/3714 2705/4560/3710
f  2707/2645/3712 2713/4561/3718 2710/4556/3715
f  2710/4556/3715 2713/4561/3718 2714/4562/3719
f  2710/4556/3715 1223/564/2215 2715/4554/3720
f  2714/4562/3719 1223/564/2215 2710/4556/3715
f  2711/4558/3716 2710/2645/3715 2715/4552/3720
f  1223/381/2215 2711/4558/3716 2715/4552/3720
f  2714/4562/3719 1226/4563/2218 1222/4564/2214
f  1226/4563/2218 2714/4562/3719 2716/4565/3721
f  2717/4566/3722 2716/4565/3721 2714/4562/3719
f  2717/4566/3722 2714/4562/3719 2713/4561/3718
f  1223/564/2215 2714/4562/3719 1222/4564/2214
f  1240/2492/2232 2716/4565/3721 2717/4566/3722
f  2718/4567/3723 1240/2492/2232 2717/4566/3722
f  2718/4567/3723 2717/4566/3722 2713/4561/3718
f  2703/4546/3708 2719/4568/3724 2718/4569/3723
f  2718/4567/3723 2713/4561/3718 2703/4553/3708
f  2719/4570/3724 1240/2492/2232 2718/4567/3723
f  1331/2629/2329 2719/4568/3724 2703/4546/3708
f  1331/2629/2329 1246/2631/2238 2719/4568/3724
f  2719/4568/3724 1246/2631/2238 1243/4571/2235
f  1243/2496/2235 1240/2492/2232 2719/4570/3724
f  1240/2492/2232 1241/2493/2233 2716/4565/3721
f  1226/4563/2218 2716/4565/3721 1229/4572/2221
f  1229/4572/2221 2716/4565/3721 1241/2493/2233
f  2703/4553/3708 2713/4561/3718 2707/2645/3712
f  2720/4573/3725 2712/4559/3717 2711/4558/3716
f  2720/4573/3725 2721/4574/3726 2712/4559/3717
f  2702/4575/3707 2712/4559/3717 2721/4574/3726
f  2705/4560/3710 2712/4559/3717 2702/4575/3707
f  2722/4576/3727 2721/4574/3726 2720/4573/3725
f  2722/4576/3727 2723/4577/3728 2721/4574/3726
f  2701/4578/3706 2721/4574/3726 2723/4577/3728
f  2721/4574/3726 2701/4578/3706 2702/4575/3707
f  2724/4579/3729 2722/4576/3727 2725/4580/3730
f  2725/4580/3730 2722/4576/3727 2720/4573/3725
f  2724/4579/3729 2726/4581/3731 2722/4576/3727
f  2726/4581/3731 2723/4577/3728 2722/4576/3727
f  1212/4582/2204 2724/4583/3729 2725/4584/3730
f  2727/4585/3732 2726/4581/3731 2724/4579/3729
f  2728/4586/3733 2727/4587/3732 2724/4583/3729
f  2728/4586/3733 2724/4583/3729 1212/4582/2204
f  2729/4588/3734 2727/4587/3732 2728/4586/3733
f  2728/4589/3733 1210/2451/2202 2730/4590/3735
f  2728/4589/3733 2730/4590/3735 2729/627/3734
f  1212/2453/2204 1210/2451/2202 2728/4589/3733
f  2727/4587/3732 2729/4588/3734 2731/564/3736
f  2730/4591/3735 2731/4592/3736 2729/381/3734
f  2731/4592/3736 2732/4593/3737 2733/4594/3738
f  2730/4591/3735 2732/4593/3737 2731/4592/3736
f  2733/4595/3738 2734/4596/3739 2731/115/3736
f  2734/4597/3739 2727/4585/3732 2731/627/3736
f  2733/4595/3738 2735/2659/3740 2734/4596/3739
f  2736/4598/3741 2735/2659/3740 2733/4595/3738
f  2733/4594/3738 2732/4593/3737 2736/4599/3741
f  2694/2110/3699 2735/2659/3740 2736/4598/3741
f  2694/2110/3699 2736/4598/3741 2737/4600/3742
f  2736/4599/3741 2738/4601/3743 2737/4602/3742
f  2736/4599/3741 2732/4593/3737 2738/4601/3743
f  2739/4603/3744 2737/4602/3742 2738/4601/3743
f  2739/4603/3744 2738/4601/3743 2740/4604/3745
f  2732/4593/3737 1209/4605/2201 2738/4601/3743
f  2738/4601/3743 1209/4605/2201 1208/4590/2200
f  2740/4604/3745 2738/4601/3743 1208/4590/2200
f  2741/4606/3746 2740/4607/3745 1207/4608/2199
f  2740/4604/3745 1208/4590/2200 1207/627/2199
f  2741/4606/3746 2739/4609/3744 2740/4607/3745
f  2741/4606/3746 1207/4608/2199 1197/4610/2189
f  2741/4606/3746 1197/4610/2189 2742/4611/3747
f  2741/4606/3746 2742/4611/3747 2743/4612/3748
f  2741/4606/3746 2743/4612/3748 2744/4613/3749
f  2695/4614/3700 2741/4606/3746 2744/4613/3749
f  2741/4606/3746 2694/564/3699 2739/4609/3744
f  2741/4606/3746 2695/4614/3700 2694/564/3699
f  2742/4615/3747 2745/4616/3750 2743/4617/3748
f  2743/4617/3748 2745/4616/3750 2744/4618/3749
f  1198/115/2190 2745/4616/3750 2742/4615/3747
f  1200/4619/2192 2745/4616/3750 1198/115/2190
f  2696/4620/3701 2745/4616/3750 2746/4621/3751
f  2744/4618/3749 2745/4616/3750 2696/4620/3701
f  1200/4619/2192 2747/4622/3752 2745/4616/3750
f  2746/4621/3751 2745/4616/3750 2747/4622/3752
f  2748/4623/3753 2749/4624/3754 2746/4625/3751
f  2746/4625/3751 2749/4624/3754 2696/4536/3701
f  2748/4623/3753 2746/4625/3751 2750/564/3755
f  2746/4621/3751 2747/4622/3752 2751/4626/3756
f  2746/4621/3751 2751/4626/3756 2750/381/3755
f  2751/4627/3756 2752/4628/3757 2750/4629/3755
f  2750/4629/3755 2753/4630/3758 2748/4631/3753
f  2750/4629/3755 2752/4628/3757 2753/4630/3758
f  2753/4630/3758 2752/4628/3757 2754/4632/3759
f  2753/4630/3758 2754/4632/3759 2755/4633/3760
f  2753/4634/3758 2749/4624/3754 2748/4623/3753
f  2755/4635/3760 2749/4624/3754 2753/4634/3758
f  2754/4632/3759 2756/4636/3761 2755/4633/3760
f  2757/4637/3762 2755/4635/3760 2756/4638/3761
f  2755/4635/3760 2757/4637/3762 2749/4624/3754
f  2685/4521/3690 2691/4531/3696 2757/4637/3762
f  2684/4520/3689 2685/4521/3690 2757/4637/3762
f  2758/4639/3763 2757/4637/3762 2756/4638/3761
f  2757/4637/3762 2691/4531/3696 2749/4624/3754
f  2758/4639/3763 2684/4520/3689 2757/4637/3762
f  2756/4636/3761 2651/4475/3656 2758/4640/3763
f  2759/4641/3764 2684/4520/3689 2758/4639/3763
f  2758/4640/3763 2651/4475/3656 2759/4642/3764
f  2651/4475/3656 2652/4476/3657 2759/4642/3764
f  2759/4641/3764 2657/4483/3662 2684/4520/3689
f  2657/4483/3662 2759/4641/3764 2652/4484/3657
f  2756/4636/3761 2754/4632/3759 2651/4475/3656
f  2754/4632/3759 2760/4643/3765 2651/4475/3656
f  2754/4632/3759 2752/4628/3757 2760/4643/3765
f  2651/4475/3656 2760/4643/3765 2650/4474/3655
f  2760/4643/3765 2761/4644/3766 2650/4474/3655
f  2762/4645/3767 2760/4643/3765 2763/4646/3768
f  2760/4643/3765 2762/4645/3767 2761/4644/3766
f  2752/4628/3757 2763/4646/3768 2760/4643/3765
f  2764/4647/3769 2761/4648/3766 2762/4649/3767
f  2765/4650/3770 2650/4474/3655 2761/4644/3766
f  2761/4648/3766 2645/4466/3650 2765/4651/3770
f  2645/4466/3650 2761/4648/3766 2764/4647/3769
f  2764/4647/3769 2763/4652/3768 2766/4653/3771
f  2763/4652/3768 2764/4647/3769 2762/4649/3767
f  2766/4653/3771 2767/4654/3772 2764/4647/3769
f  2764/4647/3769 2767/4654/3772 2768/4655/3773
f  2764/4647/3769 2768/4655/3773 2645/4466/3650
f  1512/4656/2512 2768/4655/3773 2767/4654/3772
f  2645/4466/3650 2768/4655/3773 1522/2911/2522
f  1517/2909/2517 1522/2911/2522 2768/4655/3773
f  2768/4655/3773 1513/4657/2513 1516/4658/2516
f  1517/2909/2517 2768/4655/3773 1516/4658/2516
f  2768/4655/3773 1512/4656/2512 1513/4657/2513
f  2766/4653/3771 2769/4659/3774 2767/4654/3772
f  1512/4656/2512 2767/4654/3772 1511/4660/2511
f  1511/4660/2511 2767/4654/3772 2769/4659/3774
f  2766/4653/3771 2770/4661/3775 2769/4659/3774
f  1508/2894/2508 1511/2897/2511 2769/4662/3774
f  1508/2894/2508 2769/4662/3774 2770/4663/3775
f  2766/4653/3771 2771/4664/3776 2770/4661/3775
f  2771/4665/3776 1507/2893/2507 2770/4663/3775
f  2770/4663/3775 1507/2893/2507 1508/2894/2508
f  2772/4666/3777 2771/4664/3776 2766/4653/3771
f  2773/4667/3778 1507/2893/2507 2771/4665/3776
f  2771/4664/3776 2772/4666/3777 2773/4668/3778
f  2766/4653/3771 2774/4669/3779 2772/4666/3777
f  2772/4666/3777 2775/4670/3780 2776/4671/3781
f  2775/4670/3780 2772/4666/3777 2777/4672/3782
f  2772/4666/3777 2774/4669/3779 2777/4672/3782
f  2778/4673/3783 2772/4666/3777 2776/4671/3781
f  2772/4666/3777 2778/4673/3783 2773/4668/3778
f  2779/4674/3784 2773/4667/3778 2778/4675/3783
f  2778/4675/3783 2780/4676/3785 2779/4674/3784
f  2781/4677/3786 2780/4676/3785 2778/4675/3783
f  2778/4673/3783 2776/4671/3781 2781/4678/3786
f  2782/4679/3787 2780/4676/3785 2781/4677/3786
f  2781/4678/3786 2776/4671/3781 2782/4680/3787
f  2782/4680/3787 2776/4671/3781 2783/4681/3788
f  2783/4682/3788 2784/4683/3789 2782/4679/3787
f  2782/4679/3787 2784/4683/3789 2780/4676/3785
f  2785/4684/3790 2786/4685/3791 2784/4683/3789
f  2784/4683/3789 2786/4685/3791 1085/2269/2063
f  2784/4683/3789 1085/2269/2063 1088/2276/2066
f  2785/4684/3790 2784/4683/3789 2783/4682/3788
f  2780/4676/3785 2784/4683/3789 1088/2276/2066
f  2787/4686/3792 2788/4687/3793 2785/4688/3790
f  2783/4681/3788 2787/4686/3792 2785/4688/3790
f  2786/4685/3791 2785/4684/3790 2788/4689/3793
f  2787/4686/3792 2789/4690/3794 2788/4687/3793
f  2790/4691/3795 2788/4689/3793 2789/115/3794
f  2788/4689/3793 2791/4692/3796 2786/4685/3791
f  2791/4692/3796 2788/4689/3793 2790/4691/3795
f  2792/4693/3797 2790/4694/3795 2789/627/3794
f  1084/2267/2062 2790/4694/3795 2793/4695/3798
f  2790/4694/3795 1084/2267/2062 2794/4696/3799
f  2790/4694/3795 2794/4696/3799 2791/4697/3796
f  2792/4693/3797 2793/4695/3798 2790/4694/3795
f  2789/4690/3794 2795/4698/3800 2792/4699/3797
f  2793/4695/3798 2792/4693/3797 2796/4700/3801
f  2795/4698/3800 2796/4701/3801 2792/4699/3797
f  2787/4686/3792 2797/4702/3802 2795/4698/3800
f  2789/4690/3794 2787/4686/3792 2795/4698/3800
f  2795/4698/3800 2798/4703/3803 2799/4704/3804
f  2800/4705/3805 2795/4698/3800 2799/4704/3804
f  2795/4698/3800 2797/4702/3802 2801/4706/3806
f  2802/4707/3807 2795/4698/3800 2801/4706/3806
f  2795/4698/3800 2802/4707/3807 2798/4703/3803
f  2795/4698/3800 2800/4705/3805 2796/4701/3801
f  2800/4705/3805 2799/4704/3804 2803/4708/3808
f  2800/4709/3805 2804/4710/3809 2796/4700/3801
f  2803/4711/3808 2804/4710/3809 2800/4709/3805
f  2799/4704/3804 2805/4712/3810 2803/4708/3808
f  2803/4711/3808 2806/4713/3811 2804/4710/3809
f  2806/4713/3811 2803/4711/3808 2805/4714/3810
f  2805/4712/3810 2799/4704/3804 1039/2201/2017
f  2805/4712/3810 1039/2201/2017 2807/4715/3812
f  2807/4716/3812 1049/2214/2027 2805/4714/3810
f  2805/4714/3810 1049/2214/2027 2806/4713/3811
f  2807/4715/3812 1039/2201/2017 1047/2209/2025
f  1047/2211/2025 1049/2214/2027 2807/4716/3812
f  1082/2264/2060 2806/4713/3811 1081/2263/2059
f  2806/4713/3811 1082/2264/2060 2804/4710/3809
f  1081/2263/2059 2806/4713/3811 1049/2214/2027
f  1082/2264/2060 2793/4695/3798 2804/4710/3809
f  2796/4700/3801 2804/4710/3809 2793/4695/3798
f  2808/4717/3813 2798/4718/3803 2802/4719/3807
f  2801/4720/3806 2808/4717/3813 2802/4719/3807
f  2808/4717/3813 2797/4721/3802 2809/4722/3814
f  2808/4717/3813 2801/4720/3806 2797/4721/3802
f  2798/4718/3803 2808/4717/3813 2810/4723/3815
f  2810/4723/3815 2808/4717/3813 1160/2382/2152
f  2809/4722/3814 2811/4724/3816 2808/4717/3813
f  2808/4717/3813 2812/4725/3817 1160/2382/2152
f  2808/4717/3813 2811/4724/3816 2813/4726/3818
f  2812/4725/3817 2808/4717/3813 2813/4726/3818
f  1168/2393/2160 1167/2392/2159 2812/4727/3817
f  1160/2382/2152 2812/4725/3817 1167/4728/2159
f  2813/4729/3818 1168/2393/2160 2812/4727/3817
f  2814/4730/3819 1201/2440/2193 2811/4731/3816
f  1201/2440/2193 2813/4729/3818 2811/4731/3816
f  2811/4724/3816 2809/4722/3814 2814/4732/3819
f  2815/4733/3820 2814/4732/3819 2809/4722/3814
f  2815/4733/3820 2816/4734/3821 2814/4732/3819
f  2817/4735/3822 1201/2440/2193 2814/4730/3819
f  2817/4735/3822 2814/4730/3819 2816/582/3821
f  2816/4734/3821 2815/4733/3820 2818/4736/3823
f  2818/4737/3823 2817/2438/3822 2816/564/3821
f  2815/4733/3820 2819/4738/3824 2818/4736/3823
f  2747/4622/3752 2818/4737/3823 2819/4739/3824
f  2818/4737/3823 2747/4622/3752 2817/2438/3822
f  2819/4738/3824 2815/4733/3820 2820/4740/3825
f  2819/4738/3824 2820/4740/3825 2751/4627/3756
f  2751/4626/3756 2747/4622/3752 2819/4739/3824
f  2777/4741/3782 2820/4740/3825 2775/4742/3780
f  2815/4733/3820 2775/4742/3780 2820/4740/3825
f  2752/4628/3757 2751/4627/3756 2820/4740/3825
f  2820/4740/3825 2774/4743/3779 2752/4628/3757
f  2820/4740/3825 2777/4741/3782 2774/4743/3779
f  2817/2438/3822 2747/4622/3752 2821/3639/3826
f  1201/2440/2193 2817/4735/3822 2821/3639/3826
f  2821/3639/3826 2747/4622/3752 1200/4619/2192
f  1200/2438/2192 1201/2440/2193 2821/3639/3826
f  2815/4733/3820 2822/4744/3827 2775/4742/3780
f  2809/4722/3814 2823/4745/3828 2815/4733/3820
f  2822/4744/3827 2815/4733/3820 2823/4745/3828
f  2823/4746/3828 2776/4671/3781 2822/4747/3827
f  2776/4671/3781 2775/4670/3780 2822/4747/3827
f  2809/4722/3814 2824/4748/3829 2823/4745/3828
f  2776/4671/3781 2823/4746/3828 2787/4686/3792
f  2787/4686/3792 2823/4746/3828 2824/4749/3829
f  2797/4702/3802 2787/4686/3792 2824/4749/3829
f  2824/4748/3829 2809/4722/3814 2797/4721/3802
f  2813/4729/3818 1201/2440/2193 1168/2393/2160
f  2799/4704/3804 2810/4750/3815 2825/4751/3830
f  2810/4750/3815 2799/4704/3804 2798/4703/3803
f  1160/2382/2152 2825/4752/3830 2810/4723/3815
f  2799/4704/3804 2825/4751/3830 1039/2201/2017
f  1159/4753/2151 1039/2201/2017 2825/4751/3830
f  2825/4752/3830 1160/2382/2152 1159/2381/2151
f  1084/2267/2062 2793/4695/3798 1082/2264/2060
f  1084/2270/2062 1085/2269/2063 2794/4754/3799
f  2794/4754/3799 2786/4685/3791 2791/4692/3796
f  2794/4754/3799 1085/2269/2063 2786/4685/3791
f  2783/4681/3788 2776/4671/3781 2787/4686/3792
f  2779/4674/3784 2780/4676/3785 1089/2277/2067
f  2780/4676/3785 1088/2276/2066 1089/2277/2067
f  1507/2893/2507 2773/4667/3778 2779/4674/3784
f  1510/2896/2510 1507/2893/2507 2779/4674/3784
f  2779/4674/3784 1089/2277/2067 1510/2896/2510
f  2774/4669/3779 2766/4653/3771 2826/4755/3831
f  2826/4756/3831 2752/4628/3757 2774/4743/3779
f  2766/4653/3771 2763/4652/3768 2826/4755/3831
f  2752/4628/3757 2826/4756/3831 2763/4646/3768
f  2645/4466/3650 2643/4464/3648 2765/4651/3770
f  2650/4474/3655 2765/4650/3770 2643/4469/3648
f  2696/4536/3701 2749/4624/3754 2691/4531/3696
f  2744/4618/3749 2696/4620/3701 2695/627/3700
f  2742/4611/3747 1197/4610/2189 1198/4757/2190
f  2737/4602/3742 2739/4603/3744 2694/115/3699
f  2735/2659/3740 2726/4581/3731 2734/4597/3739
f  2735/2659/3740 2723/4577/3728 2726/4581/3731
f  2723/4577/3728 2735/2659/3740 2827/4596/3832
f  2694/381/3699 2827/4597/3832 2735/2659/3740
f  2699/4758/3704 2723/4577/3728 2827/4596/3832
f  2699/4758/3704 2827/4596/3832 2693/115/3698
f  2827/4597/3832 2694/381/3699 2693/627/3698
f  2734/4597/3739 2726/4581/3731 2727/4585/3732
f  2828/4759/3833 2732/4593/3737 2730/4591/3735
f  1209/4605/2201 2732/4593/3737 2828/4759/3833
f  2730/4590/3735 1210/2451/2202 2828/2541/3833
f  2828/2541/3833 1210/2451/2202 1209/2450/2201
f  1212/4582/2204 2725/4584/3730 1213/4760/2205
f  1213/4760/2205 2725/4584/3730 2829/4761/3834
f  2720/4573/3725 2829/4762/3834 2725/4580/3730
f  1213/4760/2205 2829/4761/3834 1215/4763/2207
f  2829/4762/3834 2711/4558/3716 2830/4764/3835
f  2829/4762/3834 2720/4573/3725 2711/4558/3716
f  2829/4761/3834 1217/4765/2209 1215/4763/2207
f  2830/4766/3835 1217/4765/2209 2829/4761/3834
f  2830/4764/3835 2711/4558/3716 1223/381/2215
f  1223/2465/2215 1218/2467/2210 2830/4766/3835
f  2830/4766/3835 1218/2467/2210 1217/4765/2209
f  2723/4577/3728 2699/4758/3704 2700/4767/3705
f  2701/4578/3706 2723/4577/3728 2700/4767/3705
f  2831/4768/3836 2697/4548/3702 2832/4769/3837
f  2688/4527/3693 2832/4770/3837 2697/4538/3702
f  1380/4547/2378 2697/4548/3702 2831/4768/3836
f  2831/4771/3836 1382/2705/2380 1380/2703/2378
f  2831/4768/3836 2832/4769/3837 2833/4772/3838
f  2831/4771/3836 1394/2725/2394 1382/2705/2380
f  2833/4773/3838 1394/2725/2394 2831/4771/3836
f  2833/4773/3838 1398/2731/2398 1394/2725/2394
f  2833/4772/3838 2834/4774/3839 2835/4775/3840
f  2833/4772/3838 2832/4769/3837 2834/4774/3839
f  2835/4776/3840 1398/2731/2398 2833/4773/3838
f  2835/4776/3840 1406/2741/2406 1398/2731/2398
f  2835/4775/3840 2836/4777/3841 2837/4778/3842
f  2835/4775/3840 2834/4774/3839 2836/4777/3841
f  2835/4776/3840 2838/4779/3843 1406/2741/2406
f  2838/4779/3843 2835/4776/3840 2837/4780/3842
f  2837/4778/3842 2839/4781/3844 2840/115/3845
f  2840/4782/3845 2838/4779/3843 2837/4780/3842
f  2837/4778/3842 2836/4777/3841 2839/4781/3844
f  2841/4783/3846 2840/4784/3845 2839/4785/3844
f  2842/4786/3847 2839/4785/3844 2836/4787/3841
f  2841/4783/3846 2839/4785/3844 2842/4786/3847
f  2842/4786/3847 2836/4787/3841 2676/4510/3681
f  2675/4509/3680 2843/4788/3848 2842/4786/3847
f  2842/4786/3847 2843/4788/3848 2841/4783/3846
f  2676/4510/3681 2675/4509/3680 2842/4786/3847
f  2843/4788/3848 2844/4789/3849 2841/4783/3846
f  2843/4788/3848 2845/4790/3850 2844/4789/3849
f  2675/4509/3680 2846/4791/3851 2843/4788/3848
f  2845/4790/3850 2843/4788/3848 2847/4792/3852
f  2843/4788/3848 2846/4791/3851 2847/4792/3852
f  2848/4793/3853 2847/4794/3852 2846/4795/3851
f  2849/4796/3854 2848/4793/3853 2846/4795/3851
f  2846/4791/3851 2675/4509/3680 2849/4797/3854
f  2671/4502/3676 2667/4498/3672 2849/4796/3854
f  2849/4797/3854 2675/4509/3680 2671/4798/3676
f  2849/4796/3854 2667/4498/3672 2848/4793/3853
f  2847/4794/3852 2848/4793/3853 2850/4799/3855
f  2850/4799/3855 2848/4793/3853 2851/4800/3856
f  2851/4800/3856 2848/4793/3853 2666/4497/3671
f  2848/4793/3853 2667/4498/3672 2666/4497/3671
f  2852/4801/3857 2850/4799/3855 2851/4800/3856
f  2853/4802/3858 2851/4800/3856 2854/4803/3859
f  2853/4802/3858 2852/4801/3857 2851/4800/3856
f  2854/4803/3859 2851/4800/3856 2666/4497/3671
f  2854/4804/3859 2855/4805/3860 2853/4806/3858
f  2854/4803/3859 2666/4497/3671 2856/4807/3861
f  2856/4808/3861 2855/4805/3860 2854/4804/3859
f  2665/4809/3670 2857/4810/3862 2855/4805/3860
f  2857/4810/3862 2858/4811/3863 2855/4805/3860
f  2665/4809/3670 2855/4805/3860 2856/4808/3861
f  2858/4811/3863 2859/4812/3864 2855/4805/3860
f  2859/4812/3864 2860/4813/3865 2855/4805/3860
f  2855/4805/3860 2860/4813/3865 2853/4806/3858
f  2860/4813/3865 2859/4812/3864 2861/4814/3866
f  2861/4815/3866 2852/4801/3857 2860/4816/3865
f  2852/4801/3857 2853/4802/3858 2860/4816/3865
f  2861/4814/3866 2859/4812/3864 2862/4817/3867
f  2861/4814/3866 2862/4817/3867 2863/4818/3868
f  2863/4819/3868 2852/4801/3857 2861/4815/3866
f  2862/4817/3867 2864/4820/3869 2863/4818/3868
f  2862/4817/3867 2865/4821/3870 2864/4820/3869
f  2865/4821/3870 2862/4817/3867 2866/4822/3871
f  2862/4817/3867 2859/4812/3864 2867/4823/3872
f  2862/4817/3867 2867/4823/3872 2866/4822/3871
f  2859/4812/3864 2868/4824/3873 2867/4823/3872
f  2866/4822/3871 2867/4823/3872 2869/4825/3874
f  2867/4823/3872 2870/4826/3875 2869/4825/3874
f  2867/4823/3872 2868/4824/3873 2870/4826/3875
f  2868/4824/3873 2627/4445/3632 2870/4826/3875
f  2870/4826/3875 2627/4445/3632 2619/4433/3624
f  2870/4826/3875 2619/4433/3624 2615/4429/3620
f  2869/4825/3874 2870/4826/3875 2615/4429/3620
f  2871/4827/3876 2630/4450/3635 2868/4824/3873
f  2859/4812/3864 2871/4827/3876 2868/4824/3873
f  2868/4824/3873 2630/4450/3635 2627/4445/3632
f  2871/4827/3876 2858/4811/3863 2872/4828/3877
f  2859/4812/3864 2858/4811/3863 2871/4827/3876
f  2871/4827/3876 2873/4829/3878 2630/4450/3635
f  2872/4828/3877 2873/4829/3878 2871/4827/3876
f  2872/4828/3877 2647/4471/3652 2873/4829/3878
f  2648/4472/3653 2647/4471/3652 2872/4828/3877
f  2664/4494/3669 2648/4472/3653 2872/4828/3877
f  2664/4494/3669 2872/4828/3877 2858/4811/3863
f  2873/4829/3878 2874/4830/3879 2635/4831/3640
f  2873/4829/3878 2635/4831/3640 2630/4450/3635
f  2647/4471/3652 2639/4832/3644 2873/4829/3878
f  2874/4830/3879 2873/4829/3878 2639/4832/3644
f  2639/4460/3644 2633/4454/3638 2874/4833/3879
f  2633/4454/3638 2635/4456/3640 2874/4833/3879
f  2866/4822/3871 2869/4825/3874 2875/4834/3880
f  2875/4834/3880 2869/4825/3874 2613/4427/3618
f  2869/4825/3874 2615/4429/3620 2613/4427/3618
f  2876/4835/3881 2866/4822/3871 2875/4834/3880
f  2875/4834/3880 2613/4427/3618 2611/4425/3616
f  2876/4835/3881 2875/4834/3880 2877/4836/3882
f  2877/4836/3882 2875/4834/3880 2611/4425/3616
f  2877/4836/3882 2878/4837/3883 2876/4835/3881
f  2865/4821/3870 2866/4822/3871 2876/4835/3881
f  2876/4835/3881 2878/4837/3883 2879/4838/3884
f  2880/4839/3885 2876/4835/3881 2879/4838/3884
f  2865/4821/3870 2876/4835/3881 2880/4839/3885
f  2877/4836/3882 2881/4840/3886 2878/4837/3883
f  2881/4841/3886 2882/4842/3887 2878/4843/3883
f  2882/4842/3887 2879/4844/3884 2878/4843/3883
f  2881/4841/3886 2883/4845/3888 2882/4842/3887
f  2884/4846/3889 2885/4847/3890 2882/4842/3887
f  2883/4845/3888 2884/4846/3889 2882/4842/3887
f  2882/4842/3887 2885/4847/3890 2886/4848/3891
f  2879/4844/3884 2882/4842/3887 2886/4848/3891
f  2865/4849/3870 2886/4848/3891 2887/4850/3892
f  2880/4851/3885 2886/4848/3891 2865/4849/3870
f  2885/4847/3890 2888/4852/3893 2886/4848/3891
f  2879/4844/3884 2886/4848/3891 2880/4851/3885
f  2886/4848/3891 2888/4852/3893 2887/4850/3892
f  2865/4849/3870 2887/4850/3892 2864/4853/3869
f  2887/4850/3892 2863/4819/3868 2864/4853/3869
f  2863/4819/3868 2887/4850/3892 2852/4801/3857
f  2888/4852/3893 2889/4854/3894 2887/4850/3892
f  2887/4850/3892 2889/4854/3894 2852/4801/3857
f  2845/4855/3850 2850/4799/3855 2889/4854/3894
f  2889/4854/3894 2850/4799/3855 2852/4801/3857
f  2890/4856/3895 2889/4854/3894 2888/4852/3893
f  2889/4854/3894 2890/4856/3895 2891/4857/3896
f  2845/4855/3850 2889/4854/3894 2891/4857/3896
f  2844/4789/3849 2891/4858/3896 2890/4859/3895
f  2844/4789/3849 2845/4790/3850 2891/4858/3896
f  2892/4860/3897 2844/4789/3849 2890/4859/3895
f  2890/4856/3895 2888/4852/3893 2892/4861/3897
f  2844/4789/3849 2892/4860/3897 2893/4862/3898
f  2893/4862/3898 2892/4860/3897 2894/4863/3899
f  2892/4861/3897 2885/4847/3890 2894/4864/3899
f  2892/4861/3897 2888/4852/3893 2885/4847/3890
f  2893/4862/3898 2895/4865/3900 2896/4866/3901
f  2897/4867/3902 2893/4862/3898 2896/4866/3901
f  2844/4789/3849 2893/4862/3898 2897/4867/3902
f  2893/4862/3898 2894/4863/3899 2898/4868/3903
f  2899/4869/3904 2893/4862/3898 2898/4868/3903
f  2899/4869/3904 2900/4870/3905 2893/4862/3898
f  2893/4862/3898 2900/4870/3905 2901/4871/3906
f  2893/4862/3898 2902/4872/3907 2895/4865/3900
f  2893/4862/3898 2901/4871/3906 2902/4872/3907
f  2901/4873/3906 2903/4874/3908 2902/4875/3907
f  2901/4873/3906 2904/4876/3909 2903/4874/3908
f  2900/4877/3905 2904/4876/3909 2901/4873/3906
f  2903/4874/3908 2904/4876/3909 2905/4878/3910
f  2900/4877/3905 2906/4879/3911 2904/4876/3909
f  2905/4878/3910 2904/4876/3909 2907/4880/3912
f  2904/4876/3909 2906/4879/3911 2907/4880/3912
f  2908/4881/3913 2907/4880/3912 2909/4882/3914
f  2909/4882/3914 2907/4880/3912 2910/4883/3915
f  2908/4881/3913 2905/4878/3910 2907/4880/3912
f  2907/4880/3912 2906/4879/3911 2910/4883/3915
f  2911/4884/3916 2910/4883/3915 2912/4885/3917
f  2906/4879/3911 2912/4885/3917 2910/4883/3915
f  2913/4886/3918 2910/4883/3915 2911/4884/3916
f  2910/4883/3915 2913/4886/3918 2909/4882/3914
f  2914/4887/3919 2911/4888/3916 2915/4889/3920
f  2911/4884/3916 2916/4890/3921 2915/4891/3920
f  2911/4888/3916 2914/4887/3919 2913/4892/3918
f  2911/4884/3916 2912/4885/3917 2916/4890/3921
f  2917/4893/3922 2916/4890/3921 2912/4885/3917
f  2915/4891/3920 2916/4890/3921 2883/4845/3888
f  2918/4894/3923 2883/4845/3888 2916/4890/3921
f  2917/4893/3922 2918/4894/3923 2916/4890/3921
f  2919/4895/3924 2918/4894/3923 2920/4896/3925
f  2919/4895/3924 2921/4897/3926 2918/4894/3923
f  2918/4894/3923 2921/4897/3926 2883/4845/3888
f  2920/4896/3925 2918/4894/3923 2917/4893/3922
f  2922/4898/3927 2919/4899/3924 2920/4900/3925
f  2920/4896/3925 2917/4893/3922 2922/4901/3927
f  2906/4879/3911 2900/4877/3905 2922/4901/3927
f  2900/4870/3905 2899/4869/3904 2922/4898/3927
f  2922/4901/3927 2917/4893/3922 2906/4879/3911
f  2922/4898/3927 2923/4902/3928 2919/4899/3924
f  2922/4898/3927 2899/4869/3904 2923/4902/3928
f  2923/4903/3928 2921/4897/3926 2919/4895/3924
f  2899/4904/3904 2884/4846/3889 2923/4903/3928
f  2923/4903/3928 2884/4846/3889 2921/4897/3926
f  2921/4897/3926 2884/4846/3889 2883/4845/3888
f  2906/4879/3911 2917/4893/3922 2912/4885/3917
f  2924/4905/3929 2909/4906/3914 2914/4887/3919
f  2924/4905/3929 2914/4887/3919 2608/4422/3613
f  2914/4887/3919 2915/4889/3920 2877/4836/3882
f  2914/4887/3919 2877/4836/3882 2609/4423/3614
f  2914/4887/3919 2909/4906/3914 2913/4892/3918
f  2914/4887/3919 2609/4423/3614 2608/4422/3613
f  2924/4905/3929 2908/4907/3913 2909/4906/3914
f  2924/4905/3929 2925/4908/3930 2908/4907/3913
f  2924/4905/3929 2926/4909/3931 2927/4910/3932
f  2925/4908/3930 2924/4905/3929 2927/4910/3932
f  2924/4905/3929 2608/4422/3613 2928/4911/3933
f  2929/4912/3934 2924/4905/3929 2930/4913/3935
f  2926/4909/3931 2924/4905/3929 2929/4912/3934
f  2928/4911/3933 2930/4913/3935 2924/4905/3929
f  2929/4914/3934 2931/4915/3936 2926/4916/3931
f  2926/4916/3931 2931/4915/3936 2932/4917/3937
f  2933/4918/3938 2934/4919/3939 2926/4909/3931
f  2926/4916/3931 2932/4917/3937 2933/4920/3938
f  2926/4909/3931 2934/4919/3939 2927/4910/3932
f  2935/4921/3940 2932/4917/3937 2936/4922/3941
f  2937/4923/3942 2932/4917/3937 2935/4921/3940
f  2936/4922/3941 2932/4917/3937 2931/4915/3936
f  2937/4923/3942 2933/4920/3938 2932/4917/3937
f  2936/4924/3941 1462/2824/2462 1461/2823/2461
f  2936/4924/3941 1461/2823/2461 2935/4925/3940
f  1462/2824/2462 2936/4924/3941 2938/4926/3943
f  2936/4922/3941 2931/4915/3936 2938/4927/3943
f  2939/4928/3944 1462/2824/2462 2938/4926/3943
f  2938/4927/3943 2931/4915/3936 2939/4929/3944
f  2931/4915/3936 2940/4930/3945 2939/4929/3944
f  2941/4931/3946 2939/4928/3944 2940/4932/3945
f  2939/4928/3944 2941/4931/3946 1462/2824/2462
f  1462/2824/2462 2941/4931/3946 1463/2825/2463
f  2942/4933/3947 2941/4931/3946 2940/4932/3945
f  2942/4933/3947 2943/4934/3948 2941/4931/3946
f  2941/4931/3946 1467/2832/2467 1463/2825/2463
f  2941/4931/3946 2943/4934/3948 1467/2832/2467
f  2944/4935/3949 2943/4934/3948 2942/4933/3947
f  2944/4935/3949 2945/4936/3950 2943/4934/3948
f  2943/4934/3948 1469/2835/2469 1467/2832/2467
f  2943/4934/3948 2945/4936/3950 1469/2835/2469
f  1552/4937/2552 2945/4936/3950 2944/4935/3949
f  2945/4936/3950 1477/2845/2477 1469/2835/2469
f  1552/4937/2552 1477/2845/2477 2945/4936/3950
f  2942/4938/3947 2946/4939/3951 2944/4940/3949
f  2944/4940/3949 2946/4939/3951 1553/2956/2553
f  2944/4940/3949 1553/2956/2553 1552/2955/2552
f  2947/4941/3952 2946/4939/3951 2948/4942/3953
f  2949/4943/3954 2948/4942/3953 2946/4939/3951
f  1553/2956/2553 2946/4939/3951 2947/4941/3952
f  2942/4938/3947 2931/4915/3936 2946/4939/3951
f  2930/4944/3935 2946/4939/3951 2931/4915/3936
f  2949/4943/3954 2946/4939/3951 2930/4944/3935
f  2930/4913/3935 2928/4911/3933 2949/4945/3954
f  2950/4946/3955 2948/4942/3953 2949/4943/3954
f  2949/4945/3954 2928/4911/3933 2950/4947/3955
f  2950/4947/3955 2928/4911/3933 2951/4948/3956
f  2951/4949/3956 2948/4942/3953 2950/4946/3955
f  2951/4949/3956 1630/3046/2630 2948/4942/3953
f  2952/4950/3957 1630/3046/2630 2951/4949/3956
f  2951/4948/3956 2604/4418/3609 2952/4951/3957
f  2951/4948/3956 2928/4911/3933 2604/4418/3609
f  1631/3047/2631 1630/3046/2630 2952/4950/3957
f  2952/4951/3957 2604/4418/3609 1631/4952/2631
f  2947/4941/3952 2948/4942/3953 2953/4953/3958
f  1554/2957/2554 2947/4941/3952 2954/4954/3959
f  1554/2957/2554 1553/2956/2553 2947/4941/3952
f  2954/4954/3959 2947/4941/3952 2953/4953/3958
f  2953/4953/3958 2948/4942/3953 1630/3046/2630
f  2953/4953/3958 1630/3046/2630 1626/3042/2626
f  2954/4954/3959 2953/4953/3958 1623/3039/2623
f  1623/3039/2623 2953/4953/3958 1626/3042/2626
f  1563/2967/2563 1554/2957/2554 2954/4954/3959
f  1563/2967/2563 2954/4954/3959 1619/3035/2619
f  1619/3035/2619 2954/4954/3959 1623/3039/2623
f  2931/4915/3936 2942/4938/3947 2940/4930/3945
f  2937/4955/3942 1432/2782/2432 2955/4956/3960
f  2937/4955/3942 1461/2823/2461 1432/2782/2432
f  1461/2823/2461 2937/4955/3942 2935/4925/3940
f  2955/4957/3960 2933/4920/3938 2937/4923/3942
f  1426/2772/2426 2956/4958/3961 2955/4957/3960
f  1432/2782/2432 1426/2776/2426 2955/4956/3960
f  2955/4957/3960 2956/4958/3961 2933/4920/3938
f  2956/4958/3961 1426/2772/2426 1424/2770/2424
f  1424/2767/2424 2957/4959/3962 2956/4960/3961
f  2956/4960/3961 2958/4961/3963 2934/4919/3939
f  2956/4960/3961 2934/4919/3939 2933/4918/3938
f  2956/4960/3961 2957/4959/3962 2958/4961/3963
f  1424/2767/2424 1421/2765/2421 2957/4959/3962
f  2959/4962/3964 2958/4963/3963 2957/4964/3962
f  1421/2763/2421 2959/4962/3964 2957/4964/3962
f  2959/4962/3964 2960/4965/3965 2961/4966/3966
f  2962/4967/3967 2960/4965/3965 2959/4962/3964
f  2958/4963/3963 2959/4962/3964 2961/4966/3966
f  1421/2763/2421 2963/4968/3968 2959/4962/3964
f  2963/4968/3968 2962/4967/3967 2959/4962/3964
f  2962/4967/3967 2964/4969/3969 2965/4970/3970
f  2964/4969/3969 2962/4967/3967 2963/4968/3968
f  2962/4967/3967 2966/4971/3971 2967/4972/3972
f  2968/4973/3973 2962/4967/3967 2967/4972/3972
f  2968/4973/3973 2960/4965/3965 2962/4967/3967
f  2965/4970/3970 2966/4971/3971 2962/4967/3967
f  1408/2745/2408 2965/4974/3970 2964/4975/3969
f  2965/4974/3970 1408/2745/2408 2838/4779/3843
f  2965/4974/3970 2838/4779/3843 2969/4976/3974
f  2969/4977/3974 2966/4971/3971 2965/4970/3970
f  2969/4976/3974 2838/4779/3843 2840/4782/3845
f  2966/4971/3971 2969/4977/3974 2840/627/3845
f  2896/4866/3901 2966/4978/3971 2897/4867/3902
f  2896/4866/3901 2968/4979/3973 2966/4978/3971
f  2840/4784/3845 2897/4867/3902 2966/4978/3971
f  2966/4978/3971 2968/4979/3973 2967/4980/3972
f  2968/4979/3973 2896/4866/3901 2970/4981/3975
f  2970/4982/3975 2960/4965/3965 2968/4973/3973
f  2896/4866/3901 2971/4983/3976 2970/4981/3975
f  2972/4984/3977 2970/4982/3975 2971/4985/3976
f  2970/4982/3975 2972/4984/3977 2960/4965/3965
f  2960/4965/3965 2972/4984/3977 2961/4966/3966
f  2961/4966/3966 2972/4984/3977 2973/4986/3978
f  2972/4984/3977 2903/4874/3908 2973/4986/3978
f  2895/4987/3900 2903/4874/3908 2972/4984/3977
f  2895/4987/3900 2972/4984/3977 2971/4985/3976
f  2973/4986/3978 2974/4988/3979 2961/4966/3966
f  2973/4986/3978 2903/4874/3908 2905/4878/3910
f  2975/4989/3980 2973/4986/3978 2905/4878/3910
f  2973/4986/3978 2975/4989/3980 2976/4990/3981
f  2974/4988/3979 2973/4986/3978 2976/4990/3981
f  2934/4919/3939 2977/4991/3982 2974/4992/3979
f  2974/4992/3979 2927/4910/3932 2934/4919/3939
f  2927/4910/3932 2974/4992/3979 2976/4993/3981
f  2961/4966/3966 2974/4988/3979 2977/4994/3982
f  2977/4991/3982 2934/4919/3939 2958/4961/3963
f  2958/4963/3963 2961/4966/3966 2977/4994/3982
f  2927/4910/3932 2976/4993/3981 2975/4995/3980
f  2925/4908/3930 2927/4910/3932 2975/4995/3980
f  2975/4989/3980 2905/4878/3910 2925/4996/3930
f  2896/4866/3901 2895/4865/3900 2971/4983/3976
f  2963/4997/3968 1408/2745/2408 2964/4975/3969
f  2963/4997/3968 1412/2750/2412 1408/2745/2408
f  1421/2763/2421 1416/2762/2416 2963/4968/3968
f  1412/2750/2412 2963/4997/3968 1416/2756/2416
f  2930/4944/3935 2931/4915/3936 2929/4914/3934
f  2928/4911/3933 2605/4419/3610 2604/4418/3609
f  2928/4911/3933 2608/4422/3613 2605/4419/3610
f  2925/4996/3930 2905/4878/3910 2908/4881/3913
f  2877/4836/3882 2915/4889/3920 2881/4840/3886
f  2915/4891/3920 2883/4845/3888 2881/4841/3886
f  2903/4874/3908 2895/4987/3900 2902/4875/3907
f  2898/4998/3903 2884/4846/3889 2899/4904/3904
f  2898/4998/3903 2885/4847/3890 2884/4846/3889
f  2885/4847/3890 2898/4998/3903 2894/4864/3899
f  2841/4783/3846 2844/4789/3849 2897/4867/3902
f  2897/4867/3902 2840/4784/3845 2841/4783/3846
f  2877/4836/3882 2611/4425/3616 2609/4423/3614
f  2857/4810/3862 2664/4494/3669 2858/4811/3863
f  2662/4495/3667 2857/4810/3862 2665/4809/3670
f  2662/4495/3667 2664/4494/3669 2857/4810/3862
f  2666/4497/3671 2665/4496/3670 2856/4807/3861
f  2847/4794/3852 2850/4799/3855 2845/4855/3850
f  1406/2741/2406 2838/4779/3843 1408/2745/2408
f  2676/4510/3681 2836/4787/3841 2834/4999/3839
f  2677/4511/3682 2834/4999/3839 2832/4770/3837
f  2676/4510/3681 2834/4999/3839 2677/4511/3682
f  2677/4511/3682 2832/4770/3837 2688/4527/3693
f  2675/4509/3680 2672/4508/3677 2671/4798/3676
f  2660/4488/3665 2670/4501/3675 2656/4480/3661
f  2653/4477/3658 2648/4472/3653 2664/4494/3669
f  2640/5000/3645 2647/4471/3652 2641/4470/3646
f  2647/4471/3652 2640/5000/3645 2639/4832/3644
f  2631/4451/3636 2630/4450/3635 2635/4831/3640
f  2636/4457/3641 1531/2923/2531 1541/2938/2541
f  2625/4442/3630 2636/4457/3641 2626/4443/3631
f  2636/4457/3641 1541/2938/2541 2626/4443/3631
f  2626/4443/3631 1541/2938/2541 1557/2961/2557
f  2626/4443/3631 1557/2961/2557 1558/2962/2558
f  2621/4435/3626 2618/5001/3623 2617/4438/3622
f  1564/2968/2564 2618/5001/3623 2621/4435/3626
f  2621/4435/3626 1559/2963/2559 1564/2968/2564
f  2621/4435/3626 1558/2962/2558 1559/2963/2559
f  2618/5001/3623 1564/2968/2564 2978/5002/3983
f  2978/5003/3983 1572/2979/2572 2618/4432/3623
f  1564/2968/2564 1569/2973/2569 2978/5002/3983
f  1572/2979/2572 2978/5003/3983 1569/2978/2569
f  1631/4952/2631 2604/4418/3609 1636/3054/2636
f  1646/3764/2646 1642/3063/2642 1644/3065/2644
f  1631/4952/2631 1636/3054/2636 1632/3055/2632
f  1562/2966/2562 1563/2967/2563 1619/3035/2619
f  1604/3014/2604 1616/3032/2616 1605/3015/2605
f  1573/2980/2573 2979/5004/3984 1612/3025/2612
f  1567/2971/2567 1612/3030/2612 2979/5005/3984
f  2979/5004/3984 1573/2980/2573 1568/2977/2568
f  1568/2972/2568 1567/2971/2567 2979/5005/3984
f  1583/2990/2583 1582/2989/2582 1591/2998/2591
f  1555/2959/2555 1554/2957/2554 1563/2967/2563
f  1541/2938/2541 1542/2939/2542 1557/2961/2557
f  1477/2845/2477 1552/4937/2552 1479/2847/2479
f  1547/2945/2547 1538/2933/2538 1483/2853/2483
f  1480/2848/2480 1547/2945/2547 1483/2853/2483
f  1537/2932/2537 1538/2933/2538 1543/2947/2543
f  1483/2853/2483 1538/2933/2538 1487/2860/2487
f  1527/2918/2527 1536/2930/2536 1532/2931/2532
f  1527/2918/2527 1520/2906/2520 1536/2930/2536
f  1536/2930/2536 1492/2869/2492 1490/2865/2490
f  1536/2930/2536 1520/2906/2520 1492/2869/2492
f  1520/2906/2520 1499/2878/2499 1492/2869/2492
f  1094/2892/2072 1510/2896/2510 1093/2282/2071
f  1089/2277/2067 1093/2282/2071 1510/2896/2510
f  1496/2875/2496 1504/2887/2504 1095/2285/2073
f  1494/2872/2494 1492/2869/2492 1499/2878/2499
f  1496/2875/2496 1095/2285/2073 1497/2876/2497
f  1095/2285/2073 1098/2288/2076 1497/2876/2497
f  1497/2876/2497 1444/2801/2444 1446/2800/2446
f  1497/2876/2497 1098/2288/2076 1444/2801/2444
f  1473/2842/2473 1476/2844/2476 1472/2850/2472
f  1442/5006/2442 1458/2817/2458 1441/5007/2441
f  1435/2821/2435 1458/2817/2458 1442/5006/2442
f  1448/2805/2448 1440/2799/2440 1441/564/2441
f  1098/2293/2076 1110/2796/2088 1444/2795/2444
f  2980/5008/3985 1439/2790/2439 1109/2304/2087
f  1439/2790/2439 2980/5008/3985 2981/5009/3986
f  1438/2789/2438 1439/2790/2439 2981/5009/3986
f  2982/5010/3987 2981/5011/3986 2980/5012/3985
f  2981/5011/3986 2983/5013/3988 1438/5014/2438
f  2981/5011/3986 2982/5010/3987 2983/5013/3988
f  1401/5015/2401 2983/5013/3988 2982/5010/3987
f  1401/5015/2401 2982/5010/3987 1403/5016/2403
f  1403/5016/2403 2982/5010/3987 1404/5017/2404
f  2984/5018/3989 1111/2307/2089 2982/5010/3987
f  1404/5017/2404 2982/5010/3987 1111/2307/2089
f  2984/5018/3989 2982/5010/3987 2980/5012/3985
f  1109/2304/2087 1108/2303/2086 2984/5019/3989
f  2980/5008/3985 1109/2304/2087 2984/5019/3989
f  1111/2307/2089 2984/5018/3989 1108/2308/2086
f  1438/5014/2438 2983/5013/3988 1437/5020/2437
f  1437/5020/2437 2983/5013/3988 2985/5021/3990
f  1413/5022/2413 2983/5013/3988 2986/5023/3991
f  2986/5023/3991 2983/5013/3988 1401/5015/2401
f  1413/5022/2413 2985/5021/3990 2983/5013/3988
f  1414/5024/2414 2985/5021/3990 1413/5022/2413
f  2985/5021/3990 2987/5025/3992 1437/5020/2437
f  2987/5025/3992 2985/5021/3990 1431/5026/2431
f  1419/5027/2419 1431/5026/2431 2985/5021/3990
f  1419/5027/2419 2985/5021/3990 1414/5024/2414
f  1430/2779/2430 1437/2788/2437 2987/5028/3992
f  1431/2780/2431 1430/2779/2430 2987/5028/3992
f  2986/5029/3991 1402/2737/2402 1413/2752/2413
f  1401/2736/2401 1402/2737/2402 2986/5029/3991
f  1432/2782/2432 1435/2821/2435 1433/2783/2433
f  1418/5030/2418 1431/5026/2431 1419/5027/2419
f  1431/5026/2431 1423/2771/2423 1428/2775/2428
f  1431/5026/2431 1418/5030/2418 1423/2771/2423
f  1399/2733/2399 1398/2731/2398 1406/2741/2406
f  1404/5017/2404 1111/2307/2089 2988/5031/3993
f  2988/5032/3993 1396/2728/2396 1404/2739/2404
f  2988/5031/3993 1111/2307/2089 1113/2311/2091
f  1113/5033/2091 1396/2728/2396 2988/5032/3993
f  1113/5033/2091 1392/2722/2392 1396/2728/2396
f  2989/5034/3994 1392/2722/2392 1113/5033/2091
f  2990/5035/3995 1392/2722/2392 2989/5034/3994
f  1392/2722/2392 1118/5036/3996 1387/2714/2386
f  1118/5036/3996 1392/2722/2392 2990/5035/3995
f  2991/5037/3997 2990/5038/3998 2992/5039/3999
f  2990/5035/3995 2989/5034/3994 2992/5040/4000
f  1115/2320/2098 2990/5038/3998 2991/5037/3997
f  1115/2320/2098 1118/2319/2097 2990/5038/3998
f  2989/5041/3994 2991/5042/4001 2992/5043/4000
f  1113/2311/2091 1115/2314/2093 2991/5042/4001
f  1113/2311/2091 2991/5042/4001 2989/5041/3994
f  1124/2348/95 1135/2347/95 1389/5044/4002
f  1124/2348/95 1389/5044/4002 1119/381/4003
f  1119/2713/2385 1387/2714/2386 1118/5036/3996
f  1385/2709/2383 2993/5045/4004 1381/2710/2379
f  2993/5045/4004 1385/2709/2383 1139/2354/2127
f  1136/2356/2129 1139/2354/2127 1385/2709/2383
f  1136/2356/2129 1385/2709/2383 1135/2716/2388
f  2994/5046/4005 1381/2704/2379 2993/5047/4004
f  2993/5045/4004 1139/2354/2127 2995/5048/4006
f  2995/5049/4006 2994/5046/4005 2993/5047/4004
f  2996/5050/4007 1378/2701/2376 2994/5046/4005
f  1378/2701/2376 1381/2704/2379 2994/5046/4005
f  2995/5049/4006 2997/5051/4008 2994/5046/4005
f  2996/5050/4007 2994/5046/4005 2997/5051/4008
f  1375/2697/2373 1378/2701/2376 2996/5050/4007
f  2998/5052/4009 1375/2697/2373 2996/5050/4007
f  2999/5053/4010 2996/5050/4007 2997/5051/4008
f  2998/5052/4009 2996/5050/4007 2999/5053/4010
f  2998/5054/4009 3000/5055/4011 3001/5056/4012
f  2999/5057/4010 3000/5055/4011 2998/5054/4009
f  2998/5054/4009 3001/5056/4012 3002/5058/4013
f  1375/2697/2373 2998/5052/4009 3002/5059/4013
f  3002/5058/4013 3001/5056/4012 1373/2695/2371
f  1372/2616/2370 1375/2697/2373 3002/5059/4013
f  3002/5058/4013 1373/2695/2371 1372/5060/2370
f  3000/5055/4011 3003/5061/4014 3001/5056/4012
f  3001/5056/4012 3003/5061/4014 1368/2684/2366
f  1373/2695/2371 3001/5056/4012 1368/2684/2366
f  3000/5055/4011 3004/5062/4015 3003/5061/4014
f  3005/5063/4016 3003/5061/4014 3004/5062/4015
f  3003/5061/4014 3006/5064/4017 1369/2685/2367
f  3006/5064/4017 3003/5061/4014 3005/5063/4016
f  3003/5061/4014 1369/2685/2367 1368/2684/2366
f  3007/5065/4018 3005/5066/4016 3008/5067/4019
f  3004/5068/4015 3008/5067/4019 3005/5066/4016
f  3005/5066/4016 3007/5065/4018 3006/5069/4017
f  3009/5070/4020 3010/5071/4021 3007/5065/4018
f  3011/5072/4022 3007/5073/4018 3010/115/4021
f  3007/5065/4018 3008/5067/4019 3009/5070/4020
f  3011/5072/4022 3012/5074/4023 3007/5073/4018
f  3006/5069/4017 3007/5065/4018 3012/5075/4023
f  3012/5074/4023 1369/2685/2367 3006/5064/4017
f  3012/5074/4023 1363/2677/2361 1369/2685/2367
f  3012/5074/4023 3013/5076/4024 1363/2677/2361
f  3013/5076/4024 3012/5074/4023 3011/5072/4022
f  1360/2680/2358 1363/2677/2361 3013/5076/4024
f  3011/5077/4022 1361/2674/2359 3013/5078/4024
f  3013/5078/4024 1361/2674/2359 1360/2673/2358
f  3014/5079/95 1145/2362/95 3009/5080/95
f  1156/5081/2148 3009/5070/4020 1145/5082/2145
f  3010/5071/4021 3009/5070/4020 1156/5081/2148
f  3014/5079/95 3009/5080/95 3008/5083/95
f  1143/2360/2133 3014/5079/95 3015/5084/4025
f  3016/5085/4026 3015/5086/4027 3014/5087/4028
f  1143/2360/2133 1145/2362/95 3014/5079/95
f  3017/5088/4029 3014/5087/4028 3004/5068/4015
f  3016/5085/4026 3014/5087/4028 3017/5088/4029
f  3004/5068/4015 3014/5087/4028 3008/5067/4019
f  3018/5089/4030 3016/5090/4026 3000/5055/4011
f  3018/5089/4030 3019/5091/4031 3016/5090/4026
f  3017/5092/4029 3000/5055/4011 3016/5090/4026
f  3019/5093/4031 3015/5086/4027 3016/5085/4026
f  3020/381/4032 3015/5086/4027 3019/5093/4031
f  3021/5094/4033 3019/5091/4031 3018/5089/4030
f  3019/5091/4031 3021/5094/4033 3020/5095/4032
f  1147/5096/4034 3020/5097/4032 3022/5098/4035
f  3021/5099/4033 3022/5100/4035 3020/5101/4032
f  3020/5097/4032 1143/5102/95 1143/5102/4036
f  3015/5086/4027 3020/381/4032 1143/5103/4036
f  3020/5097/4032 1143/5104/201 1143/5102/95
f  3020/5097/4032 1143/5104/201 1143/5104/201
f  3020/5097/4032 1143/5105/4037 1143/5104/201
f  3020/5097/4032 3023/5106/4038 1143/5105/4037
f  3020/5097/4032 3024/5107/4039 3023/5106/4038
f  3020/5097/4032 1142/5108/4040 3024/5107/4039
f  1142/5108/4040 3020/5097/4032 1144/5109/4041
f  1144/5109/4041 3020/5097/4032 1147/5096/4034
f  1143/5110/4042 1143/2360/2133 1143/5111/95
f  1143/5110/4042 1143/5111/95 1143/5111/95
f  1143/5110/4042 1143/5111/95 1143/5112/95
f  3023/5113/4043 1143/2360/2133 1143/5110/4042
f  3024/5114/4044 1143/2360/2133 3023/5113/4043
f  3025/5115/4045 1143/2360/2133 3024/5114/4044
f  3024/5107/4039 1142/5108/4040 3026/5116/4046
f  3024/5107/4039 3026/5116/4046 3025/5117/4047
f  3026/5118/4048 1143/2360/2133 3025/5115/4045
f  1142/2359/2132 1143/2360/2133 3026/5118/4048
f  1148/5119/4049 3022/5098/4035 1149/5120/4050
f  1147/5096/4034 3022/5098/4035 1148/5119/4049
f  1150/5121/4051 3022/5098/4035 1138/2353/2126
f  1149/5120/4050 3022/5098/4035 1150/5121/4051
f  3022/5100/4035 2997/5051/4008 3027/5122/4052
f  3021/5099/4033 2997/5051/4008 3022/5100/4035
f  3027/5123/4052 1138/2353/2126 3022/5098/4035
f  3028/5124/4053 1138/2353/2126 3027/5123/4052
f  3027/5122/4052 2997/5051/4008 3028/5125/4053
f  3028/5124/4053 1139/2354/2127 1138/2353/2126
f  1139/2354/2127 3028/5124/4053 2995/5048/4006
f  2997/5051/4008 2995/5049/4006 3028/5125/4053
f  3018/5126/4030 2997/5051/4008 3021/5099/4033
f  3018/5089/4030 3000/5055/4011 2999/5057/4010
f  2999/5053/4010 2997/5051/4008 3018/5126/4030
f  3004/5062/4015 3000/5055/4011 3017/5092/4029
f  1154/5127/2146 3011/5077/4022 3010/5128/4021
f  3011/5077/4022 1154/5127/2146 1361/2674/2359
f  1156/2378/2148 1154/2376/2146 3010/5129/4021
f  1154/5127/2146 3029/5130/4054 1361/2674/2359
f  3030/5131/4055 1361/2674/2359 3029/5130/4054
f  1361/2674/2359 3030/5131/4055 1351/2671/2349
f  1353/2662/2351 1351/2660/2349 3030/5132/4055
f  3029/5133/4054 1353/2662/2351 3030/5132/4055
f  3029/5130/4054 1154/5127/2146 1155/5134/2147
f  3029/5130/4054 1155/5134/2147 3031/5135/4056
f  3029/5133/4054 3032/5136/4057 1353/2662/2351
f  3032/5136/4057 3029/5133/4054 3031/5137/4056
f  3031/5135/4056 1155/5134/2147 1157/115/2149
f  1157/2110/2149 3032/5136/4057 3031/5137/4056
f  3033/5138/4058 3032/5136/4057 1157/381/2149
f  3033/5138/4058 1353/2662/2351 3032/5136/4057
f  3034/5139/4059 3033/5140/4058 1157/627/2149
f  1353/2662/2351 3033/5138/4058 1297/5141/2290
f  3034/5139/4059 1297/2577/2290 3033/5140/4058
f  1157/2379/2149 1162/2384/2154 3034/5142/4059
f  1162/2389/2154 1165/2388/2157 3034/5143/4059
f  1294/2575/2287 1297/2577/2290 3034/5139/4059
f  1291/2570/2284 1294/2571/2287 3034/5144/4059
f  3034/5143/4059 1165/2388/2157 1291/2566/2284
f  1356/5145/2354 1334/2637/2332 1357/5146/2355
f  1341/5147/2339 1334/2637/2332 1356/5145/2354
f  1340/2541/2338 1341/115/2339 1356/627/2354
f  1353/2662/2351 1297/5141/2290 1299/2663/2292
f  1349/2110/2347 1343/2652/2341 1340/2664/2338
f  1347/2655/2345 1299/2663/2292 1300/5148/2293
f  1301/2656/2294 1347/2655/2345 1300/5148/2293
f  1337/2640/2335 1334/2637/2332 1341/5147/2339
f  1325/2620/2323 1336/2639/2334 1339/2643/2337
f  1314/2646/2310 1325/2620/2323 1339/2643/2337
f  1327/2625/2325 1336/2639/2334 1325/2620/2323
f  1330/2628/2328 1247/2500/2239 1246/2499/2238
f  1324/2621/2322 1325/2620/2323 1314/2646/2310
f  1314/2603/2310 1316/2606/2312 1324/2619/2322
f  1324/2619/2322 1318/5149/2314 1321/2618/2319
f  1324/2619/2322 1316/2606/2312 1318/5149/2314
f  1310/2595/2303 1311/2597/2304 1315/2650/2311
f  1309/2596/2302 1310/2595/2303 1301/2582/2294
f  1308/2593/2301 1288/2560/2281 1287/2559/2280
f  1301/2582/2294 1302/2583/2295 1309/2596/2302
f  1164/2387/2156 1291/2566/2284 1165/2388/2157
f  1279/2543/2271 1284/2551/2276 1283/2553/2275
f  1279/2543/2271 1278/2542/2270 1284/2551/2276
f  1171/2397/2163 1266/2529/2258 1281/2547/2273
f  1271/5150/2263 1250/2624/2242 1274/2615/2266
f  1272/5151/2264 1250/2624/2242 1271/5150/2263
f  1272/5151/2264 1249/2506/2241 1250/2624/2242
f  3035/5152/4060 1249/2506/2241 1272/5151/2264
f  1272/2536/2264 1270/2534/2262 3035/5153/4060
f  1253/2507/2245 1249/2506/2241 3035/5152/4060
f  1260/2519/2252 1253/2516/2245 3035/5153/4060
f  3035/5153/4060 1270/2534/2262 1260/2519/2252
f  1260/2519/2252 1270/2534/2262 1264/2524/2256
f  1171/2397/2163 1170/2396/2162 1262/2528/2254
f  1170/2523/2162 3036/5154/4061 1259/2518/2251
f  1258/2517/2250 1259/2518/2251 3036/5154/4061
f  3037/5155/4062 3036/5154/4061 3038/5156/4063
f  1172/5157/2164 3038/5156/4063 3036/5154/4061
f  1172/5157/2164 3036/5154/4061 1170/2523/2162
f  3037/5155/4062 1258/2517/2250 3036/5154/4061
f  3039/5158/4064 1258/2517/2250 3037/5155/4062
f  3039/5158/4064 3037/5155/4062 3040/5159/4065
f  3040/5159/4065 3037/5155/4062 3041/5160/4066
f  3041/5160/4066 3037/5155/4062 3038/5156/4063
f  3040/5161/4065 1237/2488/2229 3039/5162/4064
f  1237/2488/2229 3040/5161/4065 1238/2489/2230
f  3041/5160/4066 1238/5163/2230 3040/5159/4065
f  3041/5160/4066 3038/5156/4063 3042/5164/4067
f  3043/5165/4068 3041/5160/4066 3042/5164/4067
f  1238/5163/2230 3041/5160/4066 3043/5165/4068
f  1232/2481/2224 3043/5165/4068 1233/2482/2225
f  1238/5163/2230 3043/5165/4068 1232/2481/2224
f  3043/5165/4068 3042/5164/4067 1178/2407/2170
f  1233/2482/2225 3043/5165/4068 1179/2409/2171
f  1179/2409/2171 3043/5165/4068 1178/2407/2170
f  1175/5166/2167 3042/5164/4067 3038/5156/4063
f  1177/2408/2169 1178/2407/2170 3042/5164/4067
f  1177/2408/2169 3042/5164/4067 1175/5166/2167
f  1256/2515/2248 1258/2517/2250 3039/5158/4064
f  3039/5162/4064 1255/2511/2247 1256/2512/2248
f  3039/5162/4064 1237/2488/2229 1255/2511/2247
f  1175/5166/2167 3038/5156/4063 1172/5157/2164
f  1237/2491/2229 1239/2490/2231 1255/2510/2247
f  1255/2510/2247 1239/2490/2231 1245/2498/2237
f  1229/4572/2221 1241/2493/2233 1235/2495/2227
f  1188/2422/2180 1233/2482/2225 1183/2415/2175
f  1183/2415/2175 1233/2482/2225 1179/2409/2171
f  1204/2445/2196 1197/2434/2189 1207/627/2199
f  1173/2401/2165 1168/2393/2160 1201/2440/2193
f  1161/2383/2153 1160/2382/2152 1167/4728/2159
f  1039/2201/2017 1159/4753/2151 1040/2202/2018
f  1040/2202/2018 1159/4753/2151 1151/5167/4069
f  1159/2381/2151 1152/2372/2142 1151/5168/4069
f  1150/5121/4051 1138/2353/2126 1140/2355/2128
f  1151/2369/2140 1131/2344/2119 1040/5169/4070
f  1129/2337/2112 3044/5170/4071 1130/2338/2113
f  3044/5171/4072 1131/2339/2114 1130/2341/2116
f  3045/5172/4073 1131/2339/2114 3044/5171/4072
f  3046/5173/4074 3045/5174/4075 3044/5170/4071
f  3046/5173/4074 3044/5170/4071 1129/2337/2112
f  3046/5173/4074 1129/2337/2112 3047/5175/4076
f  3046/5176/4074 3048/5177/4077 3049/5178/4078
f  3046/5176/4074 3049/5178/4078 3050/5179/4079
f  3048/5177/4077 3046/5176/4074 3047/5180/4076
f  3050/5181/4079 3051/5182/4080 3046/5173/4074
f  3046/5173/4074 3052/5183/4081 3045/5174/4075
f  3046/5173/4074 3051/5182/4080 3052/5183/4081
f  3050/5181/4079 3053/5184/4082 3051/5182/4080
f  3051/5185/4083 1131/2339/2114 3052/5186/4084
f  3053/5187/4085 1131/2339/2114 3051/5185/4083
f  3050/5181/4079 3054/5188/4086 3053/5184/4082
f  3054/5189/4087 1131/2339/2114 3053/5187/4085
f  3054/5188/4086 3050/5181/4079 3055/5190/4088
f  3056/5191/4089 3054/5189/4087 3057/5192/4090
f  3054/5188/4086 3055/5190/4088 3057/5193/4091
f  1131/2339/2114 3054/5189/4087 3056/5191/4089
f  1131/2339/2114 3056/5191/4089 1045/5194/201
f  1045/5194/201 3056/5191/4089 3058/5195/201
f  3058/5195/201 3056/5191/4089 3059/5196/201
f  3050/627/4079 3059/5197/4092 3056/5198/4093
f  3056/5191/4089 3057/5192/4090 3060/5199/4094
f  3056/5191/4089 3060/5199/4094 3055/5200/4095
f  3056/5191/4089 3055/5200/4095 3061/5201/4096
f  3056/5191/4089 3061/5201/4096 3056/5202/201
f  3056/5191/4089 3056/5202/201 3056/5203/201
f  3056/5204/95 3050/5181/4079 3056/5204/4093
f  3056/5205/4097 3050/5181/4079 3056/5206/95
f  3061/5207/4098 3050/5181/4079 3056/5205/4097
f  3056/5203/201 3056/5202/201 3056/5208/201
f  3056/5203/201 3056/5202/201 3056/5203/201
f  3056/5204/95 3050/5181/4079 3056/5204/95
f  3056/5206/95 3050/5181/4079 3056/5204/95
f  3055/5190/4088 3050/5181/4079 3061/5207/4098
f  3057/5193/4091 3055/5190/4088 3060/5209/4099
f  1045/5194/201 3058/5195/201 3062/5210/201
f  3059/5197/4092 3063/5211/4100 3058/5212/4101
f  3058/5212/4101 3063/5211/4100 3064/5213/4102
f  3065/5214/4103 3058/5212/4101 3064/5213/4102
f  3062/5210/201 3058/5195/201 3066/5215/201
f  3058/5212/4101 3065/5214/4103 3066/5216/4104
f  3066/5216/4104 3065/5214/4103 3067/5217/4105
f  3068/5218/4106 3067/5219/4105 3065/5220/4103
f  3065/5220/4103 3069/5221/4107 3068/5218/4106
f  3064/5222/4102 3069/5221/4107 3065/5220/4103
f  3068/5218/4106 3069/5221/4107 3070/5223/4108
f  3063/5224/4100 3071/5225/4109 3069/5221/4107
f  3069/5221/4107 3064/5222/4102 3063/5224/4100
f  3069/5221/4107 1071/5226/2049 3070/5223/4108
f  3071/5225/4109 1071/5226/2049 3069/5221/4107
f  3071/5225/4109 3050/5227/4079 3049/5228/4078
f  3071/5225/4109 3072/5229/4110 3050/5227/4079
f  1071/5226/2049 3071/5225/4109 3073/5230/4111
f  3048/5177/4077 3071/5231/4109 3049/5178/4078
f  3048/5177/4077 3073/5232/4111 3071/5231/4109
f  3071/5225/4109 3063/5224/4100 3072/5229/4110
f  3059/5197/4092 3050/627/4079 3072/5233/4110
f  3063/5211/4100 3059/5197/4092 3072/5233/4110
f  1072/2250/2050 1071/2249/2049 3073/5232/4111
f  3073/5232/4111 3048/5177/4077 1072/2250/2050
f  3070/5223/4108 1069/2243/2047 1067/2242/2045
f  1067/2242/2045 1068/2241/2046 3070/5223/4108
f  3068/5218/4106 3070/5223/4108 1068/2241/2046
f  1069/2243/2047 3070/5223/4108 1071/5226/2049
f  3067/5219/4105 3068/5218/4106 3074/5234/4112
f  1059/2227/2037 3068/5218/4106 1068/2241/2046
f  3074/5234/4112 3068/5218/4106 1059/2227/2037
f  3074/5235/4112 3066/5216/4104 3067/5217/4105
f  3066/5216/4104 3074/5235/4112 1054/5236/2032
f  3074/5234/4112 1059/2227/2037 1054/2220/2032
f  3066/5216/4104 1054/5236/2032 3062/5237/4113
f  3062/5237/4113 1044/5238/2022 1045/5239/2023
f  3062/5237/4113 3075/5240/4114 1044/5238/2022
f  3075/5240/4114 3062/5237/4113 1054/5236/2032
f  1043/2205/2021 1044/2206/2022 3075/5241/4114
f  1050/2215/2028 1043/2213/2021 3075/5242/4114
f  1054/2220/2032 1050/2222/2028 3075/5243/4114
f  3052/5186/4084 1131/2339/2114 3045/5172/4073
f  1129/2337/2112 3076/5244/4115 3047/5175/4076
f  3048/5177/4077 3047/5180/4076 3076/5245/4115
f  3076/5244/4115 1127/2334/2109 3077/5246/4116
f  3077/5247/4116 3048/5177/4077 3076/5245/4115
f  3076/5244/4115 1129/2337/2112 1127/2334/2109
f  3078/5248/4117 3077/5247/4116 3079/5249/4118
f  1127/2334/2109 3079/5250/4118 3077/5246/4116
f  3077/5247/4116 3078/5248/4117 3048/5177/4077
f  3080/5251/4119 1074/2252/2052 3078/5248/4117
f  3080/5251/4119 3078/5248/4117 3079/5249/4118
f  3048/5177/4077 3078/5248/4117 1072/2250/2050
f  1072/2250/2050 3078/5248/4117 1074/2252/2052
f  3079/5250/4118 1125/2331/2106 3080/5252/4119
f  1125/2331/2106 3081/5253/4120 3080/5252/4119
f  1075/2253/2053 3080/5251/4119 3081/5254/4120
f  3080/5251/4119 1075/2253/2053 1074/2252/2052
f  1102/2297/2080 1075/2253/2053 3081/5254/4120
f  3081/5253/4120 1116/2316/2094 1102/5255/2080
f  3081/5253/4120 1125/2331/2106 1116/2316/2094
f  3079/5250/4118 1127/2334/2109 1125/2331/2106
f  1131/2339/2114 1045/5194/201 1046/5256/201
f  1131/2339/2114 1046/5256/201 1040/5257/201
f  1102/5255/2080 1116/2316/2094 1103/2315/2081
f  1098/2293/2076 1100/2292/2078 1110/2796/2088
f  1078/2257/2056 1079/2258/2057 1091/2289/2069
f  1049/2214/2027 1051/2216/2029 1081/2263/2059
f  1059/2227/2037 1068/2241/2046 1058/2226/2036
f  1051/2216/2029 1061/2230/2039 1064/2261/2042
f  3082/5258/4121 3083/5259/4122 3084/115/4122
f  3084/5260/201 3085/5261/4123 3082/5262/201
f  3085/5263/4124 3086/5264/4125 3082/627/4126
f  3083/5259/4122 3082/5258/4121 3087/381/4121
f  3082/627/4126 3086/5264/4125 3087/381/4127
f  3088/5265/4128 3089/5266/4129 3086/5267/4130
f  3085/5263/4124 3088/5268/4131 3086/5264/4125
f  3086/5267/4130 3089/5266/4129 3087/5269/4132
f  3089/5270/4129 3090/5271/4133 3091/5272/4134
f  3092/5273/4135 3089/5270/4129 3091/5272/4134
f  3093/5274/4136 3089/5266/4129 3088/5265/4128
f  3094/5275/4137 3089/5266/4129 3093/5274/4136
f  3095/5276/4138 3089/5266/4129 3094/5275/4137
f  3096/5277/4139 3089/5266/4129 3095/5276/4138
f  3097/5278/4140 3090/5271/4133 3089/5270/4129
f  3096/5277/4139 3097/5279/4140 3089/5266/4129
f  3089/5270/4129 3092/5273/4135 3098/564/4141
f  3087/5269/4132 3089/5266/4129 3098/5280/4141
f  3097/5278/4140 3099/5281/4142 3090/5271/4133
f  3100/5282/4143 3090/5271/4133 3099/5281/4142
f  3100/5282/4143 3101/5283/4144 3090/5271/4133
f  3101/5283/4144 3091/5272/4134 3090/5271/4133
f  3102/5284/4145 3103/5285/4146 3101/5283/4144
f  3103/5285/4146 3104/5286/4147 3101/5283/4144
f  3101/5283/4144 3104/5286/4147 3091/5272/4134
f  3102/5284/4145 3101/5283/4144 3100/5282/4143
f  3105/5287/4148 3102/5284/4145 3100/5282/4143
f  3106/5288/4149 3102/5284/4145 3105/5287/4148
f  3106/5288/4149 3107/5289/4150 3102/5284/4145
f  3107/5289/4150 3103/5285/4146 3102/5284/4145
f  3108/5290/4151 3107/5289/4150 3106/5288/4149
f  3106/5288/4149 3109/5291/4152 3108/5290/4151
f  3105/5287/4148 3110/5292/4153 3106/5288/4149
f  3109/5291/4152 3106/5288/4149 3110/5292/4153
f  3110/5292/4153 3105/5287/4148 3111/5293/4154
f  3109/5291/4152 3110/5292/4153 3112/5294/4155
f  3110/5295/4153 3113/5296/4156 3114/5297/4157
f  3110/5295/4153 3114/5297/4157 3112/5298/4155
f  3113/5296/4156 3110/5295/4153 3115/5299/4158
f  3110/5292/4153 3111/5293/4154 3115/5300/4158
f  3114/5297/4157 3109/5301/4152 3112/5298/4155
f  3116/5302/4159 3111/5293/4154 3105/5287/4148
f  3111/5293/4154 3116/5302/4159 3117/5303/4160
f  3118/5304/4161 3111/5305/4154 3119/5306/4162
f  3111/5305/4154 3118/5304/4161 3113/5296/4156
f  3111/5293/4154 3117/5303/4160 3119/5307/4162
f  3111/5305/4154 3113/5296/4156 3115/5299/4158
f  3117/5308/4160 3118/5304/4161 3119/5306/4162
f  3116/5302/4159 3120/5309/4163 3117/5303/4160
f  3121/5310/4164 3117/5308/4160 3120/5311/4163
f  3122/5312/4165 3117/5308/4160 3121/5310/4164
f  3117/5308/4160 3122/5312/4165 3118/5304/4161
f  3121/5310/4164 3123/5313/4166 3122/5312/4165
f  3124/5314/4167 3118/5304/4161 3122/5312/4165
f  3123/5313/4166 3125/5315/4168 3122/5312/4165
f  3122/5312/4165 3125/5315/4168 3124/5314/4167
f  3126/5316/4169 3124/5314/4167 3127/5317/4170
f  3118/5304/4161 3124/5314/4167 3126/5316/4169
f  3125/5315/4168 3128/5318/4171 3124/5314/4167
f  3124/5314/4167 3128/5318/4171 3127/5317/4170
f  3128/5318/4171 3129/5319/4172 3127/5317/4170
f  3127/5317/4170 3129/5319/4172 3130/5320/4173
f  3131/5321/4174 3127/5317/4170 3130/5320/4173
f  3131/5321/4174 3126/5316/4169 3127/5317/4170
f  3126/5316/4169 3131/5321/4174 3132/5322/4175
f  3131/5323/4174 3133/5324/4176 3132/5325/4175
f  3131/5323/4174 3134/5326/4177 3133/5324/4176
f  3131/5323/4174 3135/5327/4178 3134/5326/4177
f  3131/5321/4174 3130/5320/4173 3136/5328/4179
f  3137/5329/4180 3131/5323/4174 3136/5330/4179
f  3138/5331/4181 3131/5323/4174 3139/5332/4182
f  3135/5327/4178 3131/5323/4174 3138/5331/4181
f  3140/5333/4183 3139/5332/4182 3131/5323/4174
f  3140/5333/4183 3131/5323/4174 3137/5329/4180
f  3134/5326/4177 3135/5327/4178 3141/5334/4184
f  3142/5335/4185 3135/5336/4178 3143/5337/4186
f  3138/5331/4181 3143/5338/4186 3135/5327/4178
f  3141/5334/4184 3135/5327/4178 3144/5339/4187
f  3135/5336/4178 3145/5340/4188 3144/5341/4187
f  3135/5336/4178 3142/5335/4185 3145/5340/4188
f  3141/5342/4184 3146/5343/4189 3134/115/4177
f  3141/5342/4184 3145/5340/4188 3146/5343/4189
f  3144/5341/4187 3145/5340/4188 3141/5342/4184
f  3147/5344/4190 3146/5343/4189 3145/5340/4188
f  3148/5345/4191 3146/5343/4189 3147/5344/4190
f  3149/5346/4192 3146/5343/4189 3148/5345/4191
f  3134/115/4177 3146/5343/4189 3149/5346/4192
f  3150/5347/4193 3148/5345/4191 3151/5348/4194
f  3151/5348/4194 3148/5345/4191 3147/5344/4190
f  3152/5349/4195 3148/5345/4191 3150/5347/4193
f  3149/5346/4192 3148/5345/4191 3153/5350/4196
f  3148/5345/4191 3152/5349/4195 3153/5350/4196
f  3152/5349/4195 3150/5347/4193 3154/627/4197
f  3152/5351/4195 3155/5352/4198 3153/5353/4196
f  3155/5352/4198 3152/5351/4195 3156/5354/4199
f  3154/381/4197 3156/5354/4199 3152/5351/4195
f  3156/5354/4199 3157/5355/4200 3155/5352/4198
f  3158/5356/4201 3155/5352/4198 3157/5355/4200
f  3159/5357/4202 3155/5352/4198 3158/5356/4201
f  3149/5358/4192 3155/5352/4198 3159/5357/4202
f  3153/5353/4196 3155/5352/4198 3149/5358/4192
f  3133/5324/4176 3134/5326/4177 3159/5359/4202
f  3149/5358/4192 3159/5357/4202 3134/564/4177
f  3133/5324/4176 3159/5359/4202 3158/5360/4201
f  3158/5356/4201 3157/5355/4200 3133/5361/4176
f  3114/5297/4157 3157/5355/4200 3156/5354/4199
f  3114/5297/4157 3160/5362/4203 3157/5355/4200
f  3133/5361/4176 3157/5355/4200 3160/5362/4203
f  3113/5296/4156 3126/5316/4169 3160/5362/4203
f  3132/5322/4175 3160/5362/4203 3126/5316/4169
f  3133/5361/4176 3160/5362/4203 3132/5322/4175
f  3113/5296/4156 3160/5362/4203 3114/5297/4157
f  3150/5363/4193 3161/5364/4204 3154/627/4197
f  3108/5290/4151 3154/5365/4197 3161/5366/4204
f  3109/5291/4152 3154/5365/4197 3108/5290/4151
f  3154/5365/4197 3109/5291/4152 3162/5367/4205
f  3162/5368/4205 3156/5354/4199 3154/381/4197
f  3109/5301/4152 3156/5354/4199 3162/5368/4205
f  3151/5369/4194 3161/5364/4204 3150/5363/4193
f  3163/5370/4206 3161/5364/4204 3151/5369/4194
f  3164/5371/4207 3108/5290/4151 3161/5366/4204
f  3165/5372/4208 3164/5373/4207 3161/5364/4204
f  3165/5372/4208 3161/5364/4204 3166/5374/4209
f  3166/5374/4209 3161/5364/4204 3167/5375/4210
f  3167/5375/4210 3161/5364/4204 3163/5370/4206
f  3163/5376/4206 3168/5377/4211 3167/5378/4210
f  3163/5376/4206 3169/5379/4212 3168/5377/4211
f  3151/5348/4194 3169/5379/4212 3163/5376/4206
f  3151/5348/4194 3147/5344/4190 3169/5379/4212
f  3169/5379/4212 3142/5335/4185 3168/5377/4211
f  3147/5344/4190 3145/5340/4188 3169/5379/4212
f  3169/5379/4212 3145/5340/4188 3142/5335/4185
f  3168/5377/4211 3170/5380/4213 3171/5381/4214
f  3166/5382/4209 3168/5377/4211 3171/5381/4214
f  3168/5377/4211 3142/5335/4185 3170/5380/4213
f  3167/5378/4210 3168/5377/4211 3166/5382/4209
f  3171/5381/4214 3170/5380/4213 3172/5383/4215
f  3173/5384/4216 3172/5383/4215 3170/5380/4213
f  3143/5337/4186 3170/5380/4213 3142/5335/4185
f  3173/5384/4216 3170/5380/4213 3143/5337/4186
f  3174/5385/4217 3172/5383/4215 3173/5384/4216
f  3175/5386/4218 3174/5387/4217 3173/5388/4216
f  3138/5331/4181 3173/5388/4216 3143/5338/4186
f  3175/5386/4218 3173/5388/4216 3138/5331/4181
f  3175/5386/4218 3176/5389/4219 3177/5390/4220
f  3178/5391/4221 3175/5386/4218 3177/5390/4220
f  3175/5386/4218 3178/5391/4221 3174/5387/4217
f  3179/5392/4222 3175/5386/4218 3180/5393/4223
f  3179/5392/4222 3181/5394/4224 3175/5386/4218
f  3175/5386/4218 3181/5394/4224 3176/5389/4219
f  3175/5386/4218 3138/5331/4181 3182/5395/4225
f  3180/5393/4223 3175/5386/4218 3182/5395/4225
f  3183/5396/4226 3179/5392/4222 3180/5393/4223
f  3184/5397/4227 3180/5393/4223 3185/5398/4228
f  3183/5396/4226 3180/5393/4223 3184/5397/4227
f  3180/5393/4223 3182/5395/4225 3186/5399/4229
f  3180/5393/4223 3186/5399/4229 3185/5398/4228
f  3185/5398/4228 3187/5400/4230 3188/5401/4231
f  3186/5399/4229 3187/5400/4230 3185/5398/4228
f  3185/5398/4228 3189/5402/4232 3184/5397/4227
f  3190/5403/4233 3189/5402/4232 3185/5398/4228
f  3185/5398/4228 3188/5401/4231 3190/5403/4233
f  3187/5404/4230 3191/5405/4234 3188/5406/4231
f  3188/5406/4231 3191/5405/4234 3192/5407/4235
f  3192/5407/4235 3190/5408/4233 3188/5406/4231
f  3193/5409/4236 3192/5407/4235 3191/5405/4234
f  3194/5410/4237 3192/5407/4235 3193/5409/4236
f  3195/5411/4238 3192/5407/4235 3194/5410/4237
f  3195/5411/4238 3196/5412/4239 3192/5407/4235
f  3190/5408/4233 3192/5407/4235 3196/5412/4239
f  3197/5413/4240 3196/5412/4239 3198/5414/4241
f  3199/5415/4242 3198/5414/4241 3196/5412/4239
f  3199/5415/4242 3196/5412/4239 3195/5411/4238
f  3190/5408/4233 3196/5412/4239 3197/5413/4240
f  3200/5416/4243 3199/5415/4242 3201/5417/4244
f  3201/5417/4244 3199/5415/4242 3195/5411/4238
f  3200/5416/4243 3202/5418/4245 3199/5415/4242
f  3202/5418/4245 3198/5414/4241 3199/5415/4242
f  3203/5419/4246 3204/5420/4247 3202/5418/4245
f  3204/5420/4247 3205/5421/4248 3202/5418/4245
f  3202/5418/4245 3205/5421/4248 3198/5414/4241
f  3203/5419/4246 3202/5418/4245 3200/5416/4243
f  3201/5422/4244 3206/5423/4249 3203/5424/4246
f  3201/5422/4244 3203/5424/4246 3200/5425/4243
f  3207/5426/4250 3204/5420/4247 3203/5419/4246
f  3203/5424/4246 3206/5423/4249 3207/5427/4250
f  3206/5428/4249 3208/5429/4251 3207/5426/4250
f  3201/5422/4244 3209/5430/4252 3206/5423/4249
f  3206/5423/4249 3209/5430/4252 3210/5431/4253
f  3206/5423/4249 3211/5432/4254 3212/5433/4255
f  3212/5434/4255 3213/5435/4256 3206/5428/4249
f  3206/5423/4249 3210/5431/4253 3211/5432/4254
f  3206/5428/4249 3213/5435/4256 3208/5429/4251
f  3207/5426/4250 3208/5429/4251 3204/5420/4247
f  3208/5429/4251 3214/5436/4257 3204/5420/4247
f  3208/5429/4251 3215/5437/4258 3214/5436/4257
f  3213/5435/4256 3215/5437/4258 3208/5429/4251
f  3216/5438/4259 3214/5436/4257 3215/5437/4258
f  3189/5439/4232 3205/5421/4248 3214/5436/4257
f  3204/5420/4247 3214/5436/4257 3205/5421/4248
f  3189/5439/4232 3214/5436/4257 3216/5438/4259
f  3216/5438/4259 3215/5437/4258 3217/5440/4260
f  3217/5441/4260 3184/5397/4227 3216/5442/4259
f  3216/5442/4259 3184/5397/4227 3189/5402/4232
f  3215/5437/4258 3218/5443/4261 3217/5440/4260
f  3218/5444/4261 3219/5445/4262 3217/5441/4260
f  3217/5441/4260 3219/5445/4262 3184/5397/4227
f  3220/5446/4263 3219/5445/4262 3218/5444/4261
f  3219/5445/4262 3183/5396/4226 3184/5397/4227
f  3219/5445/4262 3220/5446/4263 3221/5447/4264
f  3221/5447/4264 3222/5448/4265 3219/5445/4262
f  3222/5448/4265 3183/5396/4226 3219/5445/4262
f  3223/5449/4266 3221/5447/4264 3224/5450/4267
f  3225/5451/4268 3221/5447/4264 3223/5449/4266
f  3221/5447/4264 3225/5451/4268 3226/5452/4269
f  3221/5447/4264 3220/5446/4263 3227/5453/4270
f  3228/5454/4271 3221/5447/4264 3229/5455/4272
f  3224/5450/4267 3221/5447/4264 3228/5454/4271
f  3221/5447/4264 3227/5453/4270 3229/5455/4272
f  3226/5452/4269 3230/5456/4273 3221/5447/4264
f  3230/5456/4273 3222/5448/4265 3221/5447/4264
f  3231/5457/4274 3230/5456/4273 3232/5458/4275
f  3232/5458/4275 3230/5456/4273 3226/5452/4269
f  3230/5456/4273 3233/5459/4276 3222/5448/4265
f  3231/5457/4274 3233/5459/4276 3230/5456/4273
f  3233/5459/4276 3234/5460/4277 3235/5461/4278
f  3231/5457/4274 3234/5460/4277 3233/5459/4276
f  3233/5459/4276 3235/5461/4278 3236/5462/4279
f  3233/5459/4276 3237/5463/4280 3238/5464/4281
f  3237/5463/4280 3233/5459/4276 3236/5462/4279
f  3233/5459/4276 3238/5464/4281 3239/5465/4282
f  3233/5459/4276 3239/5465/4282 3179/5392/4222
f  3233/5459/4276 3179/5392/4222 3183/5396/4226
f  3233/5459/4276 3183/5396/4226 3222/5448/4265
f  3239/5466/4282 3240/5467/4283 3241/5468/4284
f  3239/5466/4282 3242/5469/4285 3240/5467/4283
f  3238/5470/4281 3242/5469/4285 3239/5466/4282
f  3179/5392/4222 3239/5465/4282 3241/5471/4284
f  3243/5472/4286 3240/5467/4283 3242/5469/4285
f  3243/5472/4286 3242/5469/4285 3244/5473/4287
f  3244/5473/4287 3242/5469/4285 3245/5474/4288
f  3238/5470/4281 3245/5474/4288 3242/5469/4285
f  3246/5475/4289 3245/5474/4288 3247/5476/4290
f  3236/5477/4279 3247/5476/4290 3245/5474/4288
f  3237/5478/4280 3245/5474/4288 3238/5470/4281
f  3236/5477/4279 3245/5474/4288 3237/5478/4280
f  3244/5473/4287 3245/5474/4288 3246/5475/4289
f  3248/5479/4291 3246/5475/4289 3249/5480/4292
f  3249/5480/4292 3246/5475/4289 3250/5481/4293
f  3248/5479/4291 3244/5473/4287 3246/5475/4289
f  3246/5475/4289 3247/5476/4290 3250/5481/4293
f  3249/5480/4292 3250/5481/4293 3251/5482/4294
f  3251/5482/4294 3250/5481/4293 3252/5483/4295
f  3250/5481/4293 3253/5484/4296 3252/5483/4295
f  3250/5481/4293 3247/5476/4290 3253/5484/4296
f  3252/5483/4295 3253/5484/4296 3254/5485/4297
f  3234/5486/4277 3253/5484/4296 3235/5487/4278
f  3234/5486/4277 3254/5485/4297 3253/5484/4296
f  3235/5487/4278 3253/5484/4296 3247/5476/4290
f  3255/5488/4298 3254/5485/4297 3234/5486/4277
f  3255/5488/4298 3256/5489/4299 3254/5485/4297
f  3252/5483/4295 3254/5485/4297 3257/5490/4300
f  3257/5490/4300 3254/5485/4297 3256/5489/4299
f  3258/5491/4301 3256/5489/4299 3259/5492/4302
f  3260/5493/4303 3259/5492/4302 3256/5489/4299
f  3261/5494/4304 3256/5489/4299 3255/5488/4298
f  3260/5493/4303 3256/5489/4299 3261/5494/4304
f  3257/5490/4300 3256/5489/4299 3258/5491/4301
f  3262/5495/4305 3258/5491/4301 3263/381/4306
f  3263/381/4306 3258/5491/4301 3264/5496/4307
f  3262/5495/4305 3257/5490/4300 3258/5491/4301
f  3259/5492/4302 3265/5497/4308 3258/5491/4301
f  3258/5491/4301 3265/5497/4308 3264/5496/4307
f  3266/5498/4309 3262/5499/4305 3263/381/4306
f  3266/5498/4309 3267/5500/4310 3262/5499/4305
f  3267/5501/4310 3257/5490/4300 3262/5495/4305
f  3266/5498/4309 3251/5502/4294 3267/5500/4310
f  3266/5498/4309 3249/5503/4292 3251/5502/4294
f  3266/5498/4309 3248/5504/4291 3249/5503/4292
f  3266/5498/4309 3268/5505/4311 3248/5504/4291
f  3269/5506/4312 3268/5505/4311 3266/5498/4309
f  3266/5507/4309 3270/5508/4313 3269/5509/4312
f  3263/5510/4306 3271/5511/4314 3266/5507/4309
f  3266/5507/4309 3271/5511/4314 3270/5508/4313
f  3272/5512/4315 3271/5511/4314 3263/5510/4306
f  3270/5508/4313 3271/5511/4314 3273/5513/4316
f  3272/5512/4315 3273/5513/4316 3271/5511/4314
f  3274/5514/4317 3273/5513/4316 3272/5512/4315
f  3275/5515/4318 3273/5513/4316 3276/5516/4319
f  3274/5514/4317 3276/5516/4319 3273/5513/4316
f  3270/5508/4313 3273/5513/4316 3275/5515/4318
f  3275/5515/4318 3276/5516/4319 3103/5285/4146
f  3277/5517/4320 3275/5515/4318 3107/5289/4150
f  3277/5517/4320 3270/5508/4313 3275/5515/4318
f  3107/5289/4150 3275/5515/4318 3103/5285/4146
f  3108/5290/4151 3277/5517/4320 3107/5289/4150
f  3269/5509/4312 3277/5517/4320 3164/5371/4207
f  3164/5371/4207 3277/5517/4320 3108/5290/4151
f  3269/5509/4312 3270/5508/4313 3277/5517/4320
f  3278/5518/4321 3276/5516/4319 3274/5514/4317
f  3274/5514/4317 3272/5512/4315 3279/5519/4322
f  3274/5520/4317 3280/5521/4323 3281/5522/4324
f  3280/5521/4323 3274/5520/4317 3279/5523/4322
f  3274/5520/4317 3281/5522/4324 3282/5524/4325
f  3278/5518/4321 3274/5514/4317 3282/5525/4325
f  3281/5522/4324 3278/5526/4321 3282/5524/4325
f  3272/5527/4315 3280/5521/4323 3279/5523/4322
f  3283/5528/4326 3278/5518/4321 3284/5529/4327
f  3283/5528/4326 3104/5286/4147 3278/5518/4321
f  3278/5526/4321 3285/5530/4328 3284/5531/4327
f  3278/5526/4321 3281/5522/4324 3286/5532/4329
f  3278/5526/4321 3286/5532/4329 3285/5530/4328
f  3278/5518/4321 3104/5286/4147 3276/5516/4319
f  3285/5530/4328 3286/5532/4329 3287/5533/4330
f  3285/5530/4328 3287/5533/4330 3288/5534/4331
f  3283/5535/4326 3285/5530/4328 3288/5534/4331
f  3285/5530/4328 3283/5535/4326 3284/5531/4327
f  3283/5535/4326 3288/5534/4331 3289/5536/4332
f  3288/5534/4331 3092/5537/4135 3289/5536/4332
f  3092/5537/4135 3288/5534/4331 3290/5538/4333
f  3288/5534/4331 3287/5533/4330 3291/5539/4334
f  3288/5534/4331 3291/5539/4334 3290/5538/4333
f  3092/5273/4135 3283/5528/4326 3289/5540/4332
f  3292/5497/4335 3290/5538/4333 3291/5539/4334
f  3287/5533/4330 3293/5541/4336 3291/5539/4334
f  3292/5497/4335 3291/5539/4334 3293/5541/4336
f  3292/5497/4335 3293/5541/4336 3294/5542/4337
f  3295/5543/4338 3292/5544/4339 3294/5545/4340
f  3292/5544/4339 3296/5546/4341 3297/5547/4342
f  3297/5548/4343 3290/5538/4333 3292/5497/4335
f  3292/5544/4339 3295/5543/4338 3296/5546/4341
f  3298/5549/4344 3295/5543/4338 3294/5545/4340
f  3296/5546/4341 3295/5543/4338 3299/5550/4345
f  3298/5549/4344 3300/5551/4346 3295/5543/4338
f  3295/5543/4338 3300/5551/4346 3301/5552/4347
f  3295/5543/4338 3301/5552/4347 3299/5550/4345
f  3299/5550/4345 3301/5552/4347 3302/5553/4348
f  3299/5550/4345 3302/5553/4348 3303/5554/4349
f  3304/5555/4350 3299/5550/4345 3303/5554/4349
f  3296/5546/4341 3299/5550/4345 3304/5555/4350
f  3305/5556/4351 3296/5546/4341 3304/5555/4350
f  3304/5555/4350 3303/5554/4349 3306/5557/4352
f  3307/5558/4353 3304/5555/4350 3306/5557/4352
f  3305/5556/4351 3304/5555/4350 3307/5558/4353
f  3308/5559/4354 3305/5560/4351 3307/5561/4353
f  3083/5562/4355 3305/5560/4351 3308/5559/4354
f  3087/5269/4132 3305/5560/4351 3083/5562/4355
f  3087/5269/4132 3098/5280/4141 3305/5560/4351
f  3309/5563/4356 3305/5556/4351 3098/627/4141
f  3309/5563/4356 3296/5546/4341 3305/5556/4351
f  3310/5564/4357 3309/5565/4358 3098/381/4359
f  3310/5564/4357 3290/5538/4333 3309/5565/4358
f  3290/5538/4333 3297/5548/4343 3309/5565/4358
f  3296/5546/4341 3309/5563/4356 3297/5547/4342
f  3098/564/4141 3092/5273/4135 3310/5566/4357
f  3092/5537/4135 3290/5538/4333 3310/5564/4357
f  3308/5559/4354 3311/5567/4360 3312/5568/4361
f  3308/5559/4354 3312/5568/4361 3313/5569/4362
f  3308/5559/4354 3307/5561/4353 3311/5567/4360
f  3308/5570/4363 3084/115/4364 3083/564/4365
f  3313/5571/4366 3314/5572/4367 3308/5570/4363
f  3308/5570/4363 3314/5572/4367 3084/115/4364
f  3315/5573/4368 3314/5572/4367 3313/5571/4366
f  3312/5574/4361 3315/5575/4369 3313/5576/4362
f  3316/5577/4370 3314/5572/4367 3315/5573/4368
f  3316/5577/4370 3315/5573/4368 3317/5578/4371
f  3317/5578/4371 3315/5573/4368 3318/5579/4372
f  3319/5580/4373 3318/5581/4374 3315/5575/4369
f  3319/5580/4373 3315/5575/4369 3312/5574/4361
f  3320/5582/4375 3321/5583/4376 3319/5584/4373
f  3320/5582/4375 3319/5584/4373 3312/627/4361
f  3319/5584/4373 3321/5583/4376 3322/5585/4377
f  3318/5581/4374 3319/5580/4373 3322/5586/4377
f  3318/5581/4374 3322/5586/4377 3323/5587/4378
f  3321/5583/4376 3323/5588/4378 3322/5585/4377
f  3323/5588/4378 3324/5589/4379 3325/5590/4380
f  3323/5588/4378 3321/5583/4376 3324/5589/4379
f  3326/5591/4381 3323/5587/4378 3325/5592/4380
f  3323/5587/4378 3326/5591/4381 3318/5581/4374
f  3327/5593/4382 3317/5594/4383 3326/5591/4381
f  3317/5578/4371 3318/5579/4372 3326/5595/4384
f  3326/5591/4381 3325/5592/4380 3327/5593/4382
f  3327/5593/4382 3328/5596/4385 3317/5594/4383
f  3325/5590/4380 3329/5597/4386 3327/5598/4382
f  3328/5596/4385 3327/5593/4382 3329/5599/4386
f  3324/5589/4379 3329/5597/4386 3325/5590/4380
f  3329/5597/4386 3330/5600/4387 3331/5601/4388
f  3328/5596/4385 3329/5599/4386 3331/5602/4388
f  3329/5597/4386 3324/5589/4379 3332/5603/4389
f  3329/5597/4386 3332/5603/4389 3330/5600/4387
f  3324/5589/4379 3333/5604/4390 3332/5603/4389
f  3333/5604/4390 3334/5605/4391 3332/5603/4389
f  3332/5603/4389 3334/5605/4391 3335/5606/4392
f  3335/5606/4392 3336/5607/4393 3332/5603/4389
f  3332/5603/4389 3336/5607/4393 3330/5600/4387
f  3336/5607/4393 3335/5606/4392 3337/5608/4394
f  3335/5606/4392 3338/5609/4395 3337/5608/4394
f  3334/5605/4391 3338/5609/4395 3335/5606/4392
f  3339/5610/4396 3340/5611/4397 3338/5609/4395
f  3339/5610/4396 3338/5609/4395 3341/5612/4398
f  3341/5612/4398 3338/5609/4395 3342/5613/4399
f  3342/5613/4399 3338/5609/4395 3334/5605/4391
f  3338/5609/4395 3340/5611/4397 3337/5608/4394
f  3343/5614/4400 3340/5611/4397 3339/5610/4396
f  3340/5611/4397 3343/5614/4400 3344/5615/4401
f  3337/5608/4394 3340/5611/4397 3345/5616/4402
f  3344/5615/4401 3345/5616/4402 3340/5611/4397
f  3346/5617/4403 3345/5616/4402 3344/5615/4401
f  3347/5618/4404 3344/5619/4401 3343/5620/4400
f  3347/5618/4404 3346/5621/4403 3344/5619/4401
f  3348/5622/4405 3345/5616/4402 3346/5617/4403
f  3346/5621/4403 3349/5623/4406 3348/5624/4405
f  3346/5621/4403 3347/5618/4404 3349/5623/4406
f  3350/5625/4407 3349/5623/4406 3351/5626/4408
f  3349/5623/4406 3350/5625/4407 3352/5627/4409
f  3349/5623/4406 3353/5628/4410 3351/5626/4408
f  3347/5618/4404 3354/5629/4411 3349/5623/4406
f  3348/5624/4405 3349/5623/4406 3352/5627/4409
f  3353/5628/4410 3349/5623/4406 3355/5630/4412
f  3349/5623/4406 3354/5629/4411 3355/5630/4412
f  3356/5631/4413 3357/5632/4414 3353/5633/4410
f  3353/5633/4410 3357/5632/4414 3358/5634/4415
f  3358/5634/4415 3351/5635/4408 3353/5633/4410
f  3353/5628/4410 3355/5630/4412 3356/5636/4413
f  3359/5637/4416 3357/5632/4414 3356/5631/4413
f  3356/5636/4413 3355/5630/4412 3359/5638/4416
f  3359/5637/4416 3360/5639/4417 3357/5632/4414
f  3360/5639/4417 3359/5637/4416 3361/5640/4418
f  3359/5638/4416 3355/5630/4412 3361/5641/4418
f  3361/5640/4418 3362/5642/4419 3360/5639/4417
f  3361/5641/4418 3355/5630/4412 3226/5452/4269
f  3361/5641/4418 3226/5452/4269 3363/5643/4420
f  3363/5644/4420 3362/5642/4419 3361/5640/4418
f  3364/5645/4421 3362/5642/4419 3365/5646/4422
f  3364/5645/4421 3360/5639/4417 3362/5642/4419
f  3225/5647/4268 3365/5646/4422 3362/5642/4419
f  3225/5647/4268 3362/5642/4419 3363/5644/4420
f  3364/5645/4421 3365/5646/4422 3366/5648/4423
f  3366/5648/4423 3365/5646/4422 3367/5649/4424
f  3224/5650/4267 3367/5649/4424 3365/5646/4422
f  3224/5650/4267 3365/5646/4422 3223/5651/4266
f  3365/5646/4422 3225/5647/4268 3223/5651/4266
f  3368/5652/4425 3367/5649/4424 3369/5653/4426
f  3366/5648/4423 3367/5649/4424 3368/5652/4425
f  3228/5654/4271 3367/5649/4424 3224/5650/4267
f  3228/5654/4271 3369/5653/4426 3367/5649/4424
f  3370/5655/4427 3369/5653/4426 3371/5656/4428
f  3368/5652/4425 3369/5653/4426 3370/5655/4427
f  3229/5657/4272 3371/5656/4428 3369/5653/4426
f  3229/5657/4272 3369/5653/4426 3228/5654/4271
f  3372/5658/4429 3371/5656/4428 3373/5659/4430
f  3220/5660/4263 3373/5659/4430 3371/5656/4428
f  3220/5660/4263 3371/5656/4428 3227/5661/4270
f  3371/5656/4428 3229/5657/4272 3227/5661/4270
f  3370/5655/4427 3371/5656/4428 3372/5658/4429
f  3374/5662/4431 3372/5658/4429 3212/5434/4255
f  3212/5434/4255 3372/5658/4429 3213/5435/4256
f  3374/5662/4431 3370/5655/4427 3372/5658/4429
f  3372/5658/4429 3373/5659/4430 3213/5435/4256
f  3212/5433/4255 3211/5432/4254 3374/5663/4431
f  3211/5664/4254 3370/5655/4427 3374/5662/4431
f  3213/5435/4256 3373/5659/4430 3215/5437/4258
f  3218/5443/4261 3215/5437/4258 3373/5659/4430
f  3218/5443/4261 3373/5659/4430 3220/5660/4263
f  3211/5664/4254 3368/5652/4425 3370/5655/4427
f  3375/5665/4432 3366/5648/4423 3368/5652/4425
f  3375/5665/4432 3368/5652/4425 3211/5664/4254
f  3211/5432/4254 3376/5666/4433 3375/5667/4432
f  3376/5668/4433 3366/5648/4423 3375/5665/4432
f  3211/5432/4254 3210/5431/4253 3376/5666/4433
f  3376/5666/4433 3210/5431/4253 3377/5669/4434
f  3377/5670/4434 3378/5671/4435 3376/5668/4433
f  3376/5668/4433 3378/5671/4435 3364/5645/4421
f  3376/5668/4433 3364/5645/4421 3366/5648/4423
f  3379/5672/4436 3357/5632/4414 3378/5671/4435
f  3378/5671/4435 3357/5632/4414 3360/5639/4417
f  3378/5671/4435 3360/5639/4417 3364/5645/4421
f  3377/5670/4434 3379/5672/4436 3378/5671/4435
f  3210/5673/4253 3380/5674/4437 3379/5672/4436
f  3210/5673/4253 3379/5672/4436 3377/5670/4434
f  3380/5674/4437 3358/5634/4415 3379/5672/4436
f  3379/5672/4436 3358/5634/4415 3357/5632/4414
f  3381/5675/4438 3380/5674/4437 3210/5673/4253
f  3381/5675/4438 3382/5676/4439 3380/5674/4437
f  3382/5676/4439 3383/5677/4440 3380/5674/4437
f  3380/5674/4437 3383/5677/4440 3358/5634/4415
f  3351/5635/4408 3358/5634/4415 3383/5677/4440
f  3350/5678/4407 3383/5677/4440 3384/5679/4441
f  3351/5635/4408 3383/5677/4440 3350/5678/4407
f  3384/5679/4441 3383/5677/4440 3385/5680/4442
f  3382/5676/4439 3385/5680/4442 3383/5677/4440
f  3386/5681/4443 3385/5680/4442 3382/5676/4439
f  3386/5681/4443 3387/5682/4444 3385/5680/4442
f  3388/5683/4445 3385/5680/4442 3387/5682/4444
f  3385/5680/4442 3388/5683/4445 3384/5679/4441
f  3389/5684/4446 3388/5685/4445 3390/5686/4447
f  3388/5683/4445 3387/5682/4444 3390/5687/4447
f  3388/5685/4445 3391/5688/4448 3352/5627/4409
f  3352/5627/4409 3384/5689/4441 3388/5685/4445
f  3391/5688/4448 3388/5685/4445 3389/5684/4446
f  3389/5690/4446 3392/5691/4449 3393/115/4450
f  3389/5690/4446 3387/5682/4444 3392/5691/4449
f  3391/5688/4448 3389/5684/4446 3393/5692/4450
f  3390/5687/4447 3387/5682/4444 3389/5690/4446
f  3393/115/4450 3392/5691/4449 3394/5693/4451
f  3394/5694/4451 3391/5695/4448 3393/564/4450
f  3394/5694/4451 3395/5696/4452 3396/5697/4453
f  3394/5694/4451 3396/5697/4453 3391/5695/4448
f  3397/5698/4454 3395/5696/4452 3394/5694/4451
f  3394/5693/4451 3398/5699/4455 3397/5700/4454
f  3394/5693/4451 3392/5691/4449 3398/5699/4455
f  3398/5699/4455 3392/5691/4449 3399/5701/4456
f  3209/5702/4252 3398/5699/4455 3399/5701/4456
f  3397/5700/4454 3398/5699/4455 3400/5703/4457
f  3400/5703/4457 3398/5699/4455 3209/5702/4252
f  3209/5430/4252 3401/5704/4458 3400/5705/4457
f  3397/5700/4454 3400/5703/4457 3401/627/4458
f  3401/5704/4458 3402/5706/4459 3403/5707/4460
f  3403/5708/4460 3397/5698/4454 3401/381/4458
f  3209/5430/4252 3402/5706/4459 3401/5704/4458
f  3402/5709/4459 3404/5710/4461 3403/5708/4460
f  3405/5711/4462 3404/5710/4461 3402/5709/4459
f  3402/5706/4459 3406/5712/4463 3405/5713/4462
f  3402/5706/4459 3407/5714/4464 3406/5712/4463
f  3402/5706/4459 3408/5715/4465 3407/5714/4464
f  3402/5706/4459 3409/5716/4466 3408/5715/4465
f  3201/5422/4244 3409/5716/4466 3402/5706/4459
f  3201/5422/4244 3402/5706/4459 3209/5430/4252
f  3410/5717/4467 3409/5716/4466 3411/5718/4468
f  3409/5719/4466 3412/5720/4469 3411/5721/4468
f  3409/5716/4466 3201/5422/4244 3413/5722/4470
f  3409/5716/4466 3413/5722/4470 3414/5723/4471
f  3409/5719/4466 3415/5724/4472 3412/5720/4469
f  3416/5725/4473 3415/5724/4472 3409/5719/4466
f  3409/5716/4466 3414/5723/4471 3416/5726/4473
f  3408/5715/4465 3409/5716/4466 3410/5717/4467
f  3408/5715/4465 3410/5717/4467 3417/5727/4474
f  3410/5728/4467 3418/5729/4475 3417/5730/4474
f  3411/5721/4468 3412/5720/4469 3410/5728/4467
f  3410/5728/4467 3412/5720/4469 3418/5729/4475
f  3418/5729/4475 3419/5731/4476 3420/5732/4477
f  3418/5729/4475 3421/5733/4478 3419/5731/4476
f  3412/5720/4469 3421/5733/4478 3418/5729/4475
f  3417/5730/4474 3418/5729/4475 3420/5732/4477
f  3417/5730/4474 3420/5732/4477 3408/5734/4465
f  3408/5734/4465 3420/5732/4477 3422/5735/4479
f  3420/5732/4477 3419/5731/4476 3423/5736/4480
f  3420/5732/4477 3423/5736/4480 3422/5735/4479
f  3422/5735/4479 3423/5736/4480 3424/5737/4481
f  3425/5738/4482 3422/5735/4479 3426/5739/4483
f  3422/5735/4479 3424/5737/4481 3426/5739/4483
f  3408/5734/4465 3422/5735/4479 3425/5738/4482
f  3427/5740/4484 3408/5715/4465 3425/5741/4482
f  3425/5738/4482 3426/5739/4483 3427/5742/4484
f  3428/5743/4485 3427/5740/4484 3429/5744/4486
f  3428/5743/4485 3408/5715/4465 3427/5740/4484
f  3427/5742/4484 3430/5745/4487 3429/5746/4486
f  3427/5742/4484 3426/5739/4483 3430/5745/4487
f  3430/5745/4487 3431/5747/4488 3432/5748/4489
f  3429/5746/4486 3430/5745/4487 3432/5748/4489
f  3426/5739/4483 3433/5749/4490 3430/5745/4487
f  3430/5745/4487 3433/5749/4490 3431/5747/4488
f  3432/5748/4489 3431/5747/4488 3434/5750/4491
f  3435/5751/4492 3434/5750/4491 3431/5747/4488
f  3436/5752/4493 3431/5747/4488 3433/5749/4490
f  3437/5753/4494 3431/5747/4488 3436/5752/4493
f  3435/5751/4492 3431/5747/4488 3437/5753/4494
f  3438/5754/4495 3437/5755/4494 3436/5756/4493
f  3437/5755/4494 3439/5757/4496 3435/5758/4492
f  3439/5757/4496 3437/5755/4494 3438/5754/4495
f  3440/5759/4497 3439/5757/4496 3438/5754/4495
f  3441/5760/4498 3440/5759/4497 3438/5754/4495
f  3441/5760/4498 3438/5754/4495 3442/5761/4499
f  3443/5762/4500 3442/5761/4499 3438/5754/4495
f  3438/5754/4495 3436/5756/4493 3443/5762/4500
f  3444/5763/4501 3442/5761/4499 3445/5764/4502
f  3443/5762/4500 3445/5764/4502 3442/5761/4499
f  3446/5765/4503 3442/5761/4499 3444/5763/4501
f  3446/5765/4503 3447/5766/4504 3442/5761/4499
f  3448/5767/4505 3442/5761/4499 3447/5766/4504
f  3448/5767/4505 3441/5760/4498 3442/5761/4499
f  3449/5768/4506 3450/5769/4507 3448/5767/4505
f  3450/5769/4507 3441/5760/4498 3448/5767/4505
f  3449/5768/4506 3448/5767/4505 3451/5770/4508
f  3451/5770/4508 3448/5767/4505 3452/5771/4509
f  3452/5771/4509 3448/5767/4505 3447/5766/4504
f  3453/5772/4510 3449/5768/4506 3451/5770/4508
f  3454/5773/4511 3449/5768/4506 3453/5772/4510
f  3455/5774/4512 3450/5769/4507 3449/5768/4506
f  3456/5775/4513 3449/5768/4506 3457/5776/4514
f  3458/5777/4515 3449/5768/4506 3456/5775/4513
f  3457/5776/4514 3449/5768/4506 3459/5778/4516
f  3459/5778/4516 3449/5768/4506 3454/5773/4511
f  3455/5774/4512 3449/5768/4506 3458/5777/4515
f  3456/5779/4513 3460/5780/4517 3458/5781/4515
f  3458/5781/4515 3460/5780/4517 3455/5782/4512
f  3455/5782/4512 3460/5780/4517 3461/5783/4518
f  3462/5784/4519 3461/5783/4518 3460/5780/4517
f  3462/5784/4519 3460/5780/4517 3463/5785/4520
f  3456/5779/4513 3464/5786/4521 3460/5780/4517
f  3463/5785/4520 3460/5780/4517 3464/5786/4521
f  3465/5787/4522 3463/5785/4520 3466/5788/4523
f  3466/5788/4523 3463/5785/4520 3467/5789/4524
f  3465/5787/4522 3462/5784/4519 3463/5785/4520
f  3463/5785/4520 3464/5786/4521 3467/5789/4524
f  3468/5790/4525 3467/5789/4524 3469/5791/4526
f  3466/5788/4523 3467/5789/4524 3468/5790/4525
f  3467/5789/4524 3470/5792/4527 3469/5791/4526
f  3467/5789/4524 3464/5786/4521 3470/5792/4527
f  3459/5793/4516 3470/5792/4527 3464/5786/4521
f  3454/5794/4511 3470/5792/4527 3459/5793/4516
f  3454/5794/4511 3471/5795/4528 3470/5792/4527
f  3469/5791/4526 3470/5792/4527 3471/5795/4528
f  3472/5796/4529 3471/5795/4528 3454/5794/4511
f  3472/5796/4529 3473/5797/4530 3471/5795/4528
f  3469/5791/4526 3471/5795/4528 3474/5798/4531
f  3474/5798/4531 3471/5795/4528 3473/5797/4530
f  3474/5798/4531 3473/5797/4530 3475/5799/4532
f  3476/5800/4533 3474/5798/4531 3475/5799/4532
f  3477/5801/4534 3474/5798/4531 3476/5800/4533
f  3477/5801/4534 3469/5791/4526 3474/5798/4531
f  3478/5802/4535 3477/5803/4534 3476/5804/4533
f  3479/5805/4536 3469/5791/4526 3477/5801/4534
f  3478/5802/4535 3479/5806/4536 3477/5803/4534
f  3480/5807/4537 3481/5808/4538 3478/5809/4535
f  3478/5802/4535 3482/5810/4539 3480/115/4537
f  3478/5809/4535 3481/5808/4538 3483/5811/4540
f  3478/5802/4535 3484/5812/4541 3482/5810/4539
f  3478/5802/4535 3476/5804/4533 3484/5812/4541
f  3483/5813/4540 3479/5806/4536 3478/5802/4535
f  3483/5811/4540 3481/5808/4538 3485/5814/4542
f  3483/5813/4540 3468/5815/4525 3479/5806/4536
f  3483/5813/4540 3466/5816/4523 3468/5815/4525
f  3483/5813/4540 3465/5817/4522 3466/5816/4523
f  3483/5813/4540 3486/5818/4543 3465/5817/4522
f  3483/5813/4540 3487/5819/4544 3486/5818/4543
f  3487/5819/4544 3483/5813/4540 3488/5820/4545
f  3483/5811/4540 3485/5814/4542 3488/5278/4545
f  3489/5821/4546 3490/5822/4547 3485/5814/4542
f  3489/5821/4546 3485/5814/4542 3481/5808/4538
f  3488/5278/4545 3485/5814/4542 3491/5823/4548
f  3490/5822/4547 3491/5823/4548 3485/5814/4542
f  3490/5822/4547 3492/5824/4549 3491/5823/4548
f  3493/5825/4550 3492/5824/4549 3490/5822/4547
f  3494/5826/4551 3490/5822/4547 3489/5821/4546
f  3494/5826/4551 3493/5825/4550 3490/5822/4547
f  3495/5827/4552 3496/5828/4553 3493/5825/4550
f  3495/5827/4552 3493/5825/4550 3494/5826/4551
f  3496/5828/4553 3497/5829/4554 3493/5825/4550
f  3493/5825/4550 3497/5829/4554 3492/5824/4549
f  3496/5828/4553 3498/5830/4555 3497/5829/4554
f  3498/5830/4555 3499/5831/4556 3497/5829/4554
f  3497/5829/4554 3500/5832/4557 3492/5824/4549
f  3497/5829/4554 3499/5831/4556 3500/5832/4557
f  3500/5832/4557 3501/5833/4558 3502/5834/4559
f  3492/5824/4549 3500/5832/4557 3502/5834/4559
f  3499/5831/4556 3503/5835/4560 3500/5832/4557
f  3501/5833/4558 3500/5832/4557 3503/5835/4560
f  3504/5836/4561 3502/5834/4559 3501/5833/4558
f  3501/5833/4558 3503/5835/4560 3505/5837/4562
f  3504/5836/4561 3501/5833/4558 3506/5838/4563
f  3507/5839/4564 3501/5840/4558 3505/5841/4562
f  3501/5840/4558 3508/5842/4565 3506/5843/4563
f  3501/5840/4558 3507/5839/4564 3508/5842/4565
f  3507/5839/4564 3509/5844/4566 3508/5842/4565
f  3508/5842/4565 3509/5844/4566 3510/5845/4567
f  3511/5846/4568 3508/5842/4565 3512/5847/4569
f  3508/5842/4565 3511/5846/4568 3506/5843/4563
f  3512/5847/4569 3508/5842/4565 3510/5845/4567
f  3512/5847/4569 3510/5845/4567 3513/5848/4570
f  3513/5849/4570 3514/5850/4571 3512/5851/4569
f  3512/5851/4569 3514/5850/4571 3511/5852/4568
f  3511/5852/4568 3514/5850/4571 3515/5853/4572
f  3514/5850/4571 3516/5854/4573 3517/5855/4574
f  3515/5853/4572 3514/5850/4571 3517/5855/4574
f  3514/5850/4571 3518/5856/4575 3516/5854/4573
f  3513/5849/4570 3518/5856/4575 3514/5850/4571
f  3515/5853/4572 3517/5855/4574 3519/5857/4576
f  3519/5858/4576 3520/5859/4577 3515/5860/4572
f  3511/5852/4568 3515/5853/4572 3504/627/4561
f  3515/5860/4572 3520/5859/4577 3504/564/4561
f  3488/5278/4545 3491/5823/4548 3520/5270/4577
f  3520/5270/4577 3491/5823/4548 3502/5834/4559
f  3502/5834/4559 3504/5836/4561 3520/5270/4577
f  3521/5861/4578 3488/5820/4545 3520/5859/4577
f  3521/5861/4578 3520/5859/4577 3522/5862/4579
f  3522/5862/4579 3520/5859/4577 3523/5863/4580
f  3523/5863/4580 3520/5859/4577 3524/5864/4581
f  3524/5864/4581 3520/5859/4577 3519/5858/4576
f  3519/5857/4576 3525/5865/4582 3524/5866/4581
f  3524/5866/4581 3525/5865/4582 3526/5867/4583
f  3524/5866/4581 3526/5867/4583 3523/5868/4580
f  3526/5867/4583 3527/5869/4584 3528/5870/4585
f  3522/5871/4579 3526/5867/4583 3528/5870/4585
f  3526/5867/4583 3529/5872/4586 3527/5869/4584
f  3525/5865/4582 3529/5872/4586 3526/5867/4583
f  3523/5868/4580 3526/5867/4583 3522/5871/4579
f  3528/5870/4585 3527/5869/4584 3530/5873/4587
f  3531/5874/4588 3532/5875/4589 3527/5869/4584
f  3531/5874/4588 3527/5869/4584 3533/5876/4590
f  3533/5876/4590 3527/5869/4584 3529/5872/4586
f  3530/5873/4587 3527/5869/4584 3532/5875/4589
f  3533/5877/4590 3534/5878/4591 3531/5879/4588
f  3535/5880/4592 3534/5878/4591 3533/5877/4590
f  3533/5876/4590 3529/5872/4586 3535/5881/4592
f  3535/5880/4592 3536/5882/4593 3534/5878/4591
f  3537/5883/4594 3536/5882/4593 3535/5880/4592
f  3535/5881/4592 3538/5884/4595 3537/5885/4594
f  3535/5881/4592 3529/5872/4586 3538/5884/4595
f  3534/5878/4591 3536/5882/4593 3539/5886/4596
f  3540/5887/4597 3541/5888/4598 3536/5882/4593
f  3536/5882/4593 3541/5888/4598 3542/5889/4599
f  3543/5890/4600 3536/5882/4593 3544/5891/4601
f  3545/5892/4602 3536/5882/4593 3543/5890/4600
f  3540/5887/4597 3536/5882/4593 3545/5892/4602
f  3539/5886/4596 3536/5882/4593 3546/5893/4603
f  3536/5882/4593 3542/5889/4599 3546/5893/4603
f  3544/5891/4601 3536/5882/4593 3537/5883/4594
f  3545/5894/4602 3547/5895/4604 3540/115/4597
f  3545/5894/4602 3518/5856/4575 3547/5895/4604
f  3543/5896/4600 3518/5856/4575 3545/5894/4602
f  3518/5856/4575 3513/5849/4570 3547/5895/4604
f  3547/5897/4604 3510/5845/4567 3548/5898/4605
f  3513/5848/4570 3510/5845/4567 3547/5897/4604
f  3547/5897/4604 3548/5898/4605 3540/564/4597
f  3549/5899/4606 3548/5900/4605 3550/5901/4607
f  3549/5899/4606 3540/5887/4597 3548/5900/4605
f  3548/5898/4605 3510/5845/4567 3550/5902/4607
f  3550/5902/4607 3509/5844/4566 3549/5903/4606
f  3550/5902/4607 3510/5845/4567 3509/5844/4566
f  3551/5904/4608 3549/5899/4606 3552/5905/4609
f  3549/5903/4606 3553/5906/4610 3552/5907/4609
f  3549/5903/4606 3554/5908/4611 3553/5906/4610
f  3549/5903/4606 3509/5844/4566 3554/5908/4611
f  3540/5887/4597 3549/5899/4606 3551/5904/4608
f  3540/5887/4597 3551/5904/4608 3541/5888/4598
f  3555/5909/4612 3541/5888/4598 3551/5904/4608
f  3555/5909/4612 3551/5904/4608 3556/5910/4613
f  3556/5910/4613 3551/5904/4608 3557/5911/4614
f  3551/5904/4608 3552/5905/4609 3558/5912/4615
f  3559/5913/4616 3551/5914/4608 3558/5915/4615
f  3551/5914/4608 3560/5916/4617 3557/5917/4614
f  3551/5914/4608 3559/5913/4616 3560/5916/4617
f  3561/5918/4618 3560/5916/4617 3559/5913/4616
f  3561/5918/4618 3559/5913/4616 3562/5919/4619
f  3562/5919/4619 3559/5913/4616 3553/5906/4610
f  3558/5915/4615 3553/5906/4610 3559/5913/4616
f  3553/5906/4610 3554/5908/4611 3562/5919/4619
f  3554/5908/4611 3563/5920/4620 3562/5919/4619
f  3563/5920/4620 3561/5918/4618 3562/5919/4619
f  3563/5920/4620 3564/5921/4621 3565/5922/4622
f  3564/5921/4621 3563/5920/4620 3554/5908/4611
f  3565/5922/4622 3566/5923/4623 3563/5920/4620
f  3566/5923/4623 3561/5918/4618 3563/5920/4620
f  3565/5922/4622 3567/5924/4624 3568/5925/4625
f  3567/5924/4624 3565/5922/4622 3564/5921/4621
f  3568/5925/4625 3569/5926/4626 3565/5922/4622
f  3569/5926/4626 3566/5923/4623 3565/5922/4622
f  3570/5927/4627 3571/5928/4628 3569/5926/4626
f  3571/5928/4628 3572/5929/4629 3569/5926/4626
f  3569/5926/4626 3572/5929/4629 3566/5923/4623
f  3570/5927/4627 3569/5926/4626 3568/5925/4625
f  3573/5930/4630 3570/5927/4627 3574/5931/4631
f  3573/5930/4630 3575/5932/4632 3570/5927/4627
f  3570/5927/4627 3576/5933/4633 3574/5931/4631
f  3576/5933/4633 3570/5927/4627 3568/5925/4625
f  3575/5932/4632 3571/5928/4628 3570/5927/4627
f  3576/5934/4633 3573/5935/4630 3574/5936/4631
f  3577/5937/4634 3575/5932/4632 3578/5938/4635
f  3579/5939/4636 3575/5932/4632 3577/5937/4634
f  3575/5932/4632 3573/5930/4630 3578/5938/4635
f  3575/5932/4632 3580/5851/4637 3571/5928/4628
f  3580/5851/4637 3575/5932/4632 3579/5939/4636
f  3577/5940/4634 3581/5941/4638 3579/5942/4636
f  3581/5941/4638 3580/5943/4637 3579/5942/4636
f  3582/5944/4639 3583/5945/4640 3581/5941/4638
f  3583/5945/4640 3584/5946/4641 3581/5941/4638
f  3581/5941/4638 3584/5946/4641 3585/5947/4642
f  3580/5943/4637 3581/5941/4638 3585/5947/4642
f  3582/5944/4639 3581/5941/4638 3577/5940/4634
f  3582/5948/4639 3586/5949/4643 3587/5950/4644
f  3582/5948/4639 3588/5951/4645 3586/5949/4643
f  3589/5952/4646 3583/5945/4640 3582/5944/4639
f  3582/5948/4639 3587/5950/4644 3589/5953/4646
f  3582/5944/4639 3577/5940/4634 3590/381/4647
f  3590/5954/4647 3588/5951/4645 3582/5948/4639
f  3591/381/4648 3587/5955/4649 3586/564/4650
f  3592/5956/4651 3587/5955/4649 3591/381/4648
f  3592/5956/4651 3593/5957/4652 3587/5955/4649
f  3594/5958/4653 3587/5950/4644 3595/5959/4654
f  3589/5953/4646 3587/5950/4644 3594/5958/4653
f  3595/5959/4654 3587/5950/4644 3593/5960/4655
f  3596/5961/4656 3597/5962/4657 3595/5963/4654
f  3596/5961/4656 3595/5963/4654 3593/5964/4655
f  3597/5965/4657 3598/5966/4658 3595/381/4654
f  3598/5967/4658 3594/5968/4653 3595/627/4654
f  3597/5965/4657 3599/5969/4659 3598/5966/4658
f  3599/5969/4659 3600/5942/4660 3598/5966/4658
f  3601/5970/4661 3598/5967/4658 3600/5971/4660
f  3598/5967/4658 3601/5970/4661 3594/5968/4653
f  3602/5972/4662 3601/5970/4661 3600/5971/4660
f  3589/5952/4646 3601/5970/4661 3583/5945/4640
f  3601/5970/4661 3603/5973/4663 3583/5945/4640
f  3602/5972/4662 3603/5973/4663 3601/5970/4661
f  3594/5968/4653 3601/5970/4661 3589/5952/4646
f  3602/5974/4662 3604/5975/4664 3605/5976/4665
f  3600/5942/4660 3604/5975/4664 3602/5974/4662
f  3603/5973/4663 3602/5972/4662 3605/5977/4665
f  3605/5976/4665 3604/5975/4664 3606/5978/4666
f  3605/5976/4665 3606/5978/4666 3607/5979/4667
f  3607/5980/4667 3603/5973/4663 3605/5977/4665
f  3608/5981/4668 3609/5982/4669 3606/5978/4666
f  3608/5981/4668 3606/5978/4666 3604/5975/4664
f  3609/5982/4669 3610/5983/4670 3606/5978/4666
f  3607/5979/4667 3606/5978/4666 3610/5983/4670
f  3611/5984/4671 3609/5982/4669 3608/5981/4668
f  3609/5982/4669 3611/5984/4671 3612/5985/4672
f  3609/5982/4669 3612/5985/4672 3610/5983/4670
f  3613/5986/4673 3612/5985/4672 3611/5984/4671
f  3614/5987/4674 3612/5985/4672 3613/5986/4673
f  3614/5987/4674 3610/5983/4670 3612/5985/4672
f  3615/5988/4675 3614/5989/4674 3613/5990/4673
f  3616/5991/4676 3614/5987/4674 3617/5992/4677
f  3614/5989/4674 3618/5993/4678 3617/5994/4677
f  3614/5987/4674 3616/5991/4676 3610/5983/4670
f  3614/5989/4674 3615/5988/4675 3618/5993/4678
f  3542/5889/4599 3615/5988/4675 3619/5995/4679
f  3620/5996/4680 3619/5995/4679 3615/5988/4675
f  3615/5988/4675 3621/5997/4681 3620/5996/4680
f  3542/5889/4599 3618/5993/4678 3615/5988/4675
f  3615/5988/4675 3613/5990/4673 3622/5998/4682
f  3622/5998/4682 3623/5999/4683 3615/5988/4675
f  3615/5988/4675 3623/5999/4683 3621/5997/4681
f  3623/6000/4683 3624/6001/4684 3621/6002/4681
f  3624/6001/4684 3620/6003/4680 3621/6002/4681
f  3625/6004/4685 3624/6001/4684 3626/6005/4686
f  3623/6000/4683 3626/6005/4686 3624/6001/4684
f  3627/6006/4687 3624/6001/4684 3625/6004/4685
f  3627/6006/4687 3628/6007/4688 3624/6001/4684
f  3620/6003/4680 3624/6001/4684 3628/6007/4688
f  3629/6008/4689 3625/6004/4685 3630/6009/4690
f  3406/6010/4463 3625/6004/4685 3629/6008/4689
f  3406/6010/4463 3627/6006/4687 3625/6004/4685
f  3625/6004/4685 3626/6005/4686 3630/6009/4690
f  3405/5711/4462 3630/6009/4690 3404/5710/4461
f  3629/6008/4689 3630/6009/4690 3405/5711/4462
f  3630/6009/4690 3626/6005/4686 3631/6011/4691
f  3630/6009/4690 3631/6011/4691 3404/5710/4461
f  3404/5710/4461 3631/6011/4691 3396/5697/4453
f  3632/6012/4692 3396/5697/4453 3631/6011/4691
f  3632/6012/4692 3631/6011/4691 3633/6013/4693
f  3631/6011/4691 3634/6014/4694 3633/6013/4693
f  3634/6014/4694 3631/6011/4691 3626/6005/4686
f  3622/5998/4682 3633/6015/4693 3634/6016/4694
f  3623/5999/4683 3622/5998/4682 3634/6016/4694
f  3634/6014/4694 3626/6005/4686 3623/6000/4683
f  3622/5998/4682 3632/6017/4692 3633/6015/4693
f  3391/5695/4448 3396/5697/4453 3632/6012/4692
f  3622/5998/4682 3635/6018/4695 3632/6017/4692
f  3632/6017/4692 3635/6018/4695 3391/6019/4448
f  3635/6018/4695 3622/5998/4682 3636/6020/4696
f  3637/6021/4697 3635/6022/4695 3636/6023/4696
f  3352/5627/4409 3391/5688/4448 3635/6022/4695
f  3635/6022/4695 3638/6024/4698 3352/5627/4409
f  3639/6025/4699 3635/6022/4695 3637/6021/4697
f  3638/6024/4698 3635/6022/4695 3639/6025/4699
f  3640/6026/4700 3638/6027/4698 3639/6028/4699
f  3638/6027/4698 3336/5607/4393 3348/5622/4405
f  3638/6027/4698 3640/6026/4700 3336/5607/4393
f  3348/5624/4405 3352/5627/4409 3638/6024/4698
f  3330/5600/4387 3640/6026/4700 3641/6029/4701
f  3641/6029/4701 3640/6026/4700 3642/6030/4702
f  3330/5600/4387 3336/5607/4393 3640/6026/4700
f  3637/6031/4697 3640/6026/4700 3639/6028/4699
f  3637/6031/4697 3642/6030/4702 3640/6026/4700
f  3641/6029/4701 3642/6030/4702 3643/6032/4703
f  3644/6033/4704 3643/6032/4703 3642/6030/4702
f  3637/6031/4697 3644/6033/4704 3642/6030/4702
f  3645/6034/4705 3643/6032/4703 3644/6033/4704
f  3644/6035/4704 3646/5974/4706 3645/6036/4705
f  3644/6033/4704 3637/6031/4697 3647/5897/4707
f  3648/5897/4708 3644/6035/4704 3647/6037/4707
f  3649/5979/4709 3644/6035/4704 3648/5897/4708
f  3646/5974/4706 3644/6035/4704 3649/5979/4709
f  3649/5980/4709 3650/6038/4710 3646/5972/4706
f  3649/5980/4709 3651/6039/4711 3650/6038/4710
f  3649/5980/4709 3652/6040/4712 3651/6039/4711
f  3652/6040/4712 3649/5980/4709 3648/6041/4708
f  3636/6020/4696 3652/6042/4712 3653/6043/4713
f  3622/5998/4682 3652/6042/4712 3636/6020/4696
f  3652/6040/4712 3654/6044/4714 3651/6039/4711
f  3622/5998/4682 3655/6045/4715 3652/6042/4712
f  3655/6046/4715 3654/6044/4714 3652/6040/4712
f  3652/6040/4712 3648/6041/4708 3653/115/4713
f  3636/6020/4696 3653/6043/4713 3656/6047/4716
f  3648/5897/4708 3656/6048/4716 3653/564/4713
f  3657/6049/4717 3636/6023/4696 3656/6050/4716
f  3656/6048/4716 3647/6037/4707 3657/115/4717
f  3647/6037/4707 3656/6048/4716 3648/5897/4708
f  3647/5897/4707 3637/6031/4697 3657/564/4717
f  3637/6021/4697 3636/6023/4696 3657/6049/4717
f  3658/6051/4718 3654/6044/4714 3611/5984/4671
f  3658/6051/4718 3651/6039/4711 3654/6044/4714
f  3659/6052/4719 3654/6044/4714 3655/6046/4715
f  3659/6052/4719 3611/5984/4671 3654/6044/4714
f  3611/5984/4671 3659/6052/4719 3613/5986/4673
f  3622/5998/4682 3613/5990/4673 3659/6053/4719
f  3655/6045/4715 3622/5998/4682 3659/6053/4719
f  3658/6051/4718 3611/5984/4671 3660/6054/4720
f  3661/6055/4721 3658/6051/4718 3660/6054/4720
f  3650/6038/4710 3651/6039/4711 3658/6051/4718
f  3662/6056/4722 3658/6051/4718 3661/6055/4721
f  3658/6051/4718 3662/6056/4722 3650/6038/4710
f  3663/6057/4723 3662/6058/4722 3664/6059/4724
f  3662/6058/4722 3665/6060/4725 3664/6059/4724
f  3663/6057/4723 3666/6061/4726 3662/6058/4722
f  3665/6060/4725 3662/6058/4722 3661/6062/4721
f  3650/6038/4710 3662/6056/4722 3666/6063/4726
f  3663/6057/4723 3667/6064/4727 3666/6061/4726
f  3646/5972/4706 3666/6063/4726 3667/6065/4727
f  3666/6063/4726 3646/5972/4706 3650/6038/4710
f  3668/6066/4728 3667/6064/4727 3663/6057/4723
f  3668/6066/4728 3669/115/4729 3667/6064/4727
f  3670/6067/4730 3667/6065/4727 3669/627/4729
f  3646/5972/4706 3667/6065/4727 3670/6067/4730
f  3671/627/4731 3670/6068/4730 3669/381/4729
f  3672/6069/4732 3670/6068/4730 3671/627/4731
f  3672/6069/4732 3646/5974/4706 3670/6068/4730
f  3673/6070/4733 3645/6034/4705 3672/5496/4732
f  3645/6036/4705 3646/5974/4706 3672/6069/4732
f  3673/6070/4733 3672/5496/4732 3671/381/4731
f  3673/6071/4733 3674/6072/4734 3316/6073/4735
f  3316/6073/4735 3675/6074/4736 3673/6071/4733
f  3671/564/4731 3674/6072/4734 3673/6071/4733
f  3675/6075/4736 3645/6034/4705 3673/6070/4733
f  3676/6076/4737 3674/6072/4734 3671/564/4731
f  3674/6072/4734 3676/6076/4737 3677/6077/4738
f  3677/6078/201 3314/6079/201 3674/6080/201
f  3314/5572/4367 3316/5577/4370 3674/627/4739
f  3678/4770/4740 3679/6081/4741 3677/6077/4738
f  3679/6082/201 3314/6079/201 3677/6078/201
f  3678/4770/4740 3677/6077/4738 3676/6076/4737
f  3680/6083/4742 3678/6084/4740 3681/6085/4743
f  3680/6083/4742 3682/3639/4744 3678/6084/4740
f  3682/6086/4744 3679/6081/4741 3678/4770/4740
f  3681/6085/4743 3678/6084/4740 3676/6087/4737
f  3683/6088/4745 3682/6086/4744 3684/2110/4746
f  3682/6086/4744 3683/6088/4745 3679/6081/4741
f  3685/3637/4747 3682/3639/4744 3680/6083/4742
f  3686/6089/4748 3682/3639/4744 3685/3637/4747
f  3682/3639/4744 3686/6089/4748 3684/6090/4746
f  3687/6091/4749 3686/6089/4748 3688/6092/4750
f  3689/6093/4751 3688/6094/4750 3686/6095/4748
f  3685/6096/4747 3689/6093/4751 3686/6095/4748
f  3684/6090/4746 3686/6089/4748 3687/6091/4749
f  3690/6097/4752 3691/6098/4753 3687/4785/4749
f  3687/4785/4749 3691/6098/4753 3683/6088/4745
f  3687/4785/4749 3683/6088/4745 3684/2110/4746
f  3687/6091/4749 3688/6092/4750 3690/6099/4752
f  3690/6097/4752 3692/6100/4754 3691/6098/4753
f  3690/6099/4752 3688/6092/4750 3693/6101/4755
f  3690/6099/4752 3693/6101/4755 3694/6102/4756
f  3690/6097/4752 3695/6103/4757 3692/6100/4754
f  3694/381/4756 3695/6103/4757 3690/6097/4752
f  3695/6103/4757 3694/381/4756 3696/6104/4758
f  3697/6105/4759 3696/6106/4758 3694/627/4756
f  3693/627/4755 3697/6107/4759 3694/381/4756
f  3698/6105/4760 3697/6107/4759 3693/627/4755
f  3697/6105/4759 3699/6108/4761 3696/6106/4758
f  3700/6109/4762 3699/6108/4761 3697/6105/4759
f  3698/6105/4760 3700/6110/4762 3697/6107/4759
f  3701/6111/4763 3699/6108/4761 3700/6109/4762
f  3698/6105/4760 3701/6112/4763 3700/6110/4762
f  3701/6111/4763 3702/6113/4764 3699/6108/4761
f  3703/6114/4765 3702/6113/4764 3701/6111/4763
f  3701/6112/4763 3704/6114/4766 3703/6115/4765
f  3701/6112/4763 3698/6105/4760 3704/6114/4766
f  3698/6116/4760 3705/6117/4767 3704/6118/4766
f  3704/6118/4766 3705/6117/4767 3706/6119/4768
f  3704/6118/4766 3706/6119/4768 3707/115/4769
f  3703/6115/4765 3704/6114/4766 3708/564/4770
f  3708/564/4770 3704/6114/4766 3709/115/4771
f  3704/6118/4766 3707/115/4769 3709/564/4771
f  3707/6120/4769 3710/6121/4772 3709/6122/4771
f  3710/6123/4772 3708/6124/4770 3709/6125/4771
f  3710/6121/4772 3711/6126/4773 3712/6127/4774
f  3710/6121/4772 3713/6128/4775 3711/6126/4773
f  3713/6128/4775 3710/6121/4772 3714/6129/4776
f  3715/6130/4777 3714/6129/4776 3710/6121/4772
f  3715/6130/4777 3710/6121/4772 3707/6120/4769
f  3712/6131/4774 3716/6132/4778 3710/6123/4772
f  3710/6123/4772 3716/6132/4778 3708/6124/4770
f  3717/6133/4779 3712/6131/4774 3718/6134/4780
f  3717/6133/4779 3716/6132/4778 3712/6131/4774
f  3718/6134/4780 3712/6131/4774 3719/564/4781
f  3712/6127/4774 3711/6126/4773 3720/6135/4782
f  3712/6127/4774 3720/6135/4782 3719/6136/4781
f  3719/115/4781 3721/6137/4783 3722/6138/4784
f  3722/6139/4784 3723/6140/4785 3719/564/4781
f  3720/6141/4782 3721/6137/4783 3719/115/4781
f  3719/564/4781 3723/6140/4785 3718/6142/4780
f  3722/6138/4784 3721/6137/4783 3724/6143/4786
f  3724/6143/4786 3721/6137/4783 3725/6144/4787
f  3725/6144/4787 3721/6137/4783 3726/6145/4788
f  3720/6141/4782 3726/6145/4788 3721/6137/4783
f  3725/6144/4787 3726/6145/4788 3727/6146/4789
f  3727/6146/4789 3726/6145/4788 3728/6147/4790
f  3713/6148/4775 3728/6147/4790 3726/6145/4788
f  3711/6149/4773 3726/6145/4788 3720/6141/4782
f  3713/6148/4775 3726/6145/4788 3711/6149/4773
f  3729/6150/4791 3728/6147/4790 3730/6151/4792
f  3731/6152/4793 3730/6151/4792 3728/6147/4790
f  3727/6146/4789 3728/6147/4790 3729/6150/4791
f  3728/6147/4790 3713/6148/4775 3731/6152/4793
f  3714/6129/4776 3731/6153/4793 3713/6128/4775
f  3732/6154/4794 3730/6151/4792 3731/6152/4793
f  3714/6129/4776 3732/6155/4794 3731/6153/4793
f  3733/6156/4795 3730/6151/4792 3732/6154/4794
f  3732/6155/4794 3734/6157/4796 3733/6158/4795
f  3734/6157/4796 3732/6155/4794 3714/6129/4776
f  3735/6159/4797 3733/6156/4795 3736/6160/4798
f  3733/6158/4795 3734/6157/4796 3736/6161/4798
f  3733/6156/4795 3735/6159/4797 3730/6151/4792
f  3737/6162/4799 3730/6151/4792 3735/6159/4797
f  3738/6163/4800 3735/6159/4797 3739/6164/4801
f  3737/6162/4799 3735/6159/4797 3738/6163/4800
f  3736/6160/4798 3739/6164/4801 3735/6159/4797
f  3740/6165/4802 3737/6162/4799 3741/6166/4803
f  3741/6166/4803 3737/6162/4799 3738/6163/4800
f  3740/6165/4802 3729/6150/4791 3737/6162/4799
f  3729/6150/4791 3730/6151/4792 3737/6162/4799
f  3741/6167/4803 3742/6168/4804 3740/6169/4802
f  3742/6170/4804 3729/6150/4791 3740/6165/4802
f  3743/6171/4805 3742/6168/4804 3741/6167/4803
f  3744/6172/4806 3742/6168/4804 3743/6171/4805
f  3414/5723/4471 3742/6168/4804 3744/6172/4806
f  3414/5723/4471 3745/6173/4807 3742/6168/4804
f  3742/6168/4804 3745/6173/4807 3746/6174/4808
f  3742/6170/4804 3727/6146/4789 3729/6150/4791
f  3746/6175/4808 3727/6146/4789 3742/6170/4804
f  3414/5723/4471 3744/6172/4806 3747/6176/4809
f  3747/6176/4809 3744/6172/4806 3748/6177/4810
f  3744/6178/4806 3749/6179/4811 3748/6180/4810
f  3744/6172/4806 3750/6181/4812 3751/6182/4813
f  3751/6183/4813 3752/6184/4814 3744/6178/4806
f  3744/6172/4806 3743/6171/4805 3750/6181/4812
f  3744/6178/4806 3752/6184/4814 3749/6179/4811
f  3751/6183/4813 3753/6185/4815 3752/6184/4814
f  3752/6184/4814 3754/6186/4816 3749/6179/4811
f  3752/6184/4814 3755/6187/4817 3754/6186/4816
f  3753/6185/4815 3755/6187/4817 3752/6184/4814
f  3751/6183/4813 3756/6188/4818 3753/6185/4815
f  3756/6188/4818 3757/6189/4819 3753/6185/4815
f  3753/6185/4815 3757/6189/4819 3758/6190/4820
f  3753/6185/4815 3758/6190/4820 3755/6187/4817
f  3759/6191/4821 3755/6187/4817 3758/6190/4820
f  3760/6192/4822 3758/6190/4820 3757/6189/4819
f  3759/6191/4821 3758/6190/4820 3761/6193/4823
f  3758/6190/4820 3760/6192/4822 3761/6193/4823
f  3760/6194/4822 3762/6195/4824 3761/6196/4823
f  3760/6192/4822 3757/6189/4819 3763/6197/4825
f  3763/6198/4825 3762/6195/4824 3760/6194/4822
f  3763/6197/4825 3757/6189/4819 3764/6199/4826
f  3764/6200/4826 3762/6195/4824 3763/6198/4825
f  3764/6200/4826 3765/6201/4827 3762/6195/4824
f  3766/6202/4828 3765/6201/4827 3764/6200/4826
f  3767/6203/4829 3766/6204/4828 3764/6199/4826
f  3764/6199/4826 3757/6189/4819 3767/6203/4829
f  3768/6205/4830 3767/6203/4829 3757/6189/4819
f  3769/6206/4831 3767/6203/4829 3768/6205/4830
f  3769/6206/4831 3770/6207/4832 3767/6203/4829
f  3766/6204/4828 3767/6203/4829 3770/6207/4832
f  3743/6208/4805 3769/6206/4831 3768/6205/4830
f  3769/6206/4831 3771/6209/4833 3770/6207/4832
f  3772/6210/4834 3771/6209/4833 3769/6206/4831
f  3743/6208/4805 3772/6210/4834 3769/6206/4831
f  3772/6210/4834 3739/6164/4801 3771/6209/4833
f  3738/6163/4800 3739/6164/4801 3772/6210/4834
f  3773/6211/4835 3738/6163/4800 3772/6210/4834
f  3773/6211/4835 3772/6210/4834 3743/6208/4805
f  3743/6171/4805 3741/6167/4803 3773/6212/4835
f  3741/6166/4803 3738/6163/4800 3773/6211/4835
f  3774/6213/4836 3770/6207/4832 3771/6209/4833
f  3775/6214/4837 3771/6209/4833 3739/6164/4801
f  3771/6209/4833 3775/6214/4837 3774/6213/4836
f  3775/6215/4837 3776/6216/4838 3774/6217/4836
f  3775/6214/4837 3739/6164/4801 3777/6218/4839
f  3777/6219/4839 3776/6216/4838 3775/6215/4837
f  3736/6161/4798 3776/6216/4838 3777/6219/4839
f  3736/6161/4798 3734/6157/4796 3776/6216/4838
f  3778/6220/4840 3776/6216/4838 3734/6157/4796
f  3778/6220/4840 3779/6221/4841 3776/6216/4838
f  3774/6217/4836 3776/6216/4838 3765/6201/4827
f  3776/6216/4838 3779/6221/4841 3765/6201/4827
f  3780/6222/4842 3779/6221/4841 3778/6220/4840
f  3780/6222/4842 3453/5772/4510 3779/6221/4841
f  3453/5772/4510 3451/5770/4508 3779/6221/4841
f  3779/6221/4841 3762/6195/4824 3765/6201/4827
f  3779/6221/4841 3451/5770/4508 3762/6195/4824
f  3781/6223/4843 3780/6222/4842 3778/6220/4840
f  3782/6224/4844 3453/5772/4510 3780/6222/4842
f  3783/6225/4845 3780/6222/4842 3784/6226/4846
f  3780/6222/4842 3781/6223/4843 3784/6226/4846
f  3785/6227/4847 3780/6222/4842 3783/6225/4845
f  3782/6224/4844 3780/6222/4842 3785/6227/4847
f  3782/6224/4844 3785/6227/4847 3786/6228/4848
f  3787/6229/4849 3786/6230/4848 3785/564/4847
f  3783/6231/4845 3787/6232/4849 3785/115/4847
f  3787/6232/4849 3788/6233/4850 3789/6234/4851
f  3783/6231/4845 3788/6233/4850 3787/6232/4849
f  3787/6229/4849 3790/6235/4852 3786/6230/4848
f  3787/6229/4849 3791/6236/4853 3790/6235/4852
f  3789/6237/4851 3791/6236/4853 3787/6229/4849
f  3788/6233/4850 3792/6238/4854 3789/6234/4851
f  3791/6236/4853 3789/6237/4851 3792/6239/4854
f  3792/6238/4854 3788/6233/4850 3793/6240/4855
f  3792/6239/4854 3794/6241/4856 3791/6236/4853
f  3795/6242/4857 3794/6241/4856 3792/6239/4854
f  3792/6238/4854 3793/6240/4855 3795/6243/4857
f  3796/6244/4858 3793/6240/4855 3797/6245/4859
f  3798/6246/4860 3793/6240/4855 3796/6244/4858
f  3793/6240/4855 3788/6233/4850 3799/6247/4861
f  3793/6240/4855 3798/6246/4860 3795/6243/4857
f  3793/6240/4855 3799/6247/4861 3797/6245/4859
f  3797/6245/4859 3799/6247/4861 3800/6248/4862
f  3797/6245/4859 3800/6248/4862 3801/6249/4863
f  3802/6250/4864 3797/6245/4859 3801/6249/4863
f  3796/6244/4858 3797/6245/4859 3802/6250/4864
f  3803/6251/4865 3802/6250/4864 3804/6252/4866
f  3803/6251/4865 3796/6244/4858 3802/6250/4864
f  3804/6252/4866 3802/6250/4864 3805/6253/4867
f  3802/6250/4864 3801/6249/4863 3805/6253/4867
f  3806/6254/4868 3804/6255/4866 3807/6256/4869
f  3804/6252/4866 3805/6253/4867 3807/4567/4869
f  3806/6254/4868 3803/6257/4865 3804/6255/4866
f  3806/6258/4870 3808/6259/4871 3809/627/4872
f  3810/6260/4873 3808/6259/4871 3806/6258/4870
f  3806/6258/4870 3809/627/4872 3811/115/4874
f  3811/6261/4875 3803/6257/4865 3806/6254/4868
f  3806/6254/4868 3807/6256/4869 3812/6262/4876
f  3806/6254/4868 3812/6262/4876 3810/6263/4877
f  3812/6264/4876 3813/6265/4878 3810/6266/4877
f  3813/6267/4879 3808/6259/4871 3810/6260/4873
f  3814/6268/4880 3808/6259/4871 3813/6267/4879
f  3814/6268/4880 3813/6267/4879 3815/6269/4881
f  3816/6270/4882 3815/6271/4883 3813/6265/4878
f  3816/6270/4882 3813/6265/4878 3812/6264/4876
f  3817/6272/4884 3816/6273/4882 3812/627/4876
f  3815/6271/4883 3816/6270/4882 3818/6274/4885
f  3816/6273/4882 3819/6275/4886 3818/6276/4885
f  3817/6272/4884 3819/6275/4886 3816/6273/4882
f  3820/6277/4887 3819/6275/4886 3817/6272/4884
f  3807/4567/4869 3817/6278/4884 3812/381/4876
f  3807/4567/4869 3805/6253/4867 3817/6278/4884
f  3817/6278/4884 3805/6253/4867 3820/6279/4887
f  3821/6280/4888 3820/6277/4887 3822/6281/4889
f  3805/6253/4867 3822/6282/4889 3820/6279/4887
f  3820/6277/4887 3821/6280/4888 3819/6275/4886
f  3819/6275/4886 3821/6280/4888 3823/6283/4890
f  3823/6283/4890 3821/6280/4888 3824/6284/4891
f  3821/6280/4888 3825/6285/4892 3824/6284/4891
f  3826/6286/4893 3825/6285/4892 3821/6280/4888
f  3826/6286/4893 3821/6280/4888 3822/6281/4889
f  3825/6285/4892 3827/6287/4894 3828/6288/4895
f  3829/6117/4896 3827/6287/4894 3825/6285/4892
f  3829/6117/4896 3825/6285/4892 3826/6286/4893
f  3824/6284/4891 3825/6285/4892 3828/6288/4895
f  3801/6249/4863 3829/6289/4896 3826/6290/4893
f  3830/6234/4897 3827/6287/4894 3829/6117/4896
f  3829/6289/4896 3800/6248/4862 3830/6291/4897
f  3829/6289/4896 3801/6249/4863 3800/6248/4862
f  3831/6292/4898 3827/6287/4894 3830/6234/4897
f  3830/6291/4897 3832/6293/4899 3831/6294/4898
f  3830/6291/4897 3800/6248/4862 3832/6293/4899
f  3833/6295/4900 3778/6220/4840 3832/6296/4899
f  3778/6220/4840 3834/6297/4901 3832/6296/4899
f  3832/6293/4899 3800/6248/4862 3833/4572/4900
f  3831/6294/4898 3832/6293/4899 3834/564/4901
f  3778/6220/4840 3835/6298/4902 3834/6297/4901
f  3834/115/4901 3836/6299/4903 3831/6292/4898
f  3835/6300/4902 3836/6299/4903 3834/115/4901
f  3835/6298/4902 3778/6220/4840 3734/6157/4796
f  3835/6298/4902 3734/6157/4796 3837/6301/4904
f  3835/6300/4902 3838/6302/4905 3836/6299/4903
f  3837/6303/4904 3838/6302/4905 3835/6300/4902
f  3839/6304/4906 3836/6299/4903 3838/6302/4905
f  3838/6302/4905 3840/6305/4907 3839/6304/4906
f  3837/6303/4904 3840/6305/4907 3838/6302/4905
f  3715/6306/4777 3841/6307/4908 3840/6305/4907
f  3842/6308/4909 3840/6305/4907 3841/6307/4908
f  3842/6308/4909 3839/6304/4906 3840/6305/4907
f  3843/6309/4910 3840/6305/4907 3837/6303/4904
f  3715/6306/4777 3840/6305/4907 3843/6309/4910
f  3843/6310/4910 3714/6129/4776 3715/6130/4777
f  3837/6301/4904 3714/6129/4776 3843/6310/4910
f  3842/6308/4909 3844/6311/4911 3845/6312/4912
f  3844/6311/4911 3842/6308/4909 3846/6313/4913
f  3847/6314/4914 3842/6308/4909 3845/6312/4912
f  3847/6314/4914 3824/6284/4891 3842/6308/4909
f  3839/6304/4906 3842/6308/4909 3828/6288/4895
f  3828/6288/4895 3842/6308/4909 3824/6284/4891
f  3842/6308/4909 3841/6307/4908 3846/6313/4913
f  3846/6313/4913 3848/6116/4915 3849/6315/4916
f  3848/6116/4915 3846/6313/4913 3850/6282/4917
f  3844/6311/4911 3846/6313/4913 3851/6316/4918
f  3846/6313/4913 3849/6315/4916 3851/6316/4918
f  3850/6282/4917 3846/6313/4913 3705/6289/4767
f  3705/6289/4767 3846/6313/4913 3841/6307/4908
f  3852/627/4919 3853/6317/4920 3849/6318/4916
f  3849/6315/4916 3848/6116/4915 3852/381/4919
f  3849/6318/4916 3853/6317/4920 3814/6319/4921
f  3844/6320/4911 3849/6318/4916 3814/6319/4921
f  3849/6318/4916 3844/6320/4911 3851/6321/4918
f  3853/6317/4920 3688/6094/4750 3854/6322/4922
f  3854/6323/95 3808/6324/95 3853/6325/95
f  3808/6259/4871 3814/6268/4880 3853/381/4923
f  3853/6317/4920 3852/627/4919 3688/6094/4750
f  3854/6322/4922 3688/6094/4750 3689/6093/4751
f  3689/6326/95 3808/6324/95 3854/6323/95
f  3693/6101/4755 3688/6092/4750 3852/6327/4919
f  3852/627/4919 3698/6116/4760 3693/381/4755
f  3848/6328/4915 3698/6116/4760 3852/627/4919
f  3850/6281/4917 3698/6116/4760 3848/6328/4915
f  3705/6117/4767 3698/6116/4760 3850/6281/4917
f  3844/6320/4911 3847/6329/4914 3845/6330/4912
f  3847/6329/4914 3844/6320/4911 3855/6331/4924
f  3856/6332/4925 3857/6333/4926 3847/6329/4914
f  3823/6283/4890 3847/6314/4914 3857/6334/4926
f  3824/6284/4891 3847/6314/4914 3823/6283/4890
f  3847/6329/4914 3855/6331/4924 3856/6332/4925
f  3855/6335/4927 3815/6269/4881 3856/6336/4928
f  3858/6337/4929 3856/6332/4925 3815/6271/4883
f  3857/6333/4926 3856/6332/4925 3858/6337/4929
f  3858/6338/4929 3823/6283/4890 3857/6334/4926
f  3815/6271/4883 3818/6274/4885 3858/6337/4929
f  3818/6276/4885 3819/6275/4886 3858/6338/4929
f  3858/6338/4929 3819/6275/4886 3823/6283/4890
f  3844/6320/4911 3814/6319/4921 3855/6331/4924
f  3814/6268/4880 3815/6269/4881 3855/6335/4927
f  3841/6307/4908 3706/6118/4768 3705/6289/4767
f  3841/6307/4908 3707/564/4769 3706/6118/4768
f  3707/564/4769 3841/6307/4908 3715/6306/4777
f  3827/6287/4894 3836/6299/4903 3839/6304/4906
f  3828/6288/4895 3827/6287/4894 3839/6304/4906
f  3837/6301/4904 3734/6157/4796 3714/6129/4776
f  3831/6292/4898 3836/6299/4903 3827/6287/4894
f  3781/6223/4843 3778/6220/4840 3833/6295/4900
f  3833/4572/4900 3799/6247/4861 3781/6339/4843
f  3833/4572/4900 3800/6248/4862 3799/6247/4861
f  3822/6282/4889 3801/6249/4863 3826/6290/4893
f  3822/6282/4889 3805/6253/4867 3801/6249/4863
f  3859/6340/4930 3803/6257/4865 3811/6261/4875
f  3811/6341/4931 3860/564/4932 3859/6342/4933
f  3811/6341/4931 3809/6343/4934 3860/564/4932
f  3809/6344/95 3861/6345/95 3860/6346/95
f  3861/6347/4935 3862/6348/4936 3860/381/4937
f  3860/381/4937 3862/6348/4936 3859/564/4938
f  3863/6349/4939 3859/6340/4930 3862/6350/4940
f  3861/6347/4935 3863/6351/4941 3862/6348/4936
f  3864/6352/4942 3863/6349/4939 3865/6353/4943
f  3866/6354/4944 3865/6355/4945 3863/6351/4941
f  3859/6340/4930 3863/6349/4939 3864/6352/4942
f  3866/6354/4944 3863/6351/4941 3861/6347/4935
f  3867/6356/95 3866/6357/95 3861/6345/95
f  3868/6358/4946 3865/6355/4945 3866/6354/4944
f  3867/6356/95 3868/6359/95 3866/6357/95
f  3867/6360/4947 3680/2659/4742 3869/6361/4948
f  3867/6360/4947 3685/6096/4747 3680/2659/4742
f  3689/6093/4751 3685/6096/4747 3867/6360/4947
f  3867/6356/95 3861/6345/95 3689/6326/95
f  3867/6356/95 3870/6362/95 3868/6359/95
f  3867/6356/95 3871/6363/4949 3872/6364/4950
f  3867/6356/95 3873/6365/95 3871/6363/4949
f  3867/6356/95 3872/6364/4950 3870/6362/95
f  3867/6356/95 3874/6366/4951 3873/6365/95
f  3874/6366/4951 3867/6356/95 3875/6367/95
f  3875/6367/95 3867/6356/95 3869/6368/95
f  3875/6367/95 3869/6368/95 3592/6369/95
f  3592/6369/95 3869/6368/95 3876/6370/95
f  3869/6361/4948 3681/6371/4743 3876/6372/4952
f  3869/6361/4948 3680/2659/4742 3681/6371/4743
f  3877/6373/4953 3668/6066/4728 3876/6372/4952
f  3592/6369/95 3876/6370/95 3668/6374/95
f  3876/6372/4952 3681/6371/4743 3877/6373/4953
f  3877/6375/4953 3671/6376/4731 3669/6377/4729
f  3668/6066/4728 3877/6373/4953 3669/115/4729
f  3681/6085/4743 3676/6087/4737 3877/6375/4953
f  3877/6375/4953 3676/6087/4737 3671/6376/4731
f  3878/6378/4954 3875/6379/4124 3879/627/4955
f  3875/6367/95 3591/6380/95 3879/6381/95
f  3875/6367/95 3592/6369/95 3591/6380/95
f  3875/6379/4124 3880/6382/4956 3874/6383/4957
f  3875/6379/4124 3878/6378/4954 3880/6382/4956
f  3881/6384/4958 3882/6385/4959 3880/6386/4960
f  3873/6387/4961 3880/6382/4956 3882/6388/4962
f  3881/6384/4958 3880/6386/4960 3878/6389/4963
f  3874/6383/4957 3880/6382/4956 3873/6387/4961
f  3881/6384/4958 3883/6390/4964 3882/6385/4959
f  3881/6384/4958 3884/6391/4965 3883/6390/4964
f  3881/5507/4958 3885/6392/4966 3886/5509/4967
f  3886/6393/4967 3887/6394/4968 3881/6384/4958
f  3881/6384/4958 3887/6394/4968 3884/6391/4965
f  3881/5507/4958 3888/6395/4969 3885/6392/4966
f  3881/5507/4958 3573/5935/4630 3888/6395/4969
f  3573/5935/4630 3881/5507/4958 3590/115/4647
f  3881/6384/4958 3588/5951/4645 3590/5954/4647
f  3881/6384/4958 3878/6389/4963 3588/5951/4645
f  3886/5509/4967 3885/6392/4966 3889/6396/4970
f  3889/6396/4970 3885/6392/4966 3498/5830/4555
f  3885/6392/4966 3888/6395/4969 3890/6397/4971
f  3885/6392/4966 3890/6397/4971 3498/5830/4555
f  3888/6395/4969 3576/5934/4633 3890/6397/4971
f  3567/6398/4624 3890/6397/4971 3576/5934/4633
f  3890/6397/4971 3567/6398/4624 3499/5831/4556
f  3498/5830/4555 3890/6397/4971 3499/5831/4556
f  3891/5371/4972 3889/6396/4970 3892/6399/4973
f  3892/6399/4973 3889/6396/4970 3496/5828/4553
f  3886/5509/4967 3889/6396/4970 3891/5371/4972
f  3889/6396/4970 3498/5830/4555 3496/5828/4553
f  3891/6400/4972 3893/6401/4974 3894/6402/4975
f  3891/6400/4972 3895/6403/4976 3893/6401/4974
f  3864/6352/4942 3895/6403/4976 3891/6400/4972
f  3891/5371/4972 3892/6399/4973 3864/5366/4942
f  3891/6400/4972 3896/6404/4977 3886/6393/4967
f  3891/6400/4972 3894/6402/4975 3896/6404/4977
f  3897/6405/4978 3894/6406/4979 3872/6407/4980
f  3872/6407/4980 3894/6406/4979 3893/6408/4981
f  3897/6405/4978 3896/6409/4982 3894/6406/4979
f  3872/6364/4950 3871/6363/4949 3897/6410/4983
f  3898/6411/4978 3896/6409/4982 3897/6405/4978
f  3897/6410/4983 3871/6363/4949 3898/6412/4984
f  3899/6413/4985 3900/6414/4985 3898/6411/4978
f  3898/6412/4984 3901/6415/4986 3899/6416/4987
f  3898/6412/4984 3871/6363/4949 3901/6415/4986
f  3898/6411/4978 3900/6414/4985 3896/6409/4982
f  3886/6393/4967 3900/6417/4988 3902/6418/4989
f  3900/6414/4985 3899/6413/4985 3902/6419/4990
f  3886/6393/4967 3896/6404/4977 3900/6417/4988
f  3902/6419/4990 3899/6413/4985 3903/627/4991
f  3903/381/4991 3904/6420/4992 3902/6421/4990
f  3886/6393/4967 3902/6418/4989 3904/6422/4993
f  3905/6423/4994 3904/6420/4992 3903/381/4991
f  3886/6393/4967 3904/6422/4993 3887/6394/4968
f  3905/6423/4994 3887/6424/4995 3904/6420/4992
f  3899/6416/4987 3905/6425/4996 3903/6426/4997
f  3899/6416/4987 3906/6427/4998 3905/6425/4996
f  3906/6428/4999 3887/6424/4995 3905/6423/4994
f  3899/6416/4987 3901/6415/4986 3906/6427/4998
f  3901/6429/5000 3884/6430/5001 3906/6428/4999
f  3906/6428/4999 3884/6430/5001 3887/6424/4995
f  3871/6431/5002 3883/6432/5003 3901/6429/5000
f  3901/6429/5000 3883/6432/5003 3884/6430/5001
f  3870/6433/5004 3893/6408/4981 3895/6434/5005
f  3870/6433/5004 3895/6434/5005 3868/6358/4946
f  3868/6358/4946 3895/6434/5005 3865/6355/4945
f  3864/6352/4942 3865/6353/4943 3895/6403/4976
f  3872/6407/4980 3893/6408/4981 3870/6433/5004
f  3907/6435/5006 3892/6399/4973 3495/5827/4552
f  3892/6399/4973 3496/5828/4553 3495/5827/4552
f  3908/6436/5007 3892/6399/4973 3909/6437/5008
f  3909/6437/5008 3892/6399/4973 3907/6435/5006
f  3908/6436/5007 3864/5366/4942 3892/6399/4973
f  3864/5366/4942 3908/6436/5007 3910/627/5009
f  3908/6438/5007 3911/6439/5010 3910/381/5009
f  3909/6440/5008 3912/6441/5011 3908/6438/5007
f  3908/6438/5007 3912/6441/5011 3911/6439/5010
f  3911/6439/5010 3912/6441/5011 3913/6442/5012
f  3911/6443/5010 3803/6251/4865 3910/627/5009
f  3911/6443/5010 3796/6244/4858 3803/6251/4865
f  3796/6244/4858 3911/6443/5010 3913/6444/5012
f  3798/6246/4860 3796/6244/4858 3913/6444/5012
f  3913/6442/5012 3912/6441/5011 3798/6445/4860
f  3914/6446/5013 3915/6447/5014 3912/6441/5011
f  3909/6440/5008 3914/6446/5013 3912/6441/5011
f  3798/6445/4860 3912/6441/5011 3915/6447/5014
f  3914/6446/5013 3916/6448/5015 3915/6447/5014
f  3798/6445/4860 3915/6447/5014 3795/6242/4857
f  3916/6448/5015 3794/6241/4856 3915/6447/5014
f  3795/6242/4857 3915/6447/5014 3794/6241/4856
f  3907/6449/5006 3916/6448/5015 3914/6446/5013
f  3916/6448/5015 3917/6450/5016 3794/6241/4856
f  3918/6451/5017 3917/6450/5016 3916/6448/5015
f  3907/6449/5006 3918/6451/5017 3916/6448/5015
f  3919/6452/5018 3918/6451/5017 3920/6453/5019
f  3919/6452/5018 3921/6454/5020 3918/6451/5017
f  3918/6451/5017 3907/6449/5006 3920/6453/5019
f  3921/6454/5020 3922/6455/5021 3918/6451/5017
f  3918/6451/5017 3922/6455/5021 3917/6450/5016
f  3782/6456/4844 3923/6457/5022 3922/6455/5021
f  3922/6455/5021 3923/6457/5022 3924/6458/5023
f  3917/6450/5016 3922/6455/5021 3924/6458/5023
f  3921/6454/5020 3925/6459/5024 3922/6455/5021
f  3782/6456/4844 3922/6455/5021 3926/6460/5025
f  3926/6460/5025 3922/6455/5021 3925/6459/5024
f  3927/6461/5026 3925/6459/5024 3921/6454/5020
f  3927/6461/5026 3928/6462/5027 3925/6459/5024
f  3929/6463/5028 3925/6459/5024 3928/6462/5027
f  3926/6460/5025 3925/6459/5024 3929/6463/5028
f  3930/6464/5029 3928/6462/5027 3931/6465/5030
f  3932/6466/5031 3931/6465/5030 3928/6462/5027
f  3932/6466/5031 3928/6462/5027 3927/6461/5026
f  3929/6463/5028 3928/6462/5027 3930/6464/5029
f  3933/6467/5032 3929/6468/5028 3930/6469/5029
f  3930/6464/5029 3931/6465/5030 3933/6470/5032
f  3933/6470/5032 3934/6471/5033 3935/115/5034
f  3935/6472/5034 3929/6468/5028 3933/6467/5032
f  3933/6470/5032 3931/6465/5030 3934/6471/5033
f  3934/6473/5033 3936/6474/5035 3935/564/5034
f  3931/6465/5030 3937/5852/5036 3934/6471/5033
f  3934/6473/5033 3938/6475/5037 3936/6474/5035
f  3937/5846/5036 3938/6475/5037 3934/6473/5033
f  3939/6476/5038 3936/6474/5035 3938/6475/5037
f  3935/564/5034 3936/6474/5035 3940/6477/5039
f  3939/6476/5038 3941/6478/5040 3936/6474/5035
f  3940/6477/5039 3936/6474/5035 3941/6478/5040
f  3475/5799/4532 3941/6478/5040 3939/6476/5038
f  3475/5799/4532 3473/5797/4530 3941/6478/5040
f  3941/6478/5040 3942/6479/5041 3943/6480/5042
f  3940/6477/5039 3941/6478/5040 3943/6480/5042
f  3942/6479/5041 3941/6478/5040 3473/5797/4530
f  3472/6481/4529 3453/5772/4510 3942/6482/5041
f  3782/6224/4844 3942/6482/5041 3453/5772/4510
f  3942/6482/5041 3782/6224/4844 3935/6472/5034
f  3942/6479/5041 3473/5797/4530 3472/5796/4529
f  3942/6482/5041 3940/6483/5039 3943/6484/5042
f  3942/6482/5041 3935/6472/5034 3940/6483/5039
f  3484/6485/4541 3939/6476/5038 3938/6475/5037
f  3476/5800/4533 3939/6476/5038 3484/6485/4541
f  3476/5800/4533 3475/5799/4532 3939/6476/5038
f  3937/6445/5043 3938/6475/5037 3937/5846/5036
f  3937/5852/5036 3931/6465/5030 3937/6486/5043
f  3482/6487/4539 3937/6445/5043 3480/381/4537
f  3482/6487/4539 3938/6475/5037 3937/6445/5043
f  3937/6486/5043 3932/6466/5031 3480/627/4537
f  3937/6486/5043 3931/6465/5030 3932/6466/5031
f  3484/6485/4541 3938/6475/5037 3482/6487/4539
f  3935/6472/5034 3782/6224/4844 3929/6468/5028
f  3480/627/4537 3932/6466/5031 3944/6488/5044
f  3932/6466/5031 3945/6489/5045 3944/6488/5044
f  3945/6489/5045 3932/6466/5031 3927/6461/5026
f  3946/6490/5046 3489/5821/4546 3945/6491/5045
f  3946/6490/5046 3945/6491/5045 3947/6492/5047
f  3945/6489/5045 3927/6461/5026 3947/6493/5047
f  3945/6491/5045 3480/5807/4537 3944/6494/5044
f  3480/5807/4537 3945/6491/5045 3481/5808/4538
f  3945/6491/5045 3489/5821/4546 3481/5808/4538
f  3927/6461/5026 3946/6495/5046 3947/6493/5047
f  3919/6496/5018 3946/6490/5046 3948/6497/5048
f  3919/6496/5018 3494/5826/4551 3946/6490/5046
f  3946/6495/5046 3927/6461/5026 3921/6454/5020
f  3946/6495/5046 3921/6454/5020 3948/6498/5048
f  3946/6490/5046 3494/5826/4551 3489/5821/4546
f  3921/6454/5020 3919/6452/5018 3948/6498/5048
f  3929/6468/5028 3782/6224/4844 3926/6499/5025
f  3917/6450/5016 3924/6458/5023 3791/6236/4853
f  3924/6458/5023 3923/6457/5022 3790/6235/4852
f  3924/6458/5023 3790/6235/4852 3791/6236/4853
f  3786/6230/4848 3923/6457/5022 3949/6500/5049
f  3786/6230/4848 3790/6235/4852 3923/6457/5022
f  3949/6500/5049 3923/6457/5022 3782/6456/4844
f  3782/6224/4844 3786/6228/4848 3949/6501/5049
f  3907/6435/5006 3919/6496/5018 3920/6502/5019
f  3919/6496/5018 3495/5827/4552 3494/5826/4551
f  3907/6435/5006 3495/5827/4552 3919/6496/5018
f  3917/6450/5016 3791/6236/4853 3794/6241/4856
f  3907/6449/5006 3914/6446/5013 3950/6503/5050
f  3914/6446/5013 3909/6440/5008 3950/6503/5050
f  3909/6437/5008 3907/6435/5006 3950/6504/5050
f  3859/6340/4930 3910/6505/5009 3803/6257/4865
f  3859/6340/4930 3864/6352/4942 3910/6505/5009
f  3576/5934/4633 3888/6395/4969 3573/5935/4630
f  3871/6431/5002 3882/6388/4962 3883/6432/5003
f  3873/6387/4961 3882/6388/4962 3871/6431/5002
f  3878/6378/4954 3879/627/4955 3588/115/5051
f  3586/6506/4121 3879/6507/4121 3591/6508/4122
f  3588/564/4121 3879/6507/4121 3586/6506/4121
f  3808/6324/95 3861/6345/95 3809/6344/95
f  3689/6326/95 3861/6345/95 3808/6324/95
f  3784/6509/4846 3799/6247/4861 3788/6233/4850
f  3799/6247/4861 3784/6509/4846 3781/6339/4843
f  3784/6509/4846 3788/6233/4850 3783/6231/4845
f  3777/6218/4839 3739/6164/4801 3736/6160/4798
f  3951/6510/5052 3770/6207/4832 3774/6213/4836
f  3774/6217/4836 3765/6201/4827 3951/6511/5052
f  3766/6204/4828 3770/6207/4832 3951/6510/5052
f  3951/6511/5052 3765/6201/4827 3766/6202/4828
f  3768/6205/4830 3757/6189/4819 3756/6188/4818
f  3952/6512/5053 3768/6205/4830 3756/6188/4818
f  3743/6208/4805 3768/6205/4830 3952/6512/5053
f  3750/6181/4812 3743/6171/4805 3952/6513/5053
f  3952/6512/5053 3756/6188/4818 3750/6514/4812
f  3761/6196/4823 3762/6195/4824 3759/6515/4821
f  3953/6516/5054 3762/6195/4824 3954/6517/5055
f  3759/6515/4821 3762/6195/4824 3953/6516/5054
f  3762/6195/4824 3451/5770/4508 3954/6517/5055
f  3452/5771/4509 3955/6518/5056 3954/6517/5055
f  3451/5770/4508 3452/5771/4509 3954/6517/5055
f  3954/6517/5055 3956/6519/5057 3953/6516/5054
f  3954/6517/5055 3955/6518/5056 3956/6519/5057
f  3955/6520/5056 3957/6521/5058 3956/6522/5057
f  3957/6521/5058 3953/6523/5054 3956/6522/5057
f  3958/6524/5059 3957/6521/5058 3959/6525/5060
f  3749/6179/4811 3957/6521/5058 3958/6524/5059
f  3749/6179/4811 3754/6186/4816 3957/6521/5058
f  3953/6523/5054 3957/6521/5058 3754/6186/4816
f  3955/6520/5056 3959/6525/5060 3957/6521/5058
f  3960/6526/5061 3959/6525/5060 3961/6527/5062
f  3958/6524/5059 3959/6525/5060 3960/6526/5061
f  3962/6528/5063 3961/6527/5062 3959/6525/5060
f  3962/6528/5063 3959/6525/5060 3955/6520/5056
f  3955/6518/5056 3452/5771/4509 3962/6529/5063
f  3961/6527/5062 3962/6528/5063 3963/6530/5064
f  3452/5771/4509 3963/6531/5064 3962/6529/5063
f  3964/6532/5065 3961/6527/5062 3963/6530/5064
f  3452/5771/4509 3964/6533/5065 3963/6531/5064
f  3964/6532/5065 3965/6534/5066 3961/6527/5062
f  3447/5766/4504 3964/6533/5065 3452/5771/4509
f  3964/6533/5065 3447/5766/4504 3966/6535/5067
f  3966/6536/5067 3965/6534/5066 3964/6532/5065
f  3967/6537/5068 3965/6534/5066 3968/6538/5069
f  3968/6538/5069 3965/6534/5066 3969/6539/5070
f  3967/6537/5068 3961/6527/5062 3965/6534/5066
f  3966/6536/5067 3969/6539/5070 3965/6534/5066
f  3415/5724/4472 3969/6539/5070 3412/5720/4469
f  3412/5720/4469 3969/6539/5070 3421/5733/4478
f  3968/6538/5069 3969/6539/5070 3415/5724/4472
f  3446/6540/4503 3421/5733/4478 3969/6539/5070
f  3969/6539/5070 3966/6536/5067 3446/6540/4503
f  3414/6541/4471 3967/6537/5068 3416/5725/4473
f  3416/5725/4473 3967/6537/5068 3968/6538/5069
f  3970/6542/5071 3967/6537/5068 3414/6541/4471
f  3970/6542/5071 3960/6526/5061 3967/6537/5068
f  3960/6526/5061 3961/6527/5062 3967/6537/5068
f  3414/5723/4471 3747/6176/4809 3970/6543/5071
f  3747/6544/4809 3960/6526/5061 3970/6542/5071
f  3416/5725/4473 3968/6538/5069 3415/5724/4472
f  3966/6535/5067 3447/5766/4504 3446/5765/4503
f  3747/6544/4809 3958/6524/5059 3960/6526/5061
f  3748/6180/4810 3749/6179/4811 3958/6524/5059
f  3748/6180/4810 3958/6524/5059 3747/6544/4809
f  3953/6523/5054 3754/6186/4816 3971/6545/5072
f  3759/6515/4821 3953/6516/5054 3971/6546/5072
f  3971/6545/5072 3755/6187/4817 3759/6191/4821
f  3971/6545/5072 3754/6186/4816 3755/6187/4817
f  3750/6514/4812 3756/6188/4818 3751/6183/4813
f  3745/6547/4807 3725/6144/4787 3746/6175/4808
f  3746/6175/4808 3725/6144/4787 3727/6146/4789
f  3745/6547/4807 3724/6143/4786 3725/6144/4787
f  3745/6173/4807 3972/6548/5073 3973/6549/5074
f  3973/6550/5074 3724/6143/4786 3745/6547/4807
f  3745/6173/4807 3974/6551/5075 3972/6548/5073
f  3745/6173/4807 3975/6552/5076 3974/6551/5075
f  3745/6173/4807 3413/5722/4470 3975/6552/5076
f  3414/5723/4471 3413/5722/4470 3745/6173/4807
f  3976/6553/5077 3973/6550/5074 3972/627/5073
f  3972/381/5073 3977/6554/5078 3976/6555/5077
f  3972/6548/5073 3974/6551/5075 3978/6556/5079
f  3978/6557/5079 3977/6554/5078 3972/381/5073
f  3974/6558/5075 3977/6554/5078 3978/6557/5079
f  3976/6555/5077 3977/6554/5078 3722/6139/4784
f  3974/6558/5075 3979/6559/5080 3977/6554/5078
f  3722/6139/4784 3977/6554/5078 3723/6140/4785
f  3979/6559/5080 3723/6140/4785 3977/6554/5078
f  3980/6560/5081 3979/6559/5080 3974/6558/5075
f  3980/6560/5081 3981/6561/5082 3979/6559/5080
f  3981/6561/5082 3982/6562/5083 3979/6559/5080
f  3979/6559/5080 3982/6562/5083 3723/6140/4785
f  3981/6561/5082 3983/6563/5084 3982/6562/5083
f  3984/6564/5085 3982/6562/5083 3983/6563/5084
f  3718/6142/4780 3723/6140/4785 3982/6562/5083
f  3718/6142/4780 3982/6562/5083 3717/6565/4779
f  3982/6562/5083 3984/6564/5085 3717/6565/4779
f  3984/6566/5085 3716/6132/4778 3717/6133/4779
f  3984/6564/5085 3983/6563/5084 3985/6567/5086
f  3985/6568/5086 3716/6132/4778 3984/6566/5085
f  3985/6567/5086 3986/6569/5087 3987/6570/5088
f  3985/6567/5086 3983/6563/5084 3986/6569/5087
f  3987/6571/5088 3716/6132/4778 3985/6568/5086
f  3986/6569/5087 3988/6572/5089 3987/6570/5088
f  3988/6573/5089 3989/6574/5090 3987/6571/5088
f  3987/6571/5088 3989/6574/5090 3716/6132/4778
f  3990/6575/5091 3991/6576/5092 3989/6574/5090
f  3989/6574/5090 3992/6577/5093 3990/6575/5091
f  3991/6576/5092 3993/6578/5094 3989/6574/5090
f  3989/6574/5090 3994/6579/5095 3716/6132/4778
f  3989/6574/5090 3993/6578/5094 3994/6579/5095
f  3992/6577/5093 3989/6574/5090 3988/6573/5089
f  3995/564/5096 3996/6580/5097 3993/6581/5094
f  3993/6581/5094 3996/6580/5097 3994/6582/5095
f  3991/6576/5092 3995/6583/5096 3993/6578/5094
f  3995/6584/5098 3997/6585/5099 3995/6586/5096
f  3997/6587/5099 3996/6580/5097 3995/564/5096
f  3995/6583/5096 3991/6576/5092 3995/6588/5098
f  3998/6589/5100 3999/6590/5101 3995/115/5098
f  3995/6588/5098 3991/6576/5092 3998/6591/5100
f  3999/6592/5101 3997/6585/5099 3995/6584/5098
f  3998/6589/5100 4000/6593/5102 3999/6590/5101
f  3997/6585/5099 3999/6592/5101 4001/6594/5103
f  4000/6595/5102 4001/6594/5103 3999/6592/5101
f  4002/6596/5104 4003/6597/5105 4000/6595/5102
f  4000/6593/5102 4004/6598/5106 4002/6599/5104
f  3998/6589/5100 4005/6600/5107 4000/6593/5102
f  4000/6595/5102 4003/6597/5105 4001/6594/5103
f  4000/6593/5102 4005/6600/5107 4004/6598/5106
f  4004/6598/5106 4005/6600/5107 4006/6601/5108
f  4006/6601/5108 4005/6600/5107 4007/6602/5109
f  4008/6603/5110 4007/6602/5109 4005/6600/5107
f  4005/6600/5107 3998/6589/5100 4008/6603/5110
f  4009/6604/5111 4006/6601/5108 4010/6605/5112
f  4006/6601/5108 4007/6602/5109 4010/6605/5112
f  4011/6606/5113 4006/6601/5108 4009/6604/5111
f  4011/6606/5113 4004/6598/5106 4006/6601/5108
f  4012/6607/5114 4011/6606/5113 4009/6604/5111
f  4013/6608/5115 4011/6606/5113 4012/6607/5114
f  4013/6608/5115 4014/6609/5116 4011/6606/5113
f  4014/6609/5116 4004/6598/5106 4011/6606/5113
f  4012/6610/5114 4015/6611/5117 4013/6612/5115
f  4013/6612/5115 4015/6611/5117 4016/6613/5118
f  4016/6614/5118 4014/6609/5116 4013/6608/5115
f  4016/6613/5118 4015/6611/5117 4017/6615/5119
f  4018/6616/5120 4014/6609/5116 4016/6614/5118
f  4018/6616/5120 4016/6614/5118 4017/627/5119
f  4017/6615/5119 4015/6611/5117 4019/6617/5121
f  4020/6618/5122 4017/6619/5119 4019/6620/5121
f  4020/6618/5122 4017/6621/5123 4017/6619/5119
f  4021/6622/5124 4017/627/5119 4017/6623/5123
f  4021/6622/5124 4018/6624/5120 4017/627/5119
f  4018/6624/5120 4021/6622/5124 4022/6625/5125
f  4023/6626/5126 4021/6627/5124 4017/381/5123
f  4023/6626/5126 4024/6628/5127 4021/6627/5124
f  4024/6628/5127 4022/6629/5125 4021/6627/5124
f  4022/6629/5125 4025/6630/5128 4026/6110/5129
f  4026/6631/5129 4027/6632/5130 4022/6625/5125
f  4022/6629/5125 4024/6628/5127 4025/6630/5128
f  4022/6625/5125 4027/6632/5130 4018/6624/5120
f  4014/6609/5116 4018/6616/5120 4027/6633/5130
f  4002/6599/5104 4014/6609/5116 4027/6633/5130
f  4027/6632/5130 4026/6631/5129 4002/6596/5104
f  4026/6110/5129 4025/6630/5128 4028/6634/5131
f  4028/6634/5131 4025/6630/5128 4029/6635/5132
f  4030/6636/5133 4025/6630/5128 4024/6628/5127
f  4030/6636/5133 4031/6637/5134 4025/6630/5128
f  4031/6637/5134 4029/6635/5132 4025/6630/5128
f  4031/6637/5134 4032/6638/5135 4029/6635/5132
f  4032/6638/5135 4033/6639/5136 4029/6635/5132
f  4003/6112/5105 4029/6635/5132 4033/6639/5136
f  4028/6634/5131 4029/6635/5132 4003/6112/5105
f  4034/6640/5137 4032/6638/5135 4031/6637/5134
f  4034/6640/5137 4035/6641/5138 4032/6638/5135
f  4032/6638/5135 4035/6641/5138 4033/6639/5136
f  4036/6642/5139 4035/6641/5138 4037/6643/5140
f  4034/6640/5137 4037/6643/5140 4035/6641/5138
f  3994/6582/5095 4035/6641/5138 4036/6642/5139
f  3994/6582/5095 3996/6580/5097 4035/6641/5138
f  4035/6641/5138 3996/6580/5097 4033/6639/5136
f  4037/6643/5140 4038/6644/5141 4036/6642/5139
f  3716/6132/4778 3994/6579/5095 4036/6645/5139
f  3716/6132/4778 4036/6645/5139 4038/6646/5141
f  4038/6644/5141 4037/6643/5140 3702/6113/4764
f  4038/6644/5141 3702/6113/4764 4039/6647/5142
f  4039/6648/5142 3716/6132/4778 4038/6646/5141
f  3708/6124/4770 3716/6132/4778 4039/6648/5142
f  4039/6647/5142 3702/6113/4764 3708/115/4770
f  4034/6640/5137 3702/6113/4764 4037/6643/5140
f  4040/6649/5143 4034/6640/5137 4041/6650/5144
f  4034/6640/5137 4042/6651/5145 4041/6650/5144
f  3699/6108/4761 3702/6113/4764 4034/6640/5137
f  4040/6649/5143 3699/6108/4761 4034/6640/5137
f  4042/6651/5145 4034/6640/5137 4031/6637/5134
f  4040/6652/5143 4042/6653/5145 4043/6654/5146
f  4044/6655/5147 4040/6652/5143 4043/6654/5146
f  4042/6653/5145 4040/6652/5143 4041/6656/5144
f  3696/6104/4758 4040/6652/5143 4044/6655/5147
f  4040/6652/5143 3696/6104/4758 4045/6657/5148
f  3699/6108/4761 4040/6649/5143 4045/6658/5148
f  3696/6106/4758 3699/6108/4761 4045/6658/5148
f  4046/6659/5149 4044/6660/5150 4020/6661/5151
f  4020/6661/5151 4044/6660/5150 4047/6662/5152
f  4047/6662/5152 4044/6660/5150 4043/6663/5153
f  3695/6103/4757 3696/6104/4758 4044/6655/5147
f  4044/6660/5150 4046/6659/5149 3695/115/5154
f  4046/6659/5149 4015/6664/5155 4048/627/5156
f  4049/6665/201 4046/6666/201 4048/6667/5157
f  4046/6666/201 3692/6668/201 3695/6669/201
f  4049/6665/201 3691/6670/201 4046/6666/201
f  4046/6666/201 3691/6670/201 3692/6668/201
f  4046/6659/5149 4019/6671/5158 4015/6664/5155
f  4046/6659/5149 4020/6661/5151 4019/6671/5158
f  4050/6672/5159 4049/6673/5160 4051/115/4937
f  4049/6665/201 4048/6667/5157 4051/6674/201
f  4049/6673/5160 4052/6675/5161 4053/6676/5162
f  4053/6677/5163 3683/6678/201 4049/6665/201
f  4049/6665/201 3683/6678/201 3691/6670/201
f  4049/6673/5160 4050/6672/5159 4052/6675/5161
f  4050/6672/5159 4051/115/4937 4054/6679/5164
f  4054/6680/5165 4052/6681/5166 4050/6682/5167
f  4051/381/5168 4055/6683/5169 4054/6679/5170
f  4052/6681/5166 4054/6680/5165 4056/6684/5171
f  4012/6610/5114 4054/6680/5165 4055/6685/5172
f  4057/6686/5173 4054/6680/5165 4012/6610/5114
f  4056/6684/5171 4054/6680/5165 4057/6686/5173
f  4058/6687/5174 4056/5809/5171 4057/381/5173
f  4059/6688/5175 4056/6684/5171 4060/6689/5176
f  4060/6689/5176 4056/6684/5171 4061/6690/5177
f  4056/5809/5171 4062/6691/5178 4061/5811/5177
f  4056/5809/5171 4058/6687/5174 4062/6691/5178
f  4052/6681/5166 4056/6684/5171 4059/6688/5175
f  4063/6692/5179 4059/6693/5180 4060/6694/5181
f  4053/6676/5162 4052/6675/5161 4059/6693/5180
f  4053/6676/5162 4059/6693/5180 4063/6692/5179
f  4063/6692/5179 4060/6694/5181 4064/6695/5182
f  4064/6696/201 3683/6678/201 4063/6697/201
f  4063/6697/201 3683/6678/201 4053/6677/5163
f  4064/6695/5182 4065/6698/5183 4066/6699/4981
f  4066/6700/5184 3683/6678/201 4064/6696/201
f  4064/6695/5182 4060/6694/5181 4065/6698/5183
f  4065/6701/5185 4061/6690/5177 4067/6702/5186
f  4066/6699/4981 4065/6698/5183 4067/6703/4979
f  4060/6689/5176 4061/6690/5177 4065/6701/5185
f  4067/6702/5186 4061/6690/5177 4068/6704/5187
f  4069/6705/4982 4067/6703/4979 4068/6706/5188
f  4066/6699/4981 4067/6703/4979 4069/6705/4982
f  4069/6705/4982 4068/6706/5188 4070/6707/4982
f  4068/6704/5187 3097/5279/4140 4071/6708/5189
f  4070/6707/4982 4068/6706/5188 4071/6709/5190
f  4068/6704/5187 4061/6690/5177 3097/5279/4140
f  4072/6710/5191 4070/6711/5192 4073/6712/5193
f  4072/6710/5191 4069/6713/5194 4070/6711/5192
f  4073/6712/5193 4070/6711/5192 4074/6714/5195
f  4070/6707/4982 4071/6709/5190 4074/6715/5196
f  4074/6715/5196 4075/6716/5197 4076/627/4990
f  4077/6717/5198 4074/6714/5195 4076/6718/5199
f  4073/6712/5193 4074/6714/5195 4078/6719/5200
f  4078/6719/5200 4074/6714/5195 4077/6717/5198
f  4074/6715/5196 4071/6709/5190 4075/6716/5197
f  4079/6720/5201 4076/115/4990 4075/6721/5197
f  4075/6722/5202 3097/5279/4140 4079/6723/5203
f  4071/6708/5189 3097/5279/4140 4075/6722/5202
f  4079/6720/5201 4077/6724/5204 4076/115/4990
f  4079/6723/5203 3097/5279/4140 3096/5277/4139
f  4077/6724/5204 4079/6720/5201 3096/6725/5205
f  4077/6724/5204 3096/6725/5205 4078/6726/5206
f  4078/6726/5206 3095/6727/5207 4073/6728/5208
f  4078/6726/5206 3096/6725/5205 3095/6727/5207
f  4073/6728/5208 3094/6729/5209 4072/6730/5210
f  4073/6728/5208 3095/6727/5207 3094/6729/5209
f  4072/6730/5210 3093/6731/5211 4080/6732/5212
f  4080/6733/5213 3683/6678/201 4072/6710/5191
f  4072/6710/5191 4066/6700/5184 4069/6713/5194
f  4072/6710/5191 3683/6678/201 4066/6700/5184
f  4072/6730/5210 3094/6729/5209 3093/6731/5211
f  4080/6732/5212 3088/5268/4131 4081/6734/5214
f  4081/6735/5215 3683/6678/201 4080/6733/5213
f  4080/6732/5212 3093/6731/5211 3088/5268/4131
f  3085/5261/4123 3683/6678/201 4081/6735/5215
f  4081/6734/5214 3088/5268/4131 3085/5263/4124
f  4062/6691/5178 3120/5309/4163 3116/5302/4159
f  3116/5302/4159 3099/5281/4142 4062/6691/5178
f  4061/5811/5177 4062/6691/5178 3099/5281/4142
f  3120/5309/4163 4062/6691/5178 4082/6736/5216
f  4062/6691/5178 4058/6687/5174 4082/6736/5216
f  4083/6737/5217 4082/6738/5216 4058/6739/5174
f  4082/6738/5216 4083/6737/5217 3121/5310/4164
f  4082/6738/5216 3121/5310/4164 3120/5311/4163
f  4083/6737/5217 3123/5313/4166 3121/5310/4164
f  4083/6737/5217 4084/5349/5218 3123/5313/4166
f  4085/6740/5219 4083/6737/5217 4058/6739/5174
f  4086/6741/5220 4083/6737/5217 4085/6740/5219
f  4083/6737/5217 4086/6741/5220 4084/5349/5218
f  4009/6604/5111 4084/5351/5218 4086/6742/5220
f  4085/6743/5219 4009/6604/5111 4086/6742/5220
f  4087/6744/5221 3123/5313/4166 4084/5349/5218
f  4084/5351/5218 4010/6605/5112 4087/6745/5221
f  4084/5351/5218 4009/6604/5111 4010/6605/5112
f  4087/6744/5221 3125/5315/4168 3123/5313/4166
f  4088/2659/5222 3125/5315/4168 4087/6744/5221
f  4087/6745/5221 4010/6605/5112 4088/6746/5222
f  3125/5315/4168 4088/2659/5222 4089/6747/5223
f  4010/6605/5112 4089/5358/5223 4088/6746/5222
f  3125/5315/4168 4089/6747/5223 3128/5318/4171
f  4090/6748/5224 3128/5318/4171 4089/6747/5223
f  4089/5358/5223 4010/6605/5112 4091/6749/5225
f  4089/5358/5223 4091/6749/5225 4090/6750/5224
f  4091/6749/5225 4092/6751/5226 4090/6750/5224
f  4010/6605/5112 4007/6602/5109 4091/6749/5225
f  4093/6752/5227 4091/6749/5225 4007/6602/5109
f  4092/6751/5226 4091/6749/5225 4094/6753/5228
f  4091/6749/5225 4093/6752/5227 4094/6753/5228
f  4095/6754/5229 3139/5332/4182 4093/6755/5227
f  3139/5332/4182 4094/6756/5228 4093/6755/5227
f  4093/6752/5227 4007/6602/5109 4095/6757/5229
f  3991/6576/5092 4095/6754/5229 4008/6758/5110
f  4095/6757/5229 4007/6602/5109 4008/6603/5110
f  4095/6754/5229 3991/6576/5092 3139/5332/4182
f  3139/5332/4182 3140/5333/4183 4094/6756/5228
f  4092/6751/5226 4094/6753/5228 3140/564/4183
f  3128/5318/4171 4092/6759/5226 3129/5319/4172
f  4092/6759/5226 3128/5318/4171 4090/6748/5224
f  3137/6760/4180 3129/5319/4172 4092/6759/5226
f  3137/6760/4180 4092/6759/5226 3140/115/4183
f  4012/6607/5114 4085/6743/5219 4057/381/5173
f  4012/6607/5114 4009/6604/5111 4085/6743/5219
f  4085/6740/5219 4058/6739/5174 4057/627/5173
f  4061/5811/5177 3099/5281/4142 3097/5278/4140
f  4051/381/5168 4048/627/4933 4055/6683/5169
f  4048/627/5156 4015/6664/5155 4055/381/5230
f  4012/6610/5114 4055/6685/5172 4015/6611/5117
f  4047/6761/5231 4023/6762/5126 4020/6618/5122
f  4023/6762/5126 4047/6761/5231 4096/6763/5232
f  4096/6763/5232 4047/6761/5231 4097/6764/5233
f  4098/6765/5234 4097/6764/5233 4047/6761/5231
f  4047/6662/5152 4043/6663/5153 4098/6766/5235
f  4042/6653/5145 4097/6764/5233 4098/6765/5234
f  4043/6654/5146 4042/6653/5145 4098/6765/5234
f  4024/6628/5127 4023/6626/5126 4096/6767/5232
f  4097/6768/5233 4024/6628/5127 4096/6767/5232
f  4097/6768/5233 4030/6636/5133 4024/6628/5127
f  4030/6636/5133 4097/6768/5233 4099/6769/5236
f  4097/6764/5233 4042/6653/5145 4099/6770/5236
f  4042/6651/5145 4030/6636/5133 4099/6769/5236
f  4042/6651/5145 4031/6637/5134 4030/6636/5133
f  4033/6639/5136 4001/6771/5103 4003/6112/5105
f  3997/6587/5099 4033/6639/5136 3996/6580/5097
f  4033/6639/5136 3997/6587/5099 4001/6771/5103
f  4002/6596/5104 4026/6631/5129 4028/6772/5131
f  4003/6597/5105 4002/6596/5104 4028/6772/5131
f  4017/6621/5123 4020/6618/5122 4023/6762/5126
f  4002/6599/5104 4004/6598/5106 4014/6609/5116
f  3991/6576/5092 4008/6758/5110 3998/6591/5100
f  3992/6773/5093 4100/6774/5237 4101/6775/5238
f  3992/6773/5093 4102/6776/5239 4100/6774/5237
f  3988/6572/5089 4102/6776/5239 3992/6773/5093
f  3990/6575/5091 3992/6577/5093 4101/6777/5238
f  4100/6774/5237 4103/6778/5240 4101/6775/5238
f  3990/6575/5091 4101/6777/5238 4103/6779/5240
f  4104/6780/5241 3990/6575/5091 4103/6779/5240
f  4103/6778/5240 4105/6781/5242 4104/6782/5241
f  4103/6778/5240 4100/6774/5237 4105/6781/5242
f  4106/6783/5243 4105/6781/5242 4107/6784/5244
f  4107/6784/5244 4105/6781/5242 4100/6774/5237
f  4106/6783/5243 4108/6785/5245 4105/6781/5242
f  4104/6782/5241 4105/6781/5242 4108/6785/5245
f  4109/6786/5246 4108/6785/5245 4106/6783/5243
f  4109/6786/5246 4110/6787/5247 4108/6785/5245
f  4111/6788/5248 4108/6785/5245 4110/6787/5247
f  4104/6782/5241 4108/6785/5245 4111/6788/5248
f  4111/6788/5248 4110/6787/5247 4112/6789/5249
f  4111/6790/5248 3990/6575/5091 4104/6780/5241
f  4112/6791/5249 3990/6575/5091 4111/6790/5248
f  4110/6787/5247 4113/6792/5250 4112/6789/5249
f  4113/6793/5250 3990/6575/5091 4112/6791/5249
f  4114/6794/5251 4113/6792/5250 4110/6787/5247
f  4113/6792/5250 4114/6794/5251 4115/6795/5252
f  3990/6575/5091 4113/6793/5250 4116/6796/5253
f  4115/6797/5252 4116/6796/5253 4113/6793/5250
f  4115/6795/5252 4114/6794/5251 4117/6798/5254
f  4117/6799/5254 4116/6796/5253 4115/6797/5252
f  4117/6798/5254 4114/6794/5251 4118/6800/5255
f  4118/6800/5255 4119/6801/5256 4117/6798/5254
f  4119/6802/5256 4120/6803/5257 4117/6799/5254
f  4117/6799/5254 4120/6803/5257 4116/6796/5253
f  4121/6804/5258 4122/6805/5259 4118/6800/5255
f  4121/6804/5258 4118/6800/5255 4123/6806/5260
f  4119/6801/5256 4118/6800/5255 4122/6805/5259
f  4123/6806/5260 4118/6800/5255 4114/6794/5251
f  4123/6806/5260 4114/6794/5251 4109/6786/5246
f  4124/6807/5261 4123/6806/5260 4109/6786/5246
f  4125/6808/5262 4121/6804/5258 4123/6806/5260
f  4125/6808/5262 4123/6806/5260 4124/6807/5261
f  4124/6809/5261 4126/6810/5263 4125/6811/5262
f  4126/6812/5263 4121/6804/5258 4125/6808/5262
f  4124/6809/5261 3975/6552/5076 4126/6810/5263
f  4126/6812/5263 4127/6813/5264 4121/6804/5258
f  4128/6814/5265 4127/6813/5264 4126/6812/5263
f  4126/6810/5263 3975/6552/5076 4128/6815/5265
f  4128/6814/5265 4129/6816/5266 4127/6813/5264
f  3975/6817/5076 4129/6816/5266 4128/6814/5265
f  4129/6816/5266 4130/6818/5267 4127/6813/5264
f  4131/6819/5268 4132/6820/5269 4129/6816/5266
f  3975/6817/5076 4131/6819/5268 4129/6816/5266
f  4129/6816/5266 4132/6820/5269 4130/6818/5267
f  4133/6821/5270 4130/6818/5267 4132/6820/5269
f  4130/6818/5267 4133/6821/5270 4134/6822/5271
f  4134/6822/5271 4122/6805/5259 4130/6818/5267
f  4127/6813/5264 4130/6818/5267 4122/6805/5259
f  4133/6821/5270 4132/6820/5269 4135/6823/5272
f  4133/6824/5270 4136/6825/5273 4134/6826/5271
f  4137/6827/5274 4133/6824/5270 4135/6828/5272
f  4133/6824/5270 4138/6829/5275 4136/6825/5273
f  4138/6829/5275 4133/6824/5270 4137/6827/5274
f  4135/6823/5272 4132/6820/5269 4137/6830/5274
f  4137/6830/5274 4132/6820/5269 4139/6831/5276
f  4139/6831/5276 4138/6832/5275 4137/6830/5274
f  4140/6833/5277 3191/5405/4234 4139/6831/5276
f  4140/6833/5277 4139/6831/5276 4131/6819/5268
f  4138/6832/5275 4139/6831/5276 3191/5405/4234
f  4131/6819/5268 4139/6831/5276 4132/6820/5269
f  4141/6834/5278 4140/6833/5277 4142/6835/5279
f  4142/6835/5279 4140/6833/5277 4131/6819/5268
f  3193/5409/4236 3191/5405/4234 4140/6833/5277
f  4141/6834/5278 3193/5409/4236 4140/6833/5277
f  3975/6552/5076 4141/6836/5278 4142/6837/5279
f  4143/6838/5280 3193/5409/4236 4141/6834/5278
f  4141/6836/5278 3413/5722/4470 4143/6839/5280
f  3975/6552/5076 3413/5722/4470 4141/6836/5278
f  4143/6838/5280 3194/5410/4237 3193/5409/4236
f  3413/6840/4470 3194/5410/4237 4143/6838/5280
f  4142/6835/5279 4131/6819/5268 3975/6817/5076
f  4134/6826/5271 4136/6825/5273 4120/6803/5257
f  3182/5395/4225 4120/6803/5257 4136/6825/5273
f  3186/5399/4229 3182/5395/4225 4136/6825/5273
f  4136/6825/5273 4138/6829/5275 3186/5399/4229
f  4138/6832/5275 3191/5405/4234 3187/5404/4230
f  3187/5400/4230 3186/5399/4229 4138/6829/5275
f  4134/6826/5271 4120/6803/5257 4144/6841/5281
f  4144/6842/5281 4122/6805/5259 4134/6822/5271
f  4144/6841/5281 4120/6803/5257 4119/6802/5256
f  4119/6801/5256 4122/6805/5259 4144/6842/5281
f  4127/6813/5264 4122/6805/5259 4121/6804/5258
f  4145/6843/5282 4124/6809/5261 4146/6844/5283
f  4146/6844/5283 4124/6809/5261 4147/6845/5284
f  4124/6807/5261 4109/6786/5246 4147/6846/5284
f  4145/6843/5282 3975/6552/5076 4124/6809/5261
f  3974/6551/5075 4145/6843/5282 3980/6847/5081
f  3974/6551/5075 3975/6552/5076 4145/6843/5282
f  3980/6847/5081 4145/6843/5282 4148/6848/5285
f  4145/6849/5282 4149/6850/5286 4148/6851/5285
f  4145/6849/5282 4150/6852/5287 4149/6850/5286
f  4151/6853/5288 4150/6852/5287 4145/6849/5282
f  4145/6843/5282 4146/6844/5283 4151/6854/5288
f  4151/6853/5288 4152/6855/5289 4150/6852/5287
f  4146/6856/5283 4152/6855/5289 4151/6853/5288
f  4146/6856/5283 4107/6784/5244 4152/6855/5289
f  4152/6855/5289 4102/6776/5239 4150/6852/5287
f  4107/6784/5244 4100/6774/5237 4152/6855/5289
f  4152/6855/5289 4100/6774/5237 4102/6776/5239
f  4150/6852/5287 3986/6569/5087 4149/6850/5286
f  4150/6852/5287 4102/6776/5239 3986/6569/5087
f  4149/6850/5286 3986/6569/5087 3983/6563/5084
f  4149/6850/5286 3983/6563/5084 3981/6561/5082
f  4148/6851/5285 4149/6850/5286 3981/6561/5082
f  4148/6851/5285 3981/6561/5082 3980/6560/5081
f  4147/6846/5284 4107/6784/5244 4146/6856/5283
f  4147/6846/5284 4106/6783/5243 4107/6784/5244
f  4147/6846/5284 4109/6786/5246 4106/6783/5243
f  4120/6803/5257 4153/6857/5290 4116/6796/5253
f  3182/5395/4225 4153/6857/5290 4120/6803/5257
f  3138/5331/4181 3139/5332/4182 4153/6857/5290
f  4153/6857/5290 3139/5332/4182 3991/6576/5092
f  4153/6857/5290 3991/6576/5092 3990/6575/5091
f  4153/6857/5290 3990/6575/5091 4116/6796/5253
f  3182/5395/4225 3138/5331/4181 4153/6857/5290
f  4109/6786/5246 4114/6794/5251 4110/6787/5247
f  3988/6572/5089 3986/6569/5087 4102/6776/5239
f  3976/6553/5077 3724/6143/4786 3973/6550/5074
f  3722/6138/4784 3724/6143/4786 3976/6553/5077
f  3708/115/4770 3702/6113/4764 3703/6114/4765
f  3683/6678/201 3085/5261/4123 3679/6082/201
f  3679/6082/201 3085/5261/4123 3314/6079/201
f  3675/6074/4736 3316/6073/4735 3328/5596/4385
f  3328/6858/4385 3643/6032/4703 3675/6075/4736
f  3645/6034/4705 3675/6075/4736 3643/6032/4703
f  3663/6859/5291 3592/5956/4651 3668/627/5292
f  3664/6059/4724 3665/6060/4725 4154/6860/5293
f  4155/6861/5294 4154/6860/5293 3665/6060/4725
f  3665/6060/4725 3661/6062/4721 4156/6862/5295
f  4156/6863/5295 3660/6054/4720 3665/6864/4725
f  3665/6864/4725 3608/5981/4668 4155/6865/5294
f  3665/6864/4725 3660/6054/4720 3608/5981/4668
f  4154/6860/5293 4155/6861/5294 4157/6866/5296
f  3608/5981/4668 4157/6867/5296 4155/6865/5294
f  3604/5975/4664 4157/6867/5296 3608/5981/4668
f  4157/6867/5296 3604/5975/4664 3599/5969/4659
f  4157/6867/5296 3599/5969/4659 4158/6868/5297
f  4158/6869/5297 4159/6870/5298 4157/6866/5296
f  4154/6860/5293 4157/6866/5296 4159/6870/5298
f  4159/6870/5298 3597/5962/4657 3596/5961/4656
f  3596/6871/5299 3664/6872/5300 4159/6873/5301
f  4159/6870/5298 4158/6869/5297 3597/5962/4657
f  4159/6873/5301 3664/6872/5300 4154/6874/5302
f  3599/5969/4659 3597/5965/4657 4158/6868/5297
f  3661/6055/4721 3660/6054/4720 4156/6863/5295
f  3592/5956/4651 3663/6859/5291 3596/6871/5299
f  3596/6871/5299 3663/6859/5291 3664/6872/5300
f  3611/5984/4671 3608/5981/4668 3660/6054/4720
f  3328/6858/4385 3641/6029/4701 3643/6032/4703
f  3331/5601/4388 3641/6029/4701 3328/6858/4385
f  3331/5601/4388 3330/5600/4387 3641/6029/4701
f  3405/5713/4462 3406/5712/4463 3629/6875/4689
f  4160/6876/5303 4161/6877/5304 3628/6007/4688
f  4162/6878/5305 3628/6007/4688 4161/6877/5304
f  4160/6876/5303 3628/6007/4688 3627/6006/4687
f  3620/6003/4680 3628/6007/4688 4162/6878/5305
f  4163/6879/5306 4160/6876/5303 3627/6006/4687
f  4164/6880/5307 4161/6877/5304 4160/6876/5303
f  3407/6881/4464 4164/6880/5307 4160/6876/5303
f  3407/6881/4464 4160/6876/5303 4163/6879/5306
f  4163/6879/5306 3627/6006/4687 3406/6010/4463
f  3406/5712/4463 3407/5714/4464 4163/6882/5306
f  4164/6880/5307 4165/6883/5308 4161/6877/5304
f  4166/6884/5309 4165/6883/5308 4164/6880/5307
f  4167/6885/5310 4166/6884/5309 4164/6880/5307
f  4167/6885/5310 4164/6880/5307 3407/6881/4464
f  3407/5714/4464 3428/5743/4485 4167/6886/5310
f  4167/6886/5310 3428/5743/4485 4168/6887/5311
f  4168/6888/5311 4166/6884/5309 4167/6885/5310
f  3428/6889/4485 4169/6890/5312 4168/6888/5311
f  4168/6888/5311 4170/6891/5313 4166/6884/5309
f  4168/6888/5311 4169/6890/5312 4170/6891/5313
f  4169/6890/5312 4171/6892/5314 4170/6891/5313
f  4169/6890/5312 3434/5750/4491 4171/6892/5314
f  3428/6889/4485 3432/5748/4489 4169/6890/5312
f  3432/5748/4489 3434/5750/4491 4169/6890/5312
f  4170/6891/5313 4171/6892/5314 4172/6893/5315
f  4173/6894/5316 4171/6892/5314 3434/5750/4491
f  4174/6895/5317 4171/6892/5314 4175/6896/5318
f  4174/6895/5317 4172/6893/5315 4171/6892/5314
f  4175/6896/5318 4171/6892/5314 4173/6894/5316
f  3439/5757/4496 4175/6897/5318 4173/6898/5316
f  4176/6899/5319 4175/6897/5318 3439/5757/4496
f  4175/6897/5318 4176/6899/5319 4174/6900/5317
f  3546/5893/4603 3619/5995/4679 4176/6899/5319
f  4177/6901/5320 4176/6899/5319 3619/5995/4679
f  4174/6900/5317 4176/6899/5319 4177/6901/5320
f  3539/5886/4596 4176/6899/5319 3439/5757/4496
f  3539/5886/4596 3546/5893/4603 4176/6899/5319
f  4177/6901/5320 3619/5995/4679 4178/6902/5321
f  4178/6903/5321 4172/6893/5315 4177/6904/5320
f  4172/6893/5315 4174/6895/5317 4177/6904/5320
f  4179/6905/5322 4180/6906/5323 4178/6903/5321
f  4178/6903/5321 4180/6906/5323 4172/6893/5315
f  4178/6902/5321 3619/5995/4679 4179/6907/5322
f  3619/5995/4679 4181/6908/5324 4179/6907/5322
f  4179/6905/5322 4165/6883/5308 4180/6906/5323
f  4165/6883/5308 4179/6905/5322 4181/6909/5324
f  3619/5995/4679 4182/6910/5325 4181/6908/5324
f  4182/6911/5325 4165/6883/5308 4181/6909/5324
f  4162/6878/5305 4161/6877/5304 4182/6911/5325
f  3619/5995/4679 4162/6912/5305 4182/6910/5325
f  4182/6911/5325 4161/6877/5304 4165/6883/5308
f  4166/6884/5309 4180/6906/5323 4165/6883/5308
f  4170/6891/5313 4172/6893/5315 4180/6906/5323
f  4170/6891/5313 4180/6906/5323 4166/6884/5309
f  3439/5757/4496 4173/6898/5316 3435/5758/4492
f  3434/5750/4491 3435/5751/4492 4173/6894/5316
f  4162/6912/5305 3619/5995/4679 3620/5996/4680
f  3546/5893/4603 3542/5889/4599 3619/5995/4679
f  4183/6913/5326 3618/5993/4678 3541/5888/4598
f  3542/5889/4599 3541/5888/4598 3618/5993/4678
f  3618/5993/4678 4184/6914/5327 4185/6915/5328
f  3617/5994/4677 3618/5993/4678 4185/6915/5328
f  3618/5993/4678 4183/6913/5326 4184/6914/5327
f  4183/6913/5326 3541/5888/4598 4186/6916/5329
f  4183/6917/5326 4187/6918/5330 4184/115/5327
f  4183/6917/5326 4188/6919/5331 4187/6918/5330
f  4183/6917/5326 4189/6920/5332 4188/6919/5331
f  4186/6921/5329 4189/6920/5332 4183/6917/5326
f  4190/6922/5333 4189/6920/5332 4186/6921/5329
f  4186/6916/5329 3541/5888/4598 4190/6923/5333
f  3541/5888/4598 3555/5909/4612 4190/6923/5333
f  4190/6922/5333 4191/6924/5334 4189/6920/5332
f  4191/6924/5334 4190/6922/5333 3555/6925/4612
f  3585/5947/4642 4189/6920/5332 4191/6924/5334
f  4191/6924/5334 4192/6926/5335 4193/6927/5336
f  4192/6926/5335 4191/6924/5334 3555/6925/4612
f  4194/6928/5337 3585/5947/4642 4191/6924/5334
f  4194/6928/5337 4191/6924/5334 4193/6927/5336
f  4193/6929/5336 4195/6930/5338 4194/5849/5337
f  4194/5849/5337 4195/6930/5338 4196/6931/5339
f  3585/5947/4642 4194/6928/5337 4196/6932/5339
f  3580/5943/4637 3585/5947/4642 4196/6932/5339
f  4196/6931/5339 3572/5929/4629 3580/5851/4637
f  4196/6931/5339 4195/6930/5338 3572/5929/4629
f  3572/5929/4629 4195/6930/5338 3566/5923/4623
f  4195/6930/5338 4192/6933/5335 3560/5916/4617
f  4195/6930/5338 3560/5916/4617 3561/5918/4618
f  3566/5923/4623 4195/6930/5338 3561/5918/4618
f  4192/6933/5335 4195/6930/5338 4193/6929/5336
f  4192/6926/5335 3555/6925/4612 3556/564/4613
f  3557/5917/4614 4192/6933/5335 3556/115/4613
f  3557/5917/4614 3560/5916/4617 4192/6933/5335
f  3584/5946/4641 4188/6919/5331 4189/6920/5332
f  3584/5946/4641 4189/6920/5332 3585/5947/4642
f  4187/6918/5330 4188/6919/5331 4197/6929/5340
f  3603/5973/4663 4188/6919/5331 3584/5946/4641
f  4188/6919/5331 3607/5980/4667 4197/6929/5340
f  3607/5980/4667 4188/6919/5331 3603/5973/4663
f  3610/5983/4670 4187/6934/5330 4197/6927/5340
f  3610/5983/4670 4197/6927/5340 3607/5979/4667
f  4187/6934/5330 4185/6935/5328 4184/564/5327
f  4187/6934/5330 3616/5991/4676 4185/6935/5328
f  4187/6934/5330 3610/5983/4670 3616/5991/4676
f  4185/6935/5328 3616/5991/4676 3617/5992/4677
f  3600/5942/4660 3599/5969/4659 3604/5975/4664
f  3583/5945/4640 3603/5973/4663 3584/5946/4641
f  3592/5956/4651 3596/6871/5299 3593/5957/4652
f  3577/5937/4634 3578/5938/4635 3590/627/4647
f  3573/5935/4630 3590/115/4647 3578/6936/4635
f  3580/5851/4637 3572/5929/4629 3571/5928/4628
f  3567/6398/4624 3576/5934/4633 4198/6937/5341
f  3576/5933/4633 3568/5925/4625 4198/6938/5341
f  3568/5925/4625 3567/5924/4624 4198/6938/5341
f  3567/5924/4624 3564/5921/4621 4199/6939/5342
f  3503/5835/4560 3567/6398/4624 4199/6940/5342
f  3503/5835/4560 3499/5831/4556 3567/6398/4624
f  3564/5921/4621 3503/6941/4560 4199/6939/5342
f  3503/6941/4560 3564/5921/4621 3507/5839/4564
f  3564/5921/4621 3554/5908/4611 3507/5839/4564
f  3552/5907/4609 3553/5906/4610 3558/5915/4615
f  3507/5839/4564 3554/5908/4611 3509/5844/4566
f  3516/5854/4573 3543/5896/4600 3544/6942/4601
f  3537/5885/4594 3516/5854/4573 3544/6942/4601
f  3534/5878/4591 3539/5886/4596 3440/5759/4497
f  3440/5759/4497 3539/5886/4596 3439/5757/4496
f  3543/5896/4600 3516/5854/4573 3518/5856/4575
f  3517/5855/4574 3516/5854/4573 3538/5884/4595
f  3537/5885/4594 3538/5884/4595 3516/5854/4573
f  3517/5855/4574 3538/5884/4595 3525/5865/4582
f  3525/5865/4582 3538/5884/4595 3529/5872/4586
f  3450/5769/4507 3534/5878/4591 3441/5760/4498
f  4200/6943/5343 3534/5878/4591 3450/5769/4507
f  3531/5879/4588 3534/5878/4591 4201/6944/5344
f  4201/6944/5344 3534/5878/4591 4202/6945/5345
f  4202/6945/5345 3534/5878/4591 4200/6943/5343
f  3441/5760/4498 3534/5878/4591 3440/5759/4497
f  4200/6946/5343 4203/6947/5346 4202/6948/5345
f  4202/6948/5345 4203/6947/5346 4204/6949/5347
f  4202/6948/5345 4204/6949/5347 4201/6950/5344
f  4205/6951/5348 3532/5875/4589 4204/6949/5347
f  4201/6950/5344 4204/6949/5347 3532/5875/4589
f  4205/6951/5348 4204/6949/5347 4203/6947/5346
f  3521/6952/4578 4205/6951/5348 4206/6953/5349
f  4206/6953/5349 4205/6951/5348 4207/6954/5350
f  3521/6952/4578 3530/5873/4587 4205/6951/5348
f  3530/5873/4587 3532/5875/4589 4205/6951/5348
f  4205/6951/5348 4203/6947/5346 4207/6954/5350
f  4208/6955/5351 4207/6954/5350 4209/6956/5352
f  4206/6953/5349 4207/6954/5350 4208/6955/5351
f  4207/6954/5350 4210/6957/5353 4209/6956/5352
f  4207/6954/5350 4203/6947/5346 4210/6957/5353
f  4211/6958/5354 4210/6957/5353 4203/6947/5346
f  4212/6959/5355 4210/6957/5353 4211/6958/5354
f  4212/6959/5355 4213/6960/5356 4210/6957/5353
f  4209/6956/5352 4210/6957/5353 4213/6960/5356
f  4214/6961/5357 4213/6960/5356 4215/6962/5358
f  4216/6963/5359 4215/6962/5358 4213/6960/5356
f  4213/6960/5356 4212/6959/5355 4217/6964/5360
f  4216/6963/5359 4213/6960/5356 4217/6964/5360
f  4218/6965/5361 4213/6960/5356 4214/6961/5357
f  4209/6956/5352 4213/6960/5356 4218/6965/5361
f  3487/6966/4544 4218/6965/5361 3486/6967/4543
f  3486/6967/4543 4218/6965/5361 4214/6961/5357
f  4219/6968/5362 4218/6965/5361 3487/6966/4544
f  4219/6968/5362 4209/6956/5352 4218/6965/5361
f  3487/5819/4544 3488/5820/4545 4219/6969/5362
f  4208/6955/5351 4209/6956/5352 4219/6968/5362
f  4219/6969/5362 3488/5820/4545 4208/6970/5351
f  3486/6967/4543 4214/6961/5357 3465/5787/4522
f  4214/6961/5357 4215/6962/5358 3462/5784/4519
f  3465/5787/4522 4214/6961/5357 3462/5784/4519
f  4216/6971/5359 3450/5769/4507 3455/5774/4512
f  4217/6972/5360 3450/5769/4507 4216/6971/5359
f  3455/5782/4512 4215/6962/5358 4216/6963/5359
f  4212/6973/5355 3450/5769/4507 4217/6972/5360
f  3455/5782/4512 3461/5783/4518 4215/6962/5358
f  3462/5784/4519 4215/6962/5358 3461/5783/4518
f  4211/6974/5354 3450/5769/4507 4212/6973/5355
f  4200/6943/5343 3450/5769/4507 4211/6974/5354
f  4211/6958/5354 4203/6947/5346 4200/6946/5343
f  4208/6970/5351 3488/5820/4545 4206/6975/5349
f  4206/6975/5349 3488/5820/4545 3521/5861/4578
f  3532/5875/4589 3531/5874/4588 4201/6950/5344
f  3521/6952/4578 3528/5870/4585 3530/5873/4587
f  3522/5871/4579 3528/5870/4585 3521/6952/4578
f  3519/5857/4576 3517/5855/4574 3525/5865/4582
f  3506/5843/4563 3511/5846/4568 3504/381/4561
f  3503/6941/4560 3507/5839/4564 3505/5841/4562
f  3492/5824/4549 3502/5834/4559 3491/5823/4548
f  3468/5790/4525 3469/5791/4526 3479/5805/4536
f  3454/5773/4511 3453/5772/4510 3472/6481/4529
f  3459/5793/4516 3464/5786/4521 3457/6976/4514
f  3464/5786/4521 3456/5779/4513 3457/6976/4514
f  3444/6977/4501 3421/5733/4478 3446/6540/4503
f  3445/6978/4502 3421/5733/4478 3444/6977/4501
f  3419/5731/4476 3445/6978/4502 4220/6979/5363
f  3445/6978/4502 3419/5731/4476 3421/5733/4478
f  3445/5764/4502 3443/5762/4500 4221/6980/5364
f  3445/5764/4502 4221/6980/5364 4220/6981/5363
f  4221/6982/5364 3423/5736/4480 4220/6979/5363
f  4220/6979/5363 3423/5736/4480 3419/5731/4476
f  4222/6983/5365 3424/5737/4481 4221/6982/5364
f  4221/6980/5364 3443/5762/4500 4222/6984/5365
f  4221/6982/5364 3424/5737/4481 3423/5736/4480
f  3443/6985/4500 3424/5737/4481 4222/6983/5365
f  3433/5749/4490 3443/6985/4500 3436/5752/4493
f  3443/6985/4500 3433/5749/4490 3424/5737/4481
f  3426/5739/4483 3424/5737/4481 3433/5749/4490
f  3429/5746/4486 3432/5748/4489 3428/6889/4485
f  3407/5714/4464 3408/5715/4465 3428/5743/4485
f  3413/5722/4470 3201/5422/4244 4223/6986/5366
f  4223/6987/5366 3194/5410/4237 3413/6840/4470
f  4223/6987/5366 3195/5411/4238 3194/5410/4237
f  3201/5417/4244 3195/5411/4238 4223/6987/5366
f  3403/5708/4460 3404/5710/4461 3395/5696/4452
f  3404/5710/4461 3396/5697/4453 3395/5696/4452
f  3403/5708/4460 3395/5696/4452 3397/5698/4454
f  3399/5701/4456 3392/5691/4449 3387/5682/4444
f  4224/6988/5367 3399/5701/4456 3386/5681/4443
f  3399/5701/4456 3387/5682/4444 3386/5681/4443
f  3209/5702/4252 3399/5701/4456 4224/6988/5367
f  4225/6989/5368 3209/5430/4252 4224/6990/5367
f  4224/6988/5367 3386/5681/4443 4225/6991/5368
f  3210/5431/4253 4225/6989/5368 3381/6992/4438
f  3210/5431/4253 3209/5430/4252 4225/6989/5368
f  4225/6991/5368 3382/5676/4439 3381/5675/4438
f  4225/6991/5368 3386/5681/4443 3382/5676/4439
f  3352/5627/4409 3350/5625/4407 3384/5689/4441
f  3363/5643/4420 3226/5452/4269 3225/5451/4268
f  3354/5629/4411 3231/5457/4274 3232/5458/4275
f  3354/5629/4411 3232/5458/4275 3355/5630/4412
f  4226/6993/5369 3231/5457/4274 3354/5629/4411
f  4226/6993/5369 3354/5629/4411 3347/5618/4404
f  4227/6994/5370 4226/6993/5369 3347/5618/4404
f  4226/6993/5369 4228/6995/5371 3231/5457/4274
f  4229/6996/5372 4226/6993/5369 4230/6997/5373
f  4231/6998/5374 4226/6993/5369 4229/6996/5372
f  4230/6997/5373 4226/6993/5369 4232/6999/5375
f  4231/6998/5374 4228/6995/5371 4226/6993/5369
f  4226/6993/5369 4227/6994/5370 4233/7000/5376
f  4226/6993/5369 4233/7000/5376 4232/6999/5375
f  4232/7001/5375 3300/5551/4346 4230/7002/5373
f  4232/7001/5375 3301/5552/4347 3300/5551/4346
f  3301/5552/4347 4232/7001/5375 4233/7003/5376
f  4227/7004/5370 3301/5552/4347 4233/7003/5376
f  4234/7005/5377 4235/7006/5378 4228/564/5371
f  4236/7007/5379 4234/5346/5377 4228/115/5371
f  3231/5457/4274 4228/6995/5371 4235/7008/5378
f  4228/6995/5371 4231/6998/5374 4236/7009/5379
f  4237/7010/5380 4234/5346/5377 4236/7007/5379
f  4236/7009/5379 4231/6998/5374 4238/7011/5381
f  4238/7012/5381 4237/7010/5380 4236/7007/5379
f  4234/5346/5377 4237/7010/5380 4239/5549/5382
f  4239/5549/5382 4237/7010/5380 3265/5544/4308
f  3265/5544/4308 4237/7010/5380 4240/7013/5383
f  4240/7013/5383 4237/7010/5380 4241/7014/5384
f  4238/7012/5381 4241/7014/5384 4237/7010/5380
f  4240/7013/5383 3272/5527/4315 4242/7015/5385
f  3264/6067/4307 4240/7013/5383 4242/7015/5385
f  3265/5544/4308 4240/7013/5383 3264/6067/4307
f  3272/5527/4315 4240/7013/5383 3280/5521/4323
f  4240/7013/5383 4241/7014/5384 3280/5521/4323
f  3264/6067/4307 4242/7015/5385 3263/627/4306
f  3272/5512/4315 3263/5510/4306 4242/7016/5385
f  4231/7017/5374 4243/7018/5386 4241/7014/5384
f  3280/5521/4323 4241/7014/5384 4243/7018/5386
f  4231/7017/5374 4241/7014/5384 4238/7012/5381
f  3280/5521/4323 4243/7018/5386 3281/5522/4324
f  3281/5522/4324 4243/7018/5386 4244/7019/5387
f  4244/7019/5387 4243/7018/5386 4245/7020/5388
f  4243/7018/5386 4246/7021/5389 4245/7020/5388
f  4231/7017/5374 4246/7021/5389 4243/7018/5386
f  3281/5522/4324 4244/7019/5387 3286/5532/4329
f  3286/5532/4329 4244/7019/5387 4247/7022/5390
f  4244/7019/5387 4245/7020/5388 4248/7023/5391
f  4244/7019/5387 4248/7023/5391 4247/7022/5390
f  4245/7020/5388 4249/7024/5392 4248/7023/5391
f  4248/7023/5391 4250/7025/5393 4251/7026/5394
f  4248/7023/5391 4249/7024/5392 4250/7025/5393
f  4247/7022/5390 4248/7023/5391 4251/7026/5394
f  4245/7020/5388 4246/7021/5389 4249/7024/5392
f  4252/7027/5395 4249/7024/5392 4246/7021/5389
f  4229/7028/5372 4250/7025/5393 4249/7024/5392
f  4229/7028/5372 4249/7024/5392 4252/7027/5395
f  4253/7029/5396 4229/6996/5372 4252/7030/5395
f  4252/7027/5395 4246/7021/5389 4253/7031/5396
f  4246/7021/5389 4231/7017/5374 4253/7031/5396
f  4231/6998/5374 4229/6996/5372 4253/7029/5396
f  4254/7032/5397 4251/7026/5394 4250/7025/5393
f  4247/7022/5390 4251/7026/5394 3293/5541/4336
f  3294/5542/4337 3293/5541/4336 4251/7026/5394
f  3294/5542/4337 4251/7026/5394 3298/7033/4344
f  4251/7026/5394 4255/7034/5398 3298/7033/4344
f  4255/7034/5398 4251/7026/5394 4254/7032/5397
f  3300/5551/4346 3298/5549/4344 4255/7035/5398
f  4254/6933/5397 3300/5551/4346 4255/7035/5398
f  4254/7032/5397 4250/7025/5393 4256/7036/5399
f  4254/7032/5397 4256/7036/5399 4257/564/5400
f  4230/7002/5373 4254/6933/5397 4257/115/5400
f  4230/7002/5373 3300/5551/4346 4254/6933/5397
f  4229/6996/5372 4257/7037/5400 4256/7038/5399
f  4229/6996/5372 4230/6997/5373 4257/7037/5400
f  4250/7025/5393 4229/7028/5372 4256/7036/5399
f  3286/5532/4329 4247/7022/5390 3287/5533/4330
f  3287/5533/4330 4247/7022/5390 3293/5541/4336
f  4239/7033/5382 3259/5492/4302 4234/7005/5377
f  3265/5497/4308 3259/5492/4302 4239/7033/5382
f  4234/7005/5377 3259/5492/4302 4235/7006/5378
f  3259/5492/4302 3260/5493/4303 4235/7006/5378
f  3231/5457/4274 4235/7008/5378 3260/7039/4303
f  4227/7004/5370 3302/5553/4348 3301/5552/4347
f  3339/7040/4396 3302/5553/4348 4227/7004/5370
f  3339/7040/4396 4227/7004/5370 4258/564/5401
f  4227/6994/5370 3347/5618/4404 4258/7041/5401
f  4258/7041/5401 3347/5618/4404 3343/5620/4400
f  3343/5614/4400 3339/5610/4396 4258/7042/5401
f  3355/5630/4412 3232/5458/4275 3226/5452/4269
f  3345/5616/4402 3348/5622/4405 3337/5608/4394
f  3337/5608/4394 3348/5622/4405 3336/5607/4393
f  3303/5554/4349 3342/6033/4399 4259/7043/5402
f  3342/5613/4399 3334/5605/4391 4259/7044/5402
f  3342/6033/4399 3302/5553/4348 3341/7045/4398
f  3342/6033/4399 3303/5554/4349 3302/5553/4348
f  4259/7044/5402 3334/5605/4391 3333/5604/4390
f  4259/7044/5402 3333/5604/4390 4260/6036/5403
f  4260/6034/5403 3303/5554/4349 4259/7043/5402
f  4260/6034/5403 3306/5557/4352 3303/5554/4349
f  3306/5557/4352 4260/6034/5403 4261/7046/5404
f  3333/5604/4390 4261/7047/5404 4260/6036/5403
f  3320/7048/4375 3306/5557/4352 4261/7046/5404
f  4261/7047/5404 3321/5583/4376 3320/5582/4375
f  4261/7047/5404 3333/5604/4390 3321/5583/4376
f  3302/5553/4348 3339/7040/4396 3341/7045/4398
f  3321/5583/4376 3333/5604/4390 3324/5589/4379
f  3328/5596/4385 3316/6073/4735 3317/5594/4383
f  3311/7049/4360 3320/7048/4375 3312/5007/4361
f  3311/7049/4360 3306/5557/4352 3320/7048/4375
f  3314/6079/201 3085/5261/4123 3084/5260/201
f  3307/5558/4353 3306/5557/4352 3311/7049/4360
f  3283/5528/4326 3091/5272/4134 3104/5286/4147
f  3092/5273/4135 3091/5272/4134 3283/5528/4326
f  3103/5285/4146 3276/5516/4319 3104/5286/4147
f  3269/5506/4312 4262/7050/5405 4263/7051/5406
f  4262/7050/5405 3269/5506/4312 3164/5373/4207
f  3269/5506/4312 4264/7052/5407 3268/5505/4311
f  3269/5506/4312 4265/7053/5408 4264/7052/5407
f  3269/5506/4312 4263/7051/5406 4265/7053/5408
f  4263/7054/5406 4266/7055/5409 4265/7056/5408
f  4263/7054/5406 4267/7057/5410 4266/7055/5409
f  4262/7058/5405 4267/7057/5410 4263/7054/5406
f  4262/7058/5405 4268/7059/5411 4267/7057/5410
f  4267/7057/5410 4269/7060/5412 4266/7055/5409
f  4268/7059/5411 4270/7061/5413 4267/7057/5410
f  4267/7057/5410 4270/7061/5413 4269/7060/5412
f  4268/7059/5411 4271/7062/5414 4270/7061/5413
f  3181/7063/4224 4270/7061/5413 4271/7062/5414
f  4272/7064/5415 4270/7061/5413 3181/7063/4224
f  4272/7064/5415 4269/7060/5412 4270/7061/5413
f  3179/5392/4222 4272/7065/5415 3181/5394/4224
f  3179/5392/4222 4273/7066/5416 4272/7065/5415
f  4273/7067/5416 4269/7060/5412 4272/7064/5415
f  4274/7068/5417 4269/7060/5412 4273/7067/5416
f  4273/7066/5416 3179/5392/4222 4274/7069/5417
f  4275/7070/5418 4274/7068/5417 3241/5468/4284
f  4274/7068/5417 4275/7070/5418 4269/7060/5412
f  3179/5392/4222 3241/5471/4284 4274/7069/5417
f  3241/5468/4284 3240/5467/4283 4275/7070/5418
f  4266/7055/5409 4269/7060/5412 4275/7070/5418
f  4266/7055/5409 4275/7070/5418 4276/7071/5419
f  4276/7071/5419 4275/7070/5418 3240/5467/4283
f  4276/7071/5419 3240/5467/4283 3243/5472/4286
f  4265/7056/5408 4276/7071/5419 3243/5472/4286
f  4265/7056/5408 4266/7055/5409 4276/7071/5419
f  4277/7072/5420 4271/7062/5414 4268/7059/5411
f  3181/7063/4224 4271/7062/5414 3176/7073/4219
f  4278/7074/5421 4279/7075/5422 4271/7062/5414
f  4278/7074/5421 4271/7062/5414 4277/7072/5420
f  3176/7073/4219 4271/7062/5414 4279/7075/5422
f  4280/7076/5423 4277/7072/5420 4268/7059/5411
f  4281/7077/5424 4277/7072/5420 4280/7076/5423
f  4281/7077/5424 4278/7074/5421 4277/7072/5420
f  4280/7078/5423 3164/5373/4207 4281/7079/5424
f  3165/7080/4208 4278/7074/5421 4281/7077/5424
f  4281/7079/5424 3164/5373/4207 3165/5372/4208
f  4282/7081/5425 3164/5373/4207 4280/7078/5423
f  4280/7076/5423 4268/7059/5411 4282/7082/5425
f  4262/7050/5405 3164/5373/4207 4282/7081/5425
f  4282/7082/5425 4268/7059/5411 4262/7058/5405
f  4279/7075/5422 3177/7083/4220 3176/7073/4219
f  3177/7083/4220 4279/7075/5422 4283/7084/5426
f  4278/7074/5421 4283/7084/5426 4279/7075/5422
f  4284/7085/5427 3172/5383/4215 4283/7084/5426
f  3174/5385/4217 4283/7084/5426 3172/5383/4215
f  4284/7085/5427 4283/7084/5426 4278/7074/5421
f  3178/7086/4221 4283/7084/5426 3174/5385/4217
f  3177/7083/4220 4283/7084/5426 3178/7086/4221
f  3171/5381/4214 3172/5383/4215 4284/7085/5427
f  3165/7080/4208 3171/5381/4214 4284/7085/5427
f  3165/7080/4208 4284/7085/5427 4278/7074/5421
f  4265/7056/5408 3243/5472/4286 4264/7087/5407
f  4264/7087/5407 3243/5472/4286 3268/7088/4311
f  3268/7088/4311 3244/5473/4287 3248/5479/4291
f  3268/7088/4311 3243/5472/4286 3244/5473/4287
f  3251/5482/4294 3252/5483/4295 3267/5501/4310
f  3267/5501/4310 3252/5483/4295 3257/5490/4300
f  3261/7089/4304 3231/5457/4274 3260/7039/4303
f  3231/5457/4274 3261/7089/4304 3255/7090/4298
f  3231/5457/4274 3255/7090/4298 3234/5460/4277
f  3247/5476/4290 3236/5477/4279 3235/5487/4278
f  3205/5421/4248 3189/5439/4232 4285/7091/5428
f  4286/7092/5429 3198/5414/4241 3205/5421/4248
f  4286/7092/5429 3205/5421/4248 4285/7091/5428
f  3189/5402/4232 4286/7093/5429 4285/7094/5428
f  3197/5413/4240 3198/5414/4241 4286/7092/5429
f  4286/7093/5429 3190/5403/4233 3197/7095/4240
f  3189/5402/4232 3190/5403/4233 4286/7093/5429
f  3166/5382/4209 3171/5381/4214 3165/7080/4208
f  3109/5301/4152 3114/5297/4157 3156/5354/4199
f  3136/5328/4179 3130/5320/4173 3137/6760/4180
f  3137/6760/4180 3130/5320/4173 3129/5319/4172
f  3118/5304/4161 3126/5316/4169 3113/5296/4156
f  3105/5287/4148 3100/5282/4143 3116/5302/4159
f  3116/5302/4159 3100/5282/4143 3099/5281/4142

