# File produced by Open Asset Import Library (http://www.assimp.sf.net)
# (assimp v5.2.0)

mtllib foot.mtl

# 2205 vertex positions
v  0.00718297297 -0.0185379833 0.0100649465
v  0.00814898591 -0.0179039724 0.010058986
v  0.0070199552 -0.0185279734 0.0102599766
v  0.00235994393 -0.0201409906 0.0101559665
v  0.00153996306 -0.0197409913 0.0113709467
v  0.00167496805 -0.0202269405 0.0101319458
v  -0.000722000026 -0.0184339732 0.0149969365
v  -0.0010589771 -0.0182209536 0.0155699765
v  -0.000799994974 -0.0195389912 0.0120639764
v  -0.00262198993 -0.018100962 0.0156929363
v  -0.00304196402 -0.0180419534 0.0157289468
v  -0.00166998408 -0.0190409906 0.0132799661
v  -0.00152496598 -0.0182019882 -0.0156589746
v  -0.00105998991 -0.0182209499 -0.0156229734
v  -0.000798982044 -0.0195329674 -0.012122984
v  0.000656999997 -0.0192559771 -0.0127899637
v  0.00236095814 -0.0201359876 -0.0102179637
v  0.00257297093 -0.0201859884 -0.0100179939
v  0.00167699391 -0.020222947 -0.0101959733
v  0.00284399395 -0.0201699585 -0.0099479584
v  0.00401296001 -0.0199279673 -0.00993299764
v  0.00426699501 -0.0204609483 -0.00830996409
v  0.0136029897 -0.0149809597 -0.000948003028
v  0.0126769692 -0.0161249489 -0.00211400026
v  0.0129239699 -0.0157189816 -0.00270200032
v  0.00891699176 -0.0134119922 0.0152439373
v  0.0105989696 -0.0133749722 0.0127339875
v  0.0101049719 -0.0118319923 0.0152429873
v  0.0120689999 -0.0132279927 0.0106139677
v  0.0119919898 -0.011633982 0.0124689871
v  0.01287694 -0.0125359828 0.0100579774
v  0.0122449491 -0.0134059722 0.0101099573
v  0.0133779794 -0.0130699715 0.00829297025
v  0.0122429896 -0.0134439925 0.0100659672
v  0.0121939899 -0.0136469519 0.00989997014
v  0.0120729897 -0.0138679622 0.00983196124
v  0.0121189496 -0.0148369512 0.00829094276
v  0.0105839493 -0.0167269632 0.0082029663
v  0.01067896 -0.0165910013 0.00827097427
v  0.00995899923 -0.0164459832 0.00982695445
v  0.0120479595 -0.013902952 0.00983094797
v  0.0107559692 -0.0155609725 0.00982796866
v  0.01076598 -0.0164869912 0.00828694832
v  0.01073898 -0.0165169723 0.00828498229
v  0.01073898 -0.0170179531 0.00720595988
v  0.0105929496 -0.0170609802 0.00746595487
v  0.0106489798 -0.0174989626 0.00617295178
v  0.0104989493 -0.0170469731 0.00771998987
v  0.0103349797 -0.0170069821 0.00816595089
v  0.0104919793 -0.0169289634 0.00799095258
v  0.0115239797 -0.0167029984 0.00571399555
v  0.0108679691 -0.0178489611 0.00412797509
v  0.0123529593 -0.0161949918 0.0039749709
v  0.0131319892 -0.0155149596 0.00213598879
v  0.0126779797 -0.0161249489 0.00205897866
v  0.01382495 -0.0146899698 0.000263996946
v  0.01272495 -0.0161899813 -2.80032709e-05
v  0.0138399694 -0.0146700004 0.000215996974
v  0.0138669694 -0.0146319708 6.99969751e-05
v  0.01382495 -0.0146899698 -0.000318003033
v  0.0138709694 -0.0146259507 -5.50030163e-05
v  0.0121879699 -0.0163109787 -0.00438797707
v  0.0103359893 -0.0170069784 -0.0082189478
v  0.010489 -0.0170409493 -0.00780898612
v  0.0106489798 -0.0174989589 -0.00622797338
v  0.0105329892 -0.0170679577 -0.00764596742
v  0.0105689894 -0.0170669369 -0.00756496424
v  0.0105929496 -0.0170609765 -0.00751895038
v  0.0114179999 -0.0167539567 -0.00597799104
v  0.0108669493 -0.0178479999 -0.00418198481
v  0.0118089393 -0.01654898 -0.00518894428
v  0.01211996 -0.0148379682 -0.00834298413
v  0.0107669998 -0.0164879374 -0.00833899062
v  0.00995798688 -0.0164429992 -0.00988895074
v  0.0105959894 -0.0167069882 -0.00827396289
v  0.0105029494 -0.0168929584 -0.00809497014
v  0.0107539399 -0.0155589385 -0.00988996308
v  0.0120459897 -0.0139019983 -0.00989300292
v  0.0133789899 -0.0130709885 -0.00834495109
v  0.0121379597 -0.0137569783 -0.00991398282
v  0.0121849896 -0.0136609478 -0.00995397754
v  0.01287199 -0.0125319781 -0.010122953
v  0.0119869793 -0.0116299884 -0.0125259729
v  0.0120549891 -0.0132269682 -0.0106769828
v  0.0118749896 -0.0116459578 -0.0126889925
v  0.0103929797 -0.0133839687 -0.0130869728
v  0.0101049719 -0.0118329981 -0.0152959824
v  0.00891699176 -0.0134129981 -0.0152959824
v  0.01223798 -0.0134439887 -0.0101269428
v  0.0122019798 -0.013261958 -0.0103999926
v  0.0127619598 -0.0124199884 -0.0104359929
v  0.0121379597 -0.0132209482 -0.010550973
v  0.0120849693 -0.0132169584 -0.0106409732
v  0.00814594515 -0.0178979486 -0.0101239635
v  0.00910194498 -0.0172109492 -0.00997800007
v  0.00853099115 -0.0185739882 -0.00821996108
v  0.00926198252 -0.017115999 -0.00989896338
v  0.0093409596 -0.0170499496 -0.00988895074
v  0.00717498595 -0.0170059688 -0.0126619935
v  0.00851895195 -0.0172119588 -0.0107449833
v  0.00893397816 -0.0172469467 -0.0101519842
v  0.00685794884 -0.0188099593 -0.00995296612
v  0.00696994597 -0.0186789483 -0.0100829639
v  0.00718094688 -0.0185319595 -0.0101299835
v  0.00701298099 -0.0185759477 -0.0102289934
v  0.00701596122 -0.0185059793 -0.0103510041
v  0.0069989739 -0.0184609778 -0.0104489941
v  0.00693394523 -0.0184089988 -0.0106059937
v  0.00687994296 -0.0183919482 -0.0106889633
v  0.00568397623 -0.0180779584 -0.0123809539
v  0.00536294607 -0.0165769868 -0.0153449737
v  0.00490595726 -0.0168299489 -0.0153629733
v  0.00516297203 -0.0179209597 -0.0131379934
v  0.00365598802 -0.0173979886 -0.0154119739
v  0.00678499322 -0.0188649781 -0.00992000476
v  0.00823094137 -0.0187309794 -0.00833899062
v  0.00665797619 -0.018939957 -0.00990397111
v  0.00644399505 -0.0197099894 -0.00834995881
v  0.00480600027 -0.0197009891 -0.00992399734
v  0.00450994307 -0.0203809589 -0.00836694613
v  0.00184895401 -0.0208429582 -0.00827294867
v  0.00267298799 -0.0201869495 -0.00997495931
v  0.00279899198 -0.0201769881 -0.00994998589
v  -0.00304798386 -0.0180419497 -0.0157789532
v  -0.00140194199 -0.0192179494 -0.0128919436
v  0.000148999985 -0.0201989897 -0.0104149533
v  0.00215895707 -0.0200419873 -0.0105139641
v  0.00403596694 -0.0206389874 -0.00790000241
v  0.00403596694 -0.0206439979 -0.00788396876
v  0.00419195322 -0.0204969496 -0.00825298205
v  0.00411798293 -0.0205439776 -0.00815797132
v  0.0040859757 -0.020569969 -0.00809699576
v  0.00407798914 -0.0205779485 -0.0080769686
v  0.00231494312 -0.0211249478 -0.00703198137
v  0.00123100006 -0.0207369775 -0.00875294581
v  0.000364999985 -0.0203199796 -0.0100839734
v  0.00408996874 -0.0207039565 -0.00763500109
v  0.00413795095 -0.0207179599 -0.00754595222
v  0.00278796512 -0.0212489776 -0.00625896826
v  0.00439299922 -0.0209849887 -0.00624800101
v  0.0033639851 -0.0213609785 -0.00530499639
v  0.00450696284 -0.0213379711 -0.00419497816
v  0.00436397223 -0.0214469917 -0.00361299911
v  0.00486894185 -0.0214340016 -0.00273800222
v  0.00697298627 -0.0209009498 -2.80040385e-05
v  0.006261962 -0.0211679786 -9.20040766e-05
v  0.00621797424 -0.0211819895 -0.000270004064
v  0.00694199186 -0.0208280012 -0.00211298792
v  0.00619895989 -0.0211879499 -0.00031800408
v  0.0053059631 -0.0213889889 -0.00196195021
v  0.00580896717 -0.0212959498 0.000982995844
v  0.00694294507 -0.0208280012 0.00205796515
v  0.00568695599 -0.0213229507 0.00120698998
v  0.0054419809 -0.0213689692 0.00165497791
v  0.00592996506 -0.0212659687 0.000758995942
v  0.00619895989 -0.0211879499 0.000263995898
v  0.00625498919 -0.0211699493 8.99959196e-05
v  0.00456197793 -0.0214469917 0.00321697677
v  0.00481595425 -0.0214379914 0.00277196872
v  0.00656296592 -0.0208309814 0.00343197095
v  0.00494297082 -0.0214289911 0.00254898774
v  0.00506796222 -0.0214179605 0.00232594786
v  0.0053179441 -0.0213879794 0.00187897193
v  0.00450797705 -0.0213389918 0.00413995469
v  0.00443394808 -0.0214479417 0.0034389447
v  0.00430496316 -0.0214459784 0.00366097176
v  0.002993959 -0.0212950036 0.00585895265
v  0.0031269961 -0.0213209912 0.00564097892
v  0.00439299922 -0.0209859535 0.00619297801
v  0.00339199905 -0.0213649683 0.00520395767
v  0.00352294999 -0.0213839896 0.00498496974
v  0.00365497405 -0.0213999599 0.00476496993
v  0.00391598279 -0.0214259513 0.00432496797
v  0.00404598098 -0.0214349516 0.00410395395
v  0.00205697399 -0.0210519917 0.00736999093
v  0.00219197804 -0.0210930035 0.00715594972
v  0.00403799396 -0.0206629522 0.0077639767
v  0.00245996099 -0.021169953 0.00672494899
v  0.00413795095 -0.0207179636 0.00749295484
v  0.002593952 -0.0212049931 0.00650894176
v  0.00272699003 -0.0212369412 0.00629299367
v  0.00178899104 -0.0209609717 0.00779795181
v  0.00184996706 -0.020842962 0.00821995363
v  0.00165398698 -0.0209119804 0.00801097881
v  0.000983000034 -0.0206319615 0.00906598102
v  0.000714999973 -0.0205029733 0.00948398933
v  0.000447999977 -0.0203649923 0.00989996921
v  0.00111699989 -0.020692993 0.00885599386
v  0.00125099998 -0.0207520016 0.00864594709
v  0.00151999597 -0.0208609626 0.00822299346
v  -0.00111697195 -0.0194089934 0.0123709962
v  -0.000899951963 -0.0195509717 0.0120199863
v  -8.10000056e-05 -0.0200639814 0.0107249562
v  0.00100499997 -0.0194529817 0.0121889664
v  0.00419499306 -0.0204949826 0.0082029663
v  0.00422795396 -0.0204780027 0.00823098049
v  0.00401194673 -0.0199309513 0.00987195503
v  0.0040739947 -0.0205809921 0.00801497232
v  0.00284297997 -0.0201719925 0.00988798961
v  0.00260694604 -0.0201879628 0.00994395837
v  0.00249995594 -0.0201779529 0.0100089861
v  0.00238694507 -0.020150952 0.0101189567
v  0.00644399505 -0.0197089836 0.00829797518
v  0.00480498606 -0.0197029635 0.00986295566
v  0.00450994307 -0.0203809626 0.00831198227
v  0.0043939529 -0.0204129703 0.00830399524
v  0.00700499397 -0.0186129734 0.010116986
v  0.00690599112 -0.0187669918 0.00992899761
v  0.00823094137 -0.0187299736 0.00828694832
v  0.00675596623 -0.0188869722 0.00985097419
v  0.00665797619 -0.0189430006 0.00984197389
v  0.00622697407 -0.0168020017 0.0139959967
v  0.00554497819 -0.0180419534 0.0125279967
v  0.00762899499 -0.0170939416 0.011953936
v  0.00593199115 -0.0181559809 0.0119699761
v  0.00795896538 -0.0171479434 0.0114829466
v  0.00688196998 -0.0184049532 0.0106219565
v  0.00700499397 -0.0184760019 0.0103689963
v  0.00536395889 -0.0165759809 0.0152919758
v  0.00414897781 -0.0171939619 0.0153399659
v  0.003656941 -0.0173979923 0.0153589761
v  0.00934197288 -0.0170519836 0.00982695445
v  0.0085299788 -0.0185729712 0.00816595089
v  0.00916798692 -0.0171819814 0.00987499487
v  0.00899799354 -0.0172479637 0.0100109465
v  0.0089379726 -0.0172529705 0.0100879567
v  0.0127699496 -0.0124259526 0.0103699472
v  0.0122029893 -0.0132609522 0.0103529571
v  0.0122299893 -0.0133069614 0.010254967
v  0.00563194091 -0.0208919495 0.00504594576
v  0.00463994127 -0.0208109505 0.0066899606
v  0.00808699615 -0.0203749985 -2.8003953e-05
v  0.00822599418 -0.0202969797 0.000263996044
v  0.00742598111 -0.0206339806 0.00184595108
v  0.0070349751 -0.0207419917 0.00257694302
v  0.00829096325 -0.0202629417 -4.20039323e-05
v  0.00828297623 -0.0202669986 8.0996062e-05
v  0.00823594816 -0.0202919692 0.000241996051
v  0.00617899327 -0.0208739489 -0.00415999023
v  0.00712199789 -0.0207199901 -0.00246894686
v  0.00797696691 -0.02042 -0.00082300388
v  0.00822599418 -0.0202969797 -0.000318003935
v  0.00517495209 -0.0208719783 -0.00586599531
v  0.00563694816 -0.0208919495 -0.00509196939
v  0.00828196388 -0.0186989792 -0.00833595078
v  0.0124179898 -0.0165759809 -0.000318003353
v  0.0117309792 -0.0172779411 -0.0020559465
v  0.0113739492 -0.017561961 -0.00287896651
v  0.0109649394 -0.0178339891 -0.00377095048
v  0.0101479469 -0.0182299502 -0.00541794673
v  0.00928296335 -0.0184699781 -0.00700599281
v  0.00865294226 -0.0185489468 -0.00806695595
v  0.00848199613 -0.0185949691 -0.00825298205
v  0.00839700084 -0.0186339468 -0.00830197707
v  0.0124319894 -0.0165589899 -0.000277003332
v  0.0110819498 -0.0177629516 0.0034689866
v  0.01179899 -0.0172179788 0.00184094545
v  0.0124179898 -0.0165759809 0.000263996626
v  0.0124679897 -0.0165169686 -2.00332624e-06
v  0.0127709592 -0.0158589892 0.00301795779
v  0.0103089893 -0.0181669518 0.00505399331
v  0.00990994461 -0.0183129832 0.00581597816
v  0.00859196763 -0.0185570009 0.00809895527
v  0.00865294226 -0.0185480006 0.00801395904
v  0.00950499158 -0.0184249729 0.00655793725
v  0.00842996128 -0.0186159536 0.00823294744
v  0.00851597171 -0.0185799524 0.00817393791
v  -0.0249189492 -0.000537983608 0.0024249542
v  -0.0249399897 -0.000735989772 0.00205796841
v  -0.0246499497 -0.0014550006 0.00411397126
v  -0.0250109788 0.000710019842 9.69994799e-05
v  -0.0250109788 0.000725039979 -2.70005166e-05
v  -0.0250239689 0.000492044957 -2.80005534e-05
v  -0.0225519892 0.00776595669 0.000898000551
v  -0.023177959 0.00644595176 0.00205898238
v  -0.0229209401 0.00683898432 0.00265294337
v  -0.0229599793 0.00413100142 -0.00803798437
v  -0.0228119902 0.00430600112 -0.00826299097
v  -0.0229579601 0.00396300107 -0.00821995735
v  -0.01978896 0.00573195005 -0.0128249498
v  -0.0181999598 0.00597394537 -0.0152969901
v  -0.0191079695 0.00422700215 -0.0152969901
v  -0.0182199795 0.00602395367 -0.0152169401
v  -0.0225699898 0.00259603141 -0.0101519804
v  -0.0218779799 0.00151605485 -0.0119639598
v  -0.0228139497 0.00161100458 -0.0101249795
v  -0.0229689796 0.000470052473 -0.0101310005
v  -0.0228899494 0.000322054606 -0.0103229806
v  -0.0223379489 -0.00458197761 -0.0102179609
v  -0.0216279998 -0.00514297653 -0.0114159519
v  -0.0221219398 -0.00523095205 -0.010196982
v  -0.0193659402 -0.00669698697 -0.0152219515
v  -0.0191289596 -0.00684295688 -0.0156250019
v  -0.0204289891 -0.00717095844 -0.012124002
v  -0.0183419995 -0.00820694771 -0.0157479625
v  -0.0181039888 -0.00856397767 -0.0157839619
v  -0.0196099598 -0.00774393789 -0.0133239618
v  -0.0189059693 -0.00726394262 0.0156069882
v  -0.0191299692 -0.00684194267 0.0155719481
v  -0.02043299 -0.0071739424 0.0120649878
v  -0.0208399687 -0.00572197884 0.0126819583
v  -0.0198899899 0.00811899267 0.0103699509
v  -0.0200349502 0.00816697441 0.0100589907
v  -0.0204039589 0.00724995695 0.0103369905
v  -0.0191069599 0.00422699749 0.0152439401
v  -0.018198939 0.00597495306 0.0152439401
v  -0.0197819788 0.0057059587 0.0128119504
v  -0.0188129898 0.00767595181 0.0125929713
v  -0.0203069802 0.00714195427 0.0106139714
v  -0.0188399889 0.00775898062 0.0124689909
v  -0.0203159787 0.00716597401 0.0105759511
v  -0.0203389898 0.007206982 0.0104949409
v  -0.0217779595 0.00649494538 0.00829094555
v  -0.0218390003 0.00495798048 0.00982797146
v  -0.0209059492 0.00683296332 0.00983095169
v  -0.0207329802 0.00838798936 0.00829297397
v  -0.0208139792 0.00698096212 0.0098529458
v  -0.0207489487 0.00706297811 0.00989300106
v  -0.02057896 0.00720495638 0.0100649511
v  -0.0222889502 0.00386499823 0.00982695818
v  -0.0226769801 0.00456999848 0.00828695204
v  -0.022744989 0.00442099851 0.00826597214
v  -0.0229569394 0.00396299874 0.00816696789
v  -0.0235889889 0.00166703039 0.00816696789
v  -0.0225999691 0.00293199834 0.00983899832
v  -0.0227999501 0.00432399847 0.00822198298
v  -0.0225699898 0.00304699829 0.00982797146
v  -0.0216219798 0.00115103181 0.0125429602
v  -0.0223399792 0.00219000131 0.0107599404
v  -0.0228209887 0.00161100132 0.0100599499
v  -0.02257297 0.00260204822 0.0100899898
v  -0.0226159487 0.00275505334 0.00991499424
v  -0.0230839588 5.40092587e-05 0.00989198498
v  -0.0230149999 0.000211007195 0.0100229895
v  -0.0229759589 0.000469036167 0.0100669786
v  -0.0229499694 0.00028700335 0.0101519795
v  -0.0228819586 0.000326044159 0.0102899587
v  -0.0227649603 0.000294037163 0.0105379792
v  -0.0227259789 0.000253029168 0.0106239887
v  -0.0219259597 -0.000684970059 0.0123129394
v  -0.0204219595 -0.000329964329 0.0152929993
v  -0.0204579588 -0.00102698151 0.0153169595
v  -0.0216589887 -0.000976973213 0.0128629794
v  -0.02042697 -0.00222497527 0.0153589789
v  -0.0231029801 -3.89735214e-05 0.00985795073
v  -0.0236029997 0.00132501847 0.00828695204
v  -0.0231149588 -0.000183992554 0.00984197669
v  -0.0237139799 -0.000708989333 0.00829797797
v  -0.0234579798 -0.00295495242 0.00827294402
v  -0.0228659902 -0.00299399346 0.00987195782
v  -0.0234859996 -0.00274597853 0.00831198506
v  -0.0230029598 -0.00218599243 0.00986194517
v  -0.0231179986 -0.000682942569 0.00984698441
v  -0.0221249796 -0.00523399562 0.0101329582
v  -0.0223409887 -0.00458496064 0.0101559693
v  -0.0227569696 -0.00534295198 0.00822096784
v  -0.0224729497 -0.00441395491 0.00996196084
v  -0.0225179587 -0.00432597939 0.00991797261
v  -0.0225709397 -0.00418698136 0.0098879924
v  -0.0225779787 -0.00416194741 0.00988697913
v  -0.01810495 -0.00856297277 0.0157309677
v  -0.0191639401 -0.00799994171 0.0139899785
v  -0.0207119901 -0.0070819715 0.0115249678
v  -0.022100959 -0.00478696078 0.0105719483
v  -0.0222019888 -0.00603394955 0.00904094893
v  -0.02208695 -0.00612800196 0.00924998336
v  -0.0219699498 -0.00622098241 0.00945895724
v  -0.0217299797 -0.00640194211 0.00987499673
v  -0.0229459796 -0.00534599181 0.00755798677
v  -0.0228459593 -0.00544696208 0.0077709537
v  -0.0227439795 -0.00554799195 0.00798397977
v  -0.0225339886 -0.00574599858 0.00840896089
v  -0.0224249698 -0.0058429772 0.00861996226
v  -0.0234549996 -0.00307994336 0.0081969481
v  -0.02346096 -0.00315295951 0.00812494569
v  -0.0235059597 -0.00327496929 0.00788497832
v  -0.0235769488 -0.00327896373 0.00763898855
v  -0.0231389794 -0.00513898488 0.00712895161
v  -0.023231959 -0.00503497478 0.00691395765
v  -0.023322979 -0.00492995232 0.00669896463
v  -0.0236299988 -0.0032280013 0.0074929581
v  -0.0234989896 -0.004716984 0.00626599556
v  -0.0241139904 -0.00383495493 0.00451695779
v  -0.0239829794 -0.00310694426 0.00619399408
v  -0.0242449995 -0.00360899372 0.00407498842
v  -0.0243509803 -0.00315498468 0.00413995795
v  -0.0243069902 -0.00349395676 0.00385397486
v  -0.0240449701 -0.00394796487 0.00473695761
v  -0.0239009596 -0.00417094585 0.00517594675
v  -0.0238249693 -0.00428097602 0.00539499382
v  -0.0237469394 -0.00439094659 0.00561296754
v  -0.0235839896 -0.00460898131 0.00604897551
v  -0.0247489586 -0.00243597338 0.00184196094
v  -0.0246139504 -0.0028229868 0.00256895879
v  -0.0244129691 -0.00328498241 0.00344896177
v  -0.0248719789 -0.00196897099 -0.00103098189
v  -0.0249399897 -0.00073598884 -0.00211298466
v  -0.0248439703 -0.00208996795 -0.00125598989
v  -0.0247799493 -0.00233196281 -0.00170397805
v  -0.0249509588 -0.00151394913 -0.000142000878
v  -0.0250179488 -0.000739983283 -2.80007553e-05
v  -0.0249429699 -0.00156997703 -0.000318000908
v  -0.0248969588 -0.001845947 -0.000807000906
v  -0.0244699493 -0.00316094467 -0.00326699112
v  -0.0245719887 -0.00292699551 -0.00282198214
v  -0.0247779898 -0.00108795473 -0.0034869907
v  -0.0246189591 -0.00280999159 -0.00259894226
v  -0.0246629491 -0.00269096158 -0.00237494824
v  -0.024743 -0.0024529607 -0.00192797207
v  -0.0243509803 -0.00315599656 -0.0041949749
v  -0.0244159494 -0.00327699445 -0.00348997209
v  -0.0242989399 -0.00350796245 -0.00393295335
v  -0.0236569997 -0.00451295637 -0.00591099355
v  -0.0237369891 -0.00440399814 -0.0056929593
v  -0.0239829794 -0.00310598826 -0.00624895096
v  -0.0238909498 -0.00418399833 -0.00525599858
v  -0.0239649788 -0.00407295395 -0.00503599737
v  -0.0240369793 -0.00396095682 -0.0048169503
v  -0.024172999 -0.00373595022 -0.0043759956
v  -0.0242369492 -0.00362198567 -0.00415498158
v  -0.0230319891 -0.00525497459 -0.00742298458
v  -0.0231269989 -0.00515197683 -0.00720799062
v  -0.0235379692 -0.00329499366 -0.007815958
v  -0.0233119503 -0.0049419906 -0.00677794358
v  -0.0236299988 -0.0032279985 -0.00754594896
v  -0.0234019496 -0.004835953 -0.00656199548
v  -0.0234889798 -0.0047289636 -0.00634497544
v  -0.0228339788 -0.00545894075 -0.00784999318
v  -0.0227569696 -0.00534396432 -0.00827396102
v  -0.0227319989 -0.00555997156 -0.00806295965
v  -0.0221889988 -0.00604598597 -0.00911998842
v  -0.0219569597 -0.0062319478 -0.00953799579
v  -0.02171598 -0.00641296804 -0.00995397661
v  -0.0223019496 -0.00595097616 -0.00891000219
v  -0.0224129893 -0.00585495308 -0.00869900081
v  -0.02262697 -0.00565897394 -0.00827598665
v  -0.020172989 -0.00740997866 -0.0124259517
v  -0.0204209499 -0.00725797843 -0.0120309517
v  -0.0212109499 -0.00675896835 -0.0107789617
v  -0.0209939796 -0.00560896564 -0.0124749523
v  -0.0225769598 -0.0041599758 -0.00994795561
v  -0.0225259401 -0.0043059485 -0.00996899698
v  -0.0224829689 -0.00439696386 -0.010007971
v  -0.0223629791 -0.0045599835 -0.0101760011
v  -0.0234789588 -0.0032279985 -0.00806599855
v  -0.0234529693 -0.00304495264 -0.00828296039
v  -0.0234669801 -0.00286399294 -0.00835698936
v  -0.0230009891 -0.00218396354 -0.00992298219
v  -0.0234859996 -0.00274597574 -0.00836694334
v  -0.0237149987 -0.000708986539 -0.00834995601
v  -0.0231149588 -0.000681985635 -0.00990796089
v  -0.0229629595 0.000271032564 -0.0101789813
v  -0.0230609495 0.000115047442 -0.00998997688
v  -0.0236039497 0.00132502127 -0.0083389869
v  -0.0231049396 -7.19917007e-05 -0.00991296768
v  -0.0231139399 -0.000182975549 -0.00990098808
v  -0.0208059903 0.000119041186 -0.0144819608
v  -0.0217919704 -0.000826944131 -0.0126359407
v  -0.0227149501 0.000254045473 -0.0106889606
v  -0.0228349902 0.000331054442 -0.010433971
v  -0.0204219595 -0.000330973882 -0.0153459907
v  -0.0204609986 -0.00144498376 -0.0153839514
v  -0.02042697 -0.00222598389 -0.0154119711
v  -0.0235899501 0.00166703318 -0.0082209697
v  -0.0226119496 0.00281901238 -0.00993895531
v  -0.0225969888 0.00266404054 -0.0100599499
v  -0.0222869888 0.00386500149 -0.00988894701
v  -0.0225669499 0.00304700155 -0.00988894701
v  -0.02259795 0.00292900158 -0.00990098715
v  -0.0207339898 0.00838894583 -0.00834494736
v  -0.0200289898 0.00816399883 -0.0101249786
v  -0.0205409899 0.00721896626 -0.0101709887
v  -0.0207379796 0.00706995465 -0.00996094849
v  -0.0208289996 0.00695497729 -0.00990795903
v  -0.0217789803 0.00649494817 -0.00834298134
v  -0.0208829995 0.00686896779 -0.00989395194
v  -0.0226989798 0.00452200137 -0.00833696127
v  -0.0226779897 0.00457100105 -0.0083389869
v  -0.02183697 0.00495798327 -0.00988996029
v  -0.0209039804 0.00683099963 -0.00989299919
v  -0.0202969704 0.0071339705 -0.0106789395
v  -0.0203409586 0.00721699931 -0.0105239693
v  -0.0198809896 0.00811398961 -0.0104359891
v  -0.0203869697 0.00724400021 -0.0104189487
v  -0.0204359703 0.0072489474 -0.0103279892
v  -0.0188339688 0.00775695778 -0.0125259692
v  -0.0231419597 0.00430800114 -0.00727599813
v  -0.0231179986 0.00417100126 -0.00751995994
v  -0.0235369597 0.00403400091 -0.00622898294
v  -0.0230639894 0.0040840013 -0.007785975
v  -0.0230219699 0.00409100112 -0.00790297892
v  -0.0231989995 0.00514895562 -0.00578594208
v  -0.0239459593 0.00407900056 -0.0041829939
v  -0.0231019594 0.00611496856 -0.00403994275
v  -0.0228279587 0.00711096125 -0.00219494058
v  -0.023177959 0.00644499902 -0.00211399654
v  -0.0223849788 0.0080929473 -0.000317999336
v  -0.0232579503 0.00646097306 -2.7999582e-05
v  -0.0223730002 0.00811398774 -0.000271999306
v  -0.022350939 0.00815499574 -0.0001239993
v  -0.0223849788 0.0080929473 0.000264000642
v  -0.0223479588 0.00816196948 6.94364399e-10
v  -0.0231359992 0.00592298014 0.00433796644
v  -0.0231139399 0.00414399849 0.00751197292
v  -0.0235369597 0.00403399905 0.00617396785
v  -0.0230559502 0.00408299873 0.00775694801
v  -0.022927979 0.00415999861 0.0080439439
v  -0.0231179986 0.00417099847 0.00746697094
v  -0.0231999494 0.00503898412 0.00592797901
v  -0.02394698 0.0040799994 0.00412797881
v  -0.0231869593 0.005460985 0.00517195463
v  -0.0250179488 0.000363000669 0.000778999412
v  -0.025013959 0.000645049848 0.000263999449
v  -0.0242149588 -0.00236099213 0.00581794791
v  -0.0249519702 -0.00150697492 3.99991186e-05
v  -0.0249429699 -0.00156997703 0.000263999071
v  -0.0244329888 -0.00194995804 0.00504094223
v  -0.0235949494 0.00138504058 0.00828397181
v  -0.0235879794 0.0016090346 0.00820094254
v  -0.0236199889 0.00178302056 0.00801497605
v  -0.0238229986 0.00238300161 0.00695395377
v  -0.0239799991 0.00326399901 0.00536799384
v  -0.0239779688 0.00416899938 0.00372099807
v  -0.0239089504 0.0046609994 0.00281596114
v  -0.0238079801 0.00509799272 0.00200498127
v  -0.0234730002 0.00601697806 0.000264000322
v  -0.023443969 0.00607998017 7.40003525e-05
v  -0.0239609797 0.00431900052 -0.003498971
v  -0.023777999 0.0051999772 -0.00186598278
v  -0.0234730002 0.00601697806 -0.000317999657
v  -0.0234409887 0.00608695392 -5.09996426e-05
v  -0.0229809601 0.00663299207 -0.00308698346
v  -0.0239929892 0.00345000066 -0.00508397818
v  -0.0239559803 0.00304400083 -0.00581997586
v  -0.0236029997 0.00172502827 -0.00815099385
v  -0.0236210003 0.00178302336 -0.00806695223
v  -0.0238789693 0.00261200499 -0.00659799483
v  -0.0235869698 0.00155300926 -0.00828498602
v  -0.0235919692 0.0016480193 -0.00822496414
v  -0.024429949 -0.00195496297 -0.00510299299
v  -0.0239279587 -0.00281797815 -0.00674897479
v  -0.025013959 0.000645049848 -0.00031800053
v  -0.0249719992 -0.000222971663 -0.00189995766
v  -0.0249009486 -0.000621964689 -0.00262999581
v  -0.0250109788 0.00071305898 -0.000136000526
v  -0.025013959 0.000660010846 -0.000288000534
v  -0.0107109901 -0.0171649903 0.0100099966
v  -0.0111259604 -0.0169349834 0.0100109465
v  -0.0104979603 -0.0176519603 0.00853097066
v  -0.0125559904 -0.0164619535 0.00853299629
v  -0.0188199598 -0.0125499805 -0.000321002677
v  -0.018867949 -0.0125029506 -0.000154002671
v  -0.0189229604 -0.0122129796 -0.00378596946
v  -0.0185039993 -0.0109589584 -0.0102909831
v  -0.0176709704 -0.0117469886 -0.0105589628
v  -0.0181099493 -0.0120159788 -0.00856799074
v  -0.01755796 -0.011361938 -0.0117200026
v  -0.0165099893 -0.0126919588 -0.0110569531
v  -0.0155739607 -0.0129789589 -0.0125280032
v  -0.0148259802 -0.0132039683 -0.0136729432
v  -0.0139889503 -0.0151029686 -0.010068953
v  -0.0136069404 -0.015373989 -0.0100699626
v  -0.0145199709 -0.0151229976 -0.00858396478
v  -0.0125559904 -0.0164619498 -0.00858599227
v  -0.00954298303 -0.0159699768 -0.015971953
v  -0.00965396781 -0.0158209689 -0.0162769537
v  -0.00787000079 -0.0166519694 -0.0161889736
v  -0.00849698111 -0.0172569565 -0.0133489938
v  -0.00810794253 -0.0176729374 -0.0125280041
v  -0.00734494301 -0.0184939988 -0.0108529935
v  -0.00766299339 -0.0185969882 -0.0100799734
v  -0.00757299038 -0.01862197 -0.0101179434
v  -0.00614295481 -0.0195429772 -0.00856799167
v  -0.00749896094 -0.0186369866 -0.010168964
v  -0.00740895793 -0.0186439566 -0.0102649936
v  -0.00729594799 -0.0186169595 -0.0105069838
v  -0.00609199284 -0.0190309696 -0.010557944
v  -0.00735596893 -0.0186399668 -0.0103489738
v  -0.00737599703 -0.0186429471 -0.0103150038
v  -0.00729296682 -0.0186129697 -0.010523974
v  -0.00729398103 -0.0185579471 -0.0107049933
v  -0.00604097219 -0.0185249895 -0.0122219939
v  -0.0104979603 -0.0176519565 -0.00858396571
v  -0.0104649402 -0.0172969587 -0.0100679938
v  -0.00782297272 -0.0185379796 -0.0100579839
v  -0.0112909405 -0.0168409795 -0.0100699635
v  -0.0170429703 -0.0115609579 -0.0125149433
v  -0.0166439787 -0.0126449885 -0.0108529925
v  -0.0167609788 -0.0126359882 -0.0105909724
v  -0.0167769603 -0.0126599474 -0.010490953
v  -0.0167729594 -0.0127129378 -0.010361963
v  -0.016712999 -0.0128359674 -0.0101799928
v  -0.0164769702 -0.0130959591 -0.010057983
v  -0.0163759999 -0.0136399688 -0.00857895892
v  -0.0165669695 -0.0130099477 -0.010068953
v  -0.0166939888 -0.0128619475 -0.0101539427
v  -0.0159419496 -0.011951969 -0.0142589826
v  -0.0147569505 -0.0123219984 -0.0161879621
v  -0.0133589907 -0.0134759983 -0.0162709933
v  -0.0132359602 -0.0135699986 -0.0162760038
v  -0.0186459795 -0.0124139702 -0.00435698265
v  -0.0179549791 -0.0128609994 -0.00571298786
v  -0.0168439504 -0.0140449898 -0.00455099577
v  -0.0169009902 -0.0134229483 -0.00762999291
v  -0.0168309603 -0.0134419678 -0.00780499168
v  -0.0168009792 -0.0134229483 -0.00798899215
v  -0.0168189798 -0.0133569678 -0.0081799645
v  -0.0168849602 -0.0132589778 -0.00832694955
v  -0.0169820003 -0.013143939 -0.00842297263
v  -0.0171099696 -0.0130159678 -0.00846499484
v  -0.0171309486 -0.0129959388 -0.00846594758
v  -0.0184359886 -0.0117129488 -0.00845694821
v  -0.0185549594 -0.0115869492 -0.00845694821
v  -0.0196539499 -0.0103489589 -0.00844496582
v  -0.0169409886 -0.0139869908 -0.0043609757
v  -0.0171929989 -0.0138299903 -0.00386297982
v  -0.0182479993 -0.0130599597 -0.00164199085
v  -0.0188720003 -0.0124999704 7.1997325e-05
v  -0.02042697 -0.0108429696 -0.0003190024
v  -0.0196009595 -0.0116639603 -0.00231194659
v  -0.0196189601 -0.01164799 0.0022169915
v  -0.02042697 -0.0108429696 0.000265997573
v  -0.0204649903 -0.01080094 9.1997601e-05
v  -0.0204709489 -0.01079397 -8.80023945e-05
v  -0.0187189896 -0.0123619894 0.00415396318
v  -0.0188289601 -0.0125409802 0.000247997319
v  -0.0188199598 -0.0125499805 0.000267997326
v  -0.0170109589 -0.0131139616 0.00838494021
v  -0.0169109497 -0.013226972 0.00830697734
v  -0.0163759999 -0.0136399725 0.00852495153
v  -0.0171309486 -0.0129959425 0.0084129544
v  -0.0181099493 -0.0120149711 0.00851398427
v  -0.0183149893 -0.0118389623 0.00840496738
v  -0.0168340001 -0.0133299725 0.00817596633
v  -0.0168019887 -0.0134029826 0.00801199302
v  -0.016811939 -0.0134379724 0.00783598144
v  -0.0168689899 -0.0134349922 0.00764399441
v  -0.0168439504 -0.0140449898 0.00449794205
v  -0.0178589597 -0.0133669795 0.0024359792
v  -0.0173499901 -0.0137270009 0.00349294813
v  -0.018646989 -0.0124129495 0.00430196198
v  -0.016942 -0.0139859794 0.00430696923
v  -0.0180179793 -0.0128229698 0.00553994998
v  -0.0169009902 -0.013422952 0.00757693918
v  -0.0168429986 -0.0116369622 0.0127769671
v  -0.0181549601 -0.0111179817 0.0107669774
v  -0.0176729895 -0.0117499726 0.0104969675
v  -0.0192929897 -0.0105559723 0.00899594743
v  -0.0196539499 -0.0103479512 0.00839298684
v  -0.0165979601 -0.0129769919 0.0100249574
v  -0.0166469589 -0.0129219824 0.0100549376
v  -0.0167769603 -0.0126569727 0.0104489876
v  -0.0167519804 -0.0127689717 0.0102089569
v  -0.0167039987 -0.0128479516 0.0101149576
v  -0.0155749703 -0.0129809817 0.0124719674
v  -0.0163749792 -0.0118049821 0.0135149872
v  -0.0147569505 -0.0123209814 0.016134968
v  -0.0167249795 -0.0126309926 0.0106469868
v  -0.0167109687 -0.0126320021 0.0106789377
v  -0.0166469589 -0.0126489913 0.0107939774
v  -0.01517794 -0.0131089622 0.0130629474
v  -0.0135449506 -0.013507952 0.0157069471
v  -0.0132369809 -0.0135689816 0.0162229463
v  -0.0145199709 -0.0151230013 0.00853097159
v  -0.01422498 -0.0149319628 0.0100099975
v  -0.0164769702 -0.0130959628 0.00999998767
v  -0.0134469606 -0.0154859917 0.0100109475
v  -0.0073469691 -0.0184979923 0.010792966
v  -0.00729195401 -0.0185959823 0.0105349962
v  -0.00609395979 -0.0190339535 0.0104969665
v  -0.00862697978 -0.0171079524 0.0135999862
v  -0.00741599081 -0.0184279531 0.0109339859
v  -0.00810895581 -0.0176759809 0.0124719664
v  -0.00604299782 -0.0185319632 0.0121549862
v  -0.00619397685 -0.0183879621 0.0124589764
v  -0.00730399415 -0.018620003 0.0104369465
v  -0.00735799596 -0.0186419934 0.0102889463
v  -0.00614295481 -0.0195429809 0.00851398334
v  -0.00751398085 -0.0186339505 0.0101049459
v  -0.00835697073 -0.0186839625 0.00852495059
v  -0.00772998901 -0.018573992 0.0100079663
v  -0.00782297272 -0.0185390003 0.00999897346
v  -0.00704298494 -0.0175419934 0.0142449662
v  -0.00786898751 -0.0166519731 0.0161349662
v  -0.00951598212 -0.0158919618 0.0162189566
v  -0.00965295453 -0.0158209726 0.0162239559
v  -0.00579498289 -0.018763952 0.0116679566
v  -0.00504199788 -0.0194259733 0.0102679664
v  -0.00397698209 -0.0202109702 0.00839298498
v  -0.00743595883 -0.0194479711 0.00656896411
v  -0.00793395657 -0.0190619715 0.00757693825
v  -0.00845299382 -0.0190429613 0.00644194614
v  -0.00799695868 -0.0189809725 0.00785499439
v  -0.00793198962 -0.0189579614 0.00809698831
v  -0.00776396273 -0.018981982 0.00830494892
v  -0.00753698917 -0.0190519616 0.00840597972
v  -0.00744895311 -0.0190849826 0.00841295347
v  -0.00556294201 -0.0197589919 0.00840293895
v  -0.00522295805 -0.0207160003 0.00234198105
v  -0.00577799603 -0.0204599984 0.0033709961
v  -0.00625495194 -0.020437941 9.99960321e-05
v  -0.00623295782 -0.0202199705 0.00422894536
v  -0.00631795498 -0.0204139799 0.000267996045
v  -0.00408599898 -0.0211229809 0.000266995921
v  -0.00625095889 -0.0204389617 -0.000126003957
v  -0.00402895687 -0.0211389512 7.39959141e-05
v  -0.00569997402 -0.0204979591 -0.00327897398
v  -0.00450799987 -0.0209909491 -0.00108600012
v  -0.00408599898 -0.0211229809 -0.000321004074
v  -0.00403295085 -0.0211380012 -0.000152004068
v  -0.00623295782 -0.0202199705 -0.00428295461
v  -0.00630597398 -0.0204189904 -0.000302003958
v  -0.00631795498 -0.0204139799 -0.000321003958
v  -0.00744996592 -0.0190849788 -0.00846594851
v  -0.00835697073 -0.0186839588 -0.00857794564
v  -0.00768695353 -0.0190029591 -0.00840598717
v  -0.00778095098 -0.0189779885 -0.00834399741
v  -0.00787798781 -0.0189609975 -0.00823897496
v  -0.00798795745 -0.0189689882 -0.00798499864
v  -0.0079779448 -0.0190219693 -0.00774294464
v  -0.00793395657 -0.0190619677 -0.00762999384
v  -0.00851998944 -0.0192809589 -0.0045509967
v  -0.00685195299 -0.0198479816 -0.00547296181
v  -0.00842497963 -0.0193429515 -0.00436097663
v  -0.00746897981 -0.0199019797 -0.00248897402
v  -0.00801394507 -0.0195989497 -0.00354695669
v  -0.00627199886 -0.0201979689 -0.00435698358
v  -0.00629697414 -0.0201839693 -0.00440299883
v  -0.00430897996 -0.0199839883 -0.00903195515
v  -0.00397698209 -0.0202119797 -0.00844496768
v  -0.00573096797 -0.0197049789 -0.00845694914
v  -0.00531999394 -0.0191809982 -0.0108499536
v  -0.00730494782 -0.0185399465 -0.0107519636
v  -0.00618897006 -0.0183859877 -0.0125149442
v  -0.00667999312 -0.0179109387 -0.0135169635
v  -0.01049498 -0.0176839717 0.00839697942
v  -0.0103339907 -0.017790962 0.0082939826
v  -0.0102339806 -0.0178749412 0.0081439577
v  -0.00925998017 -0.0187419504 0.00601994526
v  -0.00872794911 -0.0191379711 0.00492095528
v  -0.00633798214 -0.0201609619 0.00442796526
v  -0.00818894431 -0.0194929689 0.00383895217
v  -0.0070389919 -0.0201129802 0.00161593698
v  -0.0145649705 -0.0151239512 0.00839096028
v  -0.0144409901 -0.0152079919 0.00842195377
v  -0.0144100003 -0.0152299916 0.00842296705
v  -0.0125669604 -0.0164799616 0.00842398033
v  -0.0106419707 -0.0175999925 0.00842296612
v  -0.0148339607 -0.0149819711 0.00814395864
v  -0.01465795 -0.0150679825 0.0083389841
v  -0.0156159801 -0.0146739921 0.00678395899
v  -0.0167889986 -0.0140769901 0.00460397825
v  -0.0146249905 -0.0150869889 -0.00841295999
v  -0.0147139803 -0.0150369881 -0.00834596343
v  -0.0148119703 -0.0149909677 -0.00823295396
v  -0.0148339607 -0.0149819674 -0.00819695182
v  -0.0160469804 -0.0144739589 -0.00605595391
v  -0.0166249592 -0.0141709903 -0.00497299666
v  -0.0104799606 -0.0176939778 -0.00844300073
v  -0.0106079904 -0.0176179893 -0.00847399607
v  -0.0106419707 -0.0175999887 -0.00847494975
v  -0.0125669604 -0.0164799578 -0.00847697537
v  -0.0144100003 -0.0152309975 -0.00847494882
v  -0.0102339806 -0.0178749375 -0.00819695275
v  -0.0103879906 -0.0177529864 -0.0083909668
v  -0.00961599965 -0.018446967 -0.00683498662
v  -0.00857196469 -0.019245971 -0.00465596095
v  -0.0203980003 -0.0109689683 -0.00866794772
v  -0.0192539487 -0.0115789585 -0.010523973
v  -0.0189199802 -0.011729938 -0.0110269729
v  -0.0178319588 -0.0121259587 -0.012569963
v  -0.0167609788 -0.0123589477 -0.0139609529
v  -0.0158669688 -0.0124199884 -0.0150219724
v  -0.0150119402 -0.0123589477 -0.0159399509
v  -0.0191459395 -0.0123849986 -0.00866794772
v  -0.0177999493 -0.0137119787 -0.00866794772
v  -0.0175599791 -0.0141549585 -0.00780695863
v  -0.0174829699 -0.0141779585 -0.00798899215
v  -0.0174529888 -0.0141529879 -0.00819796603
v  -0.0174759999 -0.014084979 -0.00838196464
v  -0.0175529495 -0.0139729781 -0.00853997655
v  -0.01765595 -0.0138539476 -0.00863194652
v  -0.0177829601 -0.013727949 -0.00866794772
v  -0.0195909496 -0.012943971 -0.00396198267
v  -0.0184199587 -0.0137089984 -0.00625598663
v  -0.0211739894 -0.01149897 -0.000328002498
v  -0.0212029591 -0.0114659499 -0.000238002511
v  -0.0212239996 -0.0114409802 4.49975014e-05
v  -0.0211739894 -0.01149897 0.000273997488
v  -0.0203639604 -0.0123129906 0.00223397953
v  -0.0195299797 -0.0129889706 0.00403499324
v  -0.0193219502 -0.0131379804 0.00445794733
v  -0.0175599791 -0.0141549623 0.00775295123
v  -0.0177999493 -0.0137119824 0.00861495454
v  -0.0176699497 -0.0138389925 0.0085849734
v  -0.0175519995 -0.0139740026 0.00848495588
v  -0.0174759999 -0.0140849827 0.00832897145
v  -0.0174529888 -0.0141549623 0.00813495833
v  -0.0174809489 -0.0141779622 0.00794499833
v  -0.0191459395 -0.0123850023 0.00861495454
v  -0.0203980003 -0.010968972 0.00861495454
v  -0.0201449804 -0.0111159524 0.00904798228
v  -0.0189199802 -0.0117299417 0.0109729674
v  -0.0156490002 -0.0124149816 0.0152129475
v  -0.0165599901 -0.0123829721 0.0141549669
v  -0.0174149591 -0.0122359926 0.0130719468
v  -0.0183729902 -0.0119489925 0.0117669674
v  -0.0220959596 -0.00714795198 0.0109729683
v  -0.0226569492 -0.00674997177 0.0100629879
v  -0.0240619499 -0.00547896978 0.0073389397
v  -0.0245929696 -0.0048449561 0.00606196979
v  -0.0249119792 -0.00439499971 0.00518297963
v  -0.0254509803 -0.00343095465 0.00336694578
v  -0.0255169589 -0.00328098843 0.00309294276
v  -0.02596597 -0.00169896195 0.000273999089
v  -0.0182789899 -0.00855099317 0.0155669982
v  -0.0211359598 -0.00770895183 0.0123569882
v  -0.0201789495 -0.00812595151 0.013560948
v  -0.0192219988 -0.00840496272 0.0146269677
v  -0.0259719901 -0.00165497418 0.00018299908
v  -0.0259759799 -0.00162296603 -9.70008987e-05
v  -0.02596597 -0.00169896195 -0.000328000897
v  -0.025901949 -0.00206994126 -0.00097700092
v  -0.02574596 -0.00266998075 -0.0020399692
v  -0.0253299791 -0.00367998146 -0.00388199114
v  -0.0250899587 -0.00411199499 -0.00469398545
v  -0.0247979499 -0.00456296373 -0.00556099555
v  -0.0241639987 -0.00536697078 -0.00716298958
v  -0.0228819586 -0.00657496788 -0.00972700305
v  -0.0237139799 -0.00583897997 -0.00814199541
v  -0.0220959596 -0.00714794826 -0.011026972
v  -0.0218709502 -0.00729398802 -0.0113709522
v  -0.0209329501 -0.00780896842 -0.012677962
v  -0.0200789887 -0.00816098787 -0.0137319518
v  -0.0190889593 -0.00843296759 -0.0148189617
v  0.00652595097 -0.0221639685 -0.000328004244
v  0.00656797318 -0.0221499689 -0.000236004256
v  0.00659896713 -0.0221399516 4.39957585e-05
v  0.00652595097 -0.0221639685 0.000273995742
v  0.00242795306 -0.0221159905 0.00713794958
v  0.00617797906 -0.0222629793 0.000898995728
v  0.00554497819 -0.0223859996 0.0020059899
v  0.00447894912 -0.0224439986 0.00380694377
v  0.00395997101 -0.0224129409 0.00466393959
v  0.003437954 -0.0223449916 0.00551497471
v  0.00182797294 -0.0219199508 0.00808596145
v  0.00078599999 -0.0214779824 0.00970398914
v  -5.00000024e-05 -0.0210259408 0.0109729664
v  -0.00101296208 -0.0203660019 0.0124159362
v  -0.00187395094 -0.0195989534 0.0137309963
v  -0.00254295394 -0.0188259929 0.0148139466
v  -0.00637297006 -0.0193279833 0.0125359762
v  -0.00704596611 -0.0184589513 0.0139309661
v  -0.00421796413 -0.0211499818 0.00861495361
v  -0.00527195306 -0.0203719623 0.0104949363
v  -0.00553796813 -0.0201489814 0.0109729664
v  -0.00748596713 -0.0176779516 0.0149899665
v  -0.00779799698 -0.0168839619 0.0158999469
v  -0.00603095815 -0.0206350014 0.00861495361
v  -0.00780699821 -0.0199980028 0.00861495361
v  -0.00836495776 -0.0199139602 0.00793498289
v  -0.00830994267 -0.0199729726 0.0077529503
v  -0.00782797951 -0.0199899524 0.00861495361
v  -0.00799695868 -0.0199299902 0.00857793819
v  -0.00814895052 -0.0198879726 0.00848698243
v  -0.00828300044 -0.0198669918 0.00832897052
v  -0.0083539905 -0.0198759921 0.0081439577
v  -0.00753895612 -0.0205529816 0.00621097768
v  -0.00633798214 -0.0212799795 0.00390594685
v  -0.00435499474 -0.0220799893 0.000273995771
v  -0.00431196019 -0.0220919698 0.000183995755
v  -0.00428495882 -0.0220999606 7.5995762e-05
v  -0.00428096578 -0.0221009701 -9.80042314e-05
v  -0.00435499474 -0.0220799893 -0.000328004215
v  -0.00640694378 -0.0212439783 -0.0040890011
v  -0.00543699786 -0.0217029899 -0.00228798715
v  -0.00830994267 -0.0199729688 -0.00780695956
v  -0.00780699821 -0.0199979991 -0.00866794866
v  -0.0079779448 -0.0199359469 -0.00863898173
v  -0.00815097615 -0.0198879689 -0.00853795186
v  -0.00828300044 -0.0198669881 -0.00838196557
v  -0.00835595746 -0.0198769383 -0.00818896573
v  -0.0083659701 -0.0199119896 -0.00799799245
v  -0.00603197096 -0.0206349976 -0.00866794866
v  -0.00421796413 -0.021149978 -0.00866794866
v  -0.00445894478 -0.0209849887 -0.00910198968
v  -0.00553796813 -0.0201489776 -0.0110269738
v  -0.00597695587 -0.0197429471 -0.0118319942
v  -0.00664899917 -0.0190029591 -0.0131389434
v  -0.00757096289 -0.0174919777 -0.0152709438
v  -0.00714794919 -0.0182989687 -0.0142159434
v  -0.0111029502 -0.0184659809 0.00861495361
v  -0.0130899902 -0.0173109621 0.00861495361
v  -0.0149909602 -0.0160210021 0.00861495454
v  -0.0154290004 -0.0157639831 0.00832897145
v  -0.0153189702 -0.0158129819 0.00846999511
v  -0.0151489703 -0.0159119815 0.00858294591
v  -0.0161629692 -0.0154759726 0.00705796061
v  -0.0177749787 -0.0146269696 0.00404995307
v  -0.0195239596 -0.0132609503 0.000273997197
v  -0.0195559599 -0.0132299503 0.000182997188
v  -0.0195769388 -0.0132109998 7.49972096e-05
v  -0.0195799787 -0.0132079599 -9.70027831e-05
v  -0.0195239596 -0.0132609503 -0.000328002789
v  -0.0174909588 -0.0148 -0.00465900032
v  -0.018981969 -0.0137479799 -0.00157797593
v  -0.0154290004 -0.0157639794 -0.00838196464
v  -0.0149909602 -0.0160209984 -0.00866794772
v  -0.0151319904 -0.0159229487 -0.00864297338
v  -0.0153029906 -0.0158219784 -0.00853795093
v  -0.0130899902 -0.0173109584 -0.00866794866
v  -0.0111029502 -0.0184659772 -0.00866794866
v  -0.0106829805 -0.0187489875 -0.00838196557
v  -0.0107749505 -0.0186719783 -0.00852299109
v  -0.0109379701 -0.018560987 -0.00863600057
v  -0.0101039801 -0.0192889385 -0.00710696261
v  -0.00864295382 -0.0203709491 -0.00410497468
v  -0.00665394589 -0.0213569887 -0.000328004098
v  -0.00661198376 -0.0213719495 -0.000237004104
v  -0.00658599706 -0.0213819593 -0.000128004118
v  -0.00658194302 -0.0213839896 4.39958822e-05
v  -0.00665394589 -0.0213569887 0.000273995887
v  -0.00892094988 -0.0201909989 0.00460397732
v  -0.00733099505 -0.0210779794 0.00152897392
v  -0.0106829805 -0.0187489912 0.00832897052
v  -0.0109540001 -0.0185509808 0.00858896505
v  -0.0107879406 -0.0186609514 0.00848298799
v  0.00434495788 -0.021685943 0.00775294984
v  0.00555195194 -0.021850992 0.00584196579
v  0.00481899409 -0.0217749923 0.00701099169
v  0.00642998796 -0.0218409784 0.00439893687
v  0.00602998119 -0.021858979 0.00506197987
v  0.00561298709 -0.0218539722 0.00574397575
v  0.00698299985 -0.0217729695 0.00345897186
v  0.00723196799 -0.0217249915 0.00302695786
v  0.00872399192 -0.0211749487 0.000273995916
v  0.00876297243 -0.0211539716 0.000180995907
v  0.00878997333 -0.0211389512 -9.70040783e-05
v  0.00872399192 -0.0211749487 -0.000328004069
v  0.00845398288 -0.0213119797 -0.000850004086
v  0.00763298804 -0.0216239616 -0.00237095729
v  0.00614799792 -0.0218559988 -0.00492197601
v  0.00744499499 -0.0216749795 -0.0027069482
v  0.00434495788 -0.0216859393 -0.00780696003
v  0.00475497823 -0.0213289671 -0.00866794866
v  0.00458599906 -0.0213809498 -0.00864094775
v  0.00442095427 -0.0214509778 -0.00854498427
v  0.0042459541 -0.0215999894 -0.00818097871
v  0.00428994326 -0.0215349682 -0.00836694613
v  0.00429894309 -0.0215269774 -0.00838798564
v  0.00427498203 -0.0216609687 -0.00795096438
v  0.00683994917 -0.0205959491 -0.00866794866
v  0.00876398664 -0.0195119791 -0.00866794866
v  0.00921495445 -0.0193109997 -0.00838196557
v  0.00910498481 -0.019334957 -0.00851899665
v  0.00894196518 -0.0194049887 -0.00862896815
v  0.00879694801 -0.0194899887 -0.00866794866
v  0.0119309593 -0.0183569714 -0.00335300271
v  0.0108189695 -0.0189479515 -0.00559199182
v  0.0104689691 -0.0190719776 -0.00623899978
v  0.00957299955 -0.0192739777 -0.00779694691
v  0.0131959496 -0.0172029585 -0.000328003429
v  0.0124269892 -0.0179789513 -0.0022449526
v  0.0132249696 -0.0171689913 -0.000234003426
v  0.0132449996 -0.0171449594 4.2996573e-05
v  0.0131959496 -0.0172029585 0.000274996564
v  0.0129619995 -0.0174679607 0.000888996525
v  0.0123199997 -0.0180679411 0.00243699155
v  0.0117539894 -0.0184729584 0.00367694627
v  0.0109839598 -0.0188799985 0.0052239853
v  0.0107109696 -0.018988952 0.00573998224
v  0.00921495445 -0.0193110034 0.00832897052
v  0.00876398664 -0.0195119828 0.00861495361
v  0.00890399795 -0.0194249637 0.00859099254
v  0.00906898361 -0.0193479508 0.00849598274
v  0.00919194799 -0.0193129629 0.00836497173
v  0.00683994917 -0.0205959529 0.00861495361
v  0.00475497823 -0.0213299915 0.00861495361
v  0.00426294189 -0.0216509625 0.00793999061
v  0.00442095427 -0.0214509815 0.00849097501
v  0.00429697614 -0.0215289518 0.00832897052
v  0.00424696784 -0.0215969533 0.00813996326
v  0.00459094625 -0.0213789828 0.00858896505
v  -0.0244489703 -0.00293695135 0.0086149564
v  -0.024422979 -0.00310897036 0.0085879555
v  -0.0244139787 -0.00328897638 0.00849294476
v  -0.0244289991 -0.00343196839 0.00833696034
v  -0.02443395 -0.00344895571 0.00830995943
v  -0.0244739391 -0.00351499766 0.00812297873
v  -0.0245409999 -0.00351297157 0.00789397769
v  -0.0245939903 -0.00346194953 0.00775295263
v  -0.0246869698 -0.000737957656 0.0086149564
v  -0.0245389696 0.00146801048 0.00861495733
v  -0.0245249588 0.00185400946 0.00846499205
v  -0.0245509502 0.00196505338 0.00832897425
v  -0.0245179888 0.00167501741 0.00857597496
v  -0.0245329496 0.00150603848 0.00861394405
v  -0.0248629786 0.00482499925 0.00329995132
v  -0.0249119792 0.00358499889 0.00552797318
v  -0.0248709694 0.0032059988 0.00619494915
v  -0.0246699788 0.00231302576 0.00773894647
v  -0.0243749991 0.00644595176 0.000274000398
v  -0.0247389395 0.00542695075 0.00219196035
v  -0.0243749991 0.00644595176 -0.000327999587
v  -0.0243480001 0.00650698692 -0.000154999565
v  -0.0243459698 0.00651098089 7.80004193e-05
v  -0.0247759596 0.00527495937 -0.00252699782
v  -0.0244909897 0.00617498998 -0.000843999616
v  -0.0248849802 0.0046660006 -0.00364398886
v  -0.0249179993 0.00369000086 -0.00539594796
v  -0.0249029789 0.0034820009 -0.00576394703
v  -0.0245500002 0.00196505617 -0.00838196184
v  -0.0245389696 0.00146801327 -0.00866794493
v  -0.0245199595 0.00163401221 -0.00864398386
v  -0.024520969 0.00181902526 -0.00854796078
v  -0.0245429594 0.00194401527 -0.00841694977
v  -0.0246869698 -0.000737954862 -0.00866794586
v  -0.0245559588 -0.00230496051 -0.00866794586
v  -0.0244479496 -0.00293694856 -0.00866794586
v  -0.0245259795 -0.0035209558 -0.00799298286
v  -0.0245939903 -0.00346194673 -0.00780695723
v  -0.0244699493 -0.00351195456 -0.00819498394
v  -0.0244309697 -0.00343697285 -0.00838399027
v  -0.0244139787 -0.00329094054 -0.00854498148
v  -0.024422979 -0.00310598779 -0.00864297152
v  -0.0252639391 -0.00244097924 -0.00589197874
v  -0.0248729996 -0.00307797408 -0.00707596587
v  -0.0256329495 -0.00164597202 -0.00445199106
v  -0.0254779793 -0.0020139711 -0.00511395978
v  -0.02529094 -0.0023899572 -0.00579899596
v  -0.0258099791 -0.00111799454 -0.00351494597
v  -0.0258759595 -0.000867953524 -0.00307399081
v  -0.0260229502 0.000711032888 -0.000328000518
v  -0.0260179993 0.00078702881 4.39994947e-05
v  -0.02601997 0.000755020883 -0.000235000494
v  -0.0260229502 0.000711032888 0.000273999467
v  -0.0260299798 0.000405022642 0.000802999362
v  -0.0259569697 -0.000465980731 0.0023149834
v  -0.0255239997 -0.00190895004 0.00487095024
v  -0.0259209592 -0.000658980571 0.00265395525
v  -0.00768999429 -0.0193959884 -0.0111140041
v  -0.00765494583 -0.0194369368 -0.0110269738
v  -0.00764695881 -0.019448977 -0.0109969936
v  -0.00765399309 -0.0195259899 -0.0107319942
v  -0.00776295038 -0.019546967 -0.0105159841
v  -0.00785497949 -0.0195369571 -0.0104259839
v  -0.0079689445 -0.0195119791 -0.0103549939
v  -0.00818596408 -0.0194379576 -0.0103069535
v  -0.00831995532 -0.0193819888 -0.0103069535
v  -0.0109599605 -0.0181339793 -0.0103069535
v  -0.0117739802 -0.0176839679 -0.0103069535
v  -0.0133469505 -0.016721949 -0.0103060035
v  -0.0142199807 -0.0161309689 -0.0103069535
v  -0.0160099603 -0.014773949 -0.0103069525
v  -0.0171309486 -0.0138109783 -0.0103069525
v  -0.0173709802 -0.013544959 -0.0104359929
v  -0.0174199697 -0.0134619875 -0.0105379829
v  -0.0174369588 -0.0133579774 -0.0107749728
v  -0.0173599496 -0.0133319991 -0.0110269729
v  -0.0173079688 -0.0133459391 -0.0111140031
v  -0.01731495 -0.0136199491 -0.0103729926
v  -0.017145969 -0.0137979789 -0.0103069525
v  -0.0158789493 -0.013716978 -0.0131399632
v  -0.0168340001 -0.013498948 -0.0118059525
v  -0.0141969705 -0.0137619777 -0.0152469827
v  -0.0150509803 -0.0137969675 -0.0142189832
v  -0.0171309486 -0.013810982 0.010252947
v  -0.0170389786 -0.0138939517 0.010252947
v  -0.01474897 -0.015750993 0.010252947
v  -0.0133469505 -0.0167219527 0.0102529461
v  -0.01153199 -0.0178210028 0.0102529461
v  -0.00818596408 -0.0194379613 0.0102529461
v  -0.0104960008 -0.0183759816 0.0102529461
v  -0.00768999429 -0.0193959922 0.0110609466
v  -0.00765494583 -0.0194369406 0.0109729664
v  -0.00764397858 -0.0195169933 0.0107209561
v  -0.00774596306 -0.0195479915 0.010484986
v  -0.00784395356 -0.0195389912 0.0103809759
v  -0.00793294236 -0.0195209831 0.0103199361
v  -0.0081669502 -0.0194449909 0.0102529461
v  -0.00800899882 -0.0194999427 0.0102849565
v  -0.00866596028 -0.0182340033 0.0131409662
v  -0.00806997344 -0.018992953 0.0118289459
v  -0.00943796057 -0.0166929811 0.0152869765
v  -0.0090909414 -0.0175219625 0.014214986
v  0.0127929598 -0.013741958 -0.0111140031
v  0.0128499996 -0.0137409391 -0.0110269729
v  0.0129529992 -0.0138169983 -0.0107749728
v  0.0129789794 -0.0139369788 -0.0105899526
v  0.0129769593 -0.0139839491 -0.0105359526
v  0.0129539492 -0.0140969576 -0.010436953
v  0.0129049597 -0.0142289875 -0.0103579732
v  0.0127819898 -0.014439988 -0.0103069525
v  0.00995595939 -0.0177129991 -0.0103069535
v  0.01138396 -0.0162189491 -0.0103069535
v  0.00961698871 -0.0179169588 -0.0104709836
v  0.0095269857 -0.0179279894 -0.0105789835
v  0.00972898584 -0.0178739876 -0.0103819938
v  0.00984598976 -0.0178039484 -0.0103240041
v  0.00708897691 -0.0197669677 -0.0103069535
v  0.00299199205 -0.0211069398 -0.0103069535
v  0.00509699015 -0.0206069797 -0.0103069535
v  0.00572695117 -0.0203849487 -0.0103069535
v  0.00247998815 -0.0210719593 -0.0105789835
v  0.00260295207 -0.0211079568 -0.0104469638
v  0.00280799204 -0.0211229771 -0.0103359837
v  -0.0200929996 -0.0066249771 -0.0146979615
v  -0.0208709594 -0.00634996779 -0.0138569418
v  -0.0232329704 -0.0048799403 -0.0105789816
v  -0.0230999999 -0.00499396399 -0.0108029814
v  -0.0229639802 -0.00510596111 -0.011026972
v  -0.0220669899 -0.005740989 -0.0123629514
v  -0.0211059786 -0.00624899846 -0.0135849714
v  -0.0234859996 -0.00443195179 -0.0103069507
v  -0.0234289486 -0.00458799768 -0.0103299608
v  -0.0233319793 -0.00476597622 -0.0104299719
v  -0.0238329489 -0.00300799729 -0.0103069507
v  -0.0240469892 -0.000154961366 -0.0103069507
v  -0.0240539704 -0.000884939451 -0.0103069507
v  -0.0239439998 -0.00231694104 -0.0103069507
v  -0.024027979 1.40175689e-05 -0.0103319809
v  -0.024007 0.000101040583 -0.0103669707
v  -0.0239729695 0.000195036409 -0.0104279509
v  -0.0239149686 0.000301013468 -0.0105359508
v  -0.0237939693 0.000394056784 -0.010774971
v  -0.023670949 0.000365029788 -0.011026971
v  -0.0236299988 0.000321041793 -0.0111140013
v  -0.0230029598 -0.000413943082 -0.012302991
v  -0.0228999592 -0.000518967398 -0.0124719711
v  -0.0213939901 -0.00170497969 -0.0144499512
v  -0.022252949 -0.00109695271 -0.0134169413
v  -0.0234349687 0.00285101961 -0.0105789797
v  -0.0233599897 0.00270802854 -0.0108029796
v  -0.0232800003 0.00256503653 -0.0110269701
v  -0.0227529798 0.00176705001 -0.01223897
v  -0.0221079998 0.00101603195 -0.0133459512
v  -0.0212999899 0.000286054332 -0.014415971
v  -0.0234259702 0.00333200162 -0.0103069497
v  -0.0234599486 0.00319100171 -0.0103249503
v  -0.0234730002 0.0030540016 -0.0103829503
v  -0.0234629903 0.00293400162 -0.0104739601
v  -0.021705959 0.00726498151 -0.0103069488
v  -0.0227039792 0.0052419994 -0.0103069497
v  -0.0211069901 0.00762696099 -0.0110269692
v  -0.0210829694 0.00757599901 -0.0111139994
v  -0.0212199502 0.00768698286 -0.0107749691
v  -0.0213810001 0.00763697363 -0.0105359489
v  -0.0214879904 0.00755394436 -0.010422999
v  -0.0215559993 0.00748295523 -0.0103669688
v  -0.0197939593 0.00508696819 -0.0143439705
v  -0.0203579403 0.00595594477 -0.0132999998
v  -0.02080396 0.00683696102 -0.0121529587
v  -0.0194799695 0.00813395809 -0.0129049988
v  -0.0189919788 0.00718195224 -0.0140259787
v  -0.0183809791 0.00622696755 -0.0150449798
v  -0.0205829497 0.00854296423 -0.0110269692
v  -0.0199649688 0.00832099654 -0.0121499794
v  -0.0215519387 0.00886399485 -0.008667944
v  -0.0211419798 0.00873095728 -0.00978499465
v  -0.0209109597 0.00865394808 -0.0103309695
v  -0.0206619892 0.00856996514 -0.0108669894
v  -0.0224999599 0.00715697743 -0.008667944
v  -0.0226159487 0.00693298317 -0.008667944
v  -0.0235469695 0.00493396213 -0.00866794493
v  -0.0240099803 0.00451600133 -0.00780695584
v  -0.0239789896 0.00444800127 -0.00797998905
v  -0.0239079986 0.0044380012 -0.00820398331
v  -0.0238069687 0.00450800126 -0.00841498282
v  -0.0236939602 0.00465100119 -0.00857496168
v  -0.0236319695 0.00475600129 -0.00863397121
v  -0.0240899697 0.00520695187 -0.00658994913
v  -0.0239219386 0.00687194755 -0.00358497957
v  -0.0240889601 0.00573099591 -0.00565594342
v  -0.0232559796 0.00858599693 -0.000327999238
v  -0.0232559796 0.00858599693 0.000274000748
v  -0.0232509691 0.0085959509 -0.000307999231
v  -0.0232219491 0.00864899997 -0.000127999228
v  -0.023224989 0.00864399225 0.000103000762
v  -0.0235589501 0.00795698911 0.00149595772
v  -0.0236769691 0.0076629594 0.00205594371
v  -0.0240669586 0.00602698978 0.00507199764
v  -0.0238289591 0.00721294433 0.00289994455
v  -0.0240099803 0.00451599853 0.00775295403
v  -0.0235469695 0.00493395934 0.00861495733
v  -0.0236229692 0.00477199862 0.00858694315
v  -0.0237289388 0.00460199825 0.00847995188
v  -0.0238259789 0.00449099857 0.00832897425
v  -0.0239219386 0.00443399837 0.0081119528
v  -0.0239889994 0.00445999857 0.00788199902
v  -0.0226159487 0.00693298038 0.00861495826
v  -0.0215519387 0.00886399299 0.00861495826
v  -0.0205829497 0.00854296051 0.0109729711
v  -0.0206619892 0.00856996141 0.0108139506
v  -0.0211419798 0.00873196684 0.00973194931
v  -0.0209109597 0.00865495764 0.0102779809
v  -0.0194789488 0.00813395344 0.0128509905
v  -0.0202219896 0.00841498934 0.0116529409
v  -0.0234259702 0.00333199836 0.0102529498
v  -0.0227039792 0.00524199614 0.0102529498
v  -0.021705959 0.00726497825 0.0102529507
v  -0.0234639999 0.00293999817 0.0104139997
v  -0.0234349687 0.00285101612 0.0105249798
v  -0.0234730002 0.00305899838 0.0103269797
v  -0.0234599486 0.00319399824 0.0102709504
v  -0.0234859996 -0.00443195552 0.0102529489
v  -0.0238329489 -0.00300800102 0.0102529489
v  -0.0239439998 -0.00231694477 0.0102529489
v  -0.0240539704 -0.000884943176 0.0102529489
v  -0.0240469892 -0.000154965091 0.0102529489
v  -0.0232329704 -0.00487994403 0.0105249779
v  -0.0233239904 -0.00477694813 0.0103869978
v  -0.0234199502 -0.00460796803 0.0102839386
v  0.000129999971 -0.0195709914 0.013813966
v  -0.000447999977 -0.0189939626 0.0146449767
v  0.00247998815 -0.021071963 0.0105249761
v  0.00231995014 -0.0210009702 0.0107499864
v  0.00215997105 -0.0209270008 0.0109729664
v  0.00120100006 -0.0203909725 0.0123099564
v  0.000328999973 -0.0197449811 0.0135319764
v  0.00299199205 -0.0211069435 0.0102529461
v  0.00282694702 -0.0211229809 0.010275946
v  0.00262595993 -0.0211119503 0.0103759663
v  0.00509699015 -0.0206069835 0.0102529461
v  0.00572695117 -0.0203849524 0.0102529461
v  0.00708897691 -0.0197669715 0.0102529461
v  0.00709994417 -0.0197619721 0.0102529461
v  0.00723095518 -0.0196790025 0.0102769667
v  0.00730295805 -0.0196210034 0.0103139766
v  0.00737198023 -0.0195519812 0.0103719765
v  0.00744398218 -0.0194519609 0.0104829567
v  0.00747598987 -0.0193020031 0.0107209561
v  0.00739695411 -0.0192039534 0.0109729664
v  0.00733997207 -0.0191859528 0.0110609466
v  0.00640596682 -0.0189389512 0.0122489864
v  0.00454594521 -0.0180439837 0.0143969562
v  0.00546498923 -0.0185570009 0.0133639462
v  0.00618596608 -0.0188620016 0.0125159565
v  0.0095269857 -0.0179279931 0.0105249761
v  0.00936694629 -0.0179209635 0.0107499864
v  0.0092049418 -0.0179099925 0.0109729664
v  0.00825895555 -0.017773971 0.0121889664
v  0.00730498414 -0.0175119527 0.0132969562
v  0.00629397016 -0.0170949623 0.0143719865
v  0.0098469425 -0.0178030021 0.0102709467
v  0.00995595939 -0.0177130029 0.0102529461
v  0.00973095279 -0.0178729817 0.010326976
v  0.00962098129 -0.017915953 0.0104139959
v  0.0127819898 -0.0144399917 0.010252947
v  0.01138396 -0.0162189528 0.0102529461
v  0.0127929598 -0.0137419617 0.0110609476
v  0.0128499996 -0.0137409428 0.0109729674
v  0.0129529992 -0.0138170021 0.0107209571
v  0.0129769593 -0.0139839528 0.0104829576
v  0.0129129393 -0.0142099718 0.0103139775
v  0.00999094732 -0.013658992 0.0142889572
v  0.0110239498 -0.0137900012 0.0132399676
v  0.0120159499 -0.0138099724 0.012087997
v  0.0126069896 -0.0120489514 0.0128509868
v  0.0115389992 -0.0120249921 0.0139689976
v  0.0104169995 -0.011889982 0.0149849569
v  0.0134519497 -0.0128669618 0.0109729674
v  0.0129849399 -0.0124059813 0.0120959776
v  0.0141609395 -0.0136019522 0.00861495454
v  0.0138639892 -0.0132899722 0.00973194558
v  0.0136949597 -0.0131149823 0.0102779772
v  0.0135109592 -0.0129269818 0.0108139468
v  0.0130269695 -0.0152029926 0.00861495454
v  0.0128739597 -0.0154079711 0.00861495454
v  0.0114649693 -0.017118983 0.00861495361
v  0.0112079494 -0.0177249834 0.00792395603
v  0.0112829898 -0.0177229531 0.0077529503
v  0.0111679593 -0.0176669806 0.0081439577
v  0.0111799994 -0.0175669715 0.00832897052
v  0.011252 -0.0174089521 0.00849794969
v  0.0113729993 -0.0172289535 0.00859796628
v  0.0119539592 -0.0174849518 0.00652795658
v  0.0133889392 -0.0166059583 0.00352096185
v  0.0124289496 -0.0172549896 0.0055949646
v  0.0146429697 -0.0152649703 0.000274996884
v  0.0146429697 -0.0152649703 -0.000328003109
v  0.0146829598 -0.0152109703 -0.000156003109
v  0.01468594 -0.015205971 7.29968888e-05
v  0.0146509493 -0.0152549604 0.000252996862
v  0.0142469499 -0.0157650001 -0.00143999129
v  0.01397694 -0.0160619505 -0.00214696233
v  0.0126989596 -0.0170979984 -0.00509298127
v  0.0136799896 -0.016353 -0.0028869533
v  0.0112829898 -0.0177229494 -0.00780695956
v  0.0113479597 -0.0172619671 -0.00863898173
v  0.0114649693 -0.0171189792 -0.00866794866
v  0.0112379892 -0.0174339898 -0.00852996483
v  0.0111799994 -0.0175669678 -0.00838196557
v  0.0111699793 -0.0176789574 -0.00816697162
v  0.0112209497 -0.0177289695 -0.00793999806
v  0.0128739597 -0.0154079674 -0.00866794772
v  0.0141609395 -0.0136019485 -0.00866794772
v  0.0134519497 -0.012866958 -0.0110269729
v  0.0135109592 -0.0129269781 -0.0108669931
v  0.0138639892 -0.0132899685 -0.00978499837
v  0.0136949597 -0.0131149786 -0.0103309732
v  0.0126069896 -0.0120489476 -0.0129050026
v  0.0131819993 -0.012596949 -0.0117059927
v  -0.024527939 -0.00319897057 -0.00823897216
v  -0.0249639489 0.00409299927 0.00439798785
v  -0.0252319891 0.00411999971 0.00219196011
v  -0.0251359697 0.00152505166 0.00658094743
v  -0.0255809799 0.00153000024 0.00439798739
v  -0.0251129586 -0.00236695213 0.00658094697
v  -0.0252539888 -0.00107198209 0.00658094697
v  -0.0256799795 -0.00110798283 0.00439798692
v  -0.025961969 0.000204035314 0.00219195941
v  -0.0256999489 0.000213035149 0.00439798739
v  -0.0258479491 0.00153303938 0.00219195965
v  -0.0259379502 0.0015350068 -2.70003857e-05
v  -0.0258479491 0.00153304031 -0.00224494957
v  -0.025961969 0.000204036245 -0.00224494981
v  -0.0256999489 0.000213036546 -0.00445199059
v  -0.0256799795 -0.00110798096 -0.00445199106
v  -0.0252539888 -0.00107299304 -0.0066349511
v  -0.0251129586 -0.00236695027 -0.0066349511
v  -0.0251359697 0.00152505399 -0.00663495064
v  -0.0252619796 0.000229011057 -0.00663495064
v  -0.0249639489 0.00409300067 -0.00445199013
v  -0.0255809799 0.00153000164 -0.00445199059
v  -0.0253229495 0.00412999978 -2.69999618e-05
v  -0.0252319891 0.00412000017 -0.00224494911
v  -0.0252619796 0.000229008729 0.00658094743
v  -0.0248809792 0.00280405092 -0.00663495017
v  0.0125499498 -0.0171059817 0.00561195286
v  0.0148689896 -0.0126949986 -0.00841397233
v  0.0130829895 -0.0152709885 -0.00841397233
v  0.0140749896 -0.0119299786 -0.0110269729
v  0.0121159693 -0.0165019482 -0.00841397326
v  0.0157679506 -0.0136019504 -2.70028522e-05
v  0.0156679899 -0.0135009708 -0.00285899872
v  0.0138099892 -0.0161839612 -0.00285899919
v  0.0121159693 -0.016501952 0.00835996401
v  0.0130829895 -0.0152709922 0.00835996494
v  0.0145129692 -0.0123479823 0.00969099626
v  0.0148689896 -0.0126950024 0.00835996494
v  0.0140749896 -0.0119299823 0.0109729674
v  0.0135439793 -0.0158459991 -0.00566596026
v  0.0125499498 -0.0171059817 -0.00566596026
v  0.0153759792 -0.0132029494 -0.00566595979
v  0.0153759792 -0.0132039702 0.00561195333
v  0.0135439793 -0.0158459991 0.00561195286
v  0.0156689398 -0.0135009708 0.00280499109
v  0.0138099892 -0.0161839612 0.00280499063
v  0.0192779414 -0.00807600003 -2.70019518e-05
v  0.0192539804 -0.00806097966 0.00126796705
v  0.0145129692 -0.0123479785 -0.00974399038
v  0.0181809813 -0.00738493819 -0.00860399194
v  0.0153959496 -0.00987098832 -0.011026972
v  0.0173089597 -0.00683699828 -0.011026972
v  0.019242961 -0.00805393979 0.00153094297
v  0.0191629697 -0.00800297968 0.00280499202
v  0.0188819896 -0.00782697089 0.00523495395
v  0.0182849914 -0.00745098107 0.00817096047
v  0.0174909998 -0.00695096236 0.0105509683
v  0.0173089597 -0.006837002 0.0109729683
v  0.0153959496 -0.00987099204 0.0109729683
v  0.0191970002 -0.00802498031 -0.00240695593
v  0.0187649913 -0.00775293913 -0.00601095101
v  -0.021310959 -0.00854997151 0.0109729683
v  -0.0215079598 -0.0082219718 0.0109729683
v  -0.0222669598 -0.00847595092 0.00835996587
v  -0.0216689501 -0.0102629513 0.00561195379
v  -0.0204339996 -0.0117609994 0.00561195379
v  -0.0200099703 -0.0115149515 0.00835996494
v  -0.0219459888 -0.01039897 0.00280499156
v  -0.0206849892 -0.0119099496 0.00280499132
v  -0.0206849892 -0.0119099496 -0.00285899849
v  -0.0245429594 -0.00522296596 -0.00566595839
v  -0.0206589494 -0.00954095833 -0.011026972
v  -0.02119896 -0.0100399693 -0.0084139714
v  -0.0212749597 -0.0086069582 -0.011026972
v  -0.0255079586 -0.00343995355 -0.00285899709
v  -0.0253289696 -0.00367998146 -0.00388199114
v  -0.0249059591 -0.00530998874 -0.00285899732
v  -0.0256379601 -0.00346099399 -2.70011988e-05
v  -0.0249059591 -0.00530897733 0.00280499249
v  -0.0255079586 -0.00343995448 0.00280499272
v  -0.0231859498 -0.00682299118 0.00835996587
v  -0.0193929393 -0.0111859916 0.0109729674
v  -0.0206589494 -0.00954096206 0.0109729683
v  -0.0187209602 -0.0128979525 0.00835996494
v  -0.022039989 -0.0104439706 -2.70023374e-05
v  -0.0187209602 -0.0128979487 -0.00841397233
v  -0.017638959 -0.0138989585 -0.00852596946
v  -0.0200099703 -0.0115149496 -0.00841397233
v  -0.0222669598 -0.00847594906 -0.0084139714
v  -0.02278498 -0.00867198873 -0.00566595886
v  -0.0231859498 -0.00682298932 -0.0084139714
v  -0.0237519499 -0.00699196942 -0.00566595886
v  -0.0240869895 -0.00709698908 -0.00285899779
v  -0.0230909996 -0.00879196916 -0.00285899802
v  -0.0250279699 -0.00533794519 -2.70015043e-05
v  -0.0241989903 -0.00713097025 -2.70017972e-05
v  -0.0231939889 -0.00883196015 -2.70020737e-05
v  -0.02119896 -0.0100399712 0.00835996587
v  -0.02278498 -0.0086719906 0.00561195426
v  -0.0237519499 -0.00699197128 0.00561195426
v  -0.0245429594 -0.00522296783 0.00561195472
v  -0.0191029701 -0.0131639699 0.00561195333
v  -0.0230909996 -0.00879197009 0.00280499179
v  -0.0240869895 -0.00709699001 0.00280499202
v  -0.0204339996 -0.0117609994 -0.00566595932
v  -0.0191029701 -0.0131649794 -0.00566595979
v  -0.0215079598 -0.00822196808 -0.011026972
v  -0.021310959 -0.00854996778 -0.011026972
v  -0.0216689501 -0.0102629494 -0.00566595932
v  -0.0219459888 -0.0103989691 -0.00285899825
v  -0.0212749597 -0.00860696193 0.0109729683
v  0.0113089792 -0.0187699683 0.00439798413
v  0.0114489896 -0.0190009885 0.00219195639
v  0.0045539909 -0.0215139911 0.0081849657
v  0.00678397994 -0.0212519616 0.00658094371
v  0.00907494314 -0.0200250037 0.00658094417
v  0.00796194561 -0.0206969827 0.00658094371
v  0.00927199703 -0.0204249509 0.00439798366
v  0.0114959599 -0.0190779418 -2.70037435e-05
v  0.0114489896 -0.0190009885 -0.00224495283
v  0.0113089792 -0.0187699683 -0.00445199385
v  0.00907494314 -0.020025 -0.0066349539
v  0.00927199703 -0.0204249509 -0.00445199432
v  0.00555594498 -0.021682959 -0.00663495436
v  0.00678397994 -0.0212519579 -0.00663495436
v  0.00693597225 -0.0216509588 -0.00445199432
v  0.00824196823 -0.0213389918 -0.0022449533
v  0.00813694578 -0.0210979395 -0.00445199432
v  0.00938900094 -0.0206639618 -0.00224495307
v  0.00942899566 -0.0207449719 -2.70040146e-05
v  0.00824196823 -0.0213389918 0.00219195592
v  0.00813694578 -0.0210979395 0.00439798366
v  0.00693597225 -0.0216509588 0.00439798366
v  0.00555594498 -0.0216829628 0.00658094371
v  0.00796194561 -0.020696979 -0.00663495436
v  0.00938900094 -0.0206639618 0.00219195616
v  0.010110992 -0.0192509815 0.00658094417
v  -0.0163859501 -0.0153929489 -0.00663495343
v  -0.0100249406 -0.0197009891 -0.00445199385
v  -0.00831399579 -0.0207109898 -2.70040091e-05
v  -0.00993399043 -0.0194509514 0.00658094417
v  -0.0132719604 -0.0175999925 0.00658094417
v  -0.0150199905 -0.0167439394 0.00439798459
v  -0.0134090008 -0.0178189687 0.00439798413
v  -0.0100249406 -0.0197009891 0.00439798413
v  -0.0100799603 -0.0198509619 0.00219195616
v  -0.01009796 -0.019900959 -2.70038781e-05
v  -0.0117429905 -0.0188059695 -0.00445199385
v  -0.0165709592 -0.0155829703 -0.00445199339
v  -0.0166819487 -0.0156969912 -0.00224495237
v  -0.016719969 -0.0157349594 -2.70031996e-05
v  -0.0182229597 -0.0144779505 -2.70029941e-05
v  -0.0165709592 -0.0155829703 0.00439798459
v  -0.0132719604 -0.0175999887 -0.0066349539
v  -0.0134090008 -0.0178189687 -0.00445199385
v  -0.0134919705 -0.0179499798 -0.0022449526
v  -0.0151489703 -0.0169069618 -2.70033906e-05
v  -0.0135189705 -0.0179939717 -2.70035671e-05
v  -0.0134919705 -0.0179499798 0.00219195662
v  -0.0118339406 -0.0189929493 -2.7003729e-05
v  -0.00302896998 -0.0222999901 -0.00285900012
v  -0.00493596075 -0.021817971 -0.00285900012
v  -0.00491098687 -0.0215259716 -0.00566596119
v  0.00273795705 -0.0224009603 0.00561195193
v  -0.00493596075 -0.021817971 0.00280498969
v  -0.00667397305 -0.0204759687 -0.00841397326
v  -0.00484697102 -0.0203379877 -0.0110269738
v  -0.00282399007 -0.020765949 -0.0110269738
v  0.00479699904 -0.0226280019 -2.7004322e-05
v  0.00617696624 -0.0222629793 -0.000954004237
v  0.00182797294 -0.0219199471 -0.00813997164
v  0.000713999965 -0.0218689889 -0.0084139742
v  0.000356999983 -0.0212579779 -0.0104109636
v  -0.00116596697 -0.0217549689 -0.00841397326
v  -5.00000024e-05 -0.0210259371 -0.0110269738
v  -0.00302896998 -0.0224029906 -2.70042856e-05
v  -0.00667397305 -0.0204759724 0.00835996401
v  -0.00804499909 -0.0199339911 0.00847196113
v  -0.00487498613 -0.0210369714 0.00835996401
v  -0.00303499005 -0.0214700028 0.00835996401
v  -0.00282399007 -0.0207659528 0.0109729664
v  0.00475998502 -0.0225009806 0.00280498969
v  0.00281699304 -0.0227649696 0.00280498946
v  -0.00171498605 -0.0209169798 -0.0110269738
v  -0.0016489441 -0.0209239572 -0.0110269738
v  -0.00126896403 -0.020960968 -0.0110269738
v  -0.00674895616 -0.0209349915 -0.00566596119
v  -0.00107995793 -0.0227449983 -2.7004342e-05
v  -0.00302896998 -0.0222999901 0.00280498969
v  -0.0016489441 -0.020923961 0.0109729664
v  -0.00171498605 -0.0209169835 0.0109729664
v  -0.00116596697 -0.0217549726 0.00835996401
v  0.000713999965 -0.0218689926 0.00835996307
v  -0.00126896403 -0.0209609717 0.0109729664
v  -0.00674895616 -0.0209349915 0.00561195193
v  -0.00491098687 -0.0215259716 0.00561195193
v  0.00284494692 -0.0228869803 -2.70043638e-05
v  0.000875999976 -0.0229149908 -2.70043693e-05
v  0.000858999963 -0.0227989405 0.00280498946
v  -0.00108997198 -0.0226349719 0.00280498946
v  -0.00302896998 -0.02198999 0.00561195193
v  0.000807999982 -0.0224519819 0.00561195193
v  -0.00111494609 -0.0223069713 0.00561195193
v  0.00273795705 -0.0224009603 -0.00566596119
v  0.00281699304 -0.0227649696 -0.00285900035
v  0.000858999963 -0.0227989405 -0.00285900035
v  0.000807999982 -0.0224519819 -0.00566596119
v  -0.00108997198 -0.0226349719 -0.00285900035
v  -0.00111494609 -0.0223069713 -0.00566596119
v  -0.00302896998 -0.02198999 -0.00566596119
v  -0.00303499005 -0.0214699991 -0.00841397326
v  -0.00487498613 -0.0210369676 -0.00841397326
v  0.00509394985 -0.0224319585 -0.00282997219
v  0.00475998502 -0.0225009806 -0.00285900012
v  0.00447799498 -0.0224439986 -0.00386196724
v  0.00343896705 -0.0223449916 -0.00556695834
v  0.0111669395 -0.0159319527 0.0109729674
v  0.0128209693 -0.0140929716 0.010615997
v  0.00974299293 -0.0178229734 0.0103899762
v  0.00363297993 -0.0208409913 0.0106129562
v  0.00728698308 -0.0195389912 0.0104879662
v  0.00566597609 -0.0202389807 0.0106129562
v  0.0035829721 -0.0206919834 0.0109729664
v  0.00559999282 -0.0200839527 0.0109729664
v  0.0068219481 -0.0195249803 0.0109729664
v  -0.00791994948 -0.0194849782 -0.0105199842
v  -0.01046196 -0.0182909779 -0.0106659541
v  -0.00874296948 -0.0189929493 -0.0110269738
v  -0.00808898732 -0.0192659982 -0.0110269738
v  -0.017027 -0.0136409877 -0.0110269729
v  -0.0159429703 -0.0147099989 -0.0106659532
v  -0.0172869898 -0.0135849575 -0.0105419727
v  -0.013297 -0.0166469701 -0.0106659541
v  -0.0158709697 -0.0146429976 -0.0110269729
v  -0.013243 -0.0165689476 -0.0110269738
v  -0.0128079401 -0.0168479495 -0.0110269738
v  -0.0104269804 -0.0182009786 -0.0110269738
v  -0.0239249803 0.000121004181 0.0104889795
v  -0.0236819796 -0.00299298111 0.010612959
v  -0.0237939693 0.000394053059 0.0107219787
v  -0.023913959 0.000303037232 0.0104849888
v  -0.0240059886 0.00010205037 0.0103149991
v  -0.0240459796 -0.000138991047 0.0102529489
v  -0.0238919593 -0.000881962944 0.010612959
v  -0.0230999999 -0.00499396771 0.0107499883
v  -0.0229639802 -0.00510596484 0.0109729683
v  -0.0233509894 -0.00378995389 0.0109729692
v  -0.023670949 0.000365026062 0.0109729692
v  -0.0237199403 -0.000878983177 0.0109729692
v  -0.02352098 -0.00297897402 0.0109729692
v  0.0111669395 -0.015931949 -0.0110269729
v  0.00974299293 -0.0178229697 -0.010442974
v  0.00936694629 -0.0179209597 -0.0108029833
v  0.0092049418 -0.0179099888 -0.0110269738
v  0.00231995014 -0.0210009664 -0.0108029833
v  0.00215997105 -0.0209269971 -0.0110269738
v  0.0035829721 -0.0206919797 -0.0110269738
v  0.00363297993 -0.0208409876 -0.0106659541
v  0.00730397087 -0.0196199864 -0.010367984
v  0.0072299419 -0.0196799487 -0.0103299636
v  0.00728597026 -0.0195379667 -0.0105419736
v  0.00566597609 -0.0202389769 -0.0106659541
v  0.00747598987 -0.0193019994 -0.0107749738
v  0.00744499499 -0.0194499977 -0.0105389934
v  0.00739695411 -0.0192039497 -0.0110269738
v  0.00559999282 -0.020083949 -0.0110269738
v  -0.0234329496 0.00309099816 0.0103899799
v  -0.022350939 0.0051699942 0.0109729702
v  -0.0233599897 0.00270802528 0.0107499901
v  -0.0232800003 0.00256503327 0.0109729702
v  -0.0211069901 0.00762695726 0.0109729711
v  -0.0214109793 0.00744999107 0.0106160007
v  -0.0212199502 0.00768697914 0.0107219806
v  -0.0213739593 0.00764096435 0.0104909511
v  -0.0215479489 0.00749195227 0.0103199407
v  -0.0236819796 -0.00299297739 -0.0106659513
v  -0.0239259992 0.000121007441 -0.0105419708
v  -0.0238919593 -0.000881959219 -0.0106659513
v  -0.02352098 -0.0029789703 -0.011026971
v  -0.0237199403 -0.000878979452 -0.011026971
v  -0.0187229887 0.0115909642 0.0109729711
v  -0.0168089587 0.0146369981 0.010972972
v  -0.0176809803 0.0151849389 0.00854999013
v  -0.020574959 0.00972098764 0.00969099998
v  -0.0200089589 0.00950694643 0.0109729711
v  -0.0222479496 0.010309943 -2.69989559e-05
v  -0.0221149698 0.0102639869 0.00280499482
v  -0.0237219688 0.00743997842 0.00280499435
v  -0.0221149698 0.0102639869 -0.00285899499
v  -0.0232759491 0.00577695109 -0.00841396954
v  -0.02400795 0.00590694789 -0.00566595653
v  -0.0225849487 0.00717795826 -0.00841396861
v  -0.020574959 0.00972099043 -0.00974398665
v  -0.0210419688 0.00989199616 -0.00841396861
v  -0.0200089589 0.00950695015 -0.0110269692
v  -0.0187229887 0.0115909679 -0.0110269692
v  -0.0168089587 0.0146370018 -0.0110269682
v  -0.0186629687 0.0158029795 -0.00285899406
v  -0.0217189603 0.0101289842 -0.00566595607
v  -0.0183819886 0.0156259611 -0.00529199606
v  -0.017783979 0.0152499704 -0.00822698791
v  -0.0169899799 0.0147499517 -0.0106069986
v  -0.0186969992 0.015824981 0.00235396787
v  -0.023302 0.00734598096 0.00561195659
v  -0.02400795 0.00590796024 0.00561195659
v  -0.0232759491 0.0057769483 0.00835996773
v  -0.0225849487 0.00717795547 0.00835996866
v  -0.0210419688 0.00989199337 0.00835996866
v  -0.0217199698 0.0101289824 0.00561195705
v  -0.0182649903 0.0155529389 0.00595796295
v  -0.023302 0.00734598283 -0.00566595653
v  -0.0237219688 0.00743997935 -0.00285899546
v  -0.0187779404 0.0158759989 -2.69980483e-05
v  -0.0187539794 0.0158609785 -0.00132095604
v  -0.0187429599 0.0158539396 -0.00158697099
v  -0.022350939 0.00516999792 -0.0110269701
v  -0.0234329496 0.00309100165 -0.0104429703
v  -0.000949960027 -0.0204149894 -0.0123759536
v  -0.00174496695 -0.0197259597 -0.0135839535
v  -0.00244997093 -0.0189459771 -0.0147119742
v  -0.00296894787 -0.0181929879 -0.0156149836
v  -0.0084569864 -0.0185229592 -0.0127149839
v  -0.00896797702 -0.0177509598 -0.0139389634
v  -0.00933496375 -0.016980987 -0.0149879437
v  -0.00956795737 -0.0162269883 -0.0158599634
v  -0.0173079688 -0.0133459428 0.0110609476
v  -0.0161879398 -0.0136600016 0.0126639577
v  -0.0152709801 -0.0137859425 0.013886977
v  -0.0144190006 -0.0137829622 0.0149359675
v  -0.0136229806 -0.013665962 0.0158269964
v  -0.0173599496 -0.0133320028 0.0109729674
v  -0.0173739586 -0.0133309821 0.0109439371
v  -0.0174119789 -0.0134779727 0.0104619768
v  -0.0174409486 -0.0133699616 0.0106779868
v  -0.0172920004 -0.0136479614 0.0103019373
v  -0.0173619799 -0.0135579621 0.0103699472
v  0.01182999 -0.0138149681 -0.0123689724
v  0.0108079398 -0.0137719987 -0.013524943
v  0.00974299293 -0.0136119584 -0.0145750027
v  0.00632198388 -0.0171089582 -0.0143959541
v  0.00727696996 -0.0175019987 -0.0133819534
v  0.00819899328 -0.0177609771 -0.0123149734
v  0.00909997802 -0.0179009885 -0.0111669833
v  0.004485982 -0.0180059485 -0.0145159941
v  0.00733997207 -0.0191859491 -0.0111140041
v  0.00638194708 -0.0189309567 -0.0123319635
v  0.00542195421 -0.0185359567 -0.0134669533
v  -0.000415000017 -0.01902996 -0.0146499835
v  0.000336999976 -0.0197519474 -0.0135740042
v  0.00119899993 -0.0203899592 -0.012365994
v  -0.0188339688 0.00691497885 0.0142679811
v  -0.0193489604 0.00785399042 0.0131919906
v  -0.0196399502 0.00487999758 0.0145269604
v  -0.0210829694 0.00757599529 0.0110609513
v  -0.0207309499 0.00667495094 0.0123179499
v  -0.0202479698 0.00576997362 0.0134779802
v  -0.0213029701 0.000290042488 0.0143549992
v  -0.0220749695 0.000986999832 0.0133329593
v  -0.0227359887 0.00174701889 0.0122140003
v  -0.0213329587 -0.00174199836 0.0144619895
v  -0.0236299988 0.000321038067 0.0110599892
v  -0.0229859687 -0.000431947876 0.0122779589
v  -0.0222159997 -0.00112699857 0.0134139592
v  -0.0201389603 -0.00661098305 0.0145979477
v  -0.0211149789 -0.00624494161 0.0135209486
v  -0.0220619794 -0.00574295968 0.0123159783
v  0.0112229697 -0.0119979782 -0.0143229924
v  0.01229198 -0.0120529989 -0.0132509423
v  -0.0159429703 -0.0147100026 0.0106129572
v  -0.00791494269 -0.0194799826 0.0104879662
v  -0.01046196 -0.0182909817 0.0106129562
v  -0.0172879491 -0.0135909813 0.0104669873
v  -0.013297 -0.0166469738 0.0106129562
v  -0.0158709697 -0.0146430014 0.0109729674
v  -0.0146319605 -0.0156059721 0.0109729674
v  -0.013243 -0.0165689513 0.0109729664
v  -0.00808898732 -0.0192660019 0.0109729664
v  -0.00874296948 -0.018992953 0.0109729664
v  -0.0104269804 -0.0182009824 0.0109729664
v  -0.0128079401 -0.0168479532 0.0109729664
v  -0.000689999957 0.00449099671 0.0187669899
v  0.000249999983 0.00389999687 0.0187799893
v  0.00259496504 0.00242400775 0.0187009498
v  -0.00924496073 0.00987595879 0.017585991
v  -0.00754098175 0.00880396925 0.0180049501
v  -0.00549100013 0.00751299178 0.0183529798
v  -0.00313995406 0.00603396166 0.0186199509
v  0.00118999998 0.00330900308 -0.0188199803
v  0.000249999983 0.00390000292 -0.0188339893
v  -0.00209496496 0.00537599204 -0.0187539998
v  0.00519098621 0.000790005783 0.0184559803
v  0.00744398218 -0.000626974739 0.0181210004
v  0.00921096187 -0.00173997274 0.0177350007
v  0.00974495988 -0.00207595853 -0.0176389813
v  0.00804098137 -0.00100396946 -0.0180589501
v  0.00599100022 0.000287008006 -0.0184059702
v  0.00363995414 0.00176603789 -0.0186730009
v  -0.00469098613 0.00700999424 -0.0185099803
v  -0.00694398209 0.00842697453 -0.0181739908
v  -0.00871096272 0.00953997299 -0.0177879892
v  -0.0116919605 0.0114159631 0.0166109819
v  -0.0105889803 0.0107219871 0.0171189923
v  0.0105779897 -0.00259994902 0.0173139479
v  0.0118119791 -0.0033769547 0.0168009885
v  0.0128909498 -0.00405597128 0.0162119772
v  0.0157279503 -0.00584196299 0.0136409877
v  0.0164669901 -0.00630598236 0.0125699583
v  0.0171230007 -0.00671898201 0.0113709485
v  0.0121919597 -0.00361596327 -0.0166639611
v  0.0110889794 -0.00292198732 -0.0171719715
v  -0.0100779906 0.0103999488 -0.0173669979
v  -0.01131198 0.011176955 -0.0168539789
v  -0.0123909507 0.0118559711 -0.0162649676
v  -0.0152279502 0.0136419628 -0.0136939781
v  -0.0159669891 0.0141059821 -0.0126229478
v  -0.0166229997 0.0145189818 -0.0114239985
v  -0.01462398 0.0132609662 0.014359952
v  -0.0137339607 0.0127009805 0.015226962
v  -0.0127749806 0.0120969461 0.0159629527
v  0.0139609696 -0.00472997967 0.0154539878
v  0.0148989698 -0.00531994645 0.0145979477
v  0.0151239792 -0.00546096638 -0.0144139519
v  0.0142339598 -0.00490098074 -0.0152799422
v  0.0132749798 -0.00429694634 -0.0160160027
v  -0.0161659494 0.014231978 0.0122349821
v  -0.0154339401 0.0137709444 0.0133659821
v  -0.0134609705 0.0125299795 -0.0155069781
v  -0.0143989706 0.0131199462 -0.0146519486
v  0.0166659504 -0.0064319782 -0.0122879716
v  0.0159339402 -0.00597094465 -0.013419982
v  -0.0125699406 0.00301600294 -0.0185949802
v  -0.01131598 0.00225604791 -0.0189619604
v  -0.0133819906 -0.0010599969 -0.0189779904
v  -0.0135359503 -0.0127679585 -0.0167349521
v  -0.0148259802 -0.0121009788 -0.016309971
v  -0.0144759808 -0.0107019376 -0.0174109917
v  -0.0157639701 -0.010000987 -0.0169429723
v  -0.0194669701 -0.00377099542 -0.0161169712
v  -0.020476969 -0.00294797495 -0.0153169613
v  -0.019815959 -0.00130795222 -0.01592898
v  -0.0198889691 0.00356800226 -0.0148849403
v  -0.0206429698 0.00429700222 -0.0138579598
v  -0.0199279599 0.00866896845 -0.0119149592
v  -0.0179249998 0.0117079718 -0.012080959
v  -0.0156739689 0.00994295906 -0.0152909691
v  -0.0165189896 0.0105849598 -0.0143249594
v  -0.0115150008 0.0069979541 -0.0179409906
v  -0.0126509406 0.00776995253 -0.0174569394
v  -0.00511495396 -0.00462495163 -0.0198310018
v  -0.00790194888 -0.00387697201 -0.0197939817
v  -0.00601397082 -0.000678944867 -0.0196479503
v  -0.0204409696 -0.00818894804 -0.0131529523
v  -0.01944796 -0.00902096834 -0.0138979517
v  -0.0194399692 -0.0102279587 -0.0125479614
v  -0.0192809496 -0.0112909479 -0.0110839624
v  -0.0169989802 -0.00925694685 -0.0163919926
v  -0.0160669498 -0.0113859577 -0.0158039927
v  -0.0172549896 -0.0106279673 -0.015226963
v  -0.0173199493 -0.0118309679 -0.0138649931
v  -0.0125610009 -0.0164539665 -0.0125609636
v  -0.0147569505 -0.0152069787 -0.0118699633
v  -0.0149389906 -0.0143369874 -0.0134679629
v  -0.0137280002 -0.0150139788 -0.0139369927
v  -0.0112979803 -0.0144499978 -0.0167189837
v  -0.0116279507 -0.0149739785 -0.016004974
v  -0.0124369608 -0.0146169486 -0.015808994
v  -0.01165096 -0.015009989 -0.0159489531
v  -0.0124710007 -0.0156449489 -0.0143469526
v  -0.0119749708 -0.015523958 -0.0150359832
v  -0.0122929607 -0.0160299987 -0.0138549823
v  -0.01040194 -0.013025987 -0.0180310011
v  -0.0103769703 -0.0125429472 -0.0182639919
v  -0.00985400006 -0.0121549768 -0.0185549818
v  -0.00976495072 -0.0110109877 -0.0189389512
v  -0.00920997281 -0.011131987 -0.0190039817
v  -0.00840799138 -0.0098579973 -0.0193859916
v  -0.00194196007 0.000418019248 -0.0193949901
v  -0.01033697 0.00622595474 -0.0183339696
v  -0.00912199542 0.00545997499 -0.0186479595
v  -0.00661198376 0.00394400302 -0.0190739594
v  -0.0040379581 0.00244505401 -0.0192739908
v  -0.00365195796 -0.00230096607 -0.0196989719
v  -0.0137309805 0.00852699205 -0.0168609601
v  -0.0172709599 0.0111739747 -0.0132509386
v  -0.0193329789 0.0080899708 -0.0131059792
v  -0.0186389498 0.00745798228 -0.0142059894
v  -0.0178459696 0.00677997945 -0.0152089493
v  -0.0169569589 0.00606496166 -0.0161069594
v  -0.0212919489 0.00498498511 -0.0127409603
v  -0.0218359586 0.00562299276 -0.0115379598
v  -0.0222069994 -0.00129793957 -0.0134819709
v  -0.0233409796 -0.00203298405 -0.0116479909
v  -0.0226449687 -0.00285296515 -0.0126769505
v  -0.0228909589 -0.00431798864 -0.0116949612
v  -0.0221159793 -0.00515597034 -0.0126419617
v  -0.0212519504 -0.00599794555 -0.0135209523
v  -0.0177689586 -0.00697396696 -0.0167349521
v  -0.0189129487 -0.00617293734 -0.0160659514
v  -0.0199779589 -0.00535397511 -0.0153259616
v  -0.0209599491 -0.00452195387 -0.0145149808
v  -0.0165539701 -0.00774196722 -0.0173279624
v  -0.0149119906 0.00455600256 -0.0175679903
v  -0.0190299489 0.0028080456 -0.0158179905
v  -0.0180699602 0.00202901359 -0.0166529994
v  -0.01719198 -0.0053679822 -0.0174779817
v  -0.0183690004 -0.00457994919 -0.0168379527
v  -0.0176629797 -0.00292097311 -0.0174049716
v  -0.0187839586 -0.0021209605 -0.016710991
v  -0.0179559998 -0.000440943521 -0.0171239898
v  -0.0190019999 0.000360023463 -0.0163659994
v  -0.0226889588 0.00409000181 -0.0112089496
v  -0.0221649799 0.00341700204 -0.0124129597
v  -0.02153394 0.00269902917 -0.0135329897
v  -0.0207959786 0.00194205018 -0.0145679703
v  -0.0199509598 0.00115801045 -0.0155130001
v  -0.0218499694 -0.00368593959 -0.0136319911
v  -0.0213929787 -0.00211994676 -0.0144389812
v  -0.0129939709 -0.00347398501 -0.0191869717
v  -0.0116189504 -0.00416998938 -0.0194569826
v  -0.0124859605 -0.00585197192 -0.0192359611
v  -0.01107994 -0.00651095714 -0.0194549523
v  -0.0118769808 -0.00817493722 -0.0191109721
v  -0.0108550005 -0.0137459459 -0.0174569432
v  -0.0122029604 -0.0133839687 -0.0170719642
v  -0.0117729707 -0.0119679356 -0.0180709921
v  -0.0111789508 -0.0104209576 -0.0187969822
v  -0.0104609504 -0.00879995711 -0.019286992
v  -0.00965796039 -0.00715098716 -0.0195930023
v  -0.0074889469 -0.00839797687 -0.0196560025
v  -0.00880096573 -0.00550596695 -0.0197499916
v  -0.00634799479 -0.00658498704 -0.0198149625
v  -0.0159419496 -0.00612495746 -0.0180299822
v  -0.0164619498 -0.00369994622 -0.0180089418
v  -0.0168209393 -0.00123094348 -0.0177879892
v  -0.0170159694 0.00124300667 -0.0173859503
v  -0.0159769394 0.00531996367 -0.0168939792
v  -0.0147419907 0.00925500318 -0.0161389709
v  -0.0152769508 -0.00847194716 -0.0178349614
v  -0.01372997 -0.0139909787 -0.0154269924
v  -0.0183839593 -0.00983593706 -0.0145889521
v  -0.0106890006 -0.00249897176 -0.0195469819
v  -0.0120539404 -0.0017889617 -0.0193089806
v  -0.0100229708 0.00150800985 -0.0192419793
v  -0.00870196149 0.000771058258 -0.0194429699
v  -0.0137719903 0.00378500274 -0.0181329809
v  -0.0158749595 0.000460040988 -0.0180179402
v  -0.0146599803 -0.000308978371 -0.0185489599
v  -0.0156089412 -0.00200395612 -0.0183549523
v  -0.0143289901 -0.00275199395 -0.0188210011
v  -0.0151910009 -0.00444893818 -0.0185160022
v  -0.01386098 -0.00516598206 -0.0189249516
v  -0.0146309501 -0.00684396736 -0.018486971
v  -0.0132709509 -0.00752596743 -0.0188469812
v  -0.0139469905 -0.00915895775 -0.0182510018
v  -0.0125769703 -0.00980697758 -0.0185709521
v  -0.0131429806 -0.0113559775 -0.0177879911
v  -0.00431595417 -0.00832895748 -0.0197499916
v  -0.00323496386 -0.00681398716 -0.0197939817
v  -0.000787955069 -0.00873098709 -0.0195469819
v  0.0049979859 -0.00804094691 -0.0185949821
v  0.00621195417 -0.0087919673 -0.0181329828
v  0.00519199902 -0.0104789576 -0.018124992
v  0.00739999395 -0.00948594697 -0.0175679922
v  0.00186296087 -0.0171949677 -0.016116973
v  0.00304194097 -0.0177499466 -0.0153169641
v  0.00183095294 -0.0188659877 -0.0145149836
v  -0.004187983 -0.0154499868 -0.0178349633
v  -0.00538299605 -0.0145489359 -0.0182510037
v  -0.00420294283 -0.0132329864 -0.0188469812
v  -0.0107569508 -0.0168839581 -0.0139369937
v  -0.01186994 -0.016022969 -0.0143469526
v  -0.0109569803 -0.0155479787 -0.015808994
v  -0.00886200089 -0.0115789576 -0.0189389512
v  -0.00771794794 -0.0125989756 -0.0187969822
v  -0.00885598082 -0.0138039468 -0.0180709939
v  0.0143869696 -0.00875095837 -0.0132509414
v  0.0135299694 -0.00832698774 -0.0143249622
v  -0.00633297488 -0.0187449865 -0.013864994
v  -0.00983397011 -0.0164439492 -0.0154269934
v  -0.006473999 -0.0174239688 -0.0158039946
v  -0.00765596004 -0.0166139491 -0.0163099729
v  -0.00169996498 -0.0199839883 -0.0131529542
v  -0.00397096202 -0.0199639685 -0.0125479633
v  -0.00499795005 -0.0202799886 -0.0110839633
v  -0.00287894486 -0.019448977 -0.0138979536
v  -0.00407497212 -0.018841967 -0.0145889539
v  -0.00175897405 -0.0170499496 -0.016734954
v  0.00406398205 -0.0196629576 -0.0126769533
v  0.00284995395 -0.0205189474 -0.011694964
v  0.00510497717 -0.0199359469 -0.0116479937
v  0.00527699618 -0.0185959786 -0.0134819737
v  0.0041839662 -0.018216949 -0.014438984
v  0.00538499886 -0.0149889486 -0.0163660031
v  0.006515997 -0.0154989781 -0.0155130029
v  0.007587987 -0.0159219988 -0.0145679731
v  0.00859000068 -0.0162609667 -0.0135329934
v  0.00950999744 -0.0165179782 -0.0124129634
v  0.0103429696 -0.0166999586 -0.0112089533
v  0.0113569591 -0.0152669987 -0.0115379626
v  0.0105459793 -0.0150529584 -0.0127409631
v  0.00964494236 -0.0147649487 -0.0138579626
v  0.00866194256 -0.0144009488 -0.0148849431
v  0.00760497386 -0.0139549775 -0.0158179943
v  0.0116279898 -0.0115909381 -0.0142059932
v  0.0124979699 -0.0119439783 -0.0131059829
v  0.01327796 -0.0122299688 -0.0119149629
v  0.0125859492 -0.00784293748 -0.0152909718
v  0.0115629593 -0.00729994755 -0.0161389727
v  0.0104699899 -0.00670395698 -0.0168609619
v  0.00931997877 -0.0060579665 -0.0174569413
v  0.00813199859 -0.0053679822 -0.0179409925
v  0.00692697102 -0.00463895872 -0.0183339715
v  0.00570996385 -0.00387494592 -0.0186479613
v  0.00325794797 -0.00226699095 -0.0190739613
v  0.000792999926 -0.000595974736 -0.0192739908
v  -0.00656698318 -0.0112509569 -0.019286992
v  -0.00542799802 -0.0098139476 -0.0195930023
v  -0.00997797027 -0.0127939368 -0.0182639919
v  -0.00994698051 -0.0148039879 -0.0170719642
v  -0.00962297246 -0.0176829584 -0.0134679638
v  -0.0104859807 -0.0178949684 -0.0118699642
v  -0.00303296396 -0.0118009867 -0.0192359611
v  -0.00181995006 -0.0127439955 -0.0189249516
v  -0.00299994298 -0.014163957 -0.0184869729
v  -0.00178394793 -0.0150349559 -0.0180299841
v  -0.00297794887 -0.016286958 -0.0173279643
v  -0.00654498907 -0.0156929977 -0.0174109936
v  -0.00535694882 -0.0165519565 -0.0169429742
v  -0.00415198086 -0.0173429698 -0.0163919944
v  -0.000598999963 -0.0136329969 -0.0185160041
v  0.000627000001 -0.0144549469 -0.0180089436
v  -0.000561999972 -0.0158349648 -0.0174779836
v  0.000658000004 -0.0165550001 -0.0168379545
v  -0.000543000002 -0.01773398 -0.0160659533
v  0.000656999997 -0.0183409899 -0.0153259635
v  -0.00527695892 -0.0181669481 -0.0152269639
v  0.00423397403 -0.0164449699 -0.0159289837
v  0.00305398111 -0.0158659667 -0.0167109929
v  0.00184895401 -0.0152009567 -0.0174049735
v  0.00296999793 -0.0193069391 -0.0136319939
v  0.001758951 -0.0201819986 -0.0126419635
v  0.000627000001 -0.0197679885 -0.0135209542
v  0.00412394386 -0.0121269664 -0.0180179421
v  0.00532295089 -0.0128159961 -0.0173859522
v  0.00648798281 -0.0134269474 -0.0166530032
v  0.00854899269 -0.0101159671 -0.016893981
v  0.00964494236 -0.0106779775 -0.0161069613
v  0.0106739495 -0.011169957 -0.0152089531
v  -0.00116894813 -0.00372897368 -0.0196479522
v  0.0013009489 -0.00552498177 -0.0194429718
v  0.000275999977 -0.00713793747 -0.0195350014
v  0.00377096515 -0.00723896734 -0.0189619623
v  0.00274498994 -0.00890199747 -0.0190169811
v  0.00167496805 -0.0105359377 -0.0189779922
v  0.00290395599 -0.0113639673 -0.0185489617
v  0.00178696495 -0.0129519561 -0.0183549523
v  0.00300796609 -0.0137109561 -0.017787993
v  0.00421197992 -0.0143919485 -0.0171239935
v  -0.00881395955 -0.0157389492 -0.016734954
v  -0.00771198841 -0.0147739472 -0.017787993
v  -0.0065599489 -0.0135939559 -0.018570954
v  -0.00539199589 -0.012256966 -0.0191109721
v  -0.0042359638 -0.0108189369 -0.0194549523
v  -0.00189195201 -0.0102909673 -0.0194569826
v  -0.000668999972 -0.0112309875 -0.0191869717
v  0.000557999942 -0.0121219559 -0.0188210011
v  -0.00880096573 -0.00550597254 0.0196959879
v  -0.00790194888 -0.00387697853 0.0197409876
v  -0.0106890006 -0.00249897828 0.0194939878
v  -0.0125699406 0.00301599689 0.0185419898
v  -0.0137719903 0.00378499692 0.0180799905
v  -0.0148519604 0.0021359981 0.0180709902
v  -0.0149119906 0.00455599697 0.017515
v  -0.0194669701 -0.00377100101 0.0160639789
v  -0.020476969 -0.00294797961 0.0152639691
v  -0.0209599491 -0.00452195946 0.014460979
v  -0.0152769508 -0.00847195275 0.0177819673
v  -0.0139469905 -0.00915896334 0.0181979481
v  -0.0132709509 -0.00752597302 0.0187929776
v  -0.0173199493 -0.0118309716 0.0138119375
v  -0.01372997 -0.0139909824 0.0153739974
v  -0.0149389906 -0.0143369911 0.0134149669
v  -0.0147569505 -0.0152069824 0.0118169673
v  -0.0125019904 -0.0163620003 0.0128189865
v  -0.0172709599 0.0111739691 0.0131970011
v  -0.0165189896 0.010584956 0.0142709613
v  -0.0198889691 0.00356799737 0.0148319602
v  -0.0190299489 0.00280804047 0.0157649498
v  -0.0186389498 0.00745797763 0.0141530009
v  -0.0193329789 0.00808996521 0.0130519811
v  -0.0199279599 0.00866896473 0.0118619706
v  -0.0156739689 0.00994295441 0.0152379805
v  -0.0147419907 0.0092549976 0.0160849597
v  -0.0137309805 0.00852698646 0.0168069601
v  -0.0126509406 0.00776994694 0.0174039602
v  -0.0115150008 0.00699794758 0.0178879406
v  -0.01033697 0.00622594915 0.0182799604
v  -0.00912199542 0.00545996893 0.0185949802
v  -0.00661198376 0.00394399697 0.0190209709
v  -0.0040379581 0.00244504772 0.0192199908
v  -0.00136296102 0.00133801089 0.0192099791
v  -0.00814394373 -0.00943796244 0.0194259789
v  -0.00976495072 -0.0110109933 0.0188859683
v  -0.00893996377 -0.0107039725 0.0190979782
v  -0.0092629604 -0.0112159727 0.0189199988
v  -0.0103769703 -0.0125429546 0.0182109382
v  -0.0102059608 -0.0127139641 0.0181839988
v  -0.00962297246 -0.0117880041 0.0186809786
v  -0.0122029604 -0.0133839725 0.0170189664
v  -0.0109569803 -0.0139069436 0.0172519553
v  -0.0107019907 -0.0135019934 0.0176149569
v  -0.0117729707 -0.011967943 0.0180169884
v  -0.0111569501 -0.0142239826 0.0169249661
v  -0.0124369608 -0.0146169523 0.0157559458
v  -0.0115779405 -0.0148919718 0.0160739962
v  -0.0137280002 -0.0150139825 0.0138839372
v  -0.0124710007 -0.0156449527 0.0142939575
v  -0.0122119607 -0.0159009621 0.0141369672
v  -0.0119159603 -0.0154299615 0.0151669877
v  -0.0160669498 -0.0113859633 0.0157509986
v  -0.0148259802 -0.0121009825 0.0162569787
v  -0.0204409696 -0.00818895176 0.0130999582
v  -0.0194399692 -0.0102279624 0.0124949785
v  -0.0192809496 -0.0112909516 0.0110299475
v  -0.01944796 -0.00902097207 0.013843948
v  -0.0183839593 -0.00983594265 0.0145359579
v  -0.0177689586 -0.00697397254 0.016681958
v  -0.0228909589 -0.00431799237 0.011641969
v  -0.0226449687 -0.00285296887 0.0126229487
v  -0.0233409796 -0.00203298777 0.0115949493
v  -0.0222069994 -0.00129794423 0.0134289786
v  -0.0213929787 -0.00211995142 0.0143859889
v  -0.0190019999 0.000360018341 0.0163119994
v  -0.0199509598 0.00115800533 0.0154590001
v  -0.0207959786 0.00194204552 0.0145139601
v  -0.02153394 0.00269902451 0.0134799397
v  -0.0221649799 0.00341699785 0.0123589598
v  -0.0226889588 0.00408999808 0.0111559602
v  -0.0218359586 0.00562298903 0.0114849797
v  -0.0212919489 0.00498498091 0.0126879802
v  -0.0206429698 0.00429699756 0.0138049703
v  -0.003305953 -0.00174998632 0.0195959806
v  -0.00483397814 -0.00417899527 0.0197629873
v  -0.00609997986 -0.0061909426 0.0197759774
v  -0.00965796039 -0.00715099275 0.0195389874
v  -0.00719897076 -0.00793694332 0.019658979
v  -0.0104609504 -0.0087999627 0.0192339979
v  -0.0111789508 -0.0104209632 0.0187429674
v  -0.0124859605 -0.0058519775 0.0191819575
v  -0.01386098 -0.00516598765 0.0188709386
v  -0.0146309501 -0.00684397295 0.0184329674
v  -0.0159419496 -0.00612496305 0.0179759786
v  -0.0165539701 -0.0077419728 0.0172739588
v  -0.0144759808 -0.0107019432 0.0173579976
v  -0.0157639701 -0.0100009926 0.0168899782
v  -0.0169989802 -0.00925695244 0.0163389985
v  -0.0151910009 -0.00444894377 0.0184629485
v  -0.0164619498 -0.00369995181 0.0179549977
v  -0.01719198 -0.00536798779 0.0174249988
v  -0.0183690004 -0.00457995478 0.0167849585
v  -0.0189129487 -0.00617294293 0.0160119478
v  -0.0199779589 -0.0053539807 0.015271958
v  -0.0172549896 -0.0106279729 0.015173967
v  -0.019815959 -0.00130795781 0.0158759896
v  -0.0187839586 -0.00212096609 0.0166579373
v  -0.0176629797 -0.0029209787 0.0173519775
v  -0.0218499694 -0.00368594425 0.0135789495
v  -0.0221159793 -0.00515597407 0.0125889685
v  -0.0212519504 -0.00599794928 0.0134669477
v  -0.0158749595 0.000460034935 0.0179649498
v  -0.0170159694 0.00124300108 0.0173329692
v  -0.0180699602 0.00202900823 0.0165989902
v  -0.0159769394 0.00531995809 0.0168409906
v  -0.0169569589 0.00606495608 0.0160529595
v  -0.0178459696 0.00677997433 0.0151559711
v  -0.00601397082 -0.000678951386 0.0195949599
v  -0.00870196149 0.000771051738 0.0193899795
v  -0.00971297547 -0.000850970391 0.0194819495
v  -0.01131598 0.00225604186 0.0189089701
v  -0.0123719908 0.000612025848 0.0189639907
v  -0.0133819906 -0.00106000341 0.0189249497
v  -0.0146599803 -0.000308983959 0.0184959695
v  -0.0156089412 -0.00200396171 0.0183009487
v  -0.0168209393 -0.00123094907 0.0177350007
v  -0.0179559998 -0.000440949108 0.0170709398
v  -0.0135359503 -0.0127679622 0.0166809484
v  -0.0131429806 -0.0113559831 0.0177349988
v  -0.0125769703 -0.00980698317 0.0185169484
v  -0.0118769808 -0.00817494281 0.0190579779
v  -0.01107994 -0.00651096273 0.0194019582
v  -0.0116189504 -0.00416999497 0.0194039885
v  -0.0129939709 -0.00347399153 0.0191339776
v  -0.0143289901 -0.00275200047 0.0187679473
v  0.0049979859 -0.0080409525 0.018541988
v  0.00377096515 -0.00723897293 0.0189089682
v  0.00167496805 -0.0105359433 0.0189249478
v  -0.00881395955 -0.0157389529 0.0166809466
v  -0.00765596004 -0.0166139528 0.0162569769
v  -0.00654498907 -0.0156930052 0.0173579957
v  -0.00535694882 -0.0165519603 0.0168899763
v  0.00186296087 -0.0171949714 0.016063977
v  0.00304194097 -0.0177499503 0.0152639663
v  0.00423397403 -0.0164449736 0.0158759858
v  0.00866194256 -0.0144009525 0.0148319574
v  0.00964494236 -0.0147649525 0.0138049675
v  0.01327796 -0.0122299725 0.0118619669
v  0.0151509792 -0.0091099618 0.0120279677
v  0.0125859492 -0.00784294307 0.0152379777
v  0.0135299694 -0.00832699239 0.0142709585
v  0.00813199859 -0.00536798779 0.0178879388
v  0.00931997877 -0.00605797209 0.0174039584
v  -0.00323496386 -0.00681399275 0.0197409876
v  -0.00116894813 -0.0037289802 0.0195949581
v  -0.0104859807 -0.0178949721 0.0118169663
v  -0.00962297246 -0.0176829621 0.0134149659
v  -0.0107569508 -0.0168839619 0.0138839362
v  -0.0109569803 -0.0155479824 0.0157559458
v  -0.01186994 -0.0160229728 0.0142939575
v  -0.00886200089 -0.0115789631 0.0188859683
v  -0.00997797027 -0.0127939442 0.0182109382
v  0.00692697102 -0.00463896431 0.0182799585
v  0.00570996385 -0.00387495244 0.0185949784
v  0.00325794797 -0.00226699747 0.019020969
v  0.000792999926 -0.000595981255 0.0192199908
v  0.0104699899 -0.00670396257 0.0168069582
v  0.0143869696 -0.00875096209 0.0131969983
v  0.0124979699 -0.011943982 0.0130519774
v  0.0116279898 -0.0115909418 0.0141529972
v  0.0106739495 -0.0111699626 0.0151559673
v  0.00964494236 -0.0106779831 0.0160529576
v  0.0105459793 -0.0150529621 0.0126879774
v  0.0113569591 -0.0152670024 0.0114849769
v  0.00527699618 -0.0185959823 0.0134289758
v  0.00510497717 -0.0199359506 0.0115949465
v  0.00406398205 -0.0196629614 0.0126229459
v  0.00284995395 -0.0205189511 0.0116419662
v  0.001758951 -0.0201820023 0.0125889666
v  0.000627000001 -0.0197679922 0.0134669458
v  -0.00175897405 -0.0170499533 0.0166819561
v  -0.000543000002 -0.0177339837 0.0160119459
v  0.000656999997 -0.0183409937 0.0152719561
v  0.00183095294 -0.0188659914 0.0144609762
v  -0.00297794887 -0.0162869655 0.0172739569
v  -0.00287894486 -0.0194489807 0.0138439462
v  -0.00169996498 -0.019983992 0.0130999563
v  -0.00397096202 -0.0199639723 0.0124949766
v  -0.00499795005 -0.0202799924 0.0110299466
v  -0.00415198086 -0.0173429735 0.0163389966
v  -0.006473999 -0.0174239725 0.0157509968
v  -0.00527695892 -0.0181669518 0.0151739661
v  -0.00633297488 -0.0187449902 0.0138119366
v  0.00739999395 -0.00948595256 0.0175149981
v  0.00760497386 -0.0139549812 0.0157649461
v  0.00648798281 -0.0134269511 0.0165989865
v  -0.000561999972 -0.0158349723 0.0174249969
v  0.000658000004 -0.0165550038 0.0167849567
v  0.00184794003 -0.0152009642 0.0173519757
v  0.00305398111 -0.0158659704 0.0166579355
v  0.00421197992 -0.0143919522 0.017070936
v  0.00538499886 -0.0149889523 0.0163119957
v  0.0103429696 -0.0166999623 0.0111559564
v  0.00950999744 -0.0165179819 0.012358956
v  0.00859000068 -0.0162609704 0.0134799359
v  0.007587987 -0.0159220025 0.0145139573
v  0.006515997 -0.0154989818 0.0154589973
v  0.00296999793 -0.0193069428 0.0135789467
v  0.0041839662 -0.0182169527 0.0143859861
v  -0.000668999972 -0.0112309931 0.0191339776
v  -0.00189195201 -0.0102909729 0.0194039885
v  -0.00303296396 -0.0118009942 0.0191819575
v  -0.0042359638 -0.0108189424 0.0194019582
v  -0.00539199589 -0.0122569734 0.0190579779
v  -0.00994698051 -0.0148039917 0.0170189664
v  -0.00885598082 -0.0138039542 0.0180169865
v  -0.00771794794 -0.012598983 0.0187429674
v  -0.00656698318 -0.0112509625 0.0192339979
v  -0.00542799802 -0.00981395319 0.0195389874
v  -0.00431595417 -0.00832896307 0.0196959879
v  -0.00178394793 -0.0150349634 0.0179759767
v  0.000627000001 -0.0144549543 0.0179549959
v  0.00300796609 -0.0137109635 0.017734997
v  0.00532295089 -0.0128160035 0.0173329674
v  0.00854899269 -0.0101159727 0.0168409888
v  0.0115629593 -0.00729995314 0.0160849579
v  -0.004187983 -0.0154499942 0.0177819654
v  -0.00983397011 -0.0164439529 0.0153739965
v  -0.00407497212 -0.0188419707 0.0145359561
v  -0.000787955069 -0.00873099267 0.0194939878
v  0.000442999997 -0.00965397246 0.0192549787
v  0.00253696996 -0.00639700331 0.0191889983
v  0.0013009489 -0.00552498735 0.0193899777
v  0.00621195417 -0.00879197288 0.0180799887
v  0.00412394386 -0.0121269738 0.017964948
v  0.00290395599 -0.0113639729 0.0184959676
v  0.00178696495 -0.0129519636 0.0183009487
v  0.000557999942 -0.0121219633 0.0187679473
v  -0.000598999963 -0.0136330044 0.0184629466
v  -0.00181995006 -0.012744003 0.0188709386
v  -0.00299994298 -0.0141639644 0.0184329655
v  -0.00420294283 -0.0132329939 0.0187929776
v  -0.00538299605 -0.0145489434 0.0181979463
v  -0.0065599489 -0.0135939633 0.0185169466
v  -0.00771198841 -0.0147739546 0.017734997

# 0 UV coordinates

# 7859 vertex normals
vn 0.491569489 -0.74455446 0.451661587
vn 0.103279397 -0.922106087 0.372899354
vn 0.103279397 -0.922105968 0.372899354
vn 0.00763869192 -0.935830534 0.352367461
vn -0.104431599 -0.939981282 0.324852854
vn -0.104431599 -0.939981282 0.324852765
vn -0.0111498199 -0.936588049 -0.350255251
vn 0.0167613607 -0.935830235 -0.35205245
vn 0.106492199 -0.933179319 -0.34327215
vn 0.106492102 -0.933179319 -0.34327215
vn 0.195216 -0.922334731 -0.333450645
vn 0.807322919 -0.586431503 -0.0657863393
vn 0.707105219 -0.531786144 0.466053307
vn 0.707105219 -0.531786084 0.466053307
vn 0.717963815 -0.520910561 0.461714506
vn 0.731367826 -0.501948237 0.46168071
vn 0.760209382 -0.529767275 0.376069903
vn 0.778912187 -0.486612946 0.395605415
vn 0.778912187 -0.486613154 0.395605117
vn 0.778912187 -0.486613065 0.395605296
vn 0.771586716 -0.504789233 0.3870942
vn 0.771586716 -0.504789233 0.38709411
vn 0.771586597 -0.504789233 0.3870942
vn 0.762033522 -0.530904353 0.37073642
vn 0.762033522 -0.530904233 0.37073642
vn 0.762033582 -0.530904353 0.37073642
vn 0.758722723 -0.541006148 0.36283952
vn 0.667768002 -0.646397233 0.369129568
vn 0.667767882 -0.646397173 0.369129688
vn 0.667767823 -0.646397233 0.369129777
vn 0.754588127 -0.545189083 0.365192801
vn 0.754588187 -0.545189142 0.365192622
vn 0.754588127 -0.545189381 0.365192324
vn 0.729644179 -0.569262087 0.378893107
vn 0.721019804 -0.592080355 0.359960198
vn 0.721019804 -0.592080474 0.359960198
vn 0.687820077 -0.620297372 0.377007812
vn 0.687820017 -0.620297372 0.377007812
vn 0.685374498 -0.623796582 0.375685722
vn 0.685374498 -0.62379694 0.375685096
vn 0.685374618 -0.623796284 0.375686109
vn 0.679798007 -0.63128674 0.373298407
vn 0.679798126 -0.63128674 0.373298198
vn 0.679798305 -0.631286681 0.373298109
vn 0.673895121 -0.69035095 0.263212889
vn 0.673895121 -0.69035095 0.263212979
vn 0.673895121 -0.690350831 0.263213068
vn 0.629630208 -0.727088571 0.273693472
vn 0.629630208 -0.727088451 0.273693591
vn 0.574371099 -0.768998682 0.280604988
vn 0.574371099 -0.768998563 0.280604988
vn 0.57437098 -0.768998563 0.280604869
vn 0.677282274 -0.667735875 0.308897495
vn 0.677282274 -0.667735875 0.308897585
vn 0.684935927 -0.65362525 0.321926892
vn 0.684935689 -0.653625488 0.321926981
vn 0.719536602 -0.651245177 0.241136596
vn 0.713575006 -0.673829377 0.191741899
vn 0.741239727 -0.651015401 0.163531601
vn 0.741239786 -0.651015401 0.163531601
vn 0.79950738 -0.599837422 0.0313540846
vn 0.79950738 -0.599837422 0.0313541442
vn 0.802551508 -0.595440328 0.0369039923
vn 0.802551627 -0.595440328 0.0369039923
vn 0.806805193 -0.590812922 -0.00236377725
vn 0.806805372 -0.590812624 -0.00236377725
vn 0.806805611 -0.590812504 -0.00236377725
vn 0.806728423 -0.590920925 -0.00140008924
vn 0.806728482 -0.590920806 -0.00140008924
vn 0.806728601 -0.590920806 -0.00140003022
vn 0.805432498 -0.592601597 -0.0100965267
vn 0.80673027 -0.590919077 0.00096401677
vn 0.806730211 -0.590919077 0.000964014733
vn 0.80673027 -0.590919077 0.000964017701
vn 0.806726992 -0.590924203 -0.000438666291
vn 0.806727111 -0.590924203 -0.000438684277
vn 0.806726992 -0.590924203 -0.000438646268
vn 0.767380297 -0.631084979 -0.113398805
vn 0.577946484 -0.766422153 -0.28031233
vn 0.577946424 -0.766422153 -0.280312419
vn 0.577946424 -0.766422153 -0.280312508
vn 0.562493205 -0.777264416 -0.281889021
vn 0.562493205 -0.777264416 -0.28188923
vn 0.562493205 -0.777264416 -0.281889319
vn 0.64538312 -0.714666426 -0.269689918
vn 0.645383179 -0.714666665 -0.269689322
vn 0.64538312 -0.714666963 -0.269688427
vn 0.6609146 -0.701586843 -0.266397625
vn 0.6609146 -0.701587021 -0.266397506
vn 0.660914898 -0.701587021 -0.266396523
vn 0.714641273 -0.652494252 -0.252069831
vn 0.714559615 -0.673030734 -0.190877706
vn 0.714559615 -0.673030913 -0.190877005
vn 0.721488714 -0.66719836 -0.185203701
vn 0.721488774 -0.66719836 -0.185203806
vn 0.721488774 -0.66719836 -0.185203701
vn 0.738790691 -0.655985475 -0.154503405
vn 0.73879081 -0.655985475 -0.154503509
vn 0.712028384 -0.584804714 -0.388611585
vn 0.675660014 -0.637069345 -0.370980203
vn 0.667473912 -0.646613359 -0.36928302
vn 0.667473793 -0.646613359 -0.36928302
vn 0.684334993 -0.653029144 -0.324405313
vn 0.684335113 -0.653029025 -0.324405313
vn 0.684335113 -0.653028965 -0.324405313
vn 0.680832207 -0.663508058 -0.310201019
vn 0.702408791 -0.63348186 -0.324534595
vn 0.729848623 -0.569279552 -0.378473192
vn 0.729848623 -0.569279432 -0.378473192
vn 0.758700192 -0.540990412 -0.362909675
vn 0.759442329 -0.538773417 -0.364651591
vn 0.759441972 -0.538773537 -0.36465168
vn 0.759441912 -0.538773656 -0.364651799
vn 0.764983475 -0.52297312 -0.375897884
vn 0.764983594 -0.52297312 -0.375897884
vn 0.764984012 -0.522973061 -0.375897497
vn 0.765318394 -0.522055268 -0.376491994
vn 0.73380059 -0.500588536 -0.459290594
vn 0.733800709 -0.500588715 -0.459290296
vn 0.733800709 -0.500588417 -0.459290594
vn 0.723237991 -0.510103345 -0.465533495
vn 0.726049423 -0.514675558 -0.456027895
vn 0.707333684 -0.531843126 -0.465641499
vn 0.747056723 -0.517371535 -0.4174124
vn 0.747056603 -0.517371655 -0.4174124
vn 0.739191175 -0.511805713 -0.437780201
vn 0.739191115 -0.511805713 -0.437780201
vn 0.738215208 -0.509265959 -0.442364901
vn 0.738215208 -0.509265959 -0.442364782
vn 0.734890699 -0.507330954 -0.450056702
vn 0.734890819 -0.507330835 -0.450056702
vn 0.734890819 -0.507330954 -0.450056702
vn 0.73123771 -0.502925217 -0.460822999
vn 0.73123771 -0.502925158 -0.460822999
vn 0.736841798 -0.497957945 -0.457276791
vn 0.736841798 -0.497957945 -0.457276881
vn 0.736841798 -0.497958034 -0.457276791
vn 0.731293321 -0.502690315 -0.460990995
vn 0.731293321 -0.502690017 -0.460991383
vn 0.731293201 -0.502690136 -0.460991293
vn 0.5784747 -0.724995255 -0.373830229
vn 0.600039005 -0.714892566 -0.359001428
vn 0.600038886 -0.714892566 -0.359001309
vn 0.614886105 -0.708237767 -0.346863806
vn 0.614886105 -0.708237767 -0.346863717
vn 0.627707422 -0.692275047 -0.35600403
vn 0.627707303 -0.692275047 -0.356004119
vn 0.651291072 -0.662130654 -0.37067911
vn 0.651291072 -0.662130654 -0.370679229
vn 0.651291072 -0.662130535 -0.370679229
vn 0.541725218 -0.706230164 -0.455821306
vn 0.541725099 -0.706230044 -0.455821306
vn 0.541725099 -0.706230164 -0.455821306
vn 0.563300371 -0.701102018 -0.437205613
vn 0.563300371 -0.701101959 -0.437205523
vn 0.563300371 -0.701102018 -0.437205523
vn 0.574085414 -0.712678313 -0.403132319
vn 0.574085176 -0.712678552 -0.403132319
vn 0.574085176 -0.712678552 -0.403132409
vn 0.464389503 -0.793177068 -0.393970519
vn 0.464389414 -0.793177068 -0.393970519
vn 0.464388996 -0.793177366 -0.39397043
vn 0.451907307 -0.784911215 -0.423903525
vn 0.451907188 -0.784911335 -0.423903525
vn 0.451907188 -0.784911215 -0.423903525
vn 0.478604913 -0.724107265 -0.496594727
vn 0.478604615 -0.724107265 -0.496594727
vn 0.478605092 -0.724107027 -0.496594727
vn 0.493695587 -0.760992169 -0.420898706
vn 0.493695915 -0.76099205 -0.420898616
vn 0.493695706 -0.76099205 -0.420898706
vn 0.492680013 -0.754172444 -0.434154928
vn 0.492679894 -0.754172444 -0.434154928
vn 0.492621809 -0.745243967 -0.449372113
vn 0.492621809 -0.745243967 -0.449372023
vn 0.492621899 -0.745243967 -0.449372113
vn 0.492952585 -0.744493127 -0.450253129
vn 0.475385994 -0.751518846 -0.45741412
vn 0.475385904 -0.751519024 -0.457413912
vn 0.475385904 -0.751519442 -0.457413226
vn 0.457890898 -0.758062363 -0.46441102
vn 0.468789101 -0.766527653 -0.438944429
vn 0.468789101 -0.766527712 -0.438944608
vn 0.468789101 -0.766527653 -0.438944608
vn 0.44728449 -0.777479112 -0.442112029
vn 0.44728449 -0.777479053 -0.442112029
vn 0.396269292 -0.80550015 -0.440613329
vn 0.385435402 -0.810120463 -0.441751629
vn 0.445011586 -0.829814017 -0.336709559
vn 0.445011407 -0.829814136 -0.336709648
vn 0.445011586 -0.829814136 -0.33670944
vn 0.452304602 -0.822326362 -0.345253825
vn 0.452304512 -0.822326362 -0.345253706
vn 0.452304512 -0.822326243 -0.345253825
vn 0.355776906 -0.855975449 -0.37513876
vn 0.266916603 -0.921220243 -0.28303495
vn 0.309384912 -0.882770956 -0.353548557
vn 0.223097906 -0.915330529 -0.335257262
vn 0.223097906 -0.915330529 -0.335257143
vn 0.101054497 -0.944033146 -0.313989758
vn 0.101054601 -0.944033146 -0.313989758
vn 0.115915298 -0.944329739 -0.307904154
vn 0.115915202 -0.944329858 -0.307903945
vn 0.115915202 -0.944329917 -0.307903856
vn 0.136682302 -0.944724262 -0.298017144
vn 0.136682495 -0.944724143 -0.298017353
vn 0.136682406 -0.944724143 -0.298017353
vn 0.152705103 -0.945037246 -0.289112359
vn 0.152705103 -0.945037246 -0.28911224
vn -0.0718231201 -0.937407851 -0.340746552
vn -0.0718231201 -0.937407732 -0.340746552
vn -0.0718231201 -0.937407851 -0.340746641
vn -0.0542770587 -0.938158453 -0.341925442
vn -0.0542770587 -0.938158333 -0.341925442
vn -0.0820273086 -0.943165362 -0.322041541
vn -0.0820273682 -0.943165362 -0.322041661
vn -0.0820273086 -0.943165362 -0.322041661
vn 0.00861430075 -0.930014312 -0.367422253
vn 0.0372356102 -0.931480527 -0.361880541
vn 0.0930408165 -0.920458734 -0.379603952
vn 0.0930408835 -0.920458734 -0.379603952
vn 0.0930408165 -0.920458734 -0.379604042
vn 0.104802303 -0.925323069 -0.364408761
vn 0.136597604 -0.949878514 -0.28119716
vn 0.136597499 -0.949879229 -0.281195045
vn 0.136595994 -0.949878812 -0.281196862
vn 0.144781902 -0.944887459 -0.293642551
vn 0.137799799 -0.908763111 -0.393904448
vn 0.137799695 -0.908763111 -0.393904448
vn 0.140102401 -0.927136958 -0.34754625
vn 0.140102595 -0.927136958 -0.347546339
vn 0.140102506 -0.927136958 -0.34754625
vn 0.139980704 -0.935556054 -0.324253559
vn 0.139980495 -0.935556054 -0.324253559
vn 0.139698803 -0.938589931 -0.315488935
vn 0.139698505 -0.938589931 -0.315488845
vn 0.139698699 -0.938589811 -0.315489143
vn 0.138906598 -0.944559753 -0.297509551
vn 0.138907194 -0.944559753 -0.297509462
vn 0.138907 -0.944559753 -0.297509462
vn 0.134308502 -0.95433867 -0.266831338
vn 0.134308606 -0.95433867 -0.266831338
vn 0.006482183 -0.974689364 -0.223469466
vn 0.0807651803 -0.946389914 -0.312767059
vn 0.0807652399 -0.946389914 -0.312767059
vn 0.0425333902 -0.945099413 -0.324002862
vn 0.0425333902 -0.945099533 -0.324002951
vn 0.0380247794 -0.930056155 -0.365444839
vn 0.038024839 -0.930056036 -0.365444839
vn 0.138881505 -0.955944657 -0.258615136
vn 0.138881803 -0.955944657 -0.258615136
vn 0.138881594 -0.955944657 -0.258615136
vn 0.148429006 -0.960851729 -0.23395057
vn 0.148428902 -0.960851729 -0.23395057
vn 0.148428693 -0.960851669 -0.23395057
vn 0.145615995 -0.959047616 -0.242947847
vn 0.1598894 -0.964617312 -0.20964016
vn 0.1598894 -0.964617312 -0.209640071
vn 0.190394193 -0.965690017 -0.176615462
vn 0.190394193 -0.965690017 -0.176615566
vn 0.157627404 -0.977102399 -0.142915159
vn 0.235333204 -0.964300513 -0.121420756
vn 0.235332996 -0.964300513 -0.121420957
vn 0.352990508 -0.935525179 -0.0137910526
vn 0.352990597 -0.935525179 -0.0137910526
vn 0.359230608 -0.932475328 -0.0379903615
vn 0.37169829 -0.927802801 -0.0319772623
vn 0.37169829 -0.927802801 -0.0319772027
vn 0.319063097 -0.945978403 -0.0576527417
vn 0.328002602 -0.942531884 0.0636243448
vn 0.328002602 -0.942531824 0.0636243448
vn 0.319106787 -0.944540799 0.0775479227
vn 0.319106698 -0.944540799 0.0775479823
vn 0.335616201 -0.940371871 0.055338107
vn 0.349002093 -0.936143875 0.0428033061
vn 0.359926194 -0.932214677 0.0377994962
vn 0.354100406 -0.935018718 0.0187879372
vn 0.354100496 -0.935018718 0.0187878776
vn 0.354100496 -0.935018718 0.0187879372
vn 0.351803303 -0.936071515 0.00217321143
vn 0.351803392 -0.936071515 0.00217321143
vn 0.277494997 -0.950622082 0.138975158
vn 0.277495086 -0.950622201 0.138975158
vn 0.28305319 -0.951022327 0.124247842
vn 0.2830531 -0.951022327 0.124247745
vn 0.288361102 -0.950621605 0.114745744
vn 0.309965909 -0.947059929 0.0836584121
vn 0.312615395 -0.943351626 0.111173041
vn 0.312615305 -0.943351626 0.111173041
vn 0.315058887 -0.944375515 0.0943023711
vn 0.224624306 -0.966252208 0.126097634
vn 0.224624306 -0.966252208 0.12609753
vn 0.224624306 -0.966252327 0.12609753
vn 0.208370507 -0.969596922 0.128310934
vn 0.208370596 -0.969596803 0.128311142
vn 0.208370596 -0.969596803 0.128311038
vn 0.162162706 -0.963552833 0.212766036
vn 0.162162706 -0.963552773 0.212766141
vn 0.162162706 -0.963552833 0.212766141
vn 0.168378502 -0.965286076 0.199678943
vn 0.178328693 -0.965503275 0.18974334
vn 0.186724097 -0.965091348 0.183665335
vn 0.186724201 -0.965091348 0.183665439
vn 0.201516002 -0.963629186 0.175527737
vn 0.201516002 -0.963629305 0.175527841
vn 0.196981207 -0.964326322 0.17684184
vn 0.189988807 -0.969950795 0.151985839
vn 0.189988703 -0.969950795 0.151985839
vn 0.191384897 -0.97204268 0.136032641
vn 0.133615598 -0.953788936 0.269134641
vn 0.133615702 -0.953788936 0.26913476
vn 0.133615807 -0.953788936 0.26913476
vn 0.138444304 -0.956600964 0.25641346
vn 0.144775704 -0.958049655 0.247347951
vn 0.144775793 -0.958049655 0.247347951
vn 0.144775704 -0.958049774 0.247347951
vn 0.146095306 -0.958500683 0.24481155
vn 0.146095306 -0.958500743 0.24481155
vn 0.146095395 -0.958500683 0.24481155
vn 0.157150701 -0.960687339 0.228874937
vn 0.158893406 -0.957152188 0.242100745
vn 0.158893496 -0.957152188 0.242100745
vn 0.158371896 -0.961194634 0.225883037
vn 0.130176604 -0.950089633 0.283520341
vn 0.130909503 -0.959514678 0.249388352
vn 0.0629928708 -0.963415682 0.260504156
vn 0.0629928708 -0.963415563 0.260504156
vn 0.0521916114 -0.944313347 0.32488206
vn 0.0417001806 -0.939843833 0.339049637
vn 0.041700121 -0.939843833 0.339049637
vn 0.066325359 -0.946172774 0.316793561
vn 0.066325359 -0.946172774 0.31679365
vn 0.0773214623 -0.946870863 0.312181056
vn 0.0773215219 -0.946870863 0.312181264
vn 0.0777119324 -0.946836889 0.312187344
vn 0.0777118802 -0.946836889 0.312187254
vn 0.0552826487 -0.957510769 0.283049852
vn 0.0552826487 -0.95751065 0.283049852
vn 0.0552827083 -0.957510769 0.283049762
vn 0.0555368587 -0.962091982 0.267011166
vn 0.0555368587 -0.962091863 0.267011046
vn -0.0445840284 -0.93669188 0.34730494
vn -0.0504769012 -0.935918987 0.348579645
vn -0.0445879586 -0.936209083 0.348603666
vn -0.0445879586 -0.936209083 0.348603755
vn -0.0445879586 -0.936208963 0.348603845
vn -0.0418801308 -0.935409546 0.351077139
vn -0.0398038588 -0.937331438 0.346158147
vn 0.0361123011 -0.931136847 0.362877458
vn 0.0382255316 -0.928839862 0.368504256
vn 0.0327474996 -0.92439574 0.38002634
vn 0.0205207393 -0.938881934 0.343626946
vn 0.0198730193 -0.935789049 0.352000058
vn 0.186405003 -0.924316287 0.333005548
vn 0.186405003 -0.924316168 0.333006054
vn 0.186405107 -0.924316168 0.333005548
vn 0.138306201 -0.946862936 0.290382653
vn 0.138306096 -0.946862936 0.290382653
vn 0.140661001 -0.931456089 0.335565358
vn 0.142340705 -0.944739342 0.295307964
vn 0.195060998 -0.922457635 0.333201259
vn 0.134120405 -0.944431961 0.300100148
vn 0.1341203 -0.944431961 0.300100148
vn 0.106612504 -0.94408524 0.311988652
vn 0.106612504 -0.944085181 0.31198886
vn 0.106612697 -0.944085062 0.311989248
vn 0.1023378 -0.944054186 0.313510448
vn 0.1023378 -0.944054186 0.313510537
vn 0.105661497 -0.935019255 0.338489056
vn 0.105661497 -0.935019135 0.338489056
vn 0.105404198 -0.930939734 0.349630058
vn 0.105404101 -0.930939734 0.349630147
vn 0.105403803 -0.930939853 0.349629939
vn 0.311949909 -0.890904784 0.330115438
vn 0.262186497 -0.901619852 0.344005764
vn 0.262187093 -0.901622534 0.343998343
vn 0.262186497 -0.901619852 0.344005942
vn 0.233792901 -0.911718488 0.337802351
vn 0.233792797 -0.911718488 0.337802351
vn 0.210398301 -0.918716073 0.334205657
vn 0.210398301 -0.918715954 0.334205657
vn 0.493194193 -0.782342434 0.38039428
vn 0.464267999 -0.810835063 0.356373072
vn 0.464267999 -0.810835063 0.356373191
vn 0.452706188 -0.822471082 0.344381571
vn 0.437056005 -0.828375578 0.35039416
vn 0.437056094 -0.828375638 0.350393951
vn 0.437056005 -0.828375578 0.350393951
vn 0.355796993 -0.855854571 0.375395358
vn 0.355796993 -0.855854452 0.375395358
vn 0.469324112 -0.769951761 0.432330191
vn 0.469312489 -0.742723942 0.477605581
vn 0.4693124 -0.742723942 0.477605581
vn 0.482828885 -0.765108764 0.426010579
vn 0.480680197 -0.737152338 0.474924177
vn 0.495382994 -0.73814106 0.457977682
vn 0.494101107 -0.744803667 0.448477179
vn 0.494101107 -0.744803548 0.448477179
vn 0.4944112 -0.758513868 0.424516469
vn 0.49441129 -0.758513868 0.424516469
vn 0.494411409 -0.758513749 0.424516469
vn 0.458065599 -0.772531688 0.439739585
vn 0.419593006 -0.790239632 0.446612895
vn 0.35965541 -0.828959644 0.428338557
vn 0.66864419 -0.645389378 0.369307071
vn 0.668644071 -0.645389259 0.36930719
vn 0.668644071 -0.645389378 0.369307071
vn 0.651049078 -0.662186563 0.371004373
vn 0.651049078 -0.662186444 0.371004283
vn 0.614344716 -0.708105564 0.348090887
vn 0.61966449 -0.705780447 0.343351066
vn 0.61966449 -0.705780447 0.343350977
vn 0.5809834 -0.723716438 0.372414976
vn 0.5809834 -0.723716438 0.372414887
vn 0.580473125 -0.723983884 0.372690767
vn 0.572498679 -0.711697876 0.407101274
vn 0.57249862 -0.711697936 0.407101274
vn 0.572498083 -0.711698472 0.407101274
vn 0.559963703 -0.698512733 0.445556492
vn 0.732681274 -0.501046777 0.460575819
vn 0.732681274 -0.501046836 0.460575908
vn 0.736199617 -0.508298039 0.446814716
vn 0.736199677 -0.50829798 0.446814597
vn 0.736199796 -0.508297861 0.446814597
vn 0.741258323 -0.511668742 0.434432209
vn 0.741258323 -0.511668682 0.434432298
vn 0.741258323 -0.511668682 0.434432209
vn 0.741017222 -0.510515988 0.43619591
vn 0.741017401 -0.510515869 0.43619591
vn 0.74101752 -0.510515749 0.43619591
vn 0.742893517 -0.513876736 0.428998798
vn 0.279253215 -0.951689124 0.127692848
vn 0.278342307 -0.952370703 0.124561846
vn 0.236469507 -0.955289304 0.177495748
vn 0.236469403 -0.955289304 0.177495852
vn 0.260043293 -0.943849981 0.203776956
vn 0.260043204 -0.943849981 0.203776956
vn 0.201523393 -0.950752974 0.235493645
vn 0.201523393 -0.950752974 0.235493556
vn 0.426380694 -0.903775394 0.0372771919
vn 0.426380694 -0.903775513 0.0372771919
vn 0.426380605 -0.903775394 0.0372771919
vn 0.42939201 -0.902776897 0.0248278622
vn 0.38798961 -0.920901299 0.0374822915
vn 0.38798961 -0.920901418 0.0374822915
vn 0.402942091 -0.911705375 0.0801914632
vn 0.40294221 -0.911705494 0.0801915228
vn 0.402942091 -0.911705375 0.0801914036
vn 0.346654207 -0.933292389 0.0937884077
vn 0.346654207 -0.933292329 0.0937885344
vn 0.346654207 -0.933292389 0.0937885344
vn 0.481985509 -0.876178682 0.000907108246
vn 0.481985509 -0.876178801 0.000907112262
vn 0.481985509 -0.876178801 0.000907107256
vn 0.48079589 -0.876822472 0.00419590389
vn 0.478497595 -0.878070414 0.00569311297
vn 0.478497207 -0.878070593 0.00569168292
vn 0.478497893 -0.878070414 0.00569287501
vn 0.358916998 -0.921366274 -0.149207652
vn 0.358917087 -0.921366274 -0.149207547
vn 0.358917207 -0.921366215 -0.149207249
vn 0.267834395 -0.9562518 -0.117674857
vn 0.314911693 -0.944237113 -0.0961615741
vn 0.345774502 -0.932088792 -0.107938349
vn 0.458283395 -0.888010025 -0.0376146659
vn 0.458283395 -0.888010025 -0.0376147255
vn 0.403678805 -0.913883984 -0.0431226678
vn 0.426956207 -0.904237926 -0.0078928154
vn 0.465178013 -0.885105014 -0.0140937744
vn 0.465178102 -0.885105014 -0.0140937744
vn 0.481679589 -0.876338601 -0.00395926181
vn 0.481679499 -0.876338601 -0.00395926181
vn 0.159524098 -0.960296869 -0.228871346
vn 0.254799902 -0.935990036 -0.242898747
vn 0.254799902 -0.935990036 -0.242898852
vn 0.225906596 -0.957878828 -0.177297547
vn 0.225906596 -0.957878888 -0.177297547
vn 0.242973194 -0.955065012 -0.169749349
vn 0.242973194 -0.955065072 -0.169749454
vn 0.242973298 -0.955065012 -0.169749349
vn 0.267828405 -0.953631699 -0.137312651
vn 0.267828405 -0.95363158 -0.137312546
vn 0.463512987 -0.811820567 -0.355110019
vn 0.463513196 -0.811820567 -0.355109721
vn 0.46351251 -0.811820567 -0.355110526
vn 0.479810506 -0.795627236 -0.369809717
vn 0.518593311 -0.761510015 -0.388797522
vn 0.518593788 -0.761509955 -0.388797015
vn 0.518592894 -0.761509955 -0.388798416
vn 0.508621573 -0.770795465 -0.383638829
vn 0.508621573 -0.770795345 -0.383638829
vn 0.770996571 -0.635007083 -0.0482731238
vn 0.765424073 -0.633629978 -0.112423807
vn 0.765424013 -0.633629978 -0.112423807
vn 0.765403688 -0.633633494 -0.112542905
vn 0.765403807 -0.633633494 -0.112542905
vn 0.743178427 -0.653929412 -0.1416412
vn 0.738743603 -0.655902326 -0.155081406
vn 0.738743603 -0.655902207 -0.155081406
vn 0.622793376 -0.772593975 -0.123398229
vn 0.622793496 -0.772593915 -0.123398125
vn 0.622793317 -0.772593975 -0.123398229
vn 0.697179377 -0.690680027 -0.19209902
vn 0.650710881 -0.718416452 -0.245872423
vn 0.656438172 -0.701830149 -0.276628733
vn 0.624539673 -0.713191152 -0.318289906
vn 0.624539673 -0.713191211 -0.318289906
vn 0.608711123 -0.701086521 -0.371414214
vn 0.542113602 -0.782993317 -0.305015713
vn 0.542113602 -0.782993257 -0.305015713
vn 0.567825198 -0.733020067 -0.374507815
vn 0.567825317 -0.733020067 -0.374507934
vn 0.567825317 -0.733020067 -0.374507815
vn 0.557825804 -0.740206063 -0.375400305
vn 0.557825923 -0.740206063 -0.375400424
vn 0.536586702 -0.754344523 -0.37820521
vn 0.536586702 -0.754344463 -0.378205329
vn 0.795011222 -0.605437279 -0.0374576785
vn 0.795011103 -0.605437219 -0.0374576785
vn 0.794306695 -0.6063568 -0.037527889
vn 0.794306815 -0.606356919 -0.0375279523
vn 0.804782689 -0.592657626 -0.032891307
vn 0.804782808 -0.592657506 -0.0328913666
vn 0.804782808 -0.592657626 -0.0328911878
vn 0.761385024 -0.636681676 0.122185692
vn 0.774151921 -0.631274104 0.0467125252
vn 0.774151921 -0.631274104 0.0467125848
vn 0.795107901 -0.605334222 0.0370682627
vn 0.785116017 -0.619294405 0.00821616035
vn 0.785116076 -0.619294286 0.00821604114
vn 0.785116076 -0.619294226 0.00821598247
vn 0.784596682 -0.619979203 -0.0058181691
vn 0.784596801 -0.619979084 -0.00581799122
vn 0.78459692 -0.619979024 -0.00581804989
vn 0.793066502 -0.602423608 0.0901743919
vn 0.758418024 -0.643277586 0.104862399
vn 0.755870879 -0.646366119 0.104260199
vn 0.755870879 -0.646366 0.104260199
vn 0.741801023 -0.651990414 0.156970799
vn 0.741801083 -0.651990294 0.156970799
vn 0.606997013 -0.78898102 0.0952041596
vn 0.606997013 -0.788980901 0.0952041
vn 0.706143796 -0.681468368 0.19225499
vn 0.673745811 -0.706559658 0.216425583
vn 0.673745811 -0.706559777 0.216425583
vn 0.604914725 -0.696816564 0.385389388
vn 0.604914904 -0.696816385 0.385389268
vn 0.604914606 -0.696816683 0.385389388
vn 0.611392021 -0.703104556 0.363103181
vn 0.611391902 -0.703104675 0.363103271
vn 0.611391902 -0.703104675 0.363103181
vn 0.635126293 -0.720657766 0.277969569
vn 0.658580899 -0.677183151 0.328168184
vn 0.658554912 -0.708781183 0.252853483
vn 0.658554912 -0.708781183 0.252853394
vn 0.454766989 -0.783883572 0.422745287
vn 0.45476681 -0.783883572 0.422745377
vn 0.45476681 -0.783883631 0.422745377
vn 0.450195998 -0.819763064 0.353994578
vn 0.450195909 -0.819763064 0.353994787
vn 0.450196087 -0.819763064 0.353994489
vn 0.508523703 -0.770960569 0.38343659
vn 0.508523583 -0.770960689 0.383436471
vn 0.534826219 -0.756059289 0.377273768
vn 0.534826279 -0.756059289 0.377273768
vn 0.534826219 -0.75605917 0.377273768
vn 0.564198673 -0.736078084 0.373990476
vn 0.564198673 -0.736078084 0.373990595
vn 0.564198792 -0.736078084 0.373990476
vn 0.557988882 -0.75059706 0.353910178
vn 0.557986081 -0.750610471 0.353886485
vn 0.5579952 -0.750607967 0.353877395
vn 0.547910273 -0.775001168 0.314908892
vn 0.547909319 -0.774998963 0.314916283
vn 0.547909975 -0.775004566 0.314901292
vn -0.989904702 -0.092846103 0.107090682
vn -0.989904702 -0.092846103 0.107090585
vn -0.99837333 0.0570016988 0.00128699234
vn -0.99837333 0.0570017584 0.00128699234
vn -0.99837333 0.0570015311 0.00128693227
vn -0.877700508 0.474640101 0.0660200864
vn -0.877700627 0.474640101 0.0660200864
vn -0.885669172 0.335780352 -0.32068935
vn -0.885669172 0.335780263 -0.320689231
vn -0.785551429 0.408290088 -0.464981943
vn -0.779346824 0.426292896 -0.45923084
vn -0.779346883 0.426292896 -0.459230751
vn -0.868283927 0.203277677 -0.452505678
vn -0.868283927 0.203277677 -0.452505767
vn -0.879438102 0.122004971 -0.460112572
vn -0.879437983 0.122005276 -0.460112572
vn -0.875251293 -0.303486437 -0.376604766
vn -0.846886992 -0.398946047 -0.351602852
vn -0.846886992 -0.398946047 -0.351602972
vn -0.846887112 -0.398946136 -0.351602674
vn -0.802359402 -0.501137018 -0.324162394
vn -0.802359223 -0.501137018 -0.324162483
vn -0.839177787 -0.41526556 0.351191431
vn -0.839177728 -0.415265471 0.351191431
vn -0.851113975 -0.388572961 0.353010148
vn -0.782095015 0.446498752 0.434702665
vn -0.782094896 0.446498752 0.434702545
vn -0.78520298 0.407601297 0.466173172
vn -0.77664268 0.432888299 0.457639247
vn -0.772234917 0.431725115 0.466118872
vn -0.769137204 0.442679018 0.460937768
vn -0.769137204 0.442679018 0.460937649
vn -0.769136906 0.442679018 0.460937768
vn -0.767109692 0.450517237 0.456702262
vn -0.767109871 0.450516731 0.456702262
vn -0.767110229 0.45051685 0.456701845
vn -0.768932402 0.443302125 0.460680157
vn -0.775268376 0.443478733 0.449761748
vn -0.775268376 0.443478853 0.449761748
vn -0.775268376 0.443478644 0.449761748
vn -0.778698206 0.444211841 0.443063468
vn -0.778698206 0.444211751 0.443063468
vn -0.828871906 0.411876142 0.378588766
vn -0.828871906 0.411876142 0.378588647
vn -0.828872025 0.411876231 0.378588766
vn -0.816119909 0.449663639 0.362975061
vn -0.816119909 0.449663728 0.362975061
vn -0.816120028 0.449663728 0.362975061
vn -0.814651906 0.451051742 0.364547074
vn -0.814652026 0.451051831 0.364547074
vn -0.814652026 0.451051742 0.364547074
vn -0.804003417 0.461707532 0.374706388
vn -0.804003417 0.461707354 0.374706596
vn -0.804003417 0.461707145 0.374706686
vn -0.803022623 0.462914854 0.375319391
vn -0.792538702 0.450672746 0.410824448
vn -0.792538702 0.450672626 0.410824448
vn -0.784772277 0.446390033 0.429963171
vn -0.784772396 0.446389943 0.429963171
vn -0.784772396 0.446390033 0.429963171
vn -0.874642789 0.359902948 0.324761271
vn -0.835119426 0.389499635 0.388414353
vn -0.862468302 0.341617137 0.373425156
vn -0.904375792 0.248940438 0.346602142
vn -0.871145129 0.323399246 0.369485259
vn -0.871321917 0.323013842 0.369405359
vn -0.878288507 0.301575243 0.371027946
vn -0.878288627 0.301575243 0.371027946
vn -0.895273983 0.267628938 0.356173217
vn -0.873245478 0.176181525 0.454315424
vn -0.877881408 0.206014231 0.432299018
vn -0.877881527 0.206014231 0.432299018
vn -0.902861714 0.214027643 0.37287122
vn -0.902861774 0.214027643 0.37287122
vn -0.903210819 0.191136241 0.384287924
vn -0.9032107 0.191136345 0.384288043
vn -0.90321058 0.191136345 0.384288132
vn -0.90394938 0.234251142 0.357773721
vn -0.90394932 0.234251246 0.357773721
vn -0.918472707 0.0759832785 0.388116688
vn -0.918472588 0.0759836435 0.388116807
vn -0.918472707 0.0759834573 0.388116688
vn -0.906807184 0.0692869946 0.415812612
vn -0.906807303 0.0692868158 0.415812403
vn -0.906807303 0.069286935 0.415812492
vn -0.854793906 0.118798316 0.505187511
vn -0.854793906 0.118798219 0.505187511
vn -0.854793787 0.11879912 0.505187511
vn -0.903378725 0.117154032 0.412531316
vn -0.891182423 0.120916724 0.437233627
vn -0.891182303 0.120916724 0.437233627
vn -0.891182423 0.120916829 0.437233627
vn -0.884027421 0.125803024 0.45018822
vn -0.883217573 0.113301426 0.455071032
vn -0.883217573 0.113301426 0.455070943
vn -0.880616903 0.0874723569 0.46568501
vn -0.893293619 0.0928138271 0.439786732
vn -0.893875778 0.0621109977 0.443991393
vn -0.893875778 0.0621109493 0.443991393
vn -0.898182988 0.00519065838 0.43959111
vn -0.898183107 0.00519065838 0.439590901
vn -0.898183107 0.00519065838 0.43959111
vn -0.898236811 -0.00783742685 0.439442009
vn -0.940910876 0.0424656831 0.335981101
vn -0.940910995 0.0424657427 0.335981011
vn -0.936933517 0.0529984236 0.345465899
vn -0.922392607 -0.190149158 0.336207479
vn -0.922392726 -0.190149054 0.336207181
vn -0.922392726 -0.190149054 0.336206973
vn -0.926603079 -0.151886463 0.344001681
vn -0.938513696 -0.102780849 0.329587758
vn -0.930780709 -0.0676330924 0.359267414
vn -0.933156312 0.00778955221 0.359386593
vn -0.933156312 0.00778961228 0.359386712
vn -0.897605479 -0.309341162 0.314026326
vn -0.897605479 -0.309341162 0.314026445
vn -0.88964051 -0.326692551 0.319079548
vn -0.889640629 -0.326692551 0.31907934
vn -0.889640629 -0.326692551 0.319079429
vn -0.902498603 -0.301374763 0.307684332
vn -0.902498603 -0.301374674 0.307684451
vn -0.902498603 -0.301374853 0.307684332
vn -0.911545813 -0.283218354 0.298113555
vn -0.919421315 -0.267696947 0.288102359
vn -0.919421673 -0.267698348 0.288099766
vn -0.919421673 -0.267696857 0.288100958
vn -0.813459575 -0.469507664 0.343287319
vn -0.813459516 -0.469507664 0.343287319
vn -0.818279982 -0.462753862 0.340994
vn -0.819699407 -0.457989752 0.344003618
vn -0.819699287 -0.457989752 0.344003618
vn -0.843284905 -0.392326772 0.367356241
vn -0.843284786 -0.392326653 0.367356241
vn -0.851995707 -0.383700669 0.356198341
vn -0.851995707 -0.383700758 0.356198341
vn -0.868762016 -0.321638763 0.37656495
vn -0.868762016 -0.321638763 0.376565039
vn -0.881153226 -0.305468947 0.360912442
vn -0.881153226 -0.305468947 0.360912353
vn -0.881153286 -0.305468947 0.360912442
vn -0.877290785 -0.355903566 0.322015047
vn -0.877290905 -0.355903447 0.322015047
vn -0.877290785 -0.355903447 0.322015047
vn -0.872521818 -0.361916453 0.328210741
vn -0.865978122 -0.368003368 0.338608235
vn -0.851028025 -0.370094061 0.372534543
vn -0.902673781 -0.344330341 0.25810203
vn -0.9026739 -0.34433043 0.258101732
vn -0.902673781 -0.34433043 0.25810194
vn -0.896853507 -0.357798129 0.260066032
vn -0.896853507 -0.357798129 0.260065943
vn -0.889884472 -0.368239135 0.269268453
vn -0.889884472 -0.368239224 0.269268453
vn -0.885008514 -0.345559746 0.312007338
vn -0.885008514 -0.345559746 0.312007248
vn -0.885008514 -0.345559657 0.312007338
vn -0.893645883 -0.326209664 0.308195353
vn -0.893645883 -0.326209545 0.308195442
vn -0.893645823 -0.326209456 0.308195531
vn -0.885109127 -0.34384656 0.313610435
vn -0.885109127 -0.343846649 0.313610345
vn -0.872991025 -0.264997363 0.409467161
vn -0.872990906 -0.264997452 0.409467071
vn -0.872990906 -0.264997751 0.409467161
vn -0.915659308 -0.275043458 0.293119848
vn -0.915659308 -0.275043547 0.293119848
vn -0.916334927 -0.221612155 0.333494276
vn -0.893919706 -0.272006363 0.356258869
vn -0.893919587 -0.272006273 0.356258869
vn -0.893919706 -0.272006154 0.356258869
vn -0.90844661 -0.278361559 0.311832935
vn -0.920005798 -0.290678024 0.262860149
vn -0.920005798 -0.290678144 0.262860149
vn -0.920005918 -0.290678233 0.262860239
vn -0.918288827 -0.29108882 0.26835233
vn -0.918288708 -0.291088939 0.26835233
vn -0.918288827 -0.291088939 0.26835233
vn -0.916912794 -0.290906727 0.273211032
vn -0.916912794 -0.290906638 0.273211032
vn -0.921564102 -0.288365632 0.259932429
vn -0.924647927 -0.285647839 0.251856655
vn -0.92968452 -0.279587418 0.239828348
vn -0.929540873 -0.279727936 0.240220755
vn -0.960350871 -0.220335931 0.170816973
vn -0.960350811 -0.220335826 0.170816973
vn -0.960350871 -0.220335931 0.170816764
vn -0.952149928 -0.249373123 0.176701859
vn -0.952149928 -0.249373123 0.176702157
vn -0.952149928 -0.249373123 0.176701948
vn -0.959113181 -0.245792225 0.140313655
vn -0.959113181 -0.245792329 0.140313655
vn -0.9591133 -0.245792329 0.140313655
vn -0.955130219 -0.237020522 0.177616149
vn -0.955130279 -0.237020522 0.17761606
vn -0.955130219 -0.237020522 0.17761606
vn -0.949999928 -0.251102239 0.185601458
vn -0.949999928 -0.25110212 0.185601562
vn -0.945360899 -0.26063183 0.195867255
vn -0.94536078 -0.260631919 0.195867151
vn -0.942484617 -0.265256733 0.203375861
vn -0.938348413 -0.270096332 0.215755463
vn -0.934682012 -0.270596743 0.230536655
vn -0.934682012 -0.270596623 0.230536655
vn -0.934682012 -0.270596623 0.230536759
vn -0.986590683 -0.0578674264 0.152611181
vn -0.986590803 -0.0578674264 0.152611285
vn -0.973790228 -0.191896915 0.122099169
vn -0.973790288 -0.191896722 0.122098967
vn -0.973790288 -0.191896811 0.122099072
vn -0.962870121 -0.236847416 0.129555061
vn -0.962870121 -0.236847416 0.129554957
vn -0.991867602 -0.110207289 -0.063663967
vn -0.991867602 -0.110207289 -0.0636639073
vn -0.989848375 -0.119004682 -0.077704981
vn -0.996320724 -0.0837471411 -0.0182092823
vn -0.996332109 -0.076954715 -0.0374205224
vn -0.995122492 -0.0886818022 -0.0432058051
vn -0.993151426 -0.102910295 -0.0553161092
vn -0.977368712 -0.159680665 -0.138753623
vn -0.977368712 -0.159680575 -0.138753727
vn -0.977368712 -0.159680575 -0.138753623
vn -0.980125785 -0.15467079 -0.124219321
vn -0.980125904 -0.154670686 -0.124219425
vn -0.98199451 -0.149977982 -0.114862919
vn -0.98199451 -0.149978191 -0.114862822
vn -0.98199451 -0.149978086 -0.114862822
vn -0.988146007 -0.128819689 -0.0835050493
vn -0.985949874 -0.124627687 -0.111223221
vn -0.985949993 -0.124627687 -0.111223221
vn -0.985949993 -0.124627784 -0.111223325
vn -0.98795557 -0.122994386 -0.093895033
vn -0.987955511 -0.122994289 -0.093895033
vn -0.987955511 -0.122994386 -0.093895033
vn -0.96861279 -0.214275286 -0.125997737
vn -0.96861279 -0.214275286 -0.125997826
vn -0.968612909 -0.214275286 -0.125997633
vn -0.962641478 -0.237802878 -0.129503742
vn -0.962641478 -0.237802878 -0.129503846
vn -0.939415216 -0.268922269 -0.212555841
vn -0.939415276 -0.26892218 -0.212555841
vn -0.943536222 -0.264229774 -0.199805051
vn -0.94809711 -0.255198181 -0.189699247
vn -0.948097229 -0.255198181 -0.189699247
vn -0.948097229 -0.255198181 -0.189699143
vn -0.951343119 -0.24752377 -0.183516741
vn -0.951343119 -0.247523874 -0.183516651
vn -0.951343119 -0.247523665 -0.183516845
vn -0.956391275 -0.233537167 -0.175431341
vn -0.954931915 -0.238360167 -0.176889151
vn -0.957096219 -0.246697575 -0.152010441
vn -0.957096279 -0.246697575 -0.152010441
vn -0.958889127 -0.246121064 -0.14126654
vn -0.958889127 -0.246121064 -0.14126645
vn -0.917991221 -0.291109174 -0.269347161
vn -0.917991221 -0.291108876 -0.269347161
vn -0.922621608 -0.287828773 -0.256756961
vn -0.922621608 -0.287828773 -0.256757051
vn -0.926798105 -0.28268227 -0.247257441
vn -0.926798105 -0.28268218 -0.247257441
vn -0.9276703 -0.28169626 -0.245102346
vn -0.927674472 -0.281669557 -0.245116949
vn -0.9276703 -0.281696469 -0.245102242
vn -0.934577227 -0.272484273 -0.228730738
vn -0.932101607 -0.269196779 -0.242321447
vn -0.932101727 -0.269196659 -0.242321447
vn -0.935509801 -0.271217763 -0.226411849
vn -0.93550992 -0.271217763 -0.226411849
vn -0.913430095 -0.292580038 -0.282917649
vn -0.913430095 -0.292580128 -0.282917649
vn -0.922525883 -0.296083272 -0.247549444
vn -0.896150589 -0.359594971 -0.260010749
vn -0.896150529 -0.359594971 -0.260010868
vn -0.874858677 -0.358416229 -0.325822264
vn -0.874858677 -0.35841614 -0.325822264
vn -0.864986479 -0.367192745 -0.342005849
vn -0.86498642 -0.367192835 -0.342005849
vn -0.882992327 -0.346054941 -0.317128569
vn -0.882992327 -0.346055031 -0.317128569
vn -0.88840133 -0.336350739 -0.312428266
vn -0.88840121 -0.33635065 -0.312428474
vn -0.88840133 -0.33635065 -0.312428355
vn -0.887649 -0.337800533 -0.313001662
vn -0.887649 -0.337800533 -0.313001573
vn -0.887791693 -0.36348334 -0.282322347
vn -0.887791812 -0.363483131 -0.282322258
vn -0.887791812 -0.36348325 -0.282322258
vn -0.891932726 -0.365210682 -0.266603351
vn -0.891932726 -0.365210682 -0.26660347
vn -0.891932726 -0.365210474 -0.26660347
vn -0.825592399 -0.445069343 -0.346857965
vn -0.822586119 -0.449744046 -0.347969174
vn -0.822586119 -0.449744046 -0.347969264
vn -0.825472474 -0.44428885 -0.34814167
vn -0.825865209 -0.442578048 -0.349387258
vn -0.825865209 -0.442577928 -0.349387258
vn -0.82825458 -0.44007805 -0.346880168
vn -0.828254521 -0.44007805 -0.346880257
vn -0.828254521 -0.44007805 -0.346880168
vn -0.853522778 -0.368628055 -0.368255764
vn -0.852717876 -0.366689533 -0.372036248
vn -0.848214626 -0.36874795 -0.380206555
vn -0.856264412 -0.386682928 -0.342472762
vn -0.852192521 -0.387573838 -0.351503372
vn -0.913911402 -0.278643638 -0.295167446
vn -0.913911402 -0.278643847 -0.295167267
vn -0.913911402 -0.278643638 -0.295167357
vn -0.903418183 -0.299711049 -0.306608945
vn -0.903418124 -0.299710929 -0.306609273
vn -0.903418124 -0.29971084 -0.306609154
vn -0.895136774 -0.316269845 -0.314170957
vn -0.889598489 -0.308302552 -0.336992949
vn -0.889598429 -0.308302641 -0.336992949
vn -0.883127272 -0.305308044 -0.356192857
vn -0.883127272 -0.305307835 -0.356192768
vn -0.883126974 -0.305308551 -0.356192768
vn -0.914086878 -0.283400744 -0.290050656
vn -0.914086819 -0.283400834 -0.290050656
vn -0.914086819 -0.283400744 -0.290050656
vn -0.899551392 -0.273518234 -0.340580434
vn -0.899551511 -0.273518234 -0.340580434
vn -0.899551392 -0.273518354 -0.340580434
vn -0.914222896 -0.277927637 -0.294877768
vn -0.916304708 -0.20968394 -0.341201425
vn -0.916304708 -0.20968394 -0.341201544
vn -0.914923608 -0.191623941 -0.35523954
vn -0.914923608 -0.191623941 -0.35523963
vn -0.917741299 -0.183190942 -0.352409124
vn -0.917741179 -0.183190838 -0.352409244
vn -0.917741179 -0.183190942 -0.352408916
vn -0.938498378 -0.102753848 -0.329639733
vn -0.930701077 -0.0670483708 -0.359582901
vn -0.916536927 0.112553962 -0.383786261
vn -0.916536808 0.112553857 -0.383786172
vn -0.930806816 0.0714173317 -0.358466804
vn -0.93738687 0.0530170761 -0.344231099
vn -0.936105192 0.0393656977 -0.349510193
vn -0.936105311 0.0393656977 -0.349510103
vn -0.933223128 0.00748389773 -0.359219611
vn -0.897044122 0.0911053494 -0.432448596
vn -0.875336587 0.103341974 -0.472341359
vn -0.881609499 0.124858372 -0.455164969
vn -0.882506907 0.123699076 -0.45374006
vn -0.882506907 0.123699278 -0.45374006
vn -0.882506907 0.123699173 -0.45374006
vn -0.893959224 0.118638568 -0.432159483
vn -0.893959224 0.118638471 -0.432159483
vn -0.895361722 0.076647535 -0.43869409
vn -0.895361722 0.076647535 -0.438694209
vn -0.895361722 0.0766475946 -0.438694209
vn -0.894877017 0.0464699902 -0.443886906
vn -0.901822627 -0.0237921886 -0.431450903
vn -0.90357852 0.208997756 -0.373986661
vn -0.903578401 0.208997756 -0.373986661
vn -0.900689125 0.209585264 -0.380569756
vn -0.900689006 0.20958516 -0.380569756
vn -0.885730922 0.208555475 -0.414711356
vn -0.885730803 0.208555371 -0.414711356
vn -0.885730922 0.208555371 -0.414711475
vn -0.871169806 0.323505461 -0.369333833
vn -0.871169806 0.323505372 -0.369333833
vn -0.878380001 0.301478654 -0.370889843
vn -0.878380001 0.301478654 -0.370889753
vn -0.903720379 0.248913854 -0.348326474
vn -0.904244006 0.266601861 -0.33356607
vn -0.904244184 0.266601562 -0.333565682
vn -0.904244304 0.266601652 -0.333565772
vn -0.904108584 0.238955557 -0.354242861
vn -0.904108524 0.238955662 -0.354242861
vn -0.806554377 0.45534125 -0.377007335
vn -0.783276916 0.482484549 -0.392028004
vn -0.783276975 0.482484668 -0.392028004
vn -0.783276916 0.482484668 -0.392028004
vn -0.80290091 0.462728262 -0.375809819
vn -0.802900791 0.462728173 -0.375809819
vn -0.815973818 0.449825972 -0.363102645
vn -0.814791322 0.45348677 -0.361199647
vn -0.814791203 0.45348686 -0.361199647
vn -0.868653178 0.329457551 -0.369999051
vn -0.868653178 0.329457551 -0.369998932
vn -0.858924329 0.348306566 -0.375408739
vn -0.85892421 0.348306358 -0.375409335
vn -0.858924329 0.348306268 -0.375409037
vn -0.856729805 0.352380246 -0.376619637
vn -0.845498025 0.394316763 -0.360066026
vn -0.828749597 0.41221875 -0.378483653
vn -0.81797111 0.444551945 -0.365098327
vn -0.81797123 0.444551945 -0.365098447
vn -0.772821605 0.441497862 -0.455880046
vn -0.772821605 0.441497862 -0.455880135
vn -0.77570641 0.442707658 -0.449766338
vn -0.775706172 0.442707658 -0.449766248
vn -0.775706172 0.442707747 -0.449766338
vn -0.779052019 0.444458455 -0.442193151
vn -0.777800202 0.444781661 -0.444067746
vn -0.777800202 0.44478175 -0.444067746
vn -0.777800202 0.44478187 -0.444067746
vn -0.78163141 0.444839865 -0.437229633
vn -0.764446914 0.441594183 -0.469697446
vn -0.774200082 0.433201194 -0.461466253
vn -0.774200082 0.433201194 -0.461466342
vn -0.774200022 0.433201194 -0.461466253
vn -0.776788414 0.43375206 -0.456573129
vn -0.913960516 0.30870533 -0.263395727
vn -0.913960516 0.30870533 -0.263395637
vn -0.927128375 0.256496638 -0.273207963
vn -0.927128375 0.256496638 -0.273207873
vn -0.942950726 0.179353043 -0.280493379
vn -0.942950726 0.179353043 -0.280493557
vn -0.900726378 0.308204561 -0.30610764
vn -0.900726616 0.308204651 -0.306107342
vn -0.900726497 0.308204561 -0.306107551
vn -0.892486513 0.326134056 -0.311615855
vn -0.892486513 0.326133966 -0.311616033
vn -0.892486513 0.326134056 -0.311615944
vn -0.897959709 0.367648423 -0.241874143
vn -0.915919006 0.35300073 -0.191005737
vn -0.907132924 0.387562335 -0.164028436
vn -0.886362195 0.461854786 -0.0324393362
vn -0.884118021 0.465772688 -0.0373010449
vn -0.884118021 0.465772688 -0.0373011045
vn -0.881704271 0.471799999 0.00158967287
vn -0.881703913 0.471800894 0.00158943387
vn -0.881704211 0.47179991 0.00158973178
vn -0.881771505 0.471676707 0.00054853881
vn -0.881771505 0.471676707 0.000548517797
vn -0.881771505 0.471676707 0.00054855278
vn -0.88247478 0.470251292 0.0100917965
vn -0.881763875 0.471690714 -0.000619472121
vn -0.881763875 0.471690804 -0.000619474158
vn -0.881763875 0.471690714 -0.000619474158
vn -0.881810129 0.471604794 -8.74642647e-05
vn -0.881809771 0.471605092 -8.7448163e-05
vn -0.881810129 0.471604794 -8.74651669e-05
vn -0.90103209 0.418848783 0.11272537
vn -0.933975518 0.225876749 0.276892424
vn -0.933975518 0.225876749 0.276892632
vn -0.933975518 0.225876749 0.276892334
vn -0.942044616 0.18386966 0.280613542
vn -0.942044675 0.18386966 0.280613333
vn -0.892258525 0.327544153 0.310789168
vn -0.892258406 0.327544153 0.310789049
vn -0.884120524 0.33529985 0.325430453
vn -0.884120405 0.335299939 0.325430572
vn -0.917199314 0.296899468 0.265699953
vn -0.917199075 0.296899885 0.265699863
vn -0.917199075 0.296899557 0.265700072
vn -0.89714402 0.362595379 0.252303749
vn -0.915508211 0.353843361 0.191415057
vn -0.913431525 0.361858279 0.186283261
vn -0.910484493 0.382829964 0.156394362
vn -0.998592675 0.0377020128 0.037299756
vn -0.998592675 0.0377020128 0.0372998789
vn -0.998598874 -0.0308137573 0.0430207178
vn -0.998598874 -0.0308138169 0.0430207178
vn -0.99996227 -0.0048071756 0.00722789625
vn -0.99996227 -0.00480723428 0.00722789625
vn -0.999209523 0.0372083671 0.0139987469
vn -0.999209523 0.0372083671 0.0139988661
vn -0.998454392 0.0554195605 0.00420070486
vn -0.998454392 0.0554195605 0.00420094375
vn -0.998454392 0.0554195605 0.004200825
vn -0.935019672 -0.270852327 0.228860348
vn -0.954315424 -0.173588946 0.243206069
vn -0.954315305 -0.173588946 0.243206069
vn -0.954315424 -0.173588946 0.243205965
vn -0.961692274 -0.208862126 0.177551374
vn -0.961692393 -0.208862126 0.177551374
vn -0.996270716 -0.0862641931 -0.00183422712
vn -0.996270716 -0.0862641335 -0.00183422712
vn -0.996286511 -0.084626548 0.0158619676
vn -0.996286511 -0.0846264884 0.0158619676
vn -0.9963395 -0.0768678784 0.0374026671
vn -0.991317689 -0.11859291 0.0567898527
vn -0.987704873 -0.123200916 0.0962323844
vn -0.978514373 -0.170327708 0.116180971
vn -0.975829303 -0.169524431 0.137908563
vn -0.966424704 -0.192666128 0.170009375
vn -0.933104873 0.0654867217 0.353591293
vn -0.933104873 0.0654868409 0.353591204
vn -0.933104873 0.0654869601 0.353591204
vn -0.925900877 0.0864147469 0.367749989
vn -0.911008179 0.139413938 0.388108224
vn -0.911008179 0.139413834 0.388108343
vn -0.91100812 0.139413834 0.388108432
vn -0.915151596 0.126557246 0.382728219
vn -0.911348283 0.168068036 0.375762641
vn -0.911348224 0.168068036 0.375762731
vn -0.90736568 0.191694647 0.374086618
vn -0.907365799 0.191694736 0.374086231
vn -0.907365978 0.191694841 0.374085635
vn -0.93921411 0.152503058 0.30760324
vn -0.939213216 0.152503252 0.307605922
vn -0.939213097 0.152505159 0.307605237
vn -0.895438373 0.246480048 0.370726138
vn -0.912808776 0.255508155 0.318584144
vn -0.912808776 0.255508035 0.318584144
vn -0.91634208 0.289261132 0.276848674
vn -0.91634208 0.289261132 0.276848763
vn -0.928658128 0.277213484 0.246469051
vn -0.923832774 0.330867767 0.192508653
vn -0.965077102 0.230173185 0.125086844
vn -0.965077102 0.23017329 0.125086546
vn -0.965076983 0.230173379 0.125086144
vn -0.910684407 0.383097976 0.154563755
vn -0.910684526 0.383097857 0.154563665
vn -0.910684526 0.383097857 0.154563755
vn -0.910863221 0.387854069 0.14105916
vn -0.910863221 0.38785398 0.141059056
vn -0.90194118 0.416997284 0.112317964
vn -0.902116001 0.41675967 0.11179477
vn -0.90211612 0.416759878 0.11179477
vn -0.905768275 0.421043694 0.0480200052
vn -0.905768394 0.421043813 0.0480200052
vn -0.889784515 0.454847902 0.0373763554
vn -0.893687308 0.4471412 0.0372553542
vn -0.874714375 0.483835787 0.0278864689
vn -0.874714315 0.483835787 0.0278867576
vn -0.874714375 0.483835906 0.0278866384
vn -0.903450012 0.411356539 -0.12068183
vn -0.903473973 0.4260737 -0.0468625911
vn -0.889538109 0.455310911 -0.0376062766
vn -0.897757173 0.440410912 -0.00838028174
vn -0.897757173 0.440411001 -0.00838028174
vn -0.897976696 0.440039188 0.00182564266
vn -0.897976816 0.440039307 0.00182570168
vn -0.897976696 0.440039307 0.00182570168
vn -0.886117697 0.454416186 -0.0911118165
vn -0.886117697 0.454416186 -0.0911117569
vn -0.908350706 0.404835343 -0.104916535
vn -0.908350706 0.404835224 -0.104916535
vn -0.908350706 0.404835224 -0.104916632
vn -0.909062505 0.403306037 -0.104641333
vn -0.909062386 0.403306037 -0.104641333
vn -0.90853852 0.387398332 -0.156462446
vn -0.973059475 0.209799513 -0.0956011638
vn -0.973059416 0.209799409 -0.095601283
vn -0.973059416 0.209799513 -0.0956012234
vn -0.919678211 0.342874527 -0.19138734
vn -0.928048074 0.304181337 -0.214943349
vn -0.928048015 0.304181337 -0.214943349
vn -0.892729402 0.24590826 -0.377575576
vn -0.892729521 0.245907858 -0.377575576
vn -0.892729402 0.245908663 -0.377575576
vn -0.898548424 0.248021767 -0.362071782
vn -0.898548484 0.248021767 -0.362071782
vn -0.924248874 0.261572748 -0.278107464
vn -0.895838678 0.300793946 -0.327102631
vn -0.895838678 0.300793946 -0.327102542
vn -0.924295425 0.28776893 -0.250733048
vn -0.899968505 0.0725074485 -0.429883003
vn -0.899968386 0.0725075081 -0.429883212
vn -0.899968505 0.0725075081 -0.429883301
vn -0.932966411 0.0538458191 -0.355913609
vn -0.932966471 0.0538460612 -0.355913401
vn -0.932966411 0.0538458787 -0.35591349
vn -0.914637804 0.126378655 -0.384013057
vn -0.914637804 0.126378655 -0.384013176
vn -0.914637923 0.126378566 -0.384013176
vn -0.912412584 0.156408355 -0.378205985
vn -0.912412584 0.156408355 -0.378205866
vn -0.907367587 0.189926565 -0.374982774
vn -0.907367527 0.189926565 -0.374983072
vn -0.907367527 0.189926565 -0.374982983
vn -0.928944588 0.164805859 -0.331513464
vn -0.928945184 0.164806157 -0.331511557
vn -0.928944886 0.164806664 -0.331511974
vn -0.934926808 0.161806449 -0.315801769
vn -0.934926927 0.161806941 -0.315801173
vn -0.93492651 0.161806852 -0.315802485
vn -0.979126811 -0.158717185 -0.126962826
vn -0.979126811 -0.158717185 -0.126962736
vn -0.979126871 -0.158717185 -0.126962826
vn -0.979278922 -0.159357592 -0.124972522
vn -0.979278803 -0.159357592 -0.124972522
vn -0.963953197 -0.198203072 -0.177509934
vn -0.963953197 -0.198203072 -0.177509829
vn -0.963953316 -0.198203072 -0.177509829
vn -0.963769495 -0.171268672 -0.204488128
vn -0.963769495 -0.171268672 -0.204488233
vn -0.963769495 -0.171268567 -0.204488128
vn -0.944693387 -0.228441656 -0.235306025
vn -0.944693327 -0.228441656 -0.235306025
vn -0.944693387 -0.228441551 -0.235306025
vn -0.999320388 -0.00481551187 -0.0365452096
vn -0.999320507 -0.00481551187 -0.0365452096
vn -0.999320507 -0.00481545273 -0.0365452096
vn -0.99967891 -0.00239395583 -0.0252262894
vn -0.998178422 -0.0471545309 -0.0376325883
vn -0.996312201 -0.0293817371 -0.0806154683
vn -0.99631232 -0.029381616 -0.0806153491
vn -0.991505921 -0.0902017131 -0.0937003568
vn -0.991505921 -0.0902016535 -0.0937001258
vn -0.991505921 -0.0902016535 -0.0937001854
vn -0.998373628 0.0569950305 -0.00141184567
vn -0.998373628 0.0569952689 -0.0014119047
vn -0.998373628 0.0569953285 -0.0014119047
vn -0.998429894 0.0558786318 -0.00392960571
vn -0.998429775 0.0558789894 -0.00392978359
vn -0.998429894 0.0558786914 -0.00392960571
vn -0.998593271 0.0526816808 -0.00601189444
vn -0.99859339 0.0526801907 -0.00601010676
vn -0.998593271 0.0526810214 -0.00601117965
vn -0.473135203 -0.854891062 0.212848365
vn -0.473135203 -0.854891181 0.212848365
vn -0.473135114 -0.854891181 0.212848365
vn -0.490248591 -0.847719133 0.202555373
vn -0.4902502 -0.847717881 0.202557266
vn -0.762050629 -0.646281004 -0.0399989225
vn -0.762050629 -0.646281004 -0.0399986356
vn -0.762050629 -0.646280885 -0.0399994627
vn -0.706696808 -0.66356796 -0.245474011
vn -0.705555797 -0.649267912 -0.28397572
vn -0.100083701 -0.986580372 0.129005939
vn -0.100084297 -0.986580372 0.129005343
vn -0.100085899 -0.986580074 0.129006431
vn -0.565701306 -0.796623766 -0.21300894
vn -0.551796973 -0.809053659 -0.202366933
vn -0.39331001 -0.874429464 -0.284043461
vn -0.392867714 -0.877886117 -0.273808062
vn -0.392867714 -0.877886236 -0.273808062
vn -0.392867804 -0.877886355 -0.273808062
vn -0.375760794 -0.885967255 -0.271782637
vn -0.375760913 -0.885967255 -0.271782637
vn -0.714528322 -0.699407399 -0.0166942328
vn -0.714529514 -0.699406207 -0.0166922733
vn -0.714527786 -0.699408174 -0.0166835636
vn -0.347916692 -0.911239266 -0.220447645
vn -0.347916603 -0.911239326 -0.220447555
vn -0.339722693 -0.912323117 -0.228593647
vn -0.339722812 -0.912323058 -0.228593752
vn -0.330077589 -0.913585246 -0.237509847
vn -0.330077797 -0.913585067 -0.237510145
vn -0.330077708 -0.913585067 -0.237510055
vn -0.323605299 -0.910113811 -0.258790463
vn -0.323605388 -0.910113752 -0.258790463
vn -0.322452098 -0.91464293 -0.243829653
vn -0.322452098 -0.914643049 -0.243829742
vn -0.322452098 -0.914643049 -0.243829653
vn -0.318417698 -0.915231645 -0.246903256
vn -0.318419605 -0.915230811 -0.246903643
vn -0.318417996 -0.915231824 -0.246902451
vn -0.322406501 -0.914672136 -0.243780553
vn -0.322407305 -0.914671719 -0.243781149
vn -0.322406799 -0.914672017 -0.243780747
vn -0.323291212 -0.908166468 -0.265926063
vn -0.323291302 -0.908166349 -0.265925944
vn -0.323291391 -0.908166349 -0.265925944
vn -0.322818995 -0.906395912 -0.272459656
vn -0.322819114 -0.906395912 -0.272459537
vn -0.322819114 -0.906396031 -0.272459656
vn -0.320348203 -0.903707445 -0.284059644
vn -0.320348114 -0.903707445 -0.284059763
vn -0.320348114 -0.903707564 -0.284059852
vn -0.414109111 -0.883011639 -0.220916748
vn -0.414108992 -0.88301152 -0.220916748
vn -0.482146591 -0.833594561 -0.269545853
vn -0.482146591 -0.833594441 -0.269545853
vn -0.527049899 -0.832070112 -0.172852129
vn -0.471599907 -0.855102658 -0.215390936
vn -0.471599907 -0.855102539 -0.215390936
vn -0.671468973 -0.693659842 -0.260702133
vn -0.672981918 -0.677990735 -0.295675427
vn -0.675313115 -0.677609742 -0.291199833
vn -0.675312996 -0.677609861 -0.291199833
vn -0.675313115 -0.677609742 -0.291199923
vn -0.675639927 -0.677601755 -0.290459633
vn -0.676232874 -0.681661069 -0.279369533
vn -0.676232874 -0.681661069 -0.279369414
vn -0.678401411 -0.684301555 -0.267400831
vn -0.678401709 -0.684301257 -0.267400831
vn -0.683825016 -0.687745631 -0.243699118
vn -0.692367017 -0.675479352 -0.253684312
vn -0.692367077 -0.675479233 -0.253684133
vn -0.683232129 -0.689099967 -0.241526619
vn -0.683232188 -0.689099967 -0.241526514
vn -0.658163011 -0.719923615 -0.220298216
vn -0.658163071 -0.719923615 -0.22029832
vn -0.668256879 -0.712061167 -0.215410322
vn -0.671189427 -0.707481742 -0.221301422
vn -0.671189606 -0.707481742 -0.221301422
vn -0.671189308 -0.707481861 -0.221301526
vn -0.677800417 -0.697481155 -0.232608512
vn -0.677800715 -0.697480857 -0.232608423
vn -0.677800715 -0.697480738 -0.232608721
vn -0.670163512 -0.692198515 -0.267847508
vn -0.670163393 -0.692198515 -0.267847508
vn -0.670163393 -0.692198455 -0.267847508
vn -0.662018716 -0.697958052 -0.273104221
vn -0.634330928 -0.723814249 -0.27150932
vn -0.634330928 -0.723814249 -0.27150923
vn -0.621993601 -0.733334959 -0.27448833
vn -0.621993721 -0.733334959 -0.27448833
vn -0.591498494 -0.765287042 -0.253900617
vn -0.591498375 -0.765286922 -0.253900617
vn -0.673590779 -0.732090116 -0.101584718
vn -0.650560379 -0.746664524 -0.138792515
vn -0.59308511 -0.791231573 -0.149005741
vn -0.59308511 -0.791231573 -0.149005637
vn -0.596512318 -0.788743913 -0.148514032
vn -0.596512198 -0.788743913 -0.148514032
vn -0.63764292 -0.748298883 -0.182921723
vn -0.63764298 -0.748299003 -0.182921425
vn -0.63764298 -0.748298883 -0.182921216
vn -0.645623028 -0.739088714 -0.192143023
vn -0.645622909 -0.739088655 -0.192143023
vn -0.645622909 -0.739088714 -0.192143112
vn -0.649095774 -0.734082341 -0.199494213
vn -0.649095893 -0.734082162 -0.199494019
vn -0.649095774 -0.734082222 -0.199494123
vn -0.650920689 -0.729512513 -0.210032612
vn -0.65092063 -0.729512632 -0.210032716
vn -0.65092051 -0.729512751 -0.210032821
vn -0.65100801 -0.721912742 -0.234586418
vn -0.651007414 -0.721913159 -0.234586522
vn -0.651007712 -0.721912861 -0.234586418
vn -0.642509401 -0.696810663 -0.318805307
vn -0.642510176 -0.696810126 -0.318804711
vn -0.64250958 -0.696810961 -0.318804026
vn -0.63102603 -0.670921266 -0.389449507
vn -0.631026089 -0.670921147 -0.389449507
vn -0.631026208 -0.670921147 -0.389449507
vn -0.696829617 -0.707932115 -0.115155011
vn -0.696829677 -0.707931995 -0.115155011
vn -0.696829677 -0.707932115 -0.115155011
vn -0.703485906 -0.666120112 -0.247773498
vn -0.703760326 -0.665895462 -0.247597799
vn -0.703760326 -0.665895462 -0.247597709
vn -0.703760386 -0.665895462 -0.247597799
vn -0.727062106 -0.643097222 -0.24043031
vn -0.673250079 -0.729438424 -0.121053718
vn -0.674045682 -0.730327189 -0.110836416
vn -0.682496607 -0.72688812 -0.0763688609
vn -0.682496727 -0.72688812 -0.0763688609
vn -0.682773173 -0.727047801 -0.0722650811
vn -0.721292913 -0.691133678 -0.0455055721
vn -0.721292913 -0.691133797 -0.0455055721
vn -0.728910387 -0.684608281 -0.00108908757
vn -0.728910327 -0.684608519 -0.00108908757
vn -0.728910327 -0.684608281 -0.00108908757
vn -0.727842271 -0.685473502 -0.0192799419
vn -0.689148724 -0.723074317 -0.047305759
vn -0.689148724 -0.723074317 -0.0473056994
vn -0.689148605 -0.723074317 -0.047305759
vn -0.727971673 -0.685352027 0.0187060274
vn -0.729518771 -0.683918118 -0.00764369126
vn -0.72951889 -0.683918118 -0.00764369126
vn -0.729518771 -0.683918178 -0.00764369126
vn -0.729490876 -0.683990002 -0.000850629411
vn -0.729490876 -0.683990121 -0.000850631448
vn -0.729490876 -0.683990121 -0.0008506304
vn -0.729883671 -0.683545172 0.00597704155
vn -0.68514818 -0.72668761 0.0499715209
vn -0.793366015 -0.606679916 0.05009754
vn -0.793366075 -0.606679916 0.0500978976
vn -0.745184898 -0.664874315 0.0513973311
vn -0.745184779 -0.664874375 0.0513981022
vn -0.745185018 -0.664874017 0.0513991825
vn -0.651037395 -0.728039563 0.214729786
vn -0.651037097 -0.728039742 0.214729786
vn -0.651037276 -0.728039682 0.214729875
vn -0.650104403 -0.718408465 0.247495085
vn -0.650104225 -0.718408465 0.247495174
vn -0.650104225 -0.718408585 0.247495174
vn -0.630194008 -0.669892073 0.39255619
vn -0.630194128 -0.669891953 0.39255619
vn -0.691204607 -0.706104517 0.153794378
vn -0.691204727 -0.706104398 0.153794378
vn -0.691204906 -0.706104219 0.153794378
vn -0.649717629 -0.732625246 0.202798888
vn -0.64971751 -0.732625365 0.202798888
vn -0.649717271 -0.732625484 0.202798888
vn -0.646933794 -0.73713547 0.195212886
vn -0.646933973 -0.737135351 0.195212781
vn -0.646933973 -0.737135351 0.195212677
vn -0.641839027 -0.743433535 0.188013986
vn -0.641838908 -0.743433654 0.188014284
vn -0.641838908 -0.743433774 0.188014179
vn -0.562946022 -0.812208116 0.153002262
vn -0.562946022 -0.812208116 0.153002173
vn -0.562946022 -0.812208176 0.153002068
vn -0.712767482 -0.699443102 0.0523636937
vn -0.683523417 -0.725294113 0.0821238086
vn -0.682891607 -0.725696623 0.0838075206
vn -0.682891428 -0.725696683 0.083807461
vn -0.682891488 -0.725696623 0.0838075206
vn -0.674461782 -0.730724871 0.105557382
vn -0.674794912 -0.731099725 0.100723177
vn -0.665576577 -0.737465024 0.114688084
vn -0.665576518 -0.737465024 0.114688084
vn -0.652579725 -0.744970977 0.138412386
vn -0.605042577 -0.782523215 0.14690496
vn -0.605042577 -0.782523215 0.146904871
vn -0.605042517 -0.782523096 0.146904767
vn -0.69917202 -0.654824436 0.286990374
vn -0.69917208 -0.654824436 0.286990285
vn -0.714908481 -0.652020872 0.252536476
vn -0.714908481 -0.652020872 0.252536595
vn -0.711951375 -0.658159375 0.244850293
vn -0.725238383 -0.65631336 0.208043903
vn -0.725238323 -0.65631336 0.208043903
vn -0.710178673 -0.63548106 0.303001821
vn -0.710178971 -0.635480583 0.303001821
vn -0.710178673 -0.635481179 0.303001821
vn -0.670090318 -0.70921278 0.219081074
vn -0.670089722 -0.709213138 0.219081476
vn -0.670089722 -0.709213078 0.219081476
vn -0.681869328 -0.687325954 0.250274479
vn -0.681869328 -0.687325954 0.25027439
vn -0.684579313 -0.687343061 0.242715284
vn -0.679102421 -0.695473373 0.234812379
vn -0.67910248 -0.695473254 0.234812275
vn -0.679102421 -0.695473373 0.234812483
vn -0.673989177 -0.703264534 0.226180479
vn -0.673989177 -0.703264475 0.226180375
vn -0.669786274 -0.692716539 0.267451167
vn -0.669786274 -0.692716539 0.267451078
vn -0.664851725 -0.695025265 0.273701072
vn -0.678261399 -0.684219658 0.267964393
vn -0.677155375 -0.682064235 0.276131988
vn -0.677155495 -0.682064235 0.276132077
vn -0.677155375 -0.682064235 0.276132077
vn -0.676988125 -0.680579066 0.280177385
vn -0.675802171 -0.681585789 0.280592889
vn -0.675802112 -0.681585848 0.280592889
vn -0.675802112 -0.68158555 0.280593395
vn -0.663382292 -0.691018283 0.287084967
vn -0.462108791 -0.878515601 0.121102959
vn -0.46210739 -0.878516495 0.121100962
vn -0.462108999 -0.878514886 0.121106558
vn -0.636257827 -0.721866786 0.272184491
vn -0.636257827 -0.721866786 0.272184581
vn -0.622011125 -0.733709455 0.273446292
vn -0.618227899 -0.733211339 0.283188194
vn -0.618228018 -0.733211279 0.283188194
vn -0.616907716 -0.755484283 0.220609277
vn -0.54249531 -0.795574963 0.269739687
vn -0.54249531 -0.795575082 0.269739687
vn -0.521566272 -0.835440874 0.173225671
vn -0.566575825 -0.795273483 0.215713069
vn -0.322397113 -0.905692875 0.275283039
vn -0.867935181 -0.469616383 -0.161706373
vn -0.867935896 -0.469613165 -0.161712274
vn -0.867935479 -0.469614774 -0.161709473
vn -0.327560186 -0.898643672 0.291794538
vn -0.334396988 -0.904862583 0.263443559
vn -0.334396988 -0.904862583 0.263443649
vn -0.312523991 -0.916157246 0.250967443
vn -0.330368906 -0.913524449 0.237338454
vn -0.330368996 -0.913524449 0.237338454
vn -0.330369115 -0.913524389 0.237338558
vn -0.352181792 -0.910494864 0.216719344
vn -0.346200705 -0.913497388 0.213699847
vn -0.346200705 -0.913497448 0.213700056
vn -0.346200705 -0.913497388 0.213699952
vn -0.365208805 -0.904311776 0.221004158
vn -0.365208894 -0.904311836 0.22100395
vn -0.365208894 -0.904311836 0.221003845
vn -0.333737314 -0.903567374 0.26867345
vn -0.333737314 -0.903567433 0.26867345
vn -0.342239797 -0.898864985 0.273703963
vn -0.377776206 -0.884995937 0.272153556
vn -0.391240209 -0.878250837 0.27496624
vn -0.433699399 -0.864462733 0.254182756
vn -0.433699399 -0.864462972 0.254182637
vn -0.433699489 -0.864462674 0.254183054
vn -0.322311491 -0.902424932 0.285910338
vn -0.322311401 -0.902424872 0.285910338
vn -0.322311193 -0.902424932 0.285910547
vn -0.319750011 -0.904074132 0.283566147
vn -0.294407606 -0.912129462 0.28520906
vn -0.294407606 -0.912129462 0.285208941
vn -0.280184805 -0.917270362 0.283040255
vn -0.323908687 -0.908624887 0.263598651
vn -0.323908597 -0.908624887 0.263598651
vn -0.324543208 -0.914258182 0.242495254
vn -0.291367501 -0.924815536 0.244584054
vn -0.274501085 -0.932552159 0.234511748
vn -0.382134914 -0.910253406 0.159410745
vn -0.408096403 -0.896686018 0.171498045
vn -0.408096313 -0.896686018 0.171498448
vn -0.408096403 -0.896686018 0.171498254
vn -0.414843887 -0.893280506 0.173073247
vn -0.389417499 -0.901198864 0.190249056
vn -0.380415201 -0.902891576 0.200178146
vn -0.380415112 -0.902891636 0.200178057
vn -0.373025 -0.901739657 0.218444645
vn -0.373024702 -0.901739776 0.218444645
vn -0.373024791 -0.901739776 0.218444645
vn -0.360408902 -0.891614974 0.274095356
vn -0.360408008 -0.891615331 0.274095565
vn -0.36040619 -0.891616046 0.274095356
vn -0.331191689 -0.858275473 0.392014652
vn -0.331191391 -0.858275533 0.392014652
vn -0.335113406 -0.93893671 0.0780823454
vn -0.335113496 -0.93893671 0.0780823454
vn -0.335113287 -0.93893671 0.0780823454
vn -0.247089103 -0.87602663 0.414154947
vn -0.247089207 -0.87602663 0.414155036
vn -0.350037813 -0.935667813 0.0447151884
vn -0.350037813 -0.935667813 0.0447151288
vn -0.389285713 -0.919727206 0.0505828522
vn -0.389285594 -0.919727206 0.0505828522
vn -0.221517906 -0.973736584 0.0526021905
vn -0.221517906 -0.973736703 0.0526018292
vn -0.221517906 -0.973736703 0.0526017696
vn -0.302563608 -0.952895403 0.0211148448
vn -0.301481903 -0.953471303 0.00105603866
vn -0.301481813 -0.953471422 0.00105603866
vn -0.301481903 -0.953471422 0.00105603866
vn -0.299896091 -0.953936815 -0.00818482693
vn -0.29989621 -0.953936815 -0.00818482693
vn -0.29989621 -0.953936696 -0.00818482693
vn -0.320834309 -0.946358323 -0.0383586511
vn -0.301181406 -0.953566074 0.00124516373
vn -0.300496906 -0.953739524 0.00909032766
vn -0.300496787 -0.953739583 0.00909032766
vn -0.300605595 -0.953748405 0.000521416601
vn -0.300605506 -0.953748405 0.000521414564
vn -0.386323392 -0.920988917 -0.0503372774
vn -0.386323392 -0.920988917 -0.0503373407
vn -0.196690902 -0.979053617 -0.0526023284
vn -0.196690902 -0.979053617 -0.0526020899
vn -0.196690902 -0.979053497 -0.0526025109
vn -0.273175687 -0.960502923 -0.0530025661
vn -0.273176104 -0.960502982 -0.0529989377
vn -0.273175806 -0.960502982 -0.0529995263
vn -0.33160001 -0.859299421 -0.38941744
vn -0.33160001 -0.859299421 -0.389417559
vn -0.369006693 -0.899806321 -0.232771948
vn -0.369007111 -0.899806023 -0.232772052
vn -0.369006813 -0.899806142 -0.232771948
vn -0.376306802 -0.902518749 -0.209411845
vn -0.376307011 -0.902518511 -0.209411845
vn -0.379480809 -0.902915955 -0.201834843
vn -0.385283709 -0.902319014 -0.193330646
vn -0.385283709 -0.902319252 -0.193330646
vn -0.40257439 -0.897475719 -0.180198446
vn -0.402574301 -0.897475719 -0.180198342
vn -0.402574301 -0.897475779 -0.180198342
vn -0.441672593 -0.885085881 -0.146794155
vn -0.441672504 -0.885085821 -0.146794751
vn -0.441672504 -0.885085821 -0.146794155
vn -0.386472493 -0.911855817 -0.138412356
vn -0.37657699 -0.919237375 -0.11485815
vn -0.376577109 -0.919237375 -0.114858046
vn -0.32041961 -0.945763528 -0.0535050333
vn -0.320419699 -0.945763528 -0.0535050333
vn -0.358133703 -0.930073082 -0.0818805397
vn -0.358934402 -0.929478228 -0.0850676
vn -0.358934313 -0.929478228 -0.0850676596
vn -0.358925015 -0.929481328 -0.0850734413
vn -0.366855115 -0.924282014 -0.105453245
vn -0.367589206 -0.926404774 -0.0815617666
vn -0.367589206 -0.926404893 -0.0815617666
vn -0.367305309 -0.924780071 -0.0993414223
vn -0.269901901 -0.939365447 -0.211531356
vn -0.269901991 -0.939365447 -0.211531356
vn -0.285935193 -0.91445446 -0.286380947
vn -0.285935313 -0.91445452 -0.286380947
vn -0.276601315 -0.926430225 -0.255379945
vn -0.285195112 -0.926396251 -0.245873645
vn -0.2889238 -0.918879032 -0.268671542
vn -0.336495787 -0.934492707 -0.116164953
vn -0.336495697 -0.934492588 -0.116164953
vn -0.336495787 -0.934492588 -0.116164953
vn -0.317499608 -0.90544945 -0.281700641
vn -0.317499608 -0.90544945 -0.28170085
vn -0.317499489 -0.90544945 -0.281701148
vn -0.320854396 -0.903393447 -0.284486949
vn -0.320854396 -0.903393447 -0.284487039
vn -0.311426789 -0.909466445 -0.275470853
vn -0.311426908 -0.909466445 -0.275470763
vn -0.331550986 -0.898148417 -0.288796455
vn -0.331550986 -0.898148537 -0.288796335
vn -0.334052205 -0.904360056 -0.265597939
vn -0.334052294 -0.904360056 -0.265597939
vn -0.338680804 -0.90031302 -0.273371249
vn -0.338680714 -0.90031302 -0.273371249
vn -0.42490679 -0.883110583 0.198922351
vn -0.424906701 -0.883110642 0.198922351
vn -0.42490679 -0.883110464 0.198922351
vn -0.421119809 -0.875047147 0.238643244
vn -0.417447507 -0.879267454 0.229404747
vn -0.422595888 -0.872090936 0.246718854
vn -0.42259571 -0.872091055 0.246718854
vn -0.422592789 -0.880885065 0.213206053
vn -0.4225927 -0.880885184 0.213206053
vn -0.419239104 -0.891254723 0.172926649
vn -0.421732306 -0.890644312 0.169984251
vn -0.374994904 -0.925361872 0.0555360019
vn -0.374995112 -0.925361812 0.0555359423
vn -0.374994993 -0.925361872 0.0555360019
vn -0.393206596 -0.909148574 0.137249947
vn -0.370310009 -0.921513677 0.116974548
vn -0.370087504 -0.921476185 0.117969453
vn -0.361877412 -0.928404272 0.0843209922
vn -0.360221803 -0.930003822 0.0730300844
vn -0.298578888 -0.95290792 0.0530781336
vn -0.581952095 -0.789872885 0.193475664
vn -0.581952095 -0.789872885 0.193475559
vn -0.578626096 -0.791440547 0.197011963
vn -0.578626871 -0.791439831 0.197012469
vn -0.578626513 -0.791440487 0.197011769
vn -0.546894372 -0.802084386 0.239931867
vn -0.546894312 -0.802084386 0.239931762
vn -0.546894372 -0.802084386 0.239931762
vn -0.550777674 -0.812163234 0.192444861
vn -0.550777674 -0.812163174 0.192444861
vn -0.550777912 -0.812163055 0.192444861
vn -0.491280496 -0.849473953 0.192451373
vn -0.491280586 -0.849473953 0.192451373
vn -0.491280705 -0.849473834 0.192451373
vn -0.487596899 -0.838394761 0.243605465
vn -0.487596899 -0.838394642 0.24360536
vn -0.487596989 -0.838394761 0.24360536
vn -0.460791707 -0.866011441 0.194152564
vn -0.460791796 -0.866011381 0.194152564
vn -0.609619379 -0.762218654 0.217685685
vn -0.609619379 -0.762218535 0.217685685
vn -0.609619319 -0.762218773 0.217685685
vn -0.619249821 -0.763535261 0.18314968
vn -0.59945482 -0.786463022 0.148760661
vn -0.702816129 -0.695050478 0.151507184
vn -0.702816129 -0.695050478 0.151506975
vn -0.702816129 -0.695050418 0.151507288
vn -0.657306492 -0.738236308 0.151510581
vn -0.663956523 -0.718578279 0.206898987
vn -0.668283701 -0.711643934 0.216702387
vn -0.606740773 -0.758384287 0.238157585
vn -0.609389186 -0.76206696 0.218858376
vn -0.609389186 -0.762066841 0.218858376
vn -0.585916877 -0.786607563 0.194807664
vn -0.585917115 -0.786607563 0.194807172
vn -0.585916996 -0.786607563 0.194807366
vn -0.610123277 -0.762850463 -0.214029521
vn -0.606751502 -0.758557618 -0.237577513
vn -0.611790001 -0.757160068 -0.228957921
vn -0.60569942 -0.760002911 -0.235635221
vn -0.60569942 -0.760002851 -0.235635221
vn -0.610378802 -0.76227802 -0.215337113
vn -0.610378623 -0.76227814 -0.215337113
vn -0.613193274 -0.762893319 -0.20490922
vn -0.613191783 -0.76289475 -0.204908416
vn -0.613192916 -0.762893617 -0.20490922
vn -0.622293711 -0.763802826 -0.171335414
vn -0.668673813 -0.727578819 -0.153312013
vn -0.69617492 -0.701739371 -0.151335612
vn -0.69617492 -0.701739371 -0.151335523
vn -0.69617492 -0.70173949 -0.151335523
vn -0.460502505 -0.866464436 -0.192813233
vn -0.460502595 -0.866464317 -0.192813039
vn -0.460502893 -0.866464317 -0.19281283
vn -0.462392688 -0.864852369 -0.195508733
vn -0.462392896 -0.864851952 -0.195509136
vn -0.462393403 -0.864851713 -0.195509031
vn -0.486200809 -0.840607345 -0.238721833
vn -0.486200899 -0.840607345 -0.238721833
vn -0.486200988 -0.840607166 -0.238721833
vn -0.493521512 -0.848442256 -0.191265032
vn -0.49352169 -0.848442256 -0.191265136
vn -0.493521601 -0.848442256 -0.191265136
vn -0.552902222 -0.811007619 -0.191221833
vn -0.552902281 -0.811007619 -0.191221833
vn -0.544702828 -0.803103924 -0.241501331
vn -0.544702888 -0.803103924 -0.241501227
vn -0.544702888 -0.803103924 -0.241501331
vn -0.582027376 -0.790342033 -0.191321135
vn -0.582027376 -0.790341914 -0.191321135
vn -0.423206508 -0.879614234 -0.217198342
vn -0.420182496 -0.88886857 -0.182645351
vn -0.455489904 -0.877757192 -0.148563445
vn -0.322796911 -0.934253514 -0.151567444
vn -0.381500691 -0.911856294 -0.151576951
vn -0.361176699 -0.90947926 -0.205910146
vn -0.36117661 -0.90947926 -0.205910146
vn -0.352301896 -0.910481215 -0.216580749
vn -0.352302015 -0.910481215 -0.216580749
vn -0.421158314 -0.875125647 -0.238287553
vn -0.423097402 -0.879492342 -0.217903152
vn -0.423097312 -0.879492462 -0.217903152
vn -0.4555161 -0.868830562 -0.194007039
vn -0.455515802 -0.86883074 -0.194007128
vn -0.455515891 -0.868830562 -0.194007128
vn 0.449343204 -0.726211786 0.520295262
vn 0.444987208 -0.732616186 0.51503396
vn 0.444987088 -0.732616186 0.51503396
vn 0.450817406 -0.73544538 0.5058496
vn 0.459802985 -0.718333483 0.522090495
vn 0.459802896 -0.718333364 0.522090554
vn 0.459802896 -0.718333364 0.522090495
vn 0.4476794 -0.755301476 0.478647083
vn 0.44767949 -0.755301476 0.478647083
vn 0.474583805 -0.712044358 0.51745826
vn 0.474583805 -0.712044239 0.51745826
vn 0.49105221 -0.73093307 0.473924786
vn 0.4910523 -0.73093307 0.473924667
vn 0.523899019 -0.677557886 0.516183197
vn 0.523899078 -0.677557886 0.516183257
vn 0.523899078 -0.677557886 0.516183197
vn 0.523682714 -0.702560842 0.481834888
vn 0.523682714 -0.702560782 0.481834769
vn 0.55659157 -0.682813466 0.473256588
vn 0.55659157 -0.682813346 0.473256588
vn 0.559804499 -0.679504633 0.474228084
vn 0.168171197 0.148693159 -0.974478781
vn 0.153790101 0.145557567 -0.977323771
vn 0.153789997 0.145557567 -0.977323771
vn 0.153789997 0.145557657 -0.977323771
vn 0.149512693 0.148787558 -0.977500975
vn 0.149512693 0.148787558 -0.977501094
vn 0.149512798 0.148787662 -0.977500975
vn 0.1446888 0.154025868 -0.977415621
vn 0.142206401 0.144205868 -0.979276419
vn 0.142206401 0.144205868 -0.979276299
vn 0.657131672 -0.673614442 0.338262767
vn 0.657131612 -0.673614562 0.338262767
vn 0.657131612 -0.673614383 0.338262767
vn 0.651442826 -0.667749166 0.360185385
vn 0.744806826 -0.66680932 0.0250696018
vn 0.744806826 -0.666809201 0.0250696018
vn 0.744806826 -0.666809082 0.0250696018
vn 0.738289475 -0.672892392 0.0463077538
vn 0.738289475 -0.672892511 0.0463077538
vn 0.738289714 -0.672892272 0.0463078134
vn 0.751706719 -0.58419472 -0.306028783
vn 0.751706779 -0.58419466 -0.306028783
vn 0.751706898 -0.584194541 -0.306028694
vn 0.750393271 -0.600297451 -0.276682079
vn 0.75039351 -0.600297332 -0.276682079
vn 0.750393391 -0.600297451 -0.276682079
vn 0.659004927 -0.421705902 -0.622797489
vn 0.659005105 -0.421705812 -0.622797489
vn 0.666770697 -0.445846498 -0.597191572
vn 0.497123092 -0.214614764 -0.840719581
vn 0.497123301 -0.21461457 -0.840719461
vn 0.497123092 -0.214614764 -0.840719461
vn 0.514398098 -0.247102171 -0.821179152
vn 0.514398217 -0.247102171 -0.821179032
vn 0.514398217 -0.247102067 -0.821179032
vn 0.286778092 0.00920829829 -0.957952797
vn 0.286778301 0.0092084771 -0.957952678
vn 0.3030909 -0.0153757548 -0.952837706
vn 0.303090692 -0.015375874 -0.952837825
vn 0.303090602 -0.0153759941 -0.952837706
vn 0.140072197 0.146329671 -0.979268909
vn 0.142410994 0.143982261 -0.979279518
vn 0.142410204 0.143983662 -0.979279518
vn 0.142411098 0.143982366 -0.979279518
vn 0.576987982 -0.641644835 0.505348206
vn 0.573068202 -0.645549953 0.504834652
vn 0.575591981 -0.641204774 0.507494152
vn 0.575591922 -0.641204774 0.507494152
vn 0.577960074 -0.640890479 0.505194604
vn 0.577960074 -0.640890479 0.505194485
vn 0.577960193 -0.640890479 0.505194604
vn 0.566671371 -0.652189076 0.503520608
vn 0.569752693 -0.64788878 0.505590856
vn 0.569752812 -0.64788866 0.505590796
vn 0.573263109 -0.645899832 0.504165471
vn 0.573263109 -0.645899832 0.504165351
vn 0.572931826 -0.645650744 0.504860699
vn 0.572931826 -0.645650744 0.50486058
vn 0.590261281 -0.677708864 0.438522786
vn 0.590261281 -0.677708864 0.438522875
vn 0.61992377 -0.736329436 0.271133691
vn 0.61992377 -0.736329377 0.27113378
vn 0.619923711 -0.736329556 0.27113378
vn 0.680296481 -0.731498718 -0.0458948575
vn 0.680296779 -0.73149848 -0.0458947383
vn 0.680296898 -0.73149842 -0.0458946787
vn 0.636355579 -0.762740314 0.115233473
vn 0.62433368 -0.716828167 -0.310426921
vn 0.624076903 -0.714391947 -0.316500008
vn 0.624076903 -0.714392066 -0.316500008
vn 0.5669716 -0.651763618 -0.503733635
vn 0.568182528 -0.649945557 -0.504717112
vn 0.568182588 -0.649945617 -0.504716992
vn 0.567250907 -0.649208665 -0.506709635
vn 0.567250907 -0.649208665 -0.506709695
vn 0.573246479 -0.645747125 -0.504380107
vn 0.572498322 -0.643775046 -0.507739723
vn 0.577310681 -0.641268432 -0.50545752
vn 0.574782073 -0.643196225 -0.505889535
vn 0.574782073 -0.643196344 -0.505889535
vn 0.574266613 -0.644273818 -0.505103111
vn 0.574266613 -0.644274056 -0.505102992
vn 0.574266493 -0.644273937 -0.505103111
vn 0.574292898 -0.644214332 -0.505149126
vn 0.574292779 -0.644214451 -0.505149126
vn 0.574293017 -0.644214153 -0.505149245
vn 0.255699813 0.0330466852 0.966191173
vn 0.255699813 0.0330466218 0.966191292
vn 0.255699694 0.0330465622 0.966191292
vn 0.2534962 0.0359943137 0.96666652
vn 0.2534962 0.0359942541 0.96666652
vn 0.484683007 -0.206050336 0.850073934
vn 0.462793797 -0.190797329 0.865689456
vn 0.462793797 -0.190797329 0.865689516
vn 0.662334323 -0.420222402 0.620263219
vn 0.662334323 -0.420222491 0.620263219
vn 0.623519301 -0.393266708 0.675695956
vn 0.756391823 -0.582690537 0.297226101
vn 0.756391704 -0.582690537 0.297226101
vn 0.725550771 -0.564393044 0.393746823
vn 0.725550771 -0.564393163 0.393746823
vn 0.753160477 -0.657265425 -0.0274145454
vn 0.753160715 -0.657265306 -0.0274144858
vn 0.753160775 -0.657265186 -0.0274144858
vn 0.745168209 -0.660571814 0.0914846733
vn 0.74516809 -0.660571873 0.0914846733
vn 0.745168209 -0.660571814 0.0914846137
vn 0.706005394 -0.671407163 -0.225319102
vn 0.706004918 -0.671407759 -0.225319102
vn 0.706005514 -0.671407163 -0.225319102
vn 0.648998678 -0.675201535 -0.350576133
vn 0.648998678 -0.675201416 -0.350576133
vn 0.648998916 -0.675201416 -0.350576013
vn 0.6280002 -0.663496137 -0.406680107
vn 0.628000021 -0.663496256 -0.406680107
vn 0.628000379 -0.663495719 -0.406680405
vn 0.137237206 0.147512838 0.979492724
vn 0.137237206 0.147512734 0.979492724
vn 0.148226604 0.150348231 0.977458119
vn 0.152034402 0.144816741 0.977708399
vn 0.152034506 0.144816741 0.977708399
vn 0.167345598 0.147963643 0.974731922
vn 0.454451114 -0.72846055 -0.512659192
vn 0.454451114 -0.72846055 -0.512659311
vn 0.447834402 -0.728751063 -0.518040717
vn 0.447834611 -0.728751063 -0.518040836
vn 0.447834611 -0.728751063 -0.518040717
vn 0.44771111 -0.729212463 -0.517497897
vn 0.444532305 -0.730800211 -0.517998219
vn 0.444532186 -0.730800211 -0.517998219
vn 0.569485426 -0.665205121 -0.482895821
vn 0.569485486 -0.665205121 -0.482895911
vn 0.530770481 -0.699361563 -0.478723526
vn 0.516250372 -0.704297423 -0.48728922
vn 0.516250372 -0.704297364 -0.48728931
vn 0.497294992 -0.716096342 -0.489799708
vn 0.4879466 -0.713550329 -0.502746522
vn 0.466913491 -0.727483451 -0.502752304
vn 0.448327601 -0.733263969 -0.511201024
vn -0.235865504 0.838557243 0.491110444
vn -0.2139844 0.839672565 0.499160141
vn -0.216794401 0.843037546 0.492227554
vn -0.216794506 0.843037546 0.492227644
vn -0.216794401 0.843037426 0.492227554
vn -0.215171203 0.842624962 0.493644238
vn -0.215171099 0.842624962 0.493644238
vn -0.2139626 0.842481136 0.494414538
vn -0.2139626 0.842481017 0.494414538
vn -0.213962495 0.842481256 0.494414449
vn -0.212141007 0.842484653 0.495192856
vn -0.212141007 0.842484534 0.495192856
vn -0.212141007 0.842484653 0.495192945
vn -0.201921999 0.843504429 0.497722745
vn -0.195715904 0.848735631 0.491267055
vn -0.197315395 0.847174048 0.493318349
vn -0.197315305 0.847174048 0.493318439
vn -0.197878793 0.846385062 0.494445652
vn -0.197879001 0.846385121 0.494445443
vn -0.197878793 0.846385121 0.494445652
vn -0.198094293 0.846021533 0.49498105
vn -0.198094398 0.846021533 0.49498105
vn -0.1982079 0.845387161 0.496018559
vn -0.198208004 0.845387161 0.496018559
vn -0.198008597 0.845212519 0.496395558
vn -0.198008701 0.84521246 0.496395558
vn -0.198008597 0.84521246 0.496395558
vn -0.197878107 0.845172167 0.496516347
vn -0.194203004 0.84407872 0.499816239
vn -0.192210302 0.847072423 0.495503336
vn -0.192210302 0.847072542 0.495503336
vn -0.192178398 0.847103059 0.495463461
vn -0.192178294 0.847103059 0.495463461
vn -0.192254007 0.847225666 0.495224357
vn -0.187717795 0.84500742 0.500724018
vn -0.185400307 0.849610865 0.493749261
vn -0.185400203 0.849610865 0.493749261
vn -0.185404405 0.849922717 0.493210435
vn -0.185404196 0.849922717 0.493210554
vn -0.185404301 0.849922717 0.493210554
vn -0.159891397 0.858195424 0.487786263
vn -0.159891307 0.858195424 0.487786353
vn -0.175633505 0.84699595 0.501747727
vn -0.185577303 0.850325048 0.492451459
vn -0.185577497 0.850324869 0.492451549
vn -0.185577393 0.850325048 0.492451549
vn -0.185308695 0.850244761 0.492691457
vn -0.185308695 0.850244761 0.492691338
vn -0.159713894 0.858317554 0.487629563
vn -0.159714103 0.858317614 0.487629443
vn -0.159713805 0.858317554 0.487629563
vn -0.159708902 0.85843116 0.487431347
vn -0.159709007 0.858431041 0.487431258
vn -0.159590706 0.850069165 0.501909614
vn -0.159590706 0.850069344 0.501909614
vn -0.159590796 0.850069165 0.501909614
vn -0.1044778 0.866390646 0.488315135
vn -0.127051502 0.856033266 0.501064122
vn -0.154788107 0.859847367 0.48652184
vn -0.154788107 0.859847248 0.48652184
vn -0.154638499 0.859784663 0.486679852
vn -0.154638499 0.859784722 0.486679852
vn -0.154638395 0.859784722 0.486679852
vn -0.416908801 0.759324253 0.499613911
vn -0.416908801 0.759324253 0.499613822
vn -0.416908711 0.759324133 0.499613911
vn -0.240264893 0.830130041 0.503147244
vn -0.259631902 0.830018342 0.493620157
vn -0.259631813 0.830018342 0.493620157
vn -0.310590804 0.810360968 0.496838808
vn -0.308679789 0.815053463 0.490310818
vn -0.308679789 0.815053523 0.490310818
vn -0.308679789 0.815053463 0.490310729
vn -0.352793694 0.803685963 0.479192525
vn -0.352793604 0.803686023 0.479192525
vn -0.352793694 0.803686142 0.479192525
vn -0.1178037 0.955530465 0.270340651
vn -0.1178343 0.95552665 0.270340741
vn -0.117803901 0.955530345 0.270340651
vn -0.0689029619 0.897935033 0.434701145
vn -0.0689033791 0.897934914 0.434701145
vn -0.0689029023 0.897935033 0.434701145
vn -0.148354396 0.988176405 -0.0387126282
vn -0.148354307 0.988176286 -0.0387126915
vn -0.148354307 0.988176286 -0.0387126282
vn -0.0997583196 0.988505602 0.113600463
vn -0.09975826 0.988505602 0.113600463
vn -0.113605998 0.945989788 -0.303639948
vn -0.1136062 0.945989788 -0.303639859
vn -0.115711197 0.942031443 -0.31494084
vn -0.103499398 0.858831286 -0.501693904
vn -0.103499301 0.858831286 -0.501693904
vn -0.107680902 0.86096704 -0.497132361
vn -0.107680798 0.86096704 -0.497132361
vn -0.111098498 0.867168069 -0.485465437
vn -0.111098297 0.867168188 -0.485465348
vn -0.111098498 0.867168188 -0.485465348
vn -0.111100003 0.867369533 -0.485105157
vn -0.111100301 0.867369533 -0.485105157
vn -0.115495801 0.857749879 -0.500925303
vn -0.115495801 0.857749879 -0.500925183
vn -0.132850498 0.864102244 -0.485466957
vn -0.132850498 0.864102185 -0.485466838
vn -0.133092403 0.86437726 -0.484910846
vn -0.133092493 0.864377141 -0.484910846
vn -0.133092999 0.864335537 -0.484984964
vn -0.133093104 0.864335537 -0.484984964
vn -0.133039698 0.864466488 -0.484766155
vn -0.133039698 0.864466369 -0.484766155
vn -0.132890105 0.864643633 -0.484490961
vn -0.132890299 0.864643753 -0.484490961
vn -0.132890299 0.864643633 -0.484490961
vn -0.146340996 0.85305655 -0.500878155
vn -0.146340996 0.853056431 -0.500878155
vn -0.146340996 0.853056431 -0.500878274
vn -0.167806104 0.856579542 -0.487967759
vn -0.167806193 0.856579661 -0.487967849
vn -0.167708293 0.856520176 -0.488105863
vn -0.167708203 0.856520176 -0.488105744
vn -0.167484403 0.856342554 -0.488493949
vn -0.167484507 0.856342554 -0.488493949
vn -0.167484403 0.856342554 -0.48849386
vn -0.167100906 0.849272132 -0.500813365
vn -0.167100996 0.849272132 -0.500813484
vn -0.179581702 0.852788031 -0.490411043
vn -0.179581806 0.852787971 -0.490411043
vn -0.179566503 0.852732241 -0.490513563
vn -0.179566503 0.85273236 -0.490513563
vn -0.179219902 0.852427065 -0.491170347
vn -0.179219902 0.852427065 -0.491170257
vn -0.179914102 0.84656316 -0.500960886
vn -0.188903898 0.849212766 -0.493105441
vn -0.188904107 0.849212766 -0.493105561
vn -0.188904002 0.849212766 -0.493105561
vn -0.188566998 0.84904778 -0.493518353
vn -0.188567102 0.84904778 -0.493518353
vn -0.188353494 0.848824739 -0.493983448
vn -0.188353494 0.84882468 -0.493983448
vn -0.188261807 0.848472774 -0.494622648
vn -0.188261896 0.848472774 -0.494622648
vn -0.189777106 0.845277071 -0.499491245
vn -0.189777106 0.845277071 -0.499491364
vn -0.197000906 0.845330179 -0.496595949
vn -0.197000906 0.845330238 -0.496595949
vn -0.197000906 0.845330179 -0.49659586
vn -0.196975201 0.845304072 -0.496650457
vn -0.196975306 0.845304072 -0.496650547
vn -0.196975306 0.845304132 -0.496650636
vn -0.210589796 0.843326688 -0.494420856
vn -0.197067693 0.845158339 -0.496861845
vn -0.197197199 0.84542805 -0.49635154
vn -0.197197303 0.84542805 -0.49635154
vn -0.197197303 0.84542793 -0.496351451
vn -0.196989894 0.844436586 -0.49811846
vn -0.196989805 0.844436467 -0.49811846
vn -0.200270697 0.844598532 -0.496532857
vn -0.200270697 0.844598651 -0.496532857
vn -0.200270802 0.844598472 -0.496533036
vn -0.200530395 0.844730437 -0.496203542
vn -0.200530306 0.844730437 -0.496203542
vn -0.201186493 0.84502548 -0.495435059
vn -0.201186597 0.84502548 -0.495435238
vn -0.201186493 0.84502548 -0.495435148
vn -0.201293007 0.845262468 -0.494987249
vn -0.201293096 0.845262468 -0.494987249
vn -0.2012932 0.845262468 -0.494987249
vn -0.201329201 0.843947232 -0.497211665
vn -0.208098993 0.843309283 -0.495504051
vn -0.208098993 0.843309343 -0.495504051
vn -0.209644303 0.843293369 -0.494879454
vn -0.209644303 0.843293369 -0.494879365
vn -0.212092206 0.843699038 -0.493141741
vn -0.212945402 0.844777763 -0.49092266
vn -0.213866398 0.839579046 -0.499367744
vn -0.230596602 0.838919878 -0.492989451
vn -0.226475 0.834792137 -0.501827955
vn -0.226474896 0.834792137 -0.501828074
vn -0.226475 0.834792078 -0.501827955
vn -0.242899701 0.838840783 -0.487181753
vn -0.242899701 0.838840663 -0.487181753
vn -0.250441104 0.825888336 -0.505160987
vn -0.272422999 0.828211844 -0.489745736
vn -0.269702911 0.825908184 -0.49511224
vn -0.269702703 0.825908184 -0.49511224
vn -0.269702792 0.825908184 -0.49511224
vn -0.299915999 0.817220986 -0.492138684
vn -0.299915999 0.817220986 -0.492138475
vn -0.307906896 0.818693757 -0.484700084
vn -0.307906806 0.818693638 -0.484700084
vn -0.307906806 0.818693638 -0.484699994
vn -0.379041106 0.783046544 -0.493118793
vn -0.379040986 0.783046544 -0.493118793
vn 0.852658927 0.290185571 -0.43447113
vn 0.852658987 0.290185452 -0.43447113
vn 0.874194324 0.303200066 -0.379281044
vn 0.874194324 0.303199947 -0.379281044
vn 0.874194324 0.303200245 -0.379281044
vn 0.912961185 0.321567923 -0.25118944
vn 0.912961125 0.321567923 -0.25118944
vn 0.955479085 0.2923069 0.0402068868
vn 0.955479085 0.2923069 0.0402068272
vn 0.934804618 0.33661443 -0.113275446
vn 0.934804618 0.336614132 -0.113275446
vn 0.934804499 0.33661443 -0.113275446
vn 0.898160279 0.303088754 0.318504751
vn 0.898160279 0.303088844 0.318504751
vn 0.8991189 0.304605633 0.314326167
vn 0.8991189 0.304605335 0.314326167
vn 0.899118781 0.304605454 0.314326167
vn 0.84799403 0.187705725 0.495653719
vn 0.819073617 0.279671907 0.500901461
vn 0.819073617 0.279671818 0.500901461
vn 0.826160729 0.274269998 0.492173433
vn 0.82616061 0.274269909 0.492173433
vn 0.830524683 0.274356902 0.484723836
vn 0.830524623 0.274356902 0.484723836
vn 0.83061558 0.274381906 0.484553725
vn 0.83061558 0.274382025 0.484553725
vn 0.823916614 0.265807509 0.500507534
vn 0.83720988 0.252420604 0.485142827
vn 0.83720988 0.252420515 0.485142827
vn 0.837394416 0.252181321 0.484948844
vn 0.837403178 0.252252102 0.48489663
vn 0.837403178 0.252252102 0.484896719
vn 0.837563813 0.25248152 0.484499931
vn 0.837563694 0.25248152 0.484499931
vn 0.837625921 0.252593517 0.484334141
vn 0.837625921 0.252593517 0.484334022
vn 0.83762598 0.252593309 0.484333932
vn 0.833145499 0.235695928 0.500315964
vn 0.833145618 0.235695928 0.500315964
vn 0.845295072 0.218550831 0.487556934
vn 0.845295191 0.218550831 0.487556934
vn 0.845295072 0.218550831 0.487556815
vn 0.844949305 0.218540132 0.488160938
vn 0.844961822 0.218798518 0.488023341
vn 0.838061273 0.219203427 0.499603033
vn 0.847068012 0.205812722 0.490017116
vn 0.847068071 0.205812827 0.490017116
vn 0.847068071 0.205812722 0.490017116
vn 0.846869886 0.205927223 0.490311623
vn 0.846869826 0.205927223 0.490311623
vn 0.846869826 0.205927223 0.490311742
vn 0.846688271 0.205996722 0.490595937
vn 0.841730714 0.203576431 0.500046372
vn 0.847908974 0.196276233 0.492469341
vn 0.847908914 0.19627592 0.49246943
vn 0.847908974 0.196276024 0.49246943
vn 0.847614706 0.196495131 0.492888629
vn 0.847614586 0.196495026 0.492888629
vn 0.847354174 0.196615726 0.49328804
vn 0.847354174 0.19661583 0.49328804
vn 0.847256482 0.196602419 0.493461341
vn 0.844940722 0.193991527 0.498440117
vn 0.848096609 0.187333822 0.49561882
vn 0.848096728 0.187333927 0.49561882
vn 0.848068595 0.187377423 0.49565044
vn 0.848068595 0.187377319 0.49565053
vn 0.849211991 0.183685333 0.495074421
vn 0.849211991 0.183685526 0.495074332
vn 0.849211991 0.183685422 0.495074332
vn 0.847191811 0.186422631 0.497506738
vn 0.847191691 0.186422631 0.497506738
vn 0.848485291 0.187195718 0.495005637
vn 0.848485172 0.187196031 0.495005637
vn 0.848315418 0.187187225 0.495300025
vn 0.848315418 0.187187225 0.495299935
vn 0.851912379 0.174277022 0.493834734
vn 0.851912379 0.174277022 0.493834943
vn 0.851912379 0.174276918 0.493834943
vn 0.849462211 0.183589026 0.494680822
vn 0.849462211 0.183588922 0.494680822
vn 0.849462211 0.183588922 0.494680941
vn 0.849835515 0.183610022 0.494031429
vn 0.849835515 0.183610126 0.494031519
vn 0.849835515 0.183610126 0.494031429
vn 0.848527372 0.18301563 0.496494323
vn 0.848527372 0.18301563 0.496494234
vn 0.850919783 0.176226631 0.494853139
vn 0.85155499 0.174850732 0.494248241
vn 0.852777123 0.173165828 0.492731929
vn 0.852777183 0.173165828 0.492732018
vn 0.854137719 0.172713518 0.490529418
vn 0.854137719 0.172713518 0.490529329
vn 0.849654019 0.17012693 0.499144137
vn 0.856264472 0.15438433 0.492926538
vn 0.856264472 0.154384419 0.492926538
vn 0.853053272 0.155871928 0.498000234
vn 0.859948218 0.121614419 0.49568063
vn 0.864491224 0.117646717 0.488686234
vn 0.864491224 0.11764662 0.488686323
vn 0.864491284 0.117646717 0.488686234
vn 0.860809207 0.117268518 0.49523294
vn 0.860809207 0.117268518 0.495232821
vn 0.865872025 0.0822761357 0.493453503
vn 0.871154189 0.0738532245 0.485423714
vn 0.867314816 -0.0271321107 0.497020215
vn 0.867314696 -0.0271320492 0.497020304
vn -0.837517023 0.180038184 -0.515898883
vn -0.837516904 0.180038184 -0.515899003
vn -0.848326325 0.0939356238 -0.521074712
vn -0.848326206 0.0939356834 -0.521074712
vn -0.848326325 0.0939356834 -0.521074712
vn -0.85386312 0.0843538195 -0.513617098
vn -0.85931462 0.088030003 -0.503814578
vn -0.847507417 0.103689082 -0.520557404
vn -0.847507417 0.103688985 -0.520557404
vn -0.872696102 0.0797090083 -0.481713712
vn -0.872696102 0.0797089487 -0.481713712
vn -0.851973116 0.108412579 -0.51223892
vn -0.851973176 0.108412579 -0.51223892
vn -0.863368571 0.124394581 -0.488999873
vn -0.863368571 0.124394782 -0.488999873
vn -0.863368571 0.124394685 -0.488999873
vn -0.871353626 0.127191171 -0.47388348
vn -0.859956384 0.168446675 -0.481768459
vn -0.859956384 0.168446675 -0.48176837
vn -0.856656492 0.205749378 -0.473082364
vn -0.856656373 0.205749273 -0.473082364
vn -0.850481808 0.222293779 -0.476724356
vn -0.850481927 0.222293869 -0.476724476
vn 0.0669261813 0.213264629 0.974699557
vn 0.0583116412 0.205280438 0.976964533
vn 0.0754142925 0.196017534 0.97769624
vn 0.0679924414 0.189684033 0.979488254
vn -0.877185702 0.314002156 -0.363246441
vn -0.877185702 0.314002067 -0.363246441
vn -0.877185822 0.314001858 -0.363246441
vn -0.901727498 0.314964861 -0.296116054
vn 0.0708828494 0.188505441 0.979510784
vn 0.0708828494 0.188505337 0.979510784
vn 0.0708827898 0.188505441 0.979510784
vn 0.00145524705 0.216908231 0.976190984
vn 0.00145524705 0.216908336 0.976190984
vn 0.00145530701 0.21690844 0.976190984
vn -0.120537698 0.251273543 0.960381389
vn -0.120537698 0.251273662 0.960381389
vn -0.297430813 0.331368953 0.89539355
vn -0.412812114 0.344718039 0.843063354
vn -0.412812114 0.344718158 0.843063235
vn -0.412812114 0.34471795 0.843063235
vn -0.684098303 0.411697507 0.602091849
vn -0.684098303 0.411697507 0.602091968
vn -0.684098423 0.411697417 0.602091968
vn -0.663812578 0.415302217 0.621994376
vn -0.663812578 0.415302217 0.621994257
vn -0.894685805 0.397903562 0.203002855
vn -0.846970022 0.436468631 0.303540647
vn -0.846970022 0.43646875 0.303540766
vn -0.93085289 0.364785612 -0.0210814998
vn -0.930853009 0.364785612 -0.0210814402
vn -0.930852711 0.364785999 -0.0210815612
vn -0.828756928 0.244841486 -0.503204465
vn -0.828698695 0.241333187 -0.504991829
vn -0.828698814 0.241333187 -0.504991829
vn -0.827138007 0.241887093 -0.50728035
vn -0.827138126 0.241887093 -0.50728035
vn -0.830596626 0.235740691 -0.504515111
vn -0.830596626 0.235740691 -0.504515231
vn -0.829393983 0.236506894 -0.506132722
vn -0.829393923 0.23650679 -0.506132662
vn -0.833558381 0.230630279 -0.501986265
vn -0.829452276 0.237791494 -0.505434513
vn -0.829452395 0.237791494 -0.505434513
vn -0.829482913 0.236738294 -0.505878747
vn -0.829482794 0.236738294 -0.505878627
vn -0.829513311 0.236357391 -0.506007016
vn -0.866418898 0.24050568 -0.437579066
vn -0.866418719 0.240506575 -0.437579185
vn -0.866418779 0.240505978 -0.437579066
vn -0.926011682 0.241807044 -0.289882481
vn -0.926011682 0.241807148 -0.289882481
vn -0.934897184 0.24868764 -0.253222972
vn -0.934897184 0.24868755 -0.253222972
vn -0.966006815 0.257766992 0.0196741633
vn -0.966006815 0.257767111 0.0196741037
vn -0.968505979 0.247718096 -0.0251356494
vn -0.968505979 0.247718006 -0.0251356494
vn -0.968506098 0.247718006 -0.0251356494
vn -0.917903423 0.253304243 0.305434436
vn -0.917903602 0.253304154 0.305434436
vn -0.917903602 0.253303945 0.305434525
vn -0.913918912 0.254886955 0.31588763
vn -0.831148922 0.230183214 0.506169379
vn -0.831148803 0.230183214 0.50616926
vn -0.831415713 0.233986303 0.503982663
vn -0.834181726 0.231044531 0.500758886
vn -0.8297562 0.238464609 0.504618049
vn -0.829497278 0.236243904 0.506085932
vn -0.829497397 0.236243904 0.506085932
vn -0.829497516 0.236243904 0.506085932
vn -0.829628229 0.236238018 0.505874038
vn -0.829628289 0.236238018 0.505874038
vn -0.829628289 0.236238018 0.505873978
vn -0.828327775 0.243882418 0.504375279
vn -0.829652011 0.236772612 0.505585372
vn -0.830082417 0.236001715 0.505239069
vn -0.830082417 0.236001804 0.505239069
vn -0.829611719 0.236205503 0.505916476
vn -0.829611778 0.236204818 0.505916655
vn -0.829611599 0.236205816 0.505916238
vn -0.144708902 0.268091857 -0.95246315
vn -0.144708797 0.268092334 -0.952463031
vn -0.144708902 0.268091947 -0.952463269
vn -0.0703249499 0.261790454 -0.962559342
vn -0.0703249499 0.261790246 -0.962559342
vn -0.0703249499 0.261790454 -0.962559164
vn -0.400531203 0.337118149 -0.852013111
vn -0.400531203 0.337118149 -0.852013052
vn -0.400531203 0.337118238 -0.852013052
vn -0.452688605 0.359089732 -0.816166341
vn -0.452689201 0.359088629 -0.81616652
vn -0.452688903 0.359089226 -0.816166461
vn -0.669376373 0.405685782 -0.622378051
vn -0.640516996 0.391104132 -0.660890043
vn -0.640516877 0.391104311 -0.660890043
vn -0.853005111 0.428703159 -0.297650933
vn -0.853005111 0.42870307 -0.297650933
vn -0.83816278 0.417970747 -0.350404948
vn -0.928429425 0.370815486 0.0226894002
vn -0.922199607 0.366911858 0.122162357
vn -0.922199607 0.366911978 0.122162357
vn -0.922199726 0.366911769 0.12216226
vn -0.891382575 0.288183838 0.349838763
vn -0.891382575 0.288183749 0.349838763
vn -0.891382575 0.288183928 0.349838763
vn -0.86206001 0.272776455 0.42713663
vn -0.862059891 0.272776544 0.42713663
vn -0.862051904 0.272795945 0.427140325
vn 0.0731933713 0.188780263 -0.979287863
vn 0.0731934309 0.188780367 -0.979287922
vn 0.0731933713 0.188780367 -0.979287922
vn 0.0715053603 0.199316368 -0.977322817
vn 0.0647089407 0.201384157 -0.977372646
vn 0.0647088811 0.201384157 -0.977372646
vn 0.0613006912 0.215923458 -0.974484146
vn -0.853212893 0.0963146389 0.512592614
vn -0.853213012 0.0963146389 0.512592614
vn -0.853213072 0.0963145792 0.512592614
vn -0.851307988 0.0918394104 0.516565979
vn -0.851095676 0.0917055383 0.516939223
vn -0.851095796 0.0917055383 0.516939282
vn -0.851095915 0.0917055383 0.516939223
vn -0.85094589 0.097255379 0.516170979
vn -0.852383077 0.0982942283 0.513596416
vn -0.852383077 0.0982941687 0.513596416
vn -0.855055273 0.116835617 0.505203009
vn -0.85472852 0.117016919 0.505713701
vn -0.856872797 0.135900125 0.497292936
vn -0.859599292 0.145478621 0.489821523
vn -0.844820321 0.228091419 0.483996928
vn -0.84482038 0.228091419 0.483996928
vn -0.859921217 0.17585142 0.479178429
vn -0.859921098 0.17585142 0.479178518
vn -0.859921217 0.17585142 0.479178518
vn -0.857248783 0.146888629 0.493506134
vn -0.857248783 0.146888733 0.493506134
vn 0.0971906111 0.165615931 0.981389523
vn 0.0957909822 0.164767131 0.981669903
vn 0.0957909226 0.164767131 0.981669903
vn 0.106198601 0.158000231 0.981711805
vn 0.107877403 0.158972532 0.981371701
vn -0.49401921 0.5370543 0.683752775
vn -0.4940193 0.5370543 0.683752656
vn -0.4940193 0.537054181 0.683752656
vn -0.53160429 0.57940197 0.617811024
vn -0.531604171 0.579402089 0.617811024
vn -0.531604409 0.57940191 0.617810905
vn -0.314365506 0.42737484 0.847658575
vn -0.314365596 0.427374959 0.847658575
vn -0.314365506 0.427374959 0.847658575
vn -0.250290811 0.399987638 0.881682873
vn -0.250290811 0.399987757 0.881682754
vn -0.250290811 0.399987638 0.881682634
vn -0.0542985201 0.274184853 0.96014297
vn -0.0264986698 0.248092338 0.968373835
vn -0.0264985505 0.248092532 0.968373954
vn -0.0264986102 0.248092443 0.968373835
vn 0.0848024413 0.175694332 0.980785429
vn 0.0847947001 0.175683543 0.980787992
vn -0.629742086 0.596788526 0.497260988
vn -0.627697289 0.598277211 0.49805668
vn -0.618957102 0.603746951 0.502376199
vn -0.618957222 0.603746951 0.502376139
vn -0.618956983 0.603746951 0.502376199
vn -0.62419641 0.597643137 0.503191411
vn -0.618800521 0.606628358 0.499087393
vn -0.618978202 0.603939056 0.502119243
vn -0.618978083 0.603939116 0.502119422
vn -0.618978202 0.603939056 0.502119303
vn -0.611821771 0.611688137 0.501509428
vn -0.611821771 0.611688137 0.501509547
vn -0.616300285 0.604875743 0.504281104
vn -0.618388891 0.603525221 0.503341436
vn -0.618873417 0.603389144 0.502908945
vn -0.618873417 0.603389144 0.502908826
vn -0.5765239 0.577418864 0.578106999
vn -0.576523304 0.57741946 0.578106999
vn -0.576521575 0.577421308 0.57810694
vn -0.639555514 0.633156419 0.435983688
vn -0.639555514 0.633156538 0.435983688
vn -0.639555693 0.63315624 0.435983598
vn -0.667373121 0.673776448 0.317235827
vn -0.667373121 0.673776329 0.317235827
vn -0.667373002 0.673776448 0.317235827
vn -0.686915517 0.682015121 0.251002818
vn -0.686915576 0.682015061 0.251002818
vn -0.709919691 0.703917325 -0.0226808749
vn -0.70991981 0.703917325 -0.0226808749
vn -0.702389479 0.711385727 0.0240731761
vn -0.667284429 0.644350886 -0.373555183
vn -0.667284429 0.644350946 -0.373555183
vn -0.672287881 0.669879079 -0.315104991
vn -0.672288001 0.66987896 -0.315104991
vn -0.613518119 0.607621074 -0.504373252
vn -0.613912523 0.608001471 -0.503433883
vn -0.613912523 0.608001471 -0.503434002
vn -0.611948311 0.611917675 -0.50107491
vn -0.611948371 0.611917675 -0.50107491
vn -0.611948311 0.611917555 -0.50107491
vn -0.619034529 0.603049338 -0.503118098
vn -0.619547904 0.602877259 -0.502692401
vn -0.619547904 0.60287714 -0.502692401
vn -0.619948983 0.602942288 -0.502119362
vn -0.619949102 0.602942169 -0.502119303
vn -0.619949102 0.602942169 -0.502119362
vn -0.629261971 0.596617281 -0.498073518
vn -0.620522916 0.604100585 -0.500013888
vn -0.620522916 0.604100585 -0.500014007
vn -0.620333672 0.604457438 -0.499817312
vn -0.620014071 0.603112042 -0.501835108
vn -0.0821935534 0.29298985 -0.95257616
vn -0.0821934268 0.292990059 -0.952576041
vn 0.00701093581 0.261394948 -0.965206563
vn 0.00701099588 0.261395037 -0.965206563
vn 0.00701093581 0.261394948 -0.965206444
vn -0.287427098 0.412175357 -0.86457926
vn -0.347293109 0.459703505 -0.817349553
vn -0.347293288 0.459703326 -0.817349553
vn -0.347292989 0.459703714 -0.817349553
vn -0.513613522 0.546524346 -0.661447227
vn -0.513613522 0.546524227 -0.661447346
vn -0.53618449 0.551614523 -0.638926983
vn -0.536184609 0.551614523 -0.638926983
vn -0.612110615 0.590322137 -0.526156306
vn -0.612110496 0.590322137 -0.526156306
vn -0.612110317 0.590322375 -0.526156306
vn 0.107699201 0.160490766 -0.981144071
vn 0.107471101 0.15835987 -0.981515288
vn 0.107471101 0.15835987 -0.981515229
vn 0.0968286321 0.164671063 -0.981584311
vn 0.0970695019 0.166993558 -0.981167972
vn 0.697882891 -0.212598696 -0.683930874
vn 0.69788301 -0.212598592 -0.683930874
vn 0.69788301 -0.212598592 -0.683930755
vn 0.752519786 -0.228212088 -0.617764771
vn 0.752519786 -0.228211999 -0.617764771
vn 0.521473825 -0.0978131592 -0.847642422
vn 0.521473706 -0.0978131592 -0.847642481
vn 0.521473706 -0.0978131592 -0.847642422
vn 0.468268991 -0.0510801934 -0.882108212
vn 0.46826911 -0.0510801338 -0.882108212
vn 0.270422488 0.0706982985 -0.960142374
vn 0.270422608 0.0706985369 -0.960142314
vn 0.270422488 0.0706981197 -0.960142493
vn 0.235654697 0.0842148364 -0.968181074
vn 0.235654697 0.0842148364 -0.968181193
vn 0.235654801 0.0842148364 -0.968181193
vn 0.1217786 0.153610662 -0.980598807
vn 0.1217793 0.153611958 -0.980598509
vn 0.121778898 0.153611362 -0.980598629
vn 0.810101271 -0.309718311 -0.497805774
vn 0.810384989 -0.308135599 -0.498325765
vn 0.810384989 -0.308135718 -0.498325765
vn 0.81202662 -0.297513515 -0.50209403
vn 0.81202668 -0.297513515 -0.50209415
vn 0.81202668 -0.297513425 -0.50209415
vn 0.80832243 -0.30529052 -0.503400981
vn 0.814359725 -0.296177119 -0.499096662
vn 0.814359784 -0.296177119 -0.499096662
vn 0.812148809 -0.297376513 -0.501977742
vn 0.812148809 -0.297376424 -0.501977742
vn 0.816308916 -0.287135512 -0.501191735
vn 0.811974287 -0.293889016 -0.504308641
vn 0.811974227 -0.293888897 -0.504308581
vn 0.811402678 -0.297428221 -0.503152132
vn 0.811687112 -0.297540724 -0.502626777
vn 0.811687112 -0.297540814 -0.502626777
vn 0.774895489 -0.271698624 -0.570716083
vn 0.774895787 -0.271697611 -0.570716143
vn 0.774895787 -0.271697819 -0.570716083
vn 0.847544074 -0.30231595 -0.436204374
vn 0.847544014 -0.302316248 -0.436204374
vn 0.847544014 -0.302316129 -0.436204374
vn 0.895990074 -0.309791148 -0.31816867
vn 0.895990074 -0.309790939 -0.31816867
vn 0.9122352 -0.323913068 -0.250813454
vn 0.91223532 -0.323912859 -0.250813454
vn 0.91223532 -0.323912978 -0.250813454
vn 0.941892624 -0.335199088 0.0219101962
vn 0.941892624 -0.335198909 0.0219101962
vn 0.945325017 -0.325210303 -0.024473412
vn 0.945325017 -0.325210214 -0.024473412
vn 0.945325017 -0.325210392 -0.024473412
vn 0.870327115 -0.322737545 0.371982932
vn 0.870327115 -0.322737664 0.371983051
vn 0.870327115 -0.322737664 0.371982932
vn 0.894800603 -0.316317767 0.31507954
vn 0.894800603 -0.316317648 0.315079629
vn 0.816752374 -0.286997199 0.500547945
vn 0.816752374 -0.286997199 0.500548065
vn 0.816752374 -0.286997288 0.500547945
vn 0.811014593 -0.298725396 0.503009558
vn 0.811014712 -0.298725396 0.503009558
vn 0.812830925 -0.291425496 0.504358232
vn 0.813313425 -0.291496903 0.50353843
vn 0.809653521 -0.310523987 0.498032242
vn 0.812907577 -0.298503786 0.500076652
vn 0.812478721 -0.299159676 0.500381827
vn 0.812478602 -0.299159676 0.500381768
vn 0.811047614 -0.299561292 0.502458811
vn 0.811047614 -0.299561292 0.50245893
vn 0.224000603 0.0955974013 0.969889224
vn 0.224000707 0.0955975205 0.969889104
vn 0.224000603 0.0955973417 0.969889104
vn 0.221689105 0.0974135548 0.97023952
vn 0.221689194 0.097413674 0.970239401
vn 0.221689105 0.0974134356 0.97023952
vn 0.501203001 -0.0744204745 0.862123728
vn 0.503506601 -0.0752008706 0.860712528
vn 0.503506601 -0.0752009898 0.860712528
vn 0.503506601 -0.075200811 0.860712528
vn 0.73111558 -0.242564797 0.637677252
vn 0.736953914 -0.244937107 0.63000375
vn 0.736953974 -0.244937107 0.63000375
vn 0.736953974 -0.244937211 0.63000375
vn -0.823242128 -0.304473996 -0.479132563
vn -0.823242188 -0.304473996 -0.479132563
vn -0.816098273 -0.327275723 -0.476313174
vn -0.81341058 -0.314073622 -0.489613146
vn -0.816974223 -0.312982112 -0.484350652
vn -0.80171591 -0.338127196 -0.492870748
vn -0.803534389 -0.3385517 -0.489607364
vn -0.803534329 -0.3385517 -0.489607364
vn -0.805296004 -0.337106824 -0.487706363
vn -0.805296004 -0.337106913 -0.487706155
vn -0.801142097 -0.334984303 -0.495940357
vn -0.801142216 -0.334984303 -0.495940357
vn -0.798711479 -0.370000303 -0.474510163
vn -0.788383424 -0.365866214 -0.494564056
vn -0.788383424 -0.365866125 -0.494564056
vn -0.761563599 -0.437618107 -0.478028774
vn -0.76156348 -0.437618107 -0.478028774
vn -0.769554019 -0.400908709 -0.497049958
vn -0.769554079 -0.400908917 -0.497049958
vn -0.769554079 -0.400908798 -0.497050047
vn -0.791899323 -0.378184199 -0.479449868
vn -0.793482125 -0.3775374 -0.477338046
vn -0.768587172 -0.441392511 -0.463083565
vn -0.768576622 -0.441411704 -0.463082969
vn -0.768587708 -0.441391617 -0.463083863
vn -0.782740414 -0.44802624 -0.431960464
vn -0.782740474 -0.44802615 -0.431960464
vn -0.782740474 -0.448026329 -0.431960464
vn -0.819835305 -0.479020029 -0.313703895
vn -0.873494804 -0.481203705 -0.0738256127
vn -0.873494804 -0.481203586 -0.0738256127
vn -0.866208613 -0.486913562 -0.112240382
vn -0.866208613 -0.48691377 -0.112240382
vn -0.866208613 -0.486913681 -0.112240382
vn -0.832164288 -0.490481943 0.258708596
vn -0.832164288 -0.490482032 0.258708596
vn -0.824693322 -0.471296161 0.31266731
vn -0.824693322 -0.47129637 0.312667221
vn -0.824688017 -0.47130546 0.312667221
vn -0.750526428 -0.431362689 0.500635862
vn -0.750526488 -0.431362689 0.500635862
vn -0.767403305 -0.424605876 0.480418831
vn -0.767403305 -0.424605787 0.480418831
vn -0.759275079 -0.421045899 0.496207148
vn -0.785239875 -0.391683191 0.479565233
vn -0.785239816 -0.391683102 0.479565233
vn -0.80555141 -0.346691877 0.480512053
vn -0.805551291 -0.346691787 0.480511934
vn -0.781812727 -0.386380196 0.489366233
vn -0.778185487 -0.386082679 0.49534595
vn -0.778185487 -0.38608259 0.49534595
vn -0.778185606 -0.38608259 0.49534595
vn -0.822725892 -0.304807395 0.479806751
vn -0.822726011 -0.304807395 0.47980684
vn -0.808282614 -0.333135575 0.485489547
vn -0.808282614 -0.333135575 0.485489637
vn -0.809809029 -0.345780075 0.473967731
vn -0.809809089 -0.345780075 0.473967731
vn -0.808315992 -0.344310999 0.477572232
vn -0.808315873 -0.344310999 0.477572232
vn -0.808315992 -0.344311088 0.477572352
vn -0.292279601 0.220210642 -0.930634141
vn -0.292279601 0.220210552 -0.930634141
vn -0.292279601 0.220210746 -0.930634141
vn -0.2309383 0.257887661 -0.938169241
vn -0.2309383 0.257887751 -0.938169241
vn -0.53561461 0.115258731 -0.836559892
vn -0.954115212 -0.129299656 -0.270085126
vn -0.906048179 -0.0742070526 -0.416617095
vn -0.906027019 -0.0743017644 -0.41664651
vn -0.906049013 -0.0742044896 -0.416616291
vn -0.894726872 -0.0648101941 -0.441886097
vn -0.894727409 -0.0648089424 -0.441885591
vn -0.894726694 -0.0648120418 -0.441886395
vn -0.878598928 -0.0511975624 -0.474808306
vn -0.878599107 -0.0511966124 -0.474808007
vn -0.878598928 -0.0511974432 -0.474808186
vn -0.789502025 -0.00215907814 -0.613744199
vn -0.789501905 -0.00215913705 -0.613744318
vn -0.789502025 -0.00215913705 -0.613744318
vn -0.787440419 -0.000411279558 -0.616390824
vn -0.787440419 -0.000411383546 -0.616390824
vn -0.7874403 -0.000411371526 -0.616390824
vn -0.626482487 0.0866061449 -0.774609029
vn -0.626482606 0.0866063237 -0.77460891
vn -0.955690503 -0.255535036 0.146143049
vn -0.955690324 -0.255535036 0.146143049
vn -0.977908909 -0.184198186 -0.0988193378
vn -0.97793901 -0.184061378 -0.0987766013
vn -0.977908671 -0.184198782 -0.0988197029
vn -0.954612076 -0.129604056 -0.268176138
vn -0.954612195 -0.129604056 -0.268176138
vn -0.954612195 -0.12960425 -0.268176138
vn -0.974979281 -0.211506113 0.0684145838
vn -0.974979401 -0.211506009 0.0684146434
vn -0.974979401 -0.211506009 0.0684145838
vn -0.879619777 -0.294205368 0.373780936
vn -0.879619896 -0.294205159 0.373780936
vn -0.856630027 -0.296702653 0.422081351
vn -0.856630087 -0.296702474 0.422081351
vn -0.0979669616 0.278546035 -0.955413342
vn -0.0979670212 0.278546035 -0.955413342
vn -0.0953617617 0.298582554 -0.949607611
vn -0.0953617617 0.298582554 -0.949607551
vn -0.0953617617 0.298582643 -0.949607611
vn -0.1453747 0.276029438 -0.950091541
vn -0.161838993 0.287251353 -0.944084167
vn 0.496552914 0.618132293 -0.609383166
vn 0.534520328 0.645715952 -0.545288086
vn 0.534520388 0.645715833 -0.545288086
vn 0.534520328 0.645715952 -0.545287967
vn 0.301240504 0.536885619 -0.788040638
vn 0.238578394 0.517015398 -0.822055519
vn 0.238578394 0.517015398 -0.822055638
vn 0.0125944 0.397683442 -0.917436361
vn 0.0125944596 0.397683442 -0.917436361
vn 0.0125944 0.397683442 -0.917436242
vn 0.0384624004 0.40775755 -0.912279963
vn 0.03846246 0.40775755 -0.912279963
vn -0.175090104 0.281614155 -0.943417728
vn -0.175089806 0.281613559 -0.943417966
vn -0.132461399 0.306614339 -0.942571819
vn -0.132461399 0.306614548 -0.942571819
vn 0.63563019 0.644622862 -0.42477718
vn 0.635630071 0.644622862 -0.42477718
vn 0.587381005 0.661345541 -0.466482073
vn 0.587381124 0.661345661 -0.466482073
vn 0.595967412 0.665332377 -0.449617386
vn 0.614835322 0.658013165 -0.434736967
vn 0.614835322 0.658013165 -0.434737086
vn 0.615755498 0.654360473 -0.43892768
vn 0.615755498 0.654360533 -0.43892768
vn 0.630895317 0.648009837 -0.426678389
vn 0.543551385 0.68158108 -0.489897072
vn 0.543551385 0.68158108 -0.489897192
vn 0.54744029 0.676055133 -0.493212491
vn 0.556485176 0.680533767 -0.47665298
vn 0.557426095 0.677042663 -0.48050949
vn 0.568690598 0.676994383 -0.467193395
vn 0.567464471 0.691150188 -0.44754377
vn 0.567464471 0.691150248 -0.44754377
vn 0.551805973 0.691808462 -0.465737283
vn 0.551805675 0.691808641 -0.465737373
vn 0.551805913 0.691808581 -0.465737283
vn 0.564317524 0.703909576 -0.431343466
vn 0.564317703 0.703909278 -0.431343585
vn 0.564317584 0.703909338 -0.431343466
vn 0.603918016 0.772013187 -0.19818908
vn 0.603917897 0.772013247 -0.19818908
vn 0.603917778 0.772013187 -0.198188975
vn 0.628354013 0.769776821 -0.112316772
vn 0.593703806 0.755019248 0.278319925
vn 0.593703926 0.755019069 0.278319806
vn 0.593703926 0.755019069 0.278319925
vn 0.593587279 0.741590261 0.312567025
vn 0.593587279 0.741590142 0.312567025
vn 0.59358722 0.741590261 0.312567025
vn 0.542927086 0.681537449 0.490649611
vn 0.551936924 0.668276012 0.498771429
vn 0.546973288 0.678802252 0.489946812
vn 0.562232077 0.677536368 0.474172622
vn 0.562232077 0.677536249 0.474172622
vn 0.564309478 0.673096538 0.478012413
vn 0.564309597 0.673096538 0.478012413
vn 0.5726071 0.676650167 0.46288842
vn 0.572607219 0.676650226 0.46288842
vn 0.5726071 0.676650226 0.46288842
vn 0.588914096 0.666513741 0.457099408
vn 0.590918601 0.667120218 0.453614324
vn 0.635058522 0.644013166 0.426553518
vn 0.635058522 0.644013166 0.426553428
vn 0.606238127 0.666955054 0.433181614
vn 0.606238127 0.666955054 0.433181733
vn 0.605674028 0.668879032 0.430998921
vn 0.605673909 0.668879032 0.430998832
vn 0.602472007 0.664102912 0.442713231
vn 0.0218702499 0.398904145 0.916731775
vn 0.0218701903 0.398904264 0.916731775
vn 0.0218702499 0.398904264 0.916731834
vn -0.0703658983 0.36890474 0.926799834
vn 0.237307101 0.506019354 0.82923454
vn 0.237307206 0.506019175 0.82923466
vn 0.237307101 0.506019354 0.829234481
vn 0.625790417 0.643202543 0.441222221
vn 0.625790477 0.643202245 0.441222519
vn 0.625790119 0.643202662 0.441222221
vn 0.587398529 0.640589654 0.494578511
vn 0.587396383 0.640592515 0.494577318
vn 0.58739841 0.640589714 0.494578511
vn 0.492576301 0.609782398 0.620913923
vn 0.492576391 0.609782398 0.620913923
vn 0.492576301 0.609782457 0.620913923
vn 0.461403191 0.605003953 0.648904741
vn 0.461403012 0.605004191 0.648904741
vn 0.461403102 0.605004072 0.648904741
vn 0.304570109 0.546990156 0.779768467
vn 0.304570109 0.546990097 0.779768467
vn 0.304570109 0.546990097 0.779768586
vn -0.153745696 0.291246951 0.944212735
vn -0.152731493 0.271073341 0.95036447
vn -0.0957564116 0.296440959 0.950238764
vn -0.0957564116 0.29644084 0.950238764
vn -0.0982680917 0.279244661 0.95517844
vn -0.899809301 -0.266194344 -0.345664322
vn -0.919244826 -0.272811949 -0.283835828
vn -0.796649516 0.0130682113 0.60430032
vn -0.796649516 0.0130682709 0.60430032
vn -0.796649575 0.0130682113 0.60430032
vn -0.967773497 -0.164506629 0.190662175
vn -0.967773616 -0.164506435 0.190662175
vn -0.967773616 -0.164506525 0.190662175
vn -0.952916384 -0.0970375314 0.287287384
vn -0.952916503 -0.097037591 0.287287384
vn -0.974258125 -0.224755704 -0.0174967963
vn -0.445567995 0.147286057 0.883049309
vn -0.445567995 0.147285953 0.883049309
vn -0.445567906 0.147285953 0.883049309
vn -0.664822519 0.0666019917 0.744026423
vn -0.664822519 0.0666020513 0.744026423
vn -0.8346591 -0.0318685994 0.549844325
vn -0.8346591 -0.0318685994 0.549844205
vn -0.536664307 0.13589336 0.832781196
vn -0.536664307 0.13589327 0.832781196
vn -0.219549105 0.234292656 0.947050869
vn -0.139989302 0.267852753 0.953235567
vn -0.139989302 0.267852843 0.953235567
vn 0.321290314 -0.133044854 0.937588274
vn 0.321290195 -0.133044854 0.937588274
vn 0.323200703 -0.0954813063 0.941501379
vn 0.323200792 -0.0954813063 0.941501319
vn 0.323201001 -0.0954813063 0.941501319
vn 0.341993004 -0.426388144 0.837397158
vn 0.341992915 -0.426388144 0.837397158
vn 0.352492005 -0.478610218 0.804165244
vn 0.352491885 -0.478610307 0.804165244
vn 0.352491885 -0.478610218 0.804165244
vn 0.3446953 -0.707526207 0.616921306
vn 0.344695389 -0.707526207 0.616921186
vn 0.33759129 -0.670599937 0.66055119
vn 0.33759129 -0.670599937 0.66055131
vn 0.33759141 -0.670599818 0.66055119
vn 0.336009204 -0.833018839 0.439519554
vn 0.33600989 -0.83301878 0.439519256
vn 0.336008698 -0.833018959 0.439519852
vn 0.33349961 -0.865256071 0.374312848
vn 0.333499789 -0.865255952 0.374312758
vn 0.33349961 -0.865256071 0.374312937
vn 0.293102503 -0.918909371 0.26400134
vn 0.293102503 -0.918909371 0.26400125
vn 0.223423794 -0.971944213 -0.0735280886
vn 0.223423794 -0.971944213 -0.0735281482
vn 0.224078104 -0.973468423 -0.0463509299
vn 0.224077895 -0.973468423 -0.0463508703
vn 0.224099606 -0.973463118 -0.0463570692
vn 0.122099698 -0.916981518 -0.379784852
vn 0.122086696 -0.916984856 -0.379781157
vn 0.122099802 -0.916981518 -0.379784852
vn 0.124691799 -0.921729863 -0.367241442
vn 0.294231713 0.0318446346 0.955203474
vn 0.308402508 0.0410502143 0.950369775
vn 0.310067892 -0.011779815 0.950641394
vn 0.327189893 -0.0219128449 0.944704473
vn 0.327190012 -0.021912545 0.944704473
vn 0.353302985 0.757706821 0.54868722
vn 0.353302985 0.757706761 0.54868722
vn 0.345381796 0.715264082 0.60754323
vn 0.345381886 0.715264082 0.60754323
vn 0.353992105 0.499202579 0.790877044
vn 0.353991896 0.49920249 0.790877044
vn 0.353991807 0.49920249 0.790877044
vn 0.378699094 0.174096957 0.908998013
vn 0.378699303 0.174096957 0.908997893
vn 0.378699303 0.174096957 0.908997774
vn 0.351289898 0.314933658 0.881709874
vn 0.351289809 0.314933658 0.881709874
vn 0.327599704 -0.0393769443 0.943995774
vn 0.327600509 -0.0393771827 0.943995476
vn 0.327600509 -0.0393769443 0.943995476
vn 0.331995308 0.0137199359 0.943181276
vn 0.33199501 0.0137199359 0.943181396
vn 0.309731603 0.851755321 0.422586352
vn 0.309731603 0.85175544 0.422586352
vn 0.358719707 0.812258065 0.459953427
vn 0.35897851 0.820799112 0.44432351
vn 0.344105691 0.834813952 0.429740548
vn 0.344105691 0.834814012 0.429740548
vn 0.336826295 0.833437026 0.438099235
vn 0.336826295 0.833437026 0.438099355
vn 0.336826295 0.833436966 0.438099146
vn 0.328122199 0.841454148 0.42929104
vn 0.328122288 0.841454148 0.42929095
vn 0.328122199 0.841454148 0.42929095
vn 0.379406214 0.78586334 0.488333613
vn 0.379406303 0.78586334 0.488333613
vn 0.376903087 0.786402941 0.489402324
vn 0.376902997 0.786402941 0.489402324
vn 0.377058804 0.795275748 0.474724323
vn 0.377058893 0.795275748 0.474724323
vn 0.377058893 0.795275748 0.474724531
vn 0.377385497 0.795338154 0.474360019
vn 0.373483688 0.802893937 0.464619726
vn 0.387389004 0.807773948 0.444332123
vn 0.415207297 0.86654675 -0.276947141
vn 0.425715894 0.830171049 -0.359975338
vn 0.425715804 0.830171049 -0.359975338
vn 0.421933293 0.906423986 -0.019183062
vn 0.430821806 0.900152028 0.0641813502
vn 0.430822015 0.900151908 0.0641813502
vn 0.430821806 0.900151908 0.0641813502
vn 0.406893998 0.847796261 0.340115845
vn 0.406894207 0.847796142 0.340115935
vn 0.406894088 0.847796261 0.340115935
vn 0.406902611 0.847505748 0.340828955
vn 0.406902403 0.847505748 0.340828955
vn 0.406879693 0.847516656 0.340828955
vn 0.380622715 0.787111461 -0.485367984
vn 0.36559251 0.787486732 -0.496192396
vn 0.36559239 0.787486732 -0.496192396
vn 0.379011303 0.785490036 -0.48924008
vn 0.372645915 0.798982441 -0.471977085
vn 0.373869807 0.798113763 -0.472478479
vn 0.374686599 0.806934237 -0.456582069
vn 0.363739103 0.81374234 -0.453340173
vn 0.363739014 0.81374234 -0.453340292
vn 0.363739014 0.81374234 -0.453340173
vn 0.362721413 0.817427278 -0.447488576
vn 0.362721503 0.817427278 -0.447488576
vn 0.310710609 0.850109637 -0.425173759
vn 0.352167696 0.829747379 -0.433009654
vn 0.358720988 0.830631852 -0.425875664
vn 0.355771512 0.825539947 -0.43807596
vn 0.355771512 0.825539887 -0.43807584
vn 0.355771601 0.825539947 -0.43807596
vn 0.351719797 0.191861153 -0.916232765
vn 0.351719707 0.191861153 -0.916232765
vn 0.351719886 0.191861153 -0.916232765
vn 0.364418 0.0952970609 -0.9263466
vn 0.364418507 0.0952971205 -0.926346481
vn 0.364418298 0.0952971205 -0.9263466
vn 0.356059909 0.431573063 -0.828834116
vn 0.314342409 0.840433478 -0.441429943
vn 0.32820031 0.805637181 -0.49318707
vn 0.328199804 0.805637181 -0.493187279
vn 0.3408961 0.706505895 -0.620192885
vn 0.34089601 0.706505895 -0.620193005
vn 0.349196494 0.678785145 -0.645997405
vn 0.349197 0.678785145 -0.645997286
vn 0.349196792 0.678785145 -0.645997286
vn 0.364507407 0.511687398 -0.778017044
vn 0.311893195 -0.0208981261 -0.949887395
vn 0.311893195 -0.0208980646 -0.949887395
vn 0.311893195 -0.0208981261 -0.949887276
vn 0.330139309 -0.0129115162 -0.94384402
vn 0.310584098 0.0258230846 -0.950195074
vn 0.310584098 0.0258231442 -0.950195074
vn 0.286314607 0.0399963558 -0.957300603
vn 0.289936304 0.0493833162 -0.955771089
vn 0.289936304 0.0493833758 -0.955771029
vn 0.149596393 -0.926081836 0.346400559
vn 0.149596497 -0.926081836 0.346400559
vn 0.152209595 -0.946440935 0.284748763
vn 0.152209401 -0.946440935 0.284748763
vn 0.219814003 -0.975400925 0.0165807717
vn 0.219814107 -0.975400925 0.0165807717
vn 0.326695889 -0.899699748 -0.289500058
vn 0.270801008 -0.94354862 -0.190742448
vn 0.270801097 -0.943548739 -0.190742448
vn 0.270801008 -0.943548739 -0.190742448
vn 0.35829851 -0.710417092 -0.605747342
vn 0.347250402 -0.736329377 -0.580720425
vn 0.347250402 -0.736329377 -0.580720544
vn 0.338295907 -0.426577061 -0.838801444
vn 0.338295907 -0.426577061 -0.838801563
vn 0.34659639 -0.333134651 -0.876865089
vn 0.346596301 -0.333134651 -0.876865149
vn 0.346590489 -0.333135843 -0.876866937
vn 0.307488412 -0.0957337841 -0.946723819
vn 0.307488501 -0.0957337841 -0.946723819
vn 0.304299295 -0.030028956 -0.952103019
vn 0.304299414 -0.030028956 -0.952103078
vn 0.0817484781 -0.873159766 0.480530143
vn 0.0817484185 -0.873159766 0.480530143
vn 0.0817484185 -0.873159885 0.480530143
vn 0.0589976907 -0.876826167 0.477174252
vn 0.069651477 -0.868678033 0.490456164
vn 0.069651477 -0.868678033 0.490456253
vn 0.0718656108 -0.871442139 0.485204756
vn 0.0430709086 -0.868792236 0.493299961
vn 0.0430709086 -0.868792355 0.493299961
vn 0.0432922803 -0.870454669 0.490341246
vn 0.0432922207 -0.870454669 0.490341246
vn 0.0451916382 -0.871389985 0.488505363
vn 0.045191519 -0.871389985 0.488505244
vn 0.0451913401 -0.871390045 0.488505155
vn 0.0452955291 -0.866910279 0.496401846
vn 0.0452955887 -0.866910338 0.496401846
vn 0.0452955291 -0.866910279 0.496401966
vn 0.0126973297 -0.879974484 0.474851251
vn 0.0118491603 -0.869115174 0.494467646
vn -0.0619926415 -0.875944853 0.478411555
vn -0.0619927011 -0.875944853 0.478411555
vn -0.0266515594 -0.867264688 0.497133464
vn 0.00286102202 -0.877361357 0.479821742
vn 0.00386577798 -0.87828207 0.478127241
vn -0.0543015003 -0.993263602 0.102366537
vn -0.0543010198 -0.993263602 0.102366433
vn -0.0543019697 -0.993263483 0.102366537
vn -0.0523065291 -0.99221319 0.113035336
vn -0.0523065887 -0.992213309 0.113035239
vn -0.0715305805 -0.941386163 0.329659939
vn -0.0620971918 -0.898870587 0.433792353
vn -0.0620972514 -0.898870587 0.433792353
vn -0.0620977208 -0.898870587 0.433792353
vn -0.0624006316 -0.885007679 0.461375952
vn -0.0623999797 -0.885007679 0.461375952
vn -0.06240087 -0.885007679 0.461375862
vn -0.0694224164 -0.990837216 -0.115854561
vn -0.0694035813 -0.990838528 -0.115854762
vn -0.0694034025 -0.990838528 -0.115854762
vn -0.0517233014 -0.930024326 -0.363839954
vn -0.0517232418 -0.930024445 -0.363839954
vn -0.0517232418 -0.930024326 -0.363839954
vn -0.0650812909 -0.947175741 -0.314042658
vn -0.0650813505 -0.947175741 -0.314042658
vn -0.0617301986 -0.863515258 -0.500530601
vn -0.0477372408 -0.875959218 -0.480017453
vn -0.0477451608 -0.866516232 -0.496860147
vn -0.0108874403 -0.877414644 -0.479609251
vn 0.0382659398 -0.875770628 -0.481208652
vn 0.0382659398 -0.875770569 -0.481208563
vn -0.00678181602 -0.871581137 -0.490204662
vn -0.00857990887 -0.868467331 -0.495672137
vn -0.00857996941 -0.86846745 -0.495672256
vn -0.00858002901 -0.86846745 -0.495672137
vn 0.0818284675 -0.873022556 -0.480765939
vn 0.0818284079 -0.873022616 -0.480765849
vn 0.0506827794 -0.872270346 -0.48639074
vn 0.0405210815 -0.878732741 -0.475591362
vn 0.0405210815 -0.878732622 -0.475591242
vn 0.0405210182 -0.878732741 -0.475591362
vn 0.0409440883 -0.876943052 -0.478847146
vn 0.870662689 -0.203910425 -0.44762373
vn 0.870662689 -0.20391053 -0.44762373
vn 0.87588048 -0.207795024 -0.435493529
vn 0.875880599 -0.20779492 -0.435493529
vn 0.87588048 -0.20779492 -0.435493529
vn 0.908201694 -0.251303136 -0.334688723
vn 0.908201516 -0.251303643 -0.334688842
vn 0.908201516 -0.251303732 -0.334688842
vn 0.912197411 -0.25689134 -0.319222331
vn 0.912197292 -0.256891549 -0.319222331
vn 0.912197173 -0.256891847 -0.31922254
vn 0.935295582 -0.345304996 -0.0773741603
vn 0.935295701 -0.345304906 -0.0773741603
vn 0.932871401 -0.343500972 -0.108434759
vn 0.932871521 -0.343500972 -0.108434759
vn 0.918039501 -0.384515733 0.0967015028
vn 0.918039501 -0.384515733 0.0967010781
vn 0.918039382 -0.384516031 0.0967010185
vn 0.872086883 -0.408905536 0.26881364
vn 0.872087002 -0.408905625 0.26881355
vn 0.787702918 -0.447481066 0.423420429
vn 0.787702918 -0.447480947 0.42342034
vn 0.819832087 -0.434015065 0.373505652
vn 0.819832027 -0.434015065 0.373505652
vn 0.819832087 -0.434015155 0.373505652
vn 0.754402876 -0.432599902 0.493693948
vn 0.754402816 -0.432600081 0.493693829
vn 0.754402876 -0.432600081 0.493693829
vn 0.609257281 -0.424513012 0.66977185
vn 0.609257221 -0.424513012 0.66977185
vn 0.609257281 -0.424512923 0.66977185
vn 0.642237902 -0.434083998 0.63174504
vn 0.642237902 -0.434083998 0.631744921
vn 0.417783588 -0.398089319 0.816689551
vn 0.417783707 -0.39808923 0.81668967
vn 0.459075511 -0.413792223 0.786146164
vn 0.4590756 -0.413792223 0.786146224
vn 0.459075511 -0.413792133 0.786146164
vn 0.276176512 -0.360173255 0.891067743
vn 0.0231372695 -0.294856638 0.95526135
vn 0.0231372695 -0.294856638 0.955261469
vn 0.107604697 -0.304897457 0.946286917
vn 0.1076046 -0.304897547 0.946286857
vn 0.1076046 -0.304897547 0.946286917
vn -0.108793102 -0.223572761 0.968596518
vn -0.108793199 -0.223572761 0.968596518
vn -0.0805068612 -0.194507957 0.977591634
vn -0.0805069804 -0.194507867 0.977591515
vn -0.0805069804 -0.194507867 0.977591634
vn -0.102241598 -0.216123059 0.970998168
vn -0.116557099 -0.207751766 0.971212566
vn -0.116557099 -0.207751766 0.971212447
vn -0.114392199 -0.207256466 0.971575618
vn -0.123495601 -0.201904967 0.971588016
vn -0.123280801 -0.194667861 0.973091125
vn -0.123280801 -0.194667861 0.973091066
vn -0.132970303 -0.196313158 0.971483469
vn -0.132970303 -0.196313068 0.971483469
vn -0.135768607 -0.194144771 0.971532166
vn -0.145338506 -0.191576168 0.97065717
vn -0.144423395 -0.184165865 0.972226739
vn -0.161759302 -0.18845056 0.968669415
vn -0.161759302 -0.188450471 0.968669415
vn -0.161759302 -0.188450471 0.968669355
vn -0.646547973 0.407332182 0.64502418
vn -0.646547914 0.407332391 0.64502418
vn -0.646547914 0.407332271 0.64502418
vn -0.759336472 0.593501568 0.266765893
vn -0.759336591 0.593501449 0.266765893
vn -0.759336472 0.593501449 0.266765893
vn -0.750203907 0.583707631 0.310611486
vn -0.73490268 0.676600993 0.0461422727
vn -0.73490268 0.676600993 0.046142213
vn -0.734902918 0.676600873 0.046142213
vn -0.703480303 0.695858777 -0.144554481
vn -0.703480303 0.695858896 -0.144554481
vn -0.620410621 0.723489761 -0.302742988
vn -0.560323119 0.697226286 -0.44711709
vn -0.467105299 0.0996237695 0.87857151
vn -0.467105299 0.0996237099 0.87857151
vn -0.467105508 0.0996235907 0.878571391
vn -0.610287607 0.301887989 0.732402086
vn -0.610354006 0.30181548 0.732376575
vn -0.610287488 0.301888287 0.732402086
vn -0.704716325 0.458256006 0.541642487
vn -0.540939212 0.265619189 0.798017263
vn -0.540939212 0.265619189 0.798017144
vn -0.372281313 -0.00602290221 0.928100407
vn -0.372281492 -0.00602314016 0.928100407
vn -0.372281402 -0.00602302141 0.928100407
vn -0.232351497 -0.120026655 0.965197682
vn -0.232351407 -0.120026857 0.965197682
vn -0.232351407 -0.12002676 0.965197682
vn -0.165899798 -0.18460457 0.968709767
vn -0.165899798 -0.18460466 0.968709767
vn -0.165899605 -0.184604362 0.968709767
vn -0.526305914 0.685799241 -0.502674401
vn -0.526305914 0.68579936 -0.502674401
vn -0.570287406 0.655308962 -0.495320588
vn -0.570287287 0.655308962 -0.495320588
vn -0.54014951 0.678699672 -0.497599572
vn -0.523367703 0.683005333 -0.509499788
vn -0.628795326 0.618771553 -0.47089082
vn -0.628795385 0.618771553 -0.47089082
vn -0.628795385 0.618771434 -0.47089082
vn -0.590874314 0.65644443 -0.468986481
vn -0.590874314 0.656444371 -0.468986481
vn -0.569186926 0.663480163 -0.485613495
vn -0.569186926 0.663480163 -0.485613376
vn -0.169200003 -0.188432842 -0.967400968
vn -0.169199795 -0.188432842 -0.967400968
vn -0.169199899 -0.188432842 -0.967400968
vn -0.156438693 -0.197366938 -0.967767239
vn -0.156438693 -0.197367042 -0.967767239
vn -0.153826997 -0.189706236 -0.969715953
vn -0.153826997 -0.189706132 -0.969715953
vn -0.139664099 -0.198992431 -0.969998062
vn -0.139664099 -0.198992431 -0.969997942
vn -0.1391083 -0.200683638 -0.969729483
vn -0.139108196 -0.200683638 -0.969729364
vn -0.139108196 -0.200683638 -0.969729483
vn -0.121084198 -0.199857935 -0.972314537
vn -0.112148903 -0.227981031 -0.967185259
vn -0.128618702 -0.206021339 -0.970057964
vn -0.118702799 -0.210654631 -0.97032696
vn -0.118702799 -0.210654736 -0.97032696
vn -0.115205102 -0.215051532 -0.969783962
vn -0.0976657197 -0.212438136 -0.972281635
vn 0.871987402 -0.200498179 0.446585476
vn 0.871987224 -0.200498581 0.446585476
vn 0.871987402 -0.200498268 0.446585476
vn 0.924815774 -0.248112038 0.288368464
vn 0.924815774 -0.248111948 0.288368464
vn 0.924815774 -0.248111844 0.288368464
vn 0.933871806 -0.327690244 0.143187836
vn 0.933871806 -0.327690125 0.143187836
vn 0.932370126 -0.360781014 -0.0228725001
vn 0.932370126 -0.360781103 -0.0228724405
vn 0.851550877 -0.421678632 -0.311525971
vn 0.851550817 -0.421678752 -0.311525971
vn 0.868430972 -0.426670879 -0.252546251
vn 0.868430972 -0.42667076 -0.252546251
vn 0.6425246 -0.414416879 -0.644531548
vn 0.642524719 -0.414416879 -0.644531488
vn 0.642524719 -0.41441679 -0.644531548
vn 0.679624081 -0.429238707 -0.594865739
vn 0.458734006 -0.408444375 -0.789136469
vn 0.298967391 -0.356195748 -0.885292649
vn 0.29896751 -0.356195748 -0.885292649
vn -0.0964003205 -0.23419933 -0.967397451
vn -0.0964000225 -0.234198436 -0.96739763
vn -0.0964002609 -0.234198734 -0.967397571
vn -0.0151995402 -0.264186859 -0.964351833
vn -0.0151994796 -0.26418674 -0.964351833
vn -0.0151994796 -0.264186859 -0.964351833
vn 0.0817881227 -0.308196545 -0.947800338
vn 0.0817881823 -0.308196455 -0.947800457
vn 0.0817881227 -0.308196664 -0.947800457
vn 0.312795997 -0.357491553 -0.879976332
vn 0.312795788 -0.357492059 -0.879976273
vn 0.312795907 -0.357491851 -0.879976332
vn 0.847593009 -0.17488347 0.501000881
vn 0.847593129 -0.17488347 0.501000881
vn 0.847593129 -0.17488347 0.501000822
vn 0.837579489 -0.231054768 0.495049983
vn 0.837579429 -0.231054768 0.495049983
vn 0.846082509 -0.193712771 0.496608257
vn 0.843834519 -0.172701493 0.508052886
vn 0.843834519 -0.172701389 0.508052826
vn 0.843834519 -0.172701389 0.508052886
vn 0.82700628 -0.304486692 0.472597629
vn 0.827006221 -0.304486692 0.472597629
vn 0.846296728 -0.252515584 0.46906057
vn 0.846296728 -0.252515584 0.469060481
vn 0.844776392 -0.226826668 0.48466748
vn 0.287093192 0.825098634 -0.486610353
vn 0.287093401 0.825098574 -0.486610562
vn 0.287092805 0.825098872 -0.486610353
vn 0.437700003 0.851000667 -0.290201157
vn 0.437700003 0.851000786 -0.290201157
vn 0.437699586 0.851000965 -0.290200859
vn 0.469094694 0.852612972 -0.230220571
vn 0.469094992 0.852612674 -0.230220765
vn 0.469094187 0.85261327 -0.230220169
vn 0.579575717 0.814590394 -0.0231218785
vn 0.579575717 0.814590275 -0.0231218785
vn 0.593653202 0.804720283 -0.00110225589
vn 0.593653202 0.804720283 -0.00110219687
vn 0.663105786 0.661600769 0.35010761
vn 0.663105607 0.661600769 0.35010761
vn 0.663105786 0.661600769 0.350107521
vn 0.658718407 0.671344757 0.339685708
vn 0.658718526 0.671344638 0.339685529
vn 0.674078703 0.53367126 0.510698438
vn 0.674078405 0.533671618 0.510698557
vn 0.674080014 0.533670723 0.510697365
vn 0.643821001 0.373141974 0.668026686
vn 0.643820882 0.373141974 0.668026745
vn 0.642491102 0.426370114 0.636721134
vn 0.642491102 0.426370114 0.636721075
vn 0.559087694 0.0694645494 0.826193511
vn 0.559087813 0.0694645494 0.826193511
vn 0.593610823 0.242605686 0.767312765
vn 0.593611002 0.242605478 0.767312586
vn 0.429466993 -0.141312152 0.891957879
vn 0.429466993 -0.141312152 0.891957998
vn 0.460084796 -0.0529126748 0.886296928
vn 0.460084796 -0.0529127344 0.886296928
vn 0.460084796 -0.0529126748 0.886296988
vn 0.293891996 -0.298953861 0.907884419
vn 0.329095215 -0.295422137 0.896895826
vn 0.300450087 -0.287146956 0.909547448
vn 0.300448507 -0.287148535 0.909547448
vn 0.329403907 -0.25861305 0.90808177
vn 0.329403788 -0.25861305 0.90808177
vn 0.326972395 -0.253300339 0.910454869
vn -0.502710879 -0.710755289 0.492045283
vn -0.502710998 -0.710755289 0.492045373
vn -0.423139811 -0.71629411 0.554865301
vn -0.423139811 -0.716293991 0.554865301
vn -0.279499412 -0.678365409 0.6794855
vn -0.0658065006 -0.564095199 0.823083282
vn -0.065806441 -0.564095199 0.823083401
vn -0.0658062622 -0.564095438 0.823083162
vn -0.0679420829 -0.565870047 0.821690381
vn -0.0679420233 -0.565870106 0.821690261
vn 0.183083206 -0.399906963 0.898084164
vn 0.183082595 -0.399906337 0.898084521
vn 0.203321397 -0.379560053 0.902548969
vn 0.143077597 -0.372299641 0.917017937
vn 0.0602119491 -0.348821044 0.935253263
vn 0.0875796005 -0.369045556 0.925275743
vn 0.0875795409 -0.369045556 0.925275862
vn 0.0923604891 -0.362515539 0.92738992
vn 0.0923604295 -0.36251545 0.92738992
vn 0.124599203 -0.352344543 0.927538812
vn 0.124599203 -0.352344453 0.927538931
vn 0.147344202 -0.324730545 0.934258938
vn -0.688235104 -0.334698021 0.643669069
vn -0.734631717 -0.305698603 0.605693638
vn -0.734631717 -0.305698276 0.605693758
vn -0.460835606 -0.386678219 0.798818231
vn -0.37196961 -0.380688459 0.846590221
vn -0.37196961 -0.380688637 0.846590042
vn -0.372004896 -0.380721152 0.846560061
vn -0.145401895 -0.374811649 0.915628016
vn -0.145401895 -0.374811351 0.915628016
vn -0.145401895 -0.374811351 0.915628135
vn -0.1144116 -0.376095355 0.919490337
vn -0.114411503 -0.376095355 0.919490337
vn 0.00850266218 -0.356310964 0.934328735
vn 0.00850260165 -0.356311142 0.934328854
vn 0.00850260165 -0.356311053 0.934328735
vn 0.241832793 -0.857956052 0.453242153
vn 0.241832703 -0.857956052 0.453242153
vn 0.270022303 -0.829656839 0.488628238
vn 0.212944806 -0.853040874 0.476419955
vn 0.212944806 -0.853040874 0.476419836
vn 0.0897571966 -0.865689158 0.492469162
vn 0.0897571966 -0.865689278 0.492469162
vn 0.0923305079 -0.86681515 0.490006655
vn 0.0923305079 -0.866815269 0.490006655
vn 0.1144908 -0.871884584 0.476140052
vn 0.118813202 -0.863482833 0.490184456
vn 0.156105399 -0.866231084 0.474631459
vn 0.156603098 -0.862175345 0.481797844
vn 0.156602994 -0.862175345 0.481797844
vn 0.1848692 -0.85912466 0.477208763
vn 0.1848692 -0.85912478 0.477208555
vn 0.1848692 -0.859124839 0.477208465
vn -0.29421711 -0.237201646 0.925835729
vn -0.294217199 -0.237201646 0.925835669
vn -0.292594314 -0.245577052 0.924164712
vn -0.156701595 -0.548820794 0.821121395
vn -0.156701505 -0.548820734 0.821121454
vn -0.219322905 -0.471765757 0.85401082
vn -0.219322994 -0.471765846 0.85401082
vn -0.219322994 -0.471765846 0.854010761
vn -0.0262103006 -0.726041496 0.687151194
vn -0.0262103006 -0.726041615 0.687151194
vn 0.00658732606 -0.789402843 0.613840282
vn 0.00658738613 -0.789402843 0.613840282
vn 0.00658726599 -0.789402843 0.613840282
vn 0.0823985264 -0.858959734 0.505369961
vn 0.0823985934 -0.858959734 0.505369782
vn 0.082398653 -0.858959734 0.505369902
vn -0.346406788 -0.0845001563 0.934270918
vn -0.343434304 -0.0852272809 0.935301721
vn -0.343434304 -0.0852272213 0.935301721
vn -0.398984104 -0.0113694286 0.916887522
vn -0.398984104 -0.011369369 0.916887403
vn -0.398984104 -0.0113694286 0.916887403
vn -0.391634405 0.00421425607 0.920111299
vn -0.391634494 0.00421425607 0.920111299
vn -0.383600503 -0.0386326574 0.922690809
vn -0.383600414 -0.0386326574 0.922690809
vn -0.372716904 -0.0286019109 0.927504182
vn -0.372716904 -0.0286019705 0.927504182
vn -0.372716993 -0.0286019109 0.927504182
vn -0.368519396 -0.0591036342 0.927739322
vn -0.368519396 -0.0591036938 0.927739382
vn -0.392410487 0.124502651 0.911324918
vn -0.392410308 0.124502555 0.911324978
vn -0.392410994 0.124502555 0.91132468
vn -0.39329201 0.178462252 0.901927173
vn -0.393291801 0.178462356 0.901927173
vn -0.340801299 0.427520454 0.837305665
vn -0.340801001 0.427520454 0.837305784
vn -0.340801686 0.427520543 0.837305486
vn -0.340807587 0.427524656 0.837300956
vn -0.340807706 0.427524656 0.837300837
vn -0.340807796 0.427524656 0.837300956
vn -0.307904989 0.586793303 0.748911321
vn -0.30790481 0.586793303 0.74891144
vn -0.3079364 0.58679527 0.748896837
vn -0.198254406 0.804118097 0.560436904
vn -0.198254406 0.804117978 0.560437024
vn -0.198254406 0.804117858 0.560437024
vn -0.209594399 0.754705906 0.621682644
vn -0.209593996 0.754705906 0.621682823
vn -0.209594101 0.754705906 0.621682703
vn -0.0812098309 0.951598465 0.29642126
vn -0.0812098309 0.951598346 0.29642126
vn -0.0869991705 0.941601217 0.325297356
vn -0.0869992897 0.941601157 0.325297356
vn -0.0869992301 0.941601217 0.325297356
vn 0.0307928901 0.994706273 0.0980368629
vn 0.0307929497 0.994706273 0.0980369225
vn 0.0307929497 0.994706392 0.0980369225
vn 0.0906050801 0.993381679 -0.0705943182
vn 0.184972703 0.960920572 -0.205953643
vn 0.184972599 0.960920572 -0.205953643
vn 0.229785994 0.907701433 -0.351107657
vn 0.229785994 0.907701433 -0.351107538
vn 0.253818899 0.876889169 -0.408217639
vn 0.193275794 0.89388293 -0.404496849
vn 0.193275794 0.89388293 -0.404496938
vn 0.180593893 0.882079661 -0.435110658
vn 0.180594206 0.882079661 -0.435110748
vn 0.0669255182 0.90382266 -0.422641248
vn 0.0669255182 0.90382266 -0.422641337
vn 0.153350204 0.902273059 -0.402972937
vn 0.153350204 0.90227294 -0.402972847
vn 0.185297802 0.889586866 -0.417492658
vn -0.427617013 -0.820942581 0.378413886
vn -0.427617013 -0.820942581 0.378413767
vn -0.425478309 -0.823420763 0.375428557
vn -0.425478309 -0.823420644 0.375428438
vn -0.415066808 -0.832398534 0.367194951
vn -0.415066808 -0.832398534 0.36719504
vn -0.415066808 -0.832398474 0.367195159
vn -0.362399995 -0.854799271 0.371462852
vn -0.362399995 -0.854799151 0.371462852
vn -0.362399906 -0.854799032 0.371462852
vn -0.362079799 -0.855783463 0.369503856
vn -0.288793892 -0.884005368 0.367604136
vn -0.288793892 -0.884005249 0.367604136
vn -0.241995007 -0.87680757 0.41550836
vn -0.241995007 -0.87680757 0.41550824
vn -0.241995007 -0.876807451 0.41550836
vn -0.257709414 -0.899103761 0.353833944
vn -0.257709295 -0.899103761 0.353833854
vn -0.431985915 0.0194029529 0.901671708
vn -0.431985706 0.0194029529 0.901671827
vn -0.431985587 0.0194029529 0.901671827
vn -0.442796707 -0.00829323847 0.896583676
vn -0.442796707 -0.00829329714 0.896583676
vn -0.492700607 -0.302323431 0.815994442
vn -0.492700309 -0.30232352 0.815994442
vn -0.492700189 -0.30232352 0.815994561
vn -0.494513303 -0.224728927 0.839615047
vn -0.494513214 -0.224728927 0.839615166
vn -0.494513512 -0.224728838 0.839615166
vn -0.497022003 -0.546750426 0.673819959
vn -0.497022301 -0.546750307 0.673819721
vn -0.497022212 -0.546750307 0.673819721
vn -0.492500097 -0.56372714 0.663065195
vn -0.492500186 -0.56372714 0.663065195
vn -0.460386813 -0.751139581 0.473110169
vn -0.460386693 -0.751139641 0.473110288
vn -0.444984704 -0.781574488 0.437184095
vn -0.444984913 -0.781574488 0.437183887
vn -0.444984615 -0.781574667 0.437184185
vn -0.369584203 0.185559645 0.910480738
vn -0.375452787 0.185225457 0.908144772
vn -0.375452906 0.185225457 0.908144772
vn -0.384587705 0.159306049 0.9092381
vn -0.384587795 0.159306049 0.9092381
vn -0.402068287 0.151987851 0.902906775
vn -0.402068287 0.151987851 0.902906895
vn -0.402068287 0.151987955 0.902906895
vn -0.396291614 0.135958657 0.908002377
vn -0.396291614 0.135958552 0.908002377
vn 0.579456806 0.775649369 -0.25019598
vn 0.579456806 0.775649488 -0.25019598
vn 0.584667623 0.759676278 -0.284702867
vn 0.584667623 0.759676337 -0.284702867
vn 0.480178505 0.877022028 -0.0161611773
vn 0.480178595 0.877022028 -0.0161611773
vn 0.469944388 0.882695913 -0.000439497177
vn 0.469944388 0.882695913 -0.000439503201
vn 0.469944388 0.882695913 -0.000439476193
vn 0.406908602 0.898159027 0.166540846
vn 0.40690881 0.898159027 0.166541055
vn 0.40690881 0.898158908 0.166541055
vn 0.279794604 0.883583367 0.375493556
vn 0.279794514 0.883583367 0.375493556
vn 0.284758806 0.888010144 0.36104095
vn 0.284758896 0.888010025 0.36104095
vn 0.0956894085 0.756860197 0.646534026
vn 0.101294197 0.765177965 0.635800421
vn -0.0512172505 0.647576094 0.760277748
vn -0.0512172505 0.647576094 0.760277629
vn -0.159983605 0.51341027 0.843098581
vn -0.159983695 0.51341027 0.843098462
vn -0.159983605 0.513410151 0.843098581
vn -0.313875109 0.33971864 0.886608064
vn -0.313875198 0.339718759 0.886607885
vn -0.313875109 0.339718759 0.886607885
vn -0.242098793 0.412092239 0.878389537
vn -0.242098898 0.412092358 0.878389537
vn -0.242098793 0.412092358 0.878389537
vn -0.347599506 0.225681245 0.910078347
vn -0.347599298 0.225680947 0.910078585
vn -0.347627312 0.225696355 0.910063982
vn 0.518876314 0.786142766 -0.335778266
vn 0.567881107 0.756962836 -0.323292881
vn 0.57906431 0.738503039 -0.345395178
vn 0.573984027 0.741822779 -0.346758276
vn 0.573984087 0.741822779 -0.346758276
vn 0.598997772 0.719700277 -0.351045787
vn -0.61482811 -0.712642968 0.337826282
vn -0.614827991 -0.712642968 0.337826282
vn -0.579635084 -0.738675654 0.344066083
vn -0.579635084 -0.738675654 0.344065994
vn -0.567696095 -0.745028675 0.35021928
vn -0.567696214 -0.745028555 0.350219488
vn -0.567696214 -0.745028436 0.350219578
vn -0.604884923 -0.735793352 0.304503679
vn -0.604884505 -0.735794067 0.304503083
vn -0.604884982 -0.735793173 0.304503888
vn -0.467319101 -0.880110919 -0.083772622
vn -0.466620892 -0.880581677 -0.0827093944
vn -0.466811508 -0.880498409 -0.0825209245
vn -0.466811508 -0.880498528 -0.0825209841
vn -0.466811389 -0.880498409 -0.0825209841
vn -0.477653801 -0.87502408 -0.0786112696
vn -0.469153196 -0.880544126 -0.0673603043
vn -0.471251398 -0.878768206 -0.0754235536
vn -0.471251398 -0.878768206 -0.0754236132
vn -0.469581604 -0.878991604 -0.0828677639
vn -0.469581515 -0.878991604 -0.0828678235
vn -0.469341695 -0.879399419 -0.0798455626
vn -0.468541801 -0.879659116 -0.0816621333
vn -0.468541712 -0.879659116 -0.0816620737
vn 0.283033907 -0.157169953 -0.946144521
vn 0.283033997 -0.157169953 -0.946144521
vn 0.282530397 -0.156883046 -0.946342587
vn 0.288734615 -0.150060147 -0.94557631
vn 0.288734615 -0.150060147 -0.945576191
vn 0.294180691 -0.139422253 -0.945526004
vn 0.299610913 -0.139471248 -0.943812072
vn -0.410510391 -0.888311446 0.205874145
vn -0.41051051 -0.888311446 0.205874145
vn -0.404913992 -0.87284106 0.272384554
vn -0.404914111 -0.87284106 0.272384644
vn -0.404914111 -0.872840941 0.272384554
vn -0.355501205 -0.931892991 -0.0720724687
vn -0.355501413 -0.931892991 -0.0720724687
vn -0.310930699 -0.935934305 -0.165376544
vn -0.31093061 -0.935934305 -0.165376455
vn -0.214859396 -0.892025113 -0.397651553
vn -0.214859396 -0.892025054 -0.397651643
vn -0.214859307 -0.892025054 -0.397651553
vn -0.230598196 -0.896884143 -0.377390444
vn -0.230597496 -0.896884441 -0.377389938
vn -0.230597794 -0.896884322 -0.377390146
vn -0.0252317097 -0.735398293 -0.677165329
vn -0.0252317693 -0.735398173 -0.677165329
vn -0.0252317097 -0.735398173 -0.677165329
vn -0.0720506907 -0.764125109 -0.641031742
vn -0.0720507503 -0.764125109 -0.641031742
vn 0.0902281925 -0.531170189 -0.842447281
vn 0.090228729 -0.531170309 -0.842446983
vn 0.0902285501 -0.531170309 -0.842447162
vn 0.184194505 -0.40391624 -0.896060288
vn 0.224899307 -0.286538541 -0.931298077
vn 0.224899396 -0.286538541 -0.931298077
vn 0.289900094 -0.162298545 -0.943195224
vn -0.439014912 -0.789495468 0.428909183
vn -0.439014912 -0.789495468 0.428909093
vn -0.446521014 -0.790331841 0.419517189
vn -0.440779209 -0.800401032 0.406290591
vn -0.440779209 -0.800400972 0.406290591
vn -0.458965987 -0.766383469 0.449451596
vn -0.437643498 -0.772154331 0.460701674
vn -0.446233898 -0.780274034 0.438232481
vn -0.431366891 -0.753608584 0.495980591
vn -0.431366801 -0.753608465 0.495980591
vn -0.431366891 -0.753608584 0.49598068
vn -0.453993499 -0.746991575 0.485688567
vn -0.453993589 -0.746991634 0.485688686
vn -0.453993499 -0.746991634 0.485688567
vn -0.446832001 -0.75407964 0.481357694
vn -0.446831912 -0.75407958 0.481357694
vn -0.4433797 -0.762631178 0.470965177
vn -0.44337979 -0.762631178 0.470965177
vn -0.474277198 -0.833421469 -0.283671945
vn -0.474277109 -0.833421469 -0.283671945
vn -0.468329996 -0.824781835 0.316862762
vn -0.468329906 -0.824781835 0.316862851
vn -0.468329906 -0.824781775 0.316862762
vn -0.492018491 -0.868586183 0.0589580275
vn -0.492018491 -0.868586123 0.0589579679
vn -0.483602792 -0.875003219 -0.0223110542
vn -0.483602703 -0.875003278 -0.0223110542
vn -0.481317103 -0.798821568 -0.360857517
vn -0.481317103 -0.798821449 -0.360857606
vn -0.481316894 -0.798821568 -0.360857606
vn -0.42940709 -0.750210285 0.502786279
vn -0.429407299 -0.750210285 0.50278616
vn -0.429407388 -0.750210285 0.5027861
vn -0.439934999 -0.767509639 0.466247082
vn -0.439934999 -0.76750958 0.466247082
vn -0.467999101 -0.831243455 0.300018638
vn -0.467999101 -0.831243455 0.300018758
vn -0.431929708 -0.754037321 -0.49483791
vn -0.431929588 -0.754037321 -0.49483791
vn -0.439041406 -0.745985568 -0.5007478
vn -0.439041406 -0.745985568 -0.50074774
vn -0.433818012 -0.756901264 -0.488776714
vn -0.435589194 -0.754883051 -0.490320027
vn -0.454404205 -0.757067144 -0.469431609
vn -0.454404205 -0.757067263 -0.469431609
vn -0.442868501 -0.765431345 -0.466886014
vn -0.443004012 -0.755635917 -0.482454121
vn -0.443004102 -0.755635917 -0.482454121
vn -0.442291588 -0.790802419 -0.423095405
vn -0.442291588 -0.79080236 -0.423095405
vn -0.442291588 -0.790802419 -0.423095524
vn -0.461794913 -0.777002513 -0.427799821
vn -0.461794913 -0.777002513 -0.427799731
vn -0.448740989 -0.777049959 -0.441389829
vn -0.444056004 -0.772265851 -0.454334527
vn -0.444056004 -0.772265732 -0.454334527
vn -0.444056004 -0.772265851 -0.454334408
vn 0.250491589 -0.245712042 0.936418414
vn 0.250491589 -0.245711952 0.936418414
vn 0.250491589 -0.245712042 0.936418533
vn 0.233088896 -0.27127856 0.933850944
vn 0.233089 -0.27127856 0.933850944
vn 0.0753993317 -0.56389761 0.822395682
vn 0.0753992721 -0.56389761 0.822395563
vn 0.0753993317 -0.56389761 0.822395563
vn 0.108296499 -0.456382334 0.883168757
vn 0.108296201 -0.456382245 0.883168757
vn -0.0637135506 -0.784392416 0.61698401
vn -0.0637135506 -0.784392297 0.61698401
vn -0.0451792404 -0.719666898 0.692848086
vn -0.0451793 -0.719666839 0.692848086
vn -0.0451790616 -0.719666898 0.692848086
vn -0.228295594 -0.912468433 0.339532763
vn -0.227106795 -0.910026371 0.346806347
vn -0.227106795 -0.910026371 0.346806437
vn -0.373203903 -0.927713871 0.00810643844
vn -0.373204112 -0.927713871 0.00810643844
vn -0.373203605 -0.927714109 0.00810631923
vn -0.386208802 -0.912465572 -0.135090247
vn -0.386208892 -0.912465572 -0.135090142
vn -0.434199214 -0.848124921 -0.303570747
vn -0.434155107 -0.848142147 -0.303585649
vn -0.434199303 -0.848125041 -0.303570747
vn -0.442610711 -0.789213538 -0.425720513
vn -0.442610294 -0.789213657 -0.425720513
vn -0.442610413 -0.789213657 -0.425720513
vn 0.297163904 -0.140741944 0.944396913
vn 0.293769389 -0.13669315 0.946052074
vn 0.283135891 -0.157130852 0.94612062
vn 0.283135891 -0.157130748 0.94612062
vn 0.281942606 -0.155353442 0.946770191
vn -0.468102306 -0.879942775 0.0811221898
vn -0.468102306 -0.879942775 0.0811221302
vn -0.468102515 -0.879942775 0.081122309
vn -0.480134696 -0.874236226 0.0719856992
vn -0.480134606 -0.874236107 0.0719856992
vn -0.470804214 -0.878973901 0.07581947
vn -0.470804095 -0.878973901 0.0758195296
vn -0.467892796 -0.880009711 0.0816048682
vn -0.467892796 -0.880009711 0.0816048086
vn -0.46964711 -0.879259229 0.0795923173
vn -0.46964711 -0.879259229 0.0795923769
vn -0.4708561 -0.878995001 0.0752485693
vn -0.466737688 -0.88052088 0.0826975405
vn -0.466737688 -0.880520999 0.0826974809
vn -0.466737688 -0.880520999 0.0826975405
vn -0.466874391 -0.880439878 0.0827889219
vn -0.466874391 -0.880439878 0.0827887952
vn -0.467015892 -0.880384803 0.0825766698
vn -0.467015892 -0.880384684 0.0825766698
vn -0.403670907 0.138240248 -0.90440011
vn -0.403670788 0.138240352 -0.904400229
vn -0.403670788 0.138240248 -0.904400229
vn -0.415235609 0.171773553 -0.893349528
vn -0.395986706 0.14968735 -0.905973613
vn -0.3824597 0.188677847 -0.904502749
vn -0.377015591 0.188804656 -0.906759143
vn -0.37701571 0.188804656 -0.906759143
vn -0.450099587 -0.749013841 -0.486198217
vn -0.467215508 -0.719319642 -0.514090419
vn -0.512689412 -0.53165251 -0.674162686
vn -0.496893495 -0.293362767 -0.816722274
vn -0.496893793 -0.293362677 -0.816722035
vn -0.499894291 -0.30315429 -0.811297238
vn -0.449500799 -0.00313559454 -0.893274486
vn -0.449500591 -0.00313565438 -0.893274605
vn -0.449500591 -0.00313565438 -0.893274486
vn -0.438410491 0.0249087475 -0.898429692
vn -0.438410401 0.0249086265 -0.898429811
vn -0.438410401 0.0249086879 -0.898429811
vn -0.346987307 -0.0975368917 -0.932784319
vn -0.364018291 -0.0887041911 -0.927158177
vn -0.3648054 -0.0726606473 -0.928244293
vn -0.3648054 -0.0726606473 -0.928244174
vn -0.375395 -0.060298942 -0.924901485
vn -0.378497005 -0.0386145897 -0.92479682
vn -0.378496885 -0.0386145413 -0.92479682
vn -0.378497005 -0.0386145413 -0.92479682
vn -0.39227441 -0.0301326811 -0.919354677
vn -0.396992892 -0.00634011533 -0.917799771
vn -0.403390199 0.00386664202 -0.915019929
vn -0.0220696293 -0.755051672 -0.655293643
vn -0.0220695101 -0.755051792 -0.655293822
vn 0.0325619504 -0.790828288 -0.611171305
vn -0.153627798 -0.577484488 -0.80181694
vn -0.153627694 -0.57748431 -0.80181694
vn -0.153627798 -0.577484369 -0.80181694
vn -0.178711399 -0.515262485 -0.838192642
vn -0.178711101 -0.515262306 -0.83819288
vn -0.178711399 -0.515262306 -0.838192761
vn -0.276094109 -0.300356448 -0.912994087
vn -0.27609399 -0.300356448 -0.912994087
vn -0.29381299 -0.268616259 -0.917343557
vn -0.293813199 -0.268616259 -0.917343438
vn -0.335206002 -0.136486858 -0.932206213
vn -0.335205913 -0.13648665 -0.932206213
vn -0.335205913 -0.136486948 -0.932206273
vn -0.86556083 -0.152175322 -0.477123827
vn -0.842705071 -0.0773058236 -0.532796383
vn -0.842705071 -0.0773058236 -0.532796502
vn -0.875575304 -0.13701272 -0.463244528
vn -0.875575304 -0.13701272 -0.463244438
vn -0.875575185 -0.13701272 -0.463244438
vn -0.819096506 -0.299296916 -0.489389747
vn -0.819096506 -0.299296916 -0.489389867
vn -0.821181118 -0.297493905 -0.486989647
vn -0.821181178 -0.297493905 -0.486989766
vn -0.821181178 -0.297493815 -0.486989766
vn -0.835972607 -0.278788805 -0.472680151
vn -0.835972607 -0.278788805 -0.472680271
vn -0.835972726 -0.278788805 -0.472680151
vn -0.830349207 -0.271421403 -0.486673236
vn -0.830349207 -0.271421522 -0.486673236
vn -0.849270105 -0.23853983 -0.470998228
vn -0.849269927 -0.238539726 -0.470998228
vn -0.845603526 -0.238865823 -0.477386534
vn -0.854984879 -0.207300529 -0.475423425
vn -0.190759495 -0.38398385 -0.903419673
vn -0.190759495 -0.383983761 -0.903419733
vn -0.190759495 -0.383983761 -0.903419852
vn -0.0972745419 -0.353888959 -0.93021524
vn -0.0972745419 -0.353888839 -0.93021524
vn -0.0972744226 -0.353888959 -0.93021524
vn -0.425826788 -0.390576184 -0.816162884
vn -0.425826907 -0.390576184 -0.816162884
vn -0.505365312 -0.374099791 -0.777595878
vn -0.505365372 -0.374099791 -0.777595878
vn -0.697012484 -0.342199713 -0.630137265
vn -0.697012603 -0.342199624 -0.630137265
vn -0.697012484 -0.342199802 -0.630137265
vn -0.714212775 -0.341294616 -0.611079574
vn -0.806017816 -0.304710716 -0.507431567
vn -0.806017816 -0.304710805 -0.507431567
vn 0.0613930188 -0.355305344 -0.932732165
vn 0.0613930784 -0.355305254 -0.932732046
vn 0.0613930188 -0.355305254 -0.932732165
vn 0.0892150402 -0.376027554 -0.922303677
vn 0.0892150924 -0.376027554 -0.922303677
vn 0.0940628573 -0.369346946 -0.924518883
vn 0.1266229 -0.358799756 -0.92478627
vn 0.126623005 -0.358799756 -0.92478627
vn 0.133907095 -0.350514144 -0.926935136
vn 0.133907199 -0.350514144 -0.926935136
vn 0.167059794 -0.368371457 -0.914545536
vn 0.179291904 -0.361909151 -0.914809465
vn 0.179291993 -0.361909837 -0.914809048
vn 0.179292202 -0.361908555 -0.914809585
vn 0.262589395 -0.315703958 -0.911799371
vn 0.262589395 -0.315703958 -0.911799133
vn 0.340941101 -0.278480351 -0.897890866
vn 0.53305918 -0.130041361 -0.836024702
vn 0.53305918 -0.130041465 -0.836024582
vn 0.534037113 -0.12895526 -0.835568726
vn 0.534037113 -0.128955364 -0.835568607
vn 0.534037113 -0.128955469 -0.835568607
vn 0.662243187 -0.0301852189 -0.74868077
vn 0.662243187 -0.0301852785 -0.748680711
vn 0.662243187 -0.0301851593 -0.74868077
vn 0.811598897 0.164697796 -0.560519278
vn 0.811598897 0.164697886 -0.560519278
vn 0.77135998 0.132157907 -0.622525513
vn 0.77135998 0.132157698 -0.622525513
vn 0.893018186 0.338112473 -0.296982348
vn 0.886695385 0.328283161 -0.325578839
vn 0.886695325 0.328283161 -0.325578839
vn 0.882072628 0.46052292 -0.0993303433
vn 0.882072628 0.460523039 -0.0993303433
vn 0.854067922 0.51575768 0.0675415024
vn 0.8540681 0.51575768 0.0675415024
vn 0.776743591 0.593387067 0.211095393
vn 0.71268338 0.610892832 0.344807804
vn 0.712683201 0.61089325 0.344807595
vn 0.712683618 0.610892415 0.344807982
vn 0.674383581 0.620035052 0.400953203
vn 0.674383521 0.620035052 0.400953203
vn 0.715156674 0.57469064 0.397846282
vn 0.785125315 0.455133051 0.420038253
vn 0.746139228 0.532868743 0.399158299
vn 0.746139228 0.532868624 0.39915818
vn 0.739095628 0.539767027 0.40297538
vn 0.739095628 0.539767027 0.4029755
vn 0.739095628 0.539767146 0.4029755
vn 0.715828776 0.569749057 0.40370208
vn 0.705349505 0.574580848 0.41513738
vn 0.705349505 0.574580848 0.4151375
vn -0.561929882 -0.735714912 -0.37809822
vn -0.561929822 -0.735715032 -0.37809822
vn -0.561929882 -0.735715151 -0.37809813
vn -0.564790428 -0.734918833 -0.375374615
vn -0.564790428 -0.734918952 -0.375374615
vn -0.564790428 -0.734918952 -0.375374526
vn -0.589497209 -0.723486364 -0.359250218
vn -0.590801477 -0.711714745 -0.380020827
vn -0.621528029 -0.698342562 -0.354994029
vn -0.62152791 -0.698342562 -0.354994029
vn -0.616324306 -0.697403252 -0.365750223
vn -0.665233612 -0.652186513 -0.363478929
vn -0.667975307 -0.639776945 -0.380124301
vn -0.699262917 -0.618933558 -0.357704699
vn 0.173176706 -0.387557536 -0.905433178
vn 0.173176706 -0.387557447 -0.90543294
vn 0.173176795 -0.387557656 -0.905433059
vn 0.107559599 -0.465661943 -0.878401935
vn 0.107559599 -0.465661854 -0.878401935
vn -0.0509789512 -0.575492859 -0.816216528
vn -0.0509788282 -0.575492978 -0.81621629
vn -0.0509790704 -0.57549268 -0.816216528
vn -0.276732802 -0.673729658 -0.685206115
vn -0.276732802 -0.673729658 -0.685205996
vn -0.276732713 -0.673729658 -0.685205996
vn -0.281622708 -0.674591064 -0.682360291
vn -0.478267014 -0.735483229 -0.479922026
vn -0.478266895 -0.735483348 -0.479922026
vn -0.511121511 -0.734994233 -0.445576519
vn 0.333232403 -0.258289754 -0.906776071
vn 0.333232403 -0.258289754 -0.906775951
vn 0.335611492 -0.263437659 -0.904414535
vn 0.315842509 -0.283412755 -0.90549475
vn 0.316940606 -0.302939951 -0.898763657
vn 0.299032807 -0.304268748 -0.904433489
vn 0.299032807 -0.304268837 -0.904433548
vn 0.431203604 0.855720758 0.286016643
vn 0.431203395 0.855720818 0.286016434
vn 0.431203395 0.855720937 0.286016434
vn 0.49608469 0.856021225 0.145353332
vn 0.496084809 0.856021225 0.145353436
vn 0.496084809 0.856021404 0.145353332
vn 0.594765007 0.803897083 0.00204987498
vn 0.594765127 0.803897083 0.00204987498
vn 0.594765127 0.803897023 0.00204987498
vn 0.639526427 0.749531209 -0.170906574
vn 0.639526725 0.749530971 -0.170906276
vn 0.639526427 0.749531209 -0.170906484
vn 0.682536602 0.633224189 -0.364925921
vn 0.682536721 0.633224189 -0.364925802
vn 0.682536781 0.633224189 -0.364925802
vn 0.684665084 0.627058268 -0.371526212
vn 0.684665084 0.627058387 -0.371526212
vn 0.680127084 0.543830931 -0.491604507
vn 0.680127621 0.543830633 -0.491604209
vn 0.680127203 0.543830872 -0.491604507
vn 0.640497208 0.336889118 -0.690122664
vn 0.640497208 0.336889118 -0.690122545
vn 0.640497088 0.336889118 -0.690122664
vn 0.664305508 0.371086329 -0.648839951
vn 0.496278107 -0.00459078653 -0.868151486
vn 0.4830814 -0.0455283895 -0.874391019
vn 0.483081311 -0.0455283299 -0.874391019
vn 0.360285699 -0.221005857 -0.906284034
vn 0.360285014 -0.221005246 -0.906284332
vn 0.360285401 -0.221005544 -0.906284153
vn 0.484591901 0.807257235 0.336907417
vn 0.435447901 0.840032816 0.323620051
vn 0.412821412 0.84306252 0.34470886
vn 0.419219613 0.839194417 0.346421242
vn 0.388618797 0.852154851 0.350439459
vn -0.372594714 -0.864354968 -0.337733448
vn -0.372594595 -0.864354849 -0.337733448
vn -0.413408101 -0.842840552 -0.344548553
vn -0.454406291 -0.811664164 -0.367037028
vn -0.591899216 -0.801715076 0.0831165761
vn -0.592082679 -0.801607192 0.0828488246
vn -0.592170477 -0.801573813 0.0825457945
vn -0.582367301 -0.809032619 0.0794663876
vn -0.591362298 -0.803594112 0.0672843233
vn -0.591362178 -0.803594172 0.0672843233
vn -0.591362178 -0.803594112 0.0672843233
vn -0.589512527 -0.804241717 0.075300619
vn -0.58997798 -0.803192496 0.0825097933
vn -0.58997798 -0.803192616 0.0825097933
vn -0.590387702 -0.803183913 0.079612948
vn -0.590387583 -0.803183794 0.0796128884
vn -0.590387702 -0.803183913 0.0796128884
vn -0.591017425 -0.802531481 0.0814967528
vn -0.591017723 -0.802531421 0.081496574
vn -0.591017604 -0.802531421 0.0814966336
vn -0.26283291 0.186167344 0.946710467
vn -0.262782007 0.186160758 0.946725845
vn -0.258999914 0.194495156 0.946092486
vn -0.259000003 0.194495156 0.946092486
vn -0.251655906 0.204065457 0.946058452
vn -0.253997505 0.209165454 0.944317341
vn -0.619010925 -0.732984066 -0.282063812
vn -0.619010985 -0.732983947 -0.282063812
vn -0.619010925 -0.732983947 -0.282063812
vn -0.634808123 -0.747211456 -0.196707219
vn -0.634808004 -0.747211635 -0.196707115
vn -0.634807885 -0.747211754 -0.196707115
vn -0.698695421 -0.712789774 0.0612804256
vn -0.746306002 -0.56291008 0.3551898
vn -0.722015381 -0.640430689 0.26180619
vn -0.722015321 -0.640430748 0.26180619
vn -0.667051613 -0.380577832 0.640470862
vn -0.667051494 -0.380577922 0.640470862
vn -0.66603291 -0.373418629 0.645723462
vn -0.50930202 -0.131051928 0.85055089
vn -0.50930202 -0.131051928 0.850551009
vn -0.490917206 -0.0895427614 0.866592526
vn -0.490917087 -0.089542821 0.866592526
vn -0.346585512 0.100903451 0.932575524
vn -0.346592695 0.100909948 0.932572126
vn -0.322791815 0.124991044 0.938180506
vn -0.268396497 0.193219453 0.943731844
vn -0.268396914 0.193219751 0.943731666
vn -0.268396705 0.193219453 0.943731785
vn -0.52317071 -0.735131919 -0.431130618
vn -0.523170471 -0.735131919 -0.431130618
vn -0.523170471 -0.735132039 -0.431130618
vn -0.522462904 -0.737046123 -0.428714007
vn -0.522462785 -0.737046123 -0.428714007
vn -0.53198123 -0.736173451 -0.418383628
vn -0.531981289 -0.736173332 -0.418383628
vn -0.492591709 -0.743923664 -0.451587409
vn -0.492591709 -0.743923545 -0.451587409
vn -0.49259159 -0.743923545 -0.451587409
vn -0.505600214 -0.728702366 -0.461910725
vn -0.509005904 -0.738611341 -0.442002922
vn -0.509005785 -0.738611341 -0.442002922
vn -0.509005904 -0.738611341 -0.442002833
vn -0.494456589 -0.712930441 -0.497235507
vn -0.478641987 -0.730713069 -0.486785829
vn -0.486643702 -0.727885842 -0.48307392
vn -0.495820701 -0.728509247 -0.472690523
vn -0.548580289 -0.785765171 0.285714686
vn -0.548580408 -0.785765171 0.285714686
vn -0.514146507 -0.777023256 0.363164276
vn -0.514146507 -0.777023375 0.363164276
vn -0.581916392 -0.812914193 0.0233222675
vn -0.581916273 -0.812914193 0.0233223271
vn -0.581916511 -0.812914073 0.0233222675
vn -0.491789103 -0.709384263 -0.50489372
vn -0.491788894 -0.709384441 -0.50489372
vn -0.503602922 -0.727303565 -0.466276616
vn -0.503602922 -0.727303445 -0.466276705
vn -0.503602922 -0.727303565 -0.466276526
vn -0.545501828 -0.776112139 -0.316351116
vn -0.545501709 -0.776112258 -0.316351116
vn -0.545501709 -0.776112139 -0.316351116
vn -0.546503723 -0.781900346 -0.299942732
vn -0.546504021 -0.781900167 -0.299942732
vn -0.572425127 -0.817831993 -0.0589958541
vn -0.572425008 -0.817832112 -0.0589957945
vn -0.572425008 -0.817832112 -0.0589958541
vn -0.495009691 -0.712847888 0.496803075
vn -0.486193687 -0.714992642 0.50239557
vn -0.486193687 -0.714992762 0.502395451
vn -0.486193597 -0.714992642 0.502395451
vn -0.497006506 -0.716106355 0.490077794
vn -0.493191212 -0.717008471 0.49260667
vn -0.485050708 -0.736889958 0.470870495
vn -0.485050708 -0.736889958 0.470870376
vn -0.498341292 -0.72975868 0.468090087
vn -0.490890801 -0.725165188 0.482868075
vn -0.49089089 -0.725165188 0.482868075
vn -0.526226699 -0.734724283 0.428095669
vn -0.501237929 -0.748813689 0.433634281
vn -0.501237929 -0.748813689 0.433634192
vn -0.505156398 -0.741041183 0.442351788
vn -0.505156398 -0.741041183 0.442351669
vn -0.502359092 -0.734653234 0.455982476
vn -0.366187394 0.11247725 -0.923718512
vn -0.366187304 0.11247725 -0.923718512
vn -0.398124307 0.0381216072 -0.916539073
vn -0.398124307 0.0381216705 -0.916539073
vn -0.398124188 0.0381216072 -0.916539073
vn -0.535206378 -0.181299269 -0.825036228
vn -0.535206378 -0.181299359 -0.825036228
vn -0.685647607 -0.387885809 -0.615980566
vn -0.685647607 -0.387885898 -0.615980566
vn -0.636452377 -0.345215887 -0.689749479
vn -0.636452496 -0.345215887 -0.68974936
vn -0.732158422 -0.589930236 -0.340479702
vn -0.732158422 -0.589930356 -0.340479702
vn -0.731619716 -0.589319646 -0.342687994
vn -0.731619775 -0.589319468 -0.342687994
vn -0.731619775 -0.589319527 -0.342687994
vn -0.68551451 -0.728018701 -0.0076665869
vn -0.685514629 -0.728018582 -0.0076665869
vn -0.677915215 -0.732718706 0.059619002
vn -0.677915215 -0.732718706 0.0596189424
vn -0.677914977 -0.732718825 0.0596189424
vn -0.599386513 -0.749396682 0.28131938
vn -0.599386275 -0.749396861 0.28131929
vn -0.585057497 -0.75031966 0.307779789
vn -0.585057497 -0.750319541 0.307779789
vn -0.550738811 -0.741104841 0.383992881
vn -0.257044703 0.208428755 -0.943655431
vn -0.257044703 0.208428755 -0.943655312
vn -0.251196504 0.206858844 -0.945573866
vn -0.265431702 0.188050643 -0.94561255
vn -0.263389498 0.187698543 -0.946253359
vn -0.590510607 -0.802867711 -0.0818589404
vn -0.590512812 -0.80286622 -0.081857577
vn -0.590512812 -0.80286622 -0.0818576366
vn -0.580798924 -0.810837984 -0.0722116977
vn -0.580798924 -0.810838103 -0.0722117573
vn -0.580798924 -0.810838103 -0.0722116977
vn -0.588705719 -0.804785728 -0.0758003742
vn -0.588705778 -0.804785728 -0.0758003742
vn -0.590668082 -0.802714109 -0.0822281316
vn -0.590668201 -0.80271399 -0.082228072
vn -0.59069097 -0.802698612 -0.0822147876
vn -0.58921808 -0.803990126 -0.0801375657
vn -0.58921808 -0.803990304 -0.0801375657
vn -0.588573575 -0.804901004 -0.0756010562
vn -0.588573575 -0.804901004 -0.0756009966
vn -0.592410803 -0.801326513 -0.0832180455
vn -0.591334999 -0.802109003 -0.0833320767
vn -0.591334999 -0.802109122 -0.0833320171
vn -0.591334999 -0.802108884 -0.0833320767
vn -0.591274977 -0.802154303 -0.0833218843
vn -0.945714891 -0.194187656 -0.260604531
vn -0.94571501 -0.194187656 -0.260604322
vn -0.811964929 0.51737386 0.270254582
vn -0.811964929 0.51737386 0.270254701
vn -0.943895876 0.308209956 0.11860545
vn -0.948302209 0.149137452 0.280144721
vn -0.948302209 0.149137348 0.280144632
vn -0.948336184 0.205085754 0.242070735
vn -0.960563004 0.196702063 0.196537822
vn -0.941918373 0.150906458 0.300028622
vn -0.941918314 0.15090625 0.300028622
vn -0.941918373 0.150906757 0.300028533
vn -0.949219704 0.136194959 0.283607125
vn -0.949219823 0.136194959 0.283607036
vn -0.949219704 0.136194959 0.283607334
vn -0.948123991 0.145582348 0.282607317
vn -0.948123991 0.145582348 0.282607138
vn -0.948123872 0.145582348 0.282607317
vn -0.947842121 0.147588357 0.282512128
vn -0.947842002 0.147588551 0.282512635
vn -0.947842181 0.14758876 0.282511532
vn -0.945933402 -0.287393719 0.150382653
vn -0.944386303 -0.120382354 0.306010783
vn -0.944386303 -0.120382451 0.306010783
vn -0.944386721 -0.120381854 0.306009978
vn -0.948766828 -0.176471338 0.262105972
vn -0.948766708 -0.176471651 0.262105972
vn -0.948767006 -0.176470742 0.262105376
vn -0.948812485 -0.16373904 0.270082474
vn -0.948812485 -0.163738951 0.270082265
vn -0.948812425 -0.16373904 0.270082384
vn -0.940992415 -0.199191839 0.273598373
vn -0.940992415 -0.199191839 0.273598164
vn -0.940992475 -0.199191839 0.273598075
vn -0.948696077 -0.179239646 0.260478377
vn -0.948696077 -0.179239646 0.260478556
vn -0.948696077 -0.179239452 0.260478169
vn -0.948511302 -0.182654649 0.258773565
vn -0.948511302 -0.182654545 0.258773476
vn -0.948511302 -0.182654649 0.258773476
vn -0.948457003 -0.183898941 0.258090258
vn -0.953621626 -0.103347845 0.282710463
vn -0.953621626 -0.103347845 0.282710373
vn -0.953527629 -0.103818648 0.282854557
vn -0.972913802 -0.105931528 0.20546858
vn -0.978299916 -0.0766750202 0.192484885
vn -0.978299916 -0.0766749606 0.192484885
vn -0.987241924 0.143548787 0.0689004213
vn -0.987241924 0.143548787 0.0689004809
vn -0.998808086 0.000711602974 0.0488047004
vn -0.998808086 0.000711589004 0.0488047488
vn -0.998808086 0.000711614033 0.0488047004
vn -0.992922008 0.0135726705 0.117989801
vn -0.992922187 0.01357261 0.117989302
vn -0.993074775 0.0208390709 0.115620397
vn -0.993074894 0.0208390113 0.1156203
vn -0.993074894 0.0208390709 0.115620397
vn -0.989414573 0.142188206 0.0290054232
vn -0.989414573 0.142188296 0.0290057231
vn -0.989414573 0.142188102 0.0290051829
vn -0.993024886 0.11080429 0.0403009169
vn -0.993024886 0.11080429 0.0403008573
vn -0.994280875 0.106631301 -0.00594041962
vn -0.994280875 0.106631301 -0.00594047876
vn -0.995524824 0.0853955746 -0.0404721834
vn -0.993234694 0.11260061 -0.0283902008
vn -0.993234813 0.112599604 -0.0283906218
vn -0.993234575 0.112600908 -0.028390022
vn -0.990061104 0.125195518 -0.0640711486
vn -0.990061224 0.125195518 -0.064071089
vn -0.997398615 -0.0709901378 -0.0125060715
vn -0.997398615 -0.0709901378 -0.0125060109
vn -0.997398674 -0.0709901974 -0.0125061311
vn -0.990196288 -0.0159334876 -0.138771504
vn -0.990196228 -0.0159334876 -0.138771504
vn -0.990441322 -0.0147745972 -0.137142196
vn -0.990441322 -0.0147745972 -0.137142107
vn -0.990441322 -0.0147746578 -0.137142107
vn -0.986677825 -0.0871996582 -0.137343019
vn -0.986677885 -0.0871996582 -0.137343109
vn -0.986677825 -0.0871996582 -0.137343109
vn -0.972653806 -0.104251161 -0.207548812
vn -0.972653687 -0.104251161 -0.207548916
vn -0.972653687 -0.104251266 -0.207548812
vn -0.958277702 -0.189958274 -0.213587925
vn -0.958277702 -0.189958274 -0.213588029
vn -0.939736724 -0.205418959 -0.273309231
vn -0.939736485 -0.205418348 -0.273310721
vn -0.939737082 -0.205418661 -0.273308337
vn -0.938218772 -0.21428366 -0.271713018
vn -0.938218772 -0.21428366 -0.271712929
vn -0.938218892 -0.21428366 -0.271713138
vn -0.935906172 -0.21490036 -0.279101223
vn -0.935909092 -0.214914054 -0.279081017
vn -0.935906112 -0.214900255 -0.279101342
vn -0.945290029 -0.186893657 -0.267390639
vn -0.945290029 -0.186894059 -0.26739043
vn -0.945290029 -0.186893255 -0.267390639
vn -0.933997095 -0.206301153 -0.291700631
vn -0.933997095 -0.206301257 -0.291700631
vn -0.933997095 -0.206301048 -0.291700721
vn -0.939099491 -0.186704651 -0.288502425
vn -0.939099371 -0.186704561 -0.288502634
vn -0.939099371 -0.186704755 -0.288502336
vn -0.952177584 -0.148022652 -0.267295837
vn -0.952177703 -0.148022652 -0.267295837
vn -0.952177703 -0.148022652 -0.267295927
vn -0.94984442 -0.161344558 -0.267887622
vn -0.949844301 -0.161344558 -0.267887533
vn -0.951507926 -0.155551657 -0.265398622
vn -0.951507926 -0.155551657 -0.26539883
vn -0.968156874 -0.135799676 -0.210311309
vn -0.968156874 -0.135799766 -0.210311115
vn -0.968156874 -0.135799676 -0.210311115
vn -0.971976876 -0.105912261 -0.20986551
vn -0.958367109 -0.104429752 -0.265757531
vn -0.956665516 -0.0799761564 -0.27999109
vn -0.949294806 0.13400875 -0.284395963
vn -0.949294686 0.13400875 -0.284396261
vn -0.949294806 0.13400875 -0.284396082
vn -0.962887824 -0.00606651604 -0.269834012
vn -0.945864499 0.0919562429 -0.311262757
vn -0.957017779 0.0642073527 -0.28283301
vn -0.948413491 0.143689841 -0.282604277
vn -0.948413372 0.143689841 -0.282604277
vn -0.94841361 0.143689841 -0.282604158
vn -0.944353878 0.147502646 -0.294004679
vn -0.944353998 0.147501841 -0.294004679
vn -0.944353998 0.147502452 -0.29400456
vn -0.961847723 0.231548831 -0.145719454
vn -0.960793018 0.222772136 -0.165074572
vn -0.932126105 0.351599008 0.0867136717
vn -0.935535908 0.353084207 0.0102158077
vn -0.935535789 0.353084207 0.0102158077
vn -0.935535908 0.353084296 0.0102158077
vn -0.926688075 0.373763204 0.0393739901
vn -0.926688075 0.373763204 0.0393740498
vn -0.924931228 0.379911304 -0.0130310589
vn -0.924931228 0.379911512 -0.0130310589
vn -0.924931109 0.379911393 -0.0130310589
vn -0.925229371 0.379407912 0.000580908789
vn -0.925229311 0.379408002 0.000580893829
vn -0.925229311 0.379407912 0.000580898835
vn -0.924885213 0.379993588 0.0138779813
vn -0.924885213 0.379993409 0.0138779813
vn -0.924885213 0.379993498 0.0138779813
vn -0.925047874 0.379755199 0.00851243827
vn -0.931063175 0.362709492 -0.0395390913
vn -0.931063116 0.362709492 -0.0395390913
vn -0.932426691 0.359712094 -0.0344629213
vn -0.933589578 0.344794244 -0.0976090431
vn -0.933589518 0.344794244 -0.0976090431
vn -0.933589578 0.344794124 -0.0976090431
vn -0.960112929 0.213942677 0.180033326
vn -0.96011281 0.213942677 0.180033237
vn -0.961474299 0.231461868 0.14829874
vn -0.965527475 0.23243548 0.117176838
vn -0.965756118 0.229959279 0.12014164
vn -0.97203809 0.231454402 0.0396330059
vn -0.972232521 0.230413601 0.040908847
vn -0.972281516 0.230425805 -0.0396597534
vn -0.971987426 0.231443107 -0.0409218222
vn -0.96300441 -0.00592057267 0.269420713
vn -0.980493724 -0.0061575491 0.196454406
vn -0.980493724 -0.00615760917 0.196454406
vn -0.981332004 -0.014855952 0.191746503
vn -0.990980208 -0.0146882115 0.133201793
vn -0.990980089 -0.0146882115 0.133201793
vn -0.986005485 -0.131573722 0.102379978
vn -0.994876325 0.0855991095 0.0537968352
vn -0.994876325 0.0855991095 0.0537968948
vn -0.989478111 0.0848769248 0.117170915
vn -0.988770604 0.0893405378 0.119795412
vn -0.976758122 0.0882580504 0.195330918
vn -0.975390673 0.0948304236 0.199048817
vn -0.945909619 0.0919597149 0.311124742
vn -0.95705539 0.0642092973 0.282705098
vn -0.992955804 0.0110035697 -0.117974102
vn -0.989484429 0.084875904 -0.117118485
vn -0.988777101 0.0893402845 -0.119741887
vn -0.966099203 0.230041519 -0.117189661
vn -0.965193987 0.23235552 -0.120048262
vn -0.946880877 0.298786432 -0.118926249
vn -0.946880817 0.298786432 -0.118926346
vn -0.863070607 0.447973728 -0.233299524
vn -0.949814498 0.125124544 -0.286699057
vn -0.949814916 0.125123948 -0.286697865
vn -0.94981432 0.12512584 -0.286699057
vn -0.944538116 0.188308552 -0.269049764
vn -0.814640582 0.447511256 -0.368909746
vn -0.814640701 0.447511345 -0.368909746
vn -0.814640701 0.447511256 -0.368909746
vn -0.965692699 0.192535535 -0.174263373
vn -0.959654927 0.201526925 -0.196085468
vn -0.975390673 0.0948304832 -0.199048787
vn -0.976758122 0.08825811 -0.195330888
vn -0.980433404 -0.00602605706 -0.196759194
vn -0.981333375 -0.0148559483 -0.191739693
vn -0.978214979 -0.0782736167 -0.192272708
vn -0.97959888 -0.0866802633 -0.181308508
vn -0.97959882 -0.0866802037 -0.181308314
vn -0.97959888 -0.0866802037 -0.181308419
vn 0.757229984 -0.635257602 0.151824698
vn 0.757229924 -0.635257602 0.151824698
vn 0.757229805 -0.635257602 0.151824698
vn 0.796452224 -0.552026451 -0.246841893
vn 0.796452105 -0.55202657 -0.246841893
vn 0.741719425 -0.492507935 -0.455289185
vn 0.741719425 -0.492508143 -0.455289185
vn 0.741719425 -0.492507845 -0.455289185
vn 0.753303707 -0.49553743 -0.432407677
vn 0.766729414 -0.546520412 -0.336811095
vn 0.766729295 -0.546520352 -0.336811095
vn 0.70744288 -0.640368223 -0.299087018
vn 0.707442999 -0.640368342 -0.299086928
vn 0.70744288 -0.640368342 -0.299086809
vn 0.706688523 -0.640782118 -0.299982905
vn 0.706688404 -0.640782118 -0.299982816
vn 0.706688225 -0.640782416 -0.299982727
vn 0.715600908 -0.637498617 -0.285501391
vn 0.829409182 -0.558508992 0.0121792788
vn 0.829409182 -0.558508873 0.0121792192
vn 0.829099774 -0.559100091 -0.000897266087
vn 0.829099715 -0.559099972 -0.000897272083
vn 0.829100013 -0.559099913 -0.000897255028
vn 0.829925895 -0.55570662 -0.0491244495
vn 0.846960902 -0.530974507 -0.0268980451
vn 0.846960902 -0.530974627 -0.0268978048
vn 0.832197607 -0.552399516 -0.0479787178
vn 0.82205677 -0.564184606 -0.0769312605
vn 0.818229973 -0.567026913 -0.0947638378
vn 0.818229973 -0.567026973 -0.0947638378
vn 0.795526505 -0.600109398 -0.0837049782
vn 0.795526505 -0.600109279 -0.0837049186
vn 0.795526505 -0.600109279 -0.0837049782
vn 0.794423819 -0.587302804 -0.154810697
vn 0.794423699 -0.587302923 -0.154810786
vn 0.713396728 -0.635400176 0.29551971
vn 0.713396728 -0.635400057 0.29551962
vn 0.713396788 -0.635399938 0.29551971
vn 0.742699981 -0.631614149 0.222396597
vn 0.7427001 -0.631614149 0.222396597
vn 0.763743877 -0.594568968 0.251362115
vn 0.763744116 -0.594569087 0.251362115
vn 0.725055516 -0.631576538 0.274600923
vn 0.711882114 -0.63507098 0.299848199
vn 0.711881995 -0.63507098 0.299848318
vn 0.705338776 -0.642719686 0.29901287
vn 0.705338478 -0.642719984 0.29901287
vn 0.705338597 -0.642719686 0.299013078
vn 0.774155378 -0.548340082 0.316238523
vn 0.758412004 -0.568770945 0.318294019
vn 0.758411884 -0.568770945 0.318293899
vn 0.707313001 -0.64042443 0.299274176
vn 0.70731312 -0.640424371 0.299274087
vn 0.714930713 -0.636627555 0.289101303
vn 0.714930594 -0.636627674 0.289101303
vn 0.714930713 -0.636627674 0.289101303
vn 0.715942979 -0.644049168 0.269492477
vn 0.715943813 -0.644048452 0.269492269
vn 0.715943277 -0.644048989 0.269492388
vn 0.708409071 -0.58313477 0.397631109
vn 0.708409071 -0.58313483 0.397631109
vn 0.763167918 -0.50786078 0.399565011
vn 0.763167918 -0.507860839 0.399565011
vn 0.780076504 -0.522050261 0.344883114
vn 0.780076385 -0.522050261 0.344883114
vn 0.741544902 -0.492468566 0.455615997
vn 0.741544902 -0.492468446 0.455616117
vn 0.741545022 -0.492468268 0.455616117
vn 0.759998679 -0.599146843 -0.25184378
vn 0.75999862 -0.599146843 -0.251843899
vn 0.708414078 -0.583197951 -0.397529393
vn 0.708414197 -0.583197951 -0.397529393
vn 0.750057995 -0.589369416 -0.300094485
vn 0.750058115 -0.589369416 -0.300094485
vn 0.750057995 -0.589369535 -0.300094485
vn 0.76086241 -0.597686768 -0.252703398
vn 0.795919716 -0.551830053 -0.248989195
vn 0.796010673 -0.55175674 -0.248860583
vn 0.706801474 -0.641116619 -0.298999906
vn 0.706801593 -0.641116858 -0.298999727
vn 0.706801713 -0.641116738 -0.298999727
vn 0.712914288 -0.635111034 -0.297299981
vn 0.712914228 -0.635111153 -0.297299981
vn 0.710905015 -0.635285556 -0.301705897
vn 0.710904896 -0.635285556 -0.301705897
vn 0.735433578 -0.628106415 -0.254204184
vn 0.629612982 -0.761675477 -0.153095216
vn 0.7706545 -0.607618213 -0.192072406
vn 0.77065438 -0.607618332 -0.192072406
vn 0.787477911 -0.598628402 -0.146706209
vn 0.813189924 -0.563663721 -0.144932896
vn 0.813395381 -0.563415408 -0.144745484
vn 0.8133955 -0.563415408 -0.144745484
vn 0.8133955 -0.563415289 -0.144745484
vn 0.783350527 -0.512661338 0.351483017
vn 0.796301305 -0.552094877 0.247174904
vn 0.795906007 -0.551820338 0.249054104
vn 0.796047091 -0.551767468 0.248720407
vn 0.813137591 -0.563840926 0.144536316
vn 0.813294113 -0.563515604 0.144924104
vn 0.749992609 -0.589294732 0.300404519
vn 0.74999249 -0.589294851 0.300404519
vn 0.749992728 -0.589294672 0.300404519
vn 0.7607795 -0.598163366 0.251824319
vn 0.7607795 -0.598163366 0.2518242
vn 0.759601176 -0.599241078 0.252816498
vn 0.77439177 -0.610910416 0.164638802
vn 0.81252408 -0.564610124 0.144982904
vn 0.656581104 -0.752093673 -0.0570645332
vn 0.820305824 -0.568374991 0.0636277422
vn 0.843912601 -0.536035717 0.0218481123
vn 0.840260506 -0.539997578 0.0486322902
vn 0.831391275 -0.553540111 0.0488054417
vn 0.841436207 -0.539228201 0.0349046811
vn 0.841436207 -0.539227903 0.0349047408
vn 0.841435492 -0.539228976 0.0349050388
vn 0.763228476 -0.507953346 -0.39933148
vn 0.763228595 -0.507953465 -0.399331599
vn 0.762795329 -0.491236031 -0.420512378
vn 0.773551285 -0.475466728 -0.418986678
vn 0.777769625 -0.499289453 -0.381817281
vn 0.777769685 -0.499289542 -0.3818174
vn 0.778487802 -0.49085173 -0.391179591
vn 0.840254426 -0.540011108 0.0485859811
vn 0.840254426 -0.540011227 0.0485859811
vn 0.841659606 -0.534877777 0.0742621124
vn 0.835134983 -0.530963778 0.143621504
vn 0.835135102 -0.530963719 0.143621504
vn 0.835134983 -0.530963719 0.143621504
vn 0.834283412 -0.534504771 0.135187909
vn 0.819545329 -0.517057359 0.246976212
vn 0.81854099 -0.524785161 0.233647406
vn 0.792572975 -0.50391525 0.343362421
vn 0.788581789 -0.493575066 0.366773218
vn 0.747622609 -0.484912962 0.453784108
vn 0.74762249 -0.484912962 0.453784108
vn 0.753525913 -0.495227069 0.432375997
vn 0.762761116 -0.491459757 0.420313001
vn 0.762761116 -0.491459668 0.420313001
vn 0.763594627 -0.48990187 0.420617908
vn 0.772210717 -0.48678115 0.408331901
vn 0.772210717 -0.48678115 0.40833202
vn 0.843378901 -0.535790026 -0.0405111574
vn 0.843379021 -0.535790026 -0.0405111574
vn 0.843379021 -0.535790026 -0.040511217
vn 0.841484725 -0.538090825 -0.0486003384
vn 0.841484606 -0.538090825 -0.0486003384
vn 0.837492585 -0.528144777 -0.140247285
vn 0.83632642 -0.5291152 -0.143511191
vn 0.813239992 -0.521984816 -0.257240295
vn 0.818215072 -0.519179523 -0.246934891
vn 0.7912063 -0.505797863 -0.343745679
vn 0.784674525 -0.515454054 -0.344373494
vn 0.784674585 -0.515454054 -0.344373494
vn 0.777804375 -0.520546317 -0.352209985
vn -0.820455194 -0.494962066 0.286122411
vn -0.820455074 -0.494962066 0.286122322
vn -0.820455074 -0.494962066 0.286122203
vn -0.760168374 -0.626271904 0.172996089
vn -0.760168374 -0.626271784 0.172996089
vn -0.763749719 -0.637382507 0.102126993
vn -0.695990384 -0.717833519 -0.0176784378
vn -0.931067228 -0.337800175 -0.137858957
vn -0.743101478 -0.590198159 -0.315382987
vn -0.743101418 -0.590198159 -0.315382987
vn -0.760321975 -0.590793848 -0.2699503
vn -0.804359794 -0.53049922 -0.2675367
vn -0.931948781 -0.356786102 0.0646144673
vn -0.977863729 -0.162194982 -0.132194236
vn -0.977863789 -0.162194982 -0.132194236
vn -0.977863729 -0.162195191 -0.132194325
vn -0.94771558 -0.305027962 -0.0937721059
vn -0.947715521 -0.305027962 -0.0937721059
vn -0.983527601 -0.180103198 0.0153808799
vn -0.983527601 -0.180103093 0.0153808799
vn -0.983418524 -0.181089804 -0.00972381141
vn -0.990964115 -0.134127602 -1.16900528e-05
vn -0.990964115 -0.134127304 -1.2089652e-05
vn -0.990964115 -0.134127602 -1.18184516e-05
vn -0.945661902 -0.304244131 0.11471305
vn -0.945662022 -0.304244131 0.11471305
vn -0.937147319 -0.334122717 0.10058365
vn -0.964353681 -0.244211316 0.101896361
vn -0.964353681 -0.244211316 0.101896062
vn -0.964353681 -0.244211316 0.101896264
vn -0.839813471 -0.459785849 0.288635314
vn -0.82468611 -0.480583251 0.298215717
vn -0.838638425 -0.466733664 0.280794203
vn -0.838638425 -0.466733664 0.280794114
vn -0.887534916 -0.356805265 0.291499645
vn -0.887534678 -0.356805265 0.291499645
vn -0.728792608 -0.63279146 0.261603624
vn -0.728792608 -0.632791579 0.261603624
vn -0.761616588 -0.586405754 0.275805324
vn -0.761616707 -0.586405754 0.275805324
vn -0.761616707 -0.586405635 0.275805324
vn -0.777850628 -0.57200408 0.260307223
vn -0.679067075 -0.688373268 0.254971087
vn -0.679067194 -0.688373148 0.254971087
vn -0.746220708 -0.660106122 0.0861088187
vn -0.746220529 -0.660106421 0.086108759
vn -0.746220708 -0.660106182 0.0861088187
vn -0.666825414 -0.722133338 0.18403098
vn -0.666825712 -0.72213316 0.184030876
vn -0.666825473 -0.722133279 0.184030682
vn -0.66753298 -0.72171998 0.183084384
vn -0.66753298 -0.72171998 0.183084488
vn -0.667532802 -0.721720338 0.183083981
vn -0.678433597 -0.716236413 0.163502976
vn -0.678433597 -0.716236472 0.163502976
vn -0.678433478 -0.716236472 0.163502976
vn -0.676113725 -0.714316726 0.180615485
vn -0.676114023 -0.714316428 0.180615485
vn -0.676113904 -0.714316607 0.18061538
vn -0.675091088 -0.714072287 0.18534568
vn -0.675091028 -0.714072287 0.18534568
vn -0.774837077 -0.632027209 0.0130080068
vn -0.774837017 -0.632027328 0.0130080665
vn -0.774837017 -0.632027388 0.0130080665
vn -0.67620188 -0.714295506 -0.180369124
vn -0.676202118 -0.714295387 -0.180369124
vn -0.679634571 -0.717233419 -0.153860614
vn -0.67963469 -0.717233419 -0.153860614
vn -0.657928526 -0.728030026 -0.192619413
vn -0.657928526 -0.728030145 -0.192619413
vn -0.657928705 -0.728029966 -0.192619413
vn -0.667410076 -0.721823514 -0.183124512
vn -0.667410016 -0.721823752 -0.183124214
vn -0.667409718 -0.721823812 -0.183124423
vn -0.657308578 -0.724833131 -0.206306726
vn -0.666898072 -0.720010817 -0.191915125
vn -0.666899025 -0.720009863 -0.191915721
vn -0.666897893 -0.720011055 -0.191914916
vn -0.678670406 -0.714290202 -0.170869023
vn -0.678988874 -0.688409448 -0.255081505
vn -0.678988993 -0.688409448 -0.255081505
vn -0.678988874 -0.688409448 -0.255081415
vn -0.722951412 -0.673846602 -0.152552307
vn -0.72150737 -0.637941658 -0.269179493
vn -0.856977224 -0.476825178 -0.195519969
vn -0.856977105 -0.476825178 -0.195519879
vn -0.848047674 -0.488792658 -0.204687268
vn -0.848047793 -0.488792658 -0.204687268
vn -0.848047793 -0.488792568 -0.204687268
vn -0.884696126 -0.417251557 -0.207879782
vn -0.894455194 -0.399950862 -0.199973166
vn -0.869358778 -0.461693972 -0.176221281
vn -0.869358897 -0.461693972 -0.176221073
vn -0.923832774 -0.324430376 -0.203170165
vn -0.942850411 -0.314321578 -0.110612154
vn -0.942850471 -0.314321578 -0.11061205
vn -0.930032909 -0.343366385 -0.130913466
vn -0.901431978 -0.413136572 -0.129377469
vn -0.905975521 -0.405086279 -0.12293727
vn -0.905975521 -0.40508616 -0.12293727
vn -0.855839908 -0.5029006 -0.120950684
vn -0.86063689 -0.496016562 -0.115203485
vn -0.86063689 -0.496016473 -0.115203485
vn -0.983390808 -0.181338504 0.00767865777
vn -0.983390808 -0.1813384 0.0076785977
vn -0.975128293 -0.216736585 -0.046369344
vn -0.950034916 -0.3087506 -0.0458995625
vn -0.950969398 -0.306140095 -0.0439935774
vn -0.906970918 -0.418972999 -0.0431929268
vn -0.906970918 -0.418972999 -0.0431929864
vn -0.906970799 -0.418972999 -0.0431929268
vn -0.908286572 -0.416309714 -0.0412539877
vn -0.908286572 -0.416309714 -0.0412540473
vn -0.860004604 -0.50868243 -0.0404296704
vn -0.860004604 -0.50868243 -0.0404296108
vn -0.861531019 -0.506244481 -0.0384848937
vn -0.810421288 -0.553409874 0.192236617
vn -0.856976986 -0.476825327 0.19551982
vn -0.856977105 -0.476825327 0.19551982
vn -0.848177016 -0.488579035 0.204661518
vn -0.884165406 -0.418394625 0.207840532
vn -0.896227002 -0.400745034 0.190211937
vn -0.911765277 -0.358231336 0.200884044
vn -0.911765277 -0.358231336 0.200884134
vn -0.715512097 -0.678794026 0.16516979
vn -0.683963716 -0.710868776 0.163887888
vn -0.673369884 -0.714209437 0.190991774
vn -0.673370004 -0.714209437 0.190991774
vn -0.765683591 -0.617307484 0.180721596
vn -0.765683591 -0.617307484 0.180721492
vn -0.765683472 -0.617307484 0.180721596
vn -0.80492568 -0.564451337 0.183001012
vn -0.813427508 -0.570571423 0.113066614
vn -0.860685587 -0.49593854 0.11517562
vn -0.860685527 -0.49593854 0.11517562
vn -0.855895221 -0.502886176 0.120619915
vn -0.855895221 -0.502886117 0.120619915
vn -0.855895102 -0.502886117 0.120619915
vn -0.905932128 -0.405082315 0.123269834
vn -0.901366472 -0.413415819 0.128941119
vn -0.901366591 -0.413415939 0.128941029
vn -0.950776994 -0.28063634 0.131401762
vn -0.950776994 -0.28063634 0.131401658
vn -0.916694582 -0.373756737 0.141340345
vn -0.767343402 -0.632315278 0.106590196
vn -0.809666693 -0.576895297 0.10785
vn -0.813835502 -0.579865396 0.0377896652
vn -0.861531019 -0.506244481 0.0384847298
vn -0.860047579 -0.508613706 0.0403785482
vn -0.908282518 -0.416331202 0.0411277935
vn -0.90828228 -0.416331202 0.0411277935
vn -0.90828228 -0.416331202 0.0411277339
vn -0.906823814 -0.419274211 0.0433581322
vn -0.950917125 -0.30628711 0.0441010632
vn -0.949944913 -0.308996201 0.0461096764
vn -0.949944913 -0.308996201 0.0461096168
vn -0.988212287 -0.145793319 0.0466999784
vn -0.988212287 -0.145793319 0.0466999188
vn -0.988212228 -0.145793214 0.046700567
vn -0.980501473 -0.19031401 0.0489622019
vn -0.980501473 -0.19031401 0.0489621386
vn -0.715032101 -0.67785418 -0.171005502
vn -0.721427023 -0.672394574 -0.16561611
vn -0.68386972 -0.710901618 -0.164137721
vn -0.674498379 -0.71387732 -0.188231617
vn -0.663183808 -0.725182354 -0.185196921
vn -0.663183987 -0.725182414 -0.185195625
vn -0.663184106 -0.725182414 -0.185195118
vn -0.876446605 -0.393648326 -0.277276754
vn -0.825054228 -0.488866836 -0.283363491
vn -0.835973322 -0.465308636 -0.290923685
vn -0.835973322 -0.465308547 -0.290923685
vn -0.839916527 -0.45979774 -0.28831619
vn -0.839916587 -0.459797829 -0.28831619
vn -0.820388913 -0.49508664 -0.286096483
vn -0.820388973 -0.49508673 -0.286096603
vn -0.820388973 -0.49508664 -0.286096394
vn -0.763652623 -0.58203882 -0.279402196
vn -0.768793404 -0.619725406 -0.157789201
vn -0.765589178 -0.617406189 -0.180784106
vn -0.765589178 -0.61740607 -0.180784106
vn -0.759908676 -0.62649411 -0.173332706
vn -0.767211318 -0.632515311 -0.106355406
vn -0.710898578 -0.674131811 -0.200422898
vn -0.710898697 -0.674131811 -0.200422809
vn -0.670369983 -0.735673785 -0.0968933702
vn -0.670369983 -0.735673726 -0.0968933702
vn -0.720670283 -0.683199704 -0.117782213
vn -0.735246718 -0.670144677 -0.101579815
vn -0.735246718 -0.670144796 -0.101579815
vn -0.763749599 -0.637382627 -0.102127403
vn -0.767073989 -0.64005357 -0.0439192429
vn -0.767075419 -0.640052021 -0.0439197831
vn -0.767074108 -0.64005357 -0.0439192429
vn -0.777429879 -0.627950907 -0.0357829109
vn -0.775717676 -0.630773485 -0.0196708217
vn -0.775717676 -0.630773425 -0.0196707621
vn -0.77429682 -0.632806778 -0.00447206013
vn -0.774296701 -0.632807076 -0.00447211973
vn -0.77429682 -0.632806897 -0.00447211973
vn -0.7207129 -0.671727479 0.171333298
vn -0.691023707 -0.644027233 0.328200072
vn -0.691023588 -0.644027233 0.328200072
vn -0.768755019 -0.619807899 0.157651588
vn -0.7687549 -0.619808018 0.157651588
vn -0.768755019 -0.619808018 0.157651588
vn -0.764657497 -0.585247278 0.269786507
vn -0.795578301 -0.543272436 0.268160909
vn -0.801903903 -0.528876841 0.277920097
vn -0.815177023 -0.504868269 0.283891916
vn -0.815176904 -0.504868269 0.283892304
vn -0.815176904 -0.504868269 0.283892214
vn -0.815096676 -0.504993737 -0.283899397
vn -0.794497013 -0.541863441 -0.274150789
vn -0.794497013 -0.541863441 -0.274150878
vn -0.810421407 -0.553409517 -0.19223699
vn -0.804882705 -0.564468563 -0.183137089
vn -0.813427508 -0.570571482 -0.113066792
vn -0.809666812 -0.576895416 -0.107850097
vn -0.813835502 -0.579865396 -0.0377898514
vn -0.812587619 -0.58171308 -0.0362147316
vn -0.812587619 -0.58171308 0.0362145454
vn -0.777429879 -0.627950907 0.0357827097
vn -0.767103612 -0.640017092 0.0439341143
vn -0.753620207 -0.65616399 0.038799651
vn -0.753620327 -0.65616411 0.0387997106
vn -0.703797519 -0.703274906 0.100367188
vn -0.703797519 -0.703274906 0.100367285
vn -0.740787923 -0.665220678 0.0933524966
vn -0.720608294 -0.683061421 0.118957989
vn -0.720608175 -0.683061421 0.118957885
vn -0.731626928 -0.67040658 0.12360099
vn -0.731626928 -0.67040652 0.12360099
vn -0.634573579 -0.765982926 0.102890573
vn -0.634573698 -0.765982926 0.102890573
vn 0.676727772 -0.726568222 0.118904479
vn 0.676727772 -0.726568222 0.118904382
vn 0.676727712 -0.726568222 0.118904479
vn 0.220705599 -0.936267138 0.273299754
vn 0.220705301 -0.936267138 0.273300052
vn 0.220705599 -0.936267376 0.273299664
vn 0.210216895 -0.937082767 0.278719842
vn 0.210217103 -0.937082767 0.278719753
vn 0.210217193 -0.937082887 0.278719753
vn 0.31848681 -0.90469414 0.283010244
vn 0.528997779 -0.799542487 0.284417182
vn 0.528997779 -0.799542546 0.284417272
vn 0.528997779 -0.799542487 0.284417391
vn 0.410415798 -0.871117949 0.269652754
vn 0.490948886 -0.81371206 0.311194479
vn 0.470831007 -0.835682273 0.282760352
vn 0.537473917 -0.794527888 0.282572687
vn 0.539490581 -0.788882434 0.294303268
vn 0.539490819 -0.788882434 0.294303089
vn 0.539490998 -0.788882375 0.294303089
vn 0.616504788 -0.770311773 0.162915975
vn 0.616504908 -0.770311773 0.162915975
vn 0.741710126 -0.670607507 -0.012323129
vn 0.741710126 -0.670607388 -0.0123230694
vn 0.741710186 -0.670607328 -0.0123230694
vn 0.741275907 -0.671168804 -0.0065233605
vn 0.727580905 -0.684883475 0.0395041183
vn 0.725952029 -0.686861813 0.0348511375
vn 0.714128375 -0.692949712 0.0992035866
vn 0.714128494 -0.692949712 0.0992035866
vn 0.714128494 -0.692949593 0.0992035866
vn 0.766368926 -0.64240092 -0.000196338646
vn 0.766368806 -0.64240092 -0.000196570647
vn 0.766368926 -0.642400801 -0.000197575646
vn 0.741358817 -0.671064973 0.00766802765
vn 0.741358817 -0.671065092 0.00766802765
vn 0.738731503 -0.673584104 -0.0236745905
vn 0.721930802 -0.690849423 -0.0392825529
vn 0.719628513 -0.688895226 -0.0869382545
vn 0.685935795 -0.717927992 -0.118624017
vn 0.817208529 -0.508169353 -0.2719087
vn 0.817208707 -0.508169234 -0.271908492
vn 0.817208588 -0.508169353 -0.271908581
vn 0.54204911 -0.792217135 -0.280312121
vn 0.54204911 -0.792216957 -0.28031221
vn 0.54204911 -0.792217016 -0.28031221
vn 0.593492925 -0.767662942 -0.241784722
vn 0.590806603 -0.782470465 -0.196691737
vn 0.541405082 -0.785417914 -0.299998909
vn 0.541405201 -0.785417855 -0.29999882
vn 0.54140532 -0.785417736 -0.299998611
vn 0.531454384 -0.798191369 -0.283631623
vn 0.53945303 -0.793176949 -0.282596916
vn 0.53945303 -0.793176711 -0.282596916
vn 0.540772974 -0.792279661 -0.282590717
vn 0.540772974 -0.792279363 -0.282591611
vn 0.540773213 -0.792279541 -0.282590806
vn 0.148503795 -0.977407694 -0.150403067
vn 0.298092902 -0.90443176 -0.305194736
vn 0.298092991 -0.90443176 -0.305194557
vn 0.298092812 -0.90443176 -0.305194736
vn 0.250681013 -0.931804419 -0.262487054
vn 0.250683695 -0.931803644 -0.262487561
vn 0.250682205 -0.931804061 -0.262487561
vn 0.261303097 -0.926783144 -0.269803256
vn 0.261303008 -0.926783144 -0.269803256
vn 0.2267856 -0.934758067 -0.273487836
vn 0.226785794 -0.934757948 -0.273488641
vn 0.226785794 -0.934757948 -0.273488551
vn 0.247751698 -0.933149517 -0.26048255
vn 0.247751802 -0.933149517 -0.26048255
vn 0.247751802 -0.933149457 -0.26048255
vn 0.244546801 -0.934481263 -0.258730859
vn 0.244546801 -0.934481263 -0.258730948
vn 0.243320793 -0.934916615 -0.258313537
vn 0.243320897 -0.934916615 -0.258313358
vn 0.318361014 -0.904900432 -0.282491952
vn 0.317609996 -0.904927969 -0.283248037
vn 0.324120104 -0.92347604 -0.205276147
vn 0.352829903 -0.915722251 -0.192259952
vn 0.352829903 -0.915722251 -0.192259848
vn 0.55538547 -0.828742921 -0.0687925369
vn 0.55538547 -0.828742802 -0.068792291
vn 0.55538547 -0.828742802 -0.0687921122
vn 0.43192789 -0.900596201 -0.048631154
vn 0.43192789 -0.900596082 -0.0486310944
vn 0.440839201 -0.889778078 -0.11813464
vn 0.447751194 -0.886649907 -0.115633145
vn 0.447751105 -0.886649787 -0.115633145
vn 0.554514587 -0.831665277 -0.0290968567
vn 0.554514587 -0.831665218 -0.0290968567
vn 0.554514587 -0.831665277 -0.0290967952
vn 0.527618885 -0.848515093 -0.0405031592
vn 0.524427176 -0.851436973 0.00557843829
vn 0.524427295 -0.851437092 0.00557843829
vn 0.366264105 -0.930425406 0.0126204686
vn 0.438259006 -0.891042471 0.118204355
vn 0.41318199 -0.899995923 0.138881758
vn 0.414566904 -0.899658918 0.136924446
vn 0.414566904 -0.89965868 0.13692455
vn 0.347011298 -0.927770317 0.137206256
vn 0.347011298 -0.927770317 0.137206152
vn 0.347011209 -0.927770317 0.137206256
vn 0.239185497 -0.933371067 0.267598659
vn 0.239185393 -0.933371067 0.267598659
vn 0.239185795 -0.933370769 0.267598957
vn 0.217156693 -0.931600153 0.291486442
vn 0.236318797 -0.927891076 0.288395047
vn 0.236318901 -0.927890956 0.288395464
vn 0.236318797 -0.927890837 0.288395345
vn 0.274559796 -0.92332685 0.268485457
vn 0.274559706 -0.92332685 0.268485665
vn 0.274559706 -0.923326969 0.268485755
vn 0.317710608 -0.905214965 0.282215953
vn 0.323752701 -0.922428846 0.210497752
vn 0.325684607 -0.922441661 0.207439557
vn 0.325684696 -0.922441661 0.207439557
vn 0.211786896 -0.938851178 0.27148664
vn 0.211787105 -0.938851058 0.271486849
vn 0.211786896 -0.938851058 0.27148664
vn 0.2331236 -0.936919272 0.260452837
vn 0.233123496 -0.936919272 0.260452837
vn 0.2331236 -0.936919272 0.260452956
vn 0.270511091 -0.925178766 0.266210854
vn 0.270511091 -0.925178766 0.266210765
vn 0.27051121 -0.925178766 0.266210765
vn 0.242851704 -0.946211636 0.213790953
vn 0.294727892 -0.93215555 0.210289344
vn 0.294727892 -0.932155669 0.210289255
vn 0.294727892 -0.93215555 0.210289255
vn 0.410400987 -0.871086717 -0.269775838
vn 0.4178994 -0.887002647 -0.196434245
vn 0.410726398 -0.891371369 -0.191732049
vn 0.410726398 -0.891371369 -0.191731945
vn 0.414511114 -0.90023011 -0.133290544
vn 0.30703789 -0.946180999 -0.102319956
vn 0.30703789 -0.94618088 -0.10232006
vn 0.506162822 -0.860764027 -0.0537086315
vn 0.506162882 -0.860764027 -0.0537086315
vn 0.503278673 -0.856122971 -0.117320344
vn 0.503278673 -0.85612309 -0.117320441
vn 0.506546021 -0.853878915 -0.119591542
vn 0.500233173 -0.843632162 -0.19506833
vn 0.506265104 -0.839047313 -0.199237034
vn 0.506264985 -0.839047313 -0.199237034
vn 0.490835607 -0.813804328 -0.311131805
vn 0.490835607 -0.813804448 -0.311131924
vn 0.490835607 -0.813804269 -0.311131805
vn 0.470812589 -0.835649312 -0.282888055
vn 0.506738901 -0.853742301 0.119749457
vn 0.506738722 -0.853742301 0.119749561
vn 0.503210127 -0.856165528 0.117305055
vn 0.506254315 -0.861443579 0.0402697697
vn 0.539351106 -0.839664817 0.0637477487
vn 0.529110909 -0.848106503 0.0275157429
vn 0.529110909 -0.848106623 0.0275158025
vn 0.529110789 -0.848106503 0.0275157429
vn 0.521286011 -0.803814471 0.286606878
vn 0.521285772 -0.803814471 0.286606789
vn 0.521285892 -0.803814471 0.286606789
vn 0.576454222 -0.771582782 0.268999189
vn 0.753173709 -0.545707345 0.367332518
vn 0.589311421 -0.788790703 0.17470406
vn 0.594721019 -0.779628277 0.196180359
vn 0.506264985 -0.839047551 0.199236766
vn 0.506264925 -0.839047551 0.199236766
vn 0.500487924 -0.843452573 0.195192173
vn 0.417899609 -0.887002766 0.196433946
vn 0.4106915 -0.891379237 0.191769749
vn 0.351428002 -0.916269064 0.192222744
vn 0.344565004 -0.921078503 0.181354254
vn 0.344564706 -0.921078503 0.181354448
vn 0.344564706 -0.921078622 0.181354553
vn 0.760487378 -0.611736238 0.217802092
vn 0.760487497 -0.611736238 0.217802003
vn 0.624074519 -0.768120706 0.143254176
vn 0.62599051 -0.770479023 0.120408677
vn 0.624113321 -0.772508323 0.11710567
vn 0.624113202 -0.772508323 0.11710567
vn 0.627634108 -0.777466178 0.0402719826
vn 0.627272427 -0.777787507 0.0396994837
vn 0.627257407 -0.777769029 -0.0402942374
vn 0.627648115 -0.777483702 -0.0397120155
vn 0.623830974 -0.772244096 -0.120307729
vn 0.623830974 -0.772244215 -0.120307729
vn 0.626222789 -0.770814121 -0.117007524
vn 0.623615384 -0.767555475 -0.148197219
vn 0.606861115 -0.77430588 -0.179360017
vn 0.606861174 -0.77430588 -0.179360017
vn 0.606861174 -0.77430588 -0.179360121
vn -0.881277502 -0.121597923 -0.456688136
vn -0.881277382 -0.121598125 -0.456688434
vn -0.406764805 -0.904453993 -0.128473744
vn -0.406764805 -0.904453874 -0.128473744
vn -0.406764805 -0.904453993 -0.128473848
vn -0.364296585 -0.93122381 0.0105064185
vn 0.27119711 -0.847431839 0.456411242
vn 0.271197289 -0.847432077 0.456411242
vn 0.2711972 -0.847431958 0.456411451
vn -0.495615691 -0.852629602 0.165493071
vn -0.553404987 -0.819870472 0.146816969
vn -0.568155229 -0.810295522 0.143599272
vn -0.568155229 -0.810295701 0.143599167
vn -0.553768992 -0.816057622 0.165498972
vn -0.593095422 -0.796566308 0.117133573
vn -0.482679009 -0.867898703 0.117358156
vn -0.484798491 -0.871709824 0.0713614002
vn -0.46409899 -0.867778718 0.177686065
vn -0.464098901 -0.867778778 0.177686065
vn -0.464099199 -0.867778599 0.177686065
vn -0.46466729 -0.867644072 0.17685616
vn -0.464667201 -0.867644072 0.17685616
vn -0.487674803 -0.862169504 0.137247771
vn -0.487674892 -0.862169504 0.137247771
vn -0.487675011 -0.862169623 0.137247771
vn -0.361394197 -0.932389796 0.00661119539
vn -0.361394495 -0.932389617 0.00661131414
vn -0.361394703 -0.932389498 0.00661125407
vn -0.361694008 -0.932289898 0.00362071022
vn -0.361694187 -0.932289779 0.00362077029
vn -0.361825496 -0.93224591 0.000137087118
vn -0.361825496 -0.93224591 0.000137099109
vn -0.361825407 -0.93224591 0.000137068113
vn -0.361733288 -0.932270229 -0.00461313361
vn -0.361733407 -0.932270229 -0.00461319275
vn -0.425985903 -0.903462887 -0.0478629097
vn -0.472824186 -0.869665623 -0.141842455
vn -0.472824186 -0.869665504 -0.141842455
vn -0.472824097 -0.869665623 -0.141842455
vn -0.484549791 -0.862878501 -0.14370954
vn -0.48454991 -0.862878382 -0.14370954
vn -0.48454991 -0.862878382 -0.143709227
vn -0.499606699 -0.853705704 -0.146901637
vn -0.499606699 -0.853705704 -0.146901533
vn -0.499606609 -0.853705525 -0.146901727
vn -0.627274573 -0.769441426 -0.120360427
vn -0.637059808 -0.767474115 -0.0716828778
vn -0.655606806 -0.752724528 -0.0598813817
vn -0.650419712 -0.759201586 -0.023820933
vn -0.676487029 -0.734922707 0.0474770591
vn -0.684029281 -0.729422271 -0.00686937477
vn -0.684029222 -0.729422271 -0.00686937477
vn -0.683781922 -0.729676902 -0.00372320297
vn -0.683782399 -0.729676604 -0.00372296502
vn -0.683782399 -0.729676604 -0.00372302509
vn -0.68352288 -0.729928911 -0.000464621902
vn -0.68352288 -0.729928911 -0.000464631914
vn -0.68352288 -0.72992897 -0.000464603887
vn -0.683778703 -0.729674399 0.00470989943
vn -0.683778584 -0.729674399 0.00470989943
vn -0.683778703 -0.72967428 0.00470984029
vn -0.681785583 -0.731474698 -0.0106398994
vn -0.640828907 -0.766240895 -0.0470449366
vn -0.640960395 -0.766400814 0.0424226448
vn -0.629567802 -0.775471628 0.0478356928
vn -0.639198422 -0.758222878 0.128543079
vn -0.581279814 -0.794089675 -0.177582636
vn -0.581280172 -0.794089377 -0.177582428
vn -0.581278622 -0.794090271 -0.177583441
vn -0.580779672 -0.794650197 -0.176708639
vn -0.580780029 -0.794650078 -0.17670843
vn -0.580780327 -0.794650018 -0.176708236
vn -0.565666795 -0.813176692 -0.13698484
vn -0.565666914 -0.813176811 -0.13698484
vn -0.572271407 -0.807454884 -0.143256038
vn -0.574115813 -0.810057402 -0.119155936
vn -0.573384583 -0.810841501 -0.11732953
vn -0.575913906 -0.814418674 -0.0710314661
vn -0.575478911 -0.814814925 -0.0700070933
vn -0.554668784 -0.831746697 0.0232405439
vn -0.576308072 -0.815888286 0.0468548946
vn -0.576738775 -0.816598475 -0.0232223924
vn -0.553448915 -0.829917371 -0.0702249557
vn -0.597986519 -0.801154613 -0.0237410106
vn -0.59729892 -0.800646126 0.0469040088
vn -0.598577201 -0.799648404 0.0476227179
vn -0.593692482 -0.793123722 0.135956272
vn -0.528199077 -0.841333985 0.114729367
vn -0.479948014 -0.865514517 0.143299267
vn -0.481477499 -0.868272722 0.119507059
vn -0.421720088 -0.898692906 0.120430455
vn -0.421719998 -0.898692787 0.120430455
vn -0.421719998 -0.898692787 0.12043035
vn -0.415819705 -0.906591713 0.0720117316
vn -0.394659311 -0.916840315 0.06039932
vn -0.402661502 -0.915037274 0.0238851514
vn -0.413488001 -0.90927738 0.0473518595
vn -0.413487911 -0.909277499 0.0473519228
vn -0.413568199 -0.909480929 -0.0424972996
vn -0.413568109 -0.909480929 -0.0424972996
vn -0.413568109 -0.90948081 -0.0424972996
vn -0.36942479 -0.92803961 -0.0476232432
vn -0.463342696 -0.885861695 0.0237191673
vn -0.4629623 -0.885134876 -0.0469269343
vn -0.461493611 -0.885862827 -0.0476528071
vn -0.457713395 -0.878606081 -0.136197746
vn -0.529499412 -0.840506613 -0.114801332
vn -0.529499292 -0.840506613 -0.114801437
vn -0.529499292 -0.840506613 -0.114801534
vn -0.553761423 -0.816046596 -0.165578827
vn -0.495608896 -0.852618217 -0.165572941
vn -0.461026788 -0.879615784 -0.117176838
vn -0.50430119 -0.851232529 -0.14520213
vn -0.508450985 -0.858235776 -0.0700643212
vn -0.48621121 -0.87258333 -0.0468743034
vn -0.509845972 -0.859951019 -0.0232662093
vn -0.508720815 -0.858053029 0.0703440085
vn -0.486576408 -0.873329103 0.0232358277
vn -0.485099107 -0.871656179 0.0699609295
vn -0.485099107 -0.871656179 0.0699608698
vn -0.485099107 -0.87165612 0.0699608698
vn -0.553691924 -0.829765379 0.0701063052
vn -0.549200892 -0.823035121 0.144885167
vn -0.579121113 -0.802814424 0.141801864
vn -0.579121113 -0.802814424 0.141801968
vn -0.579121172 -0.802814424 0.141801864
vn -0.243756697 -0.964405417 -0.102493554
vn 0.0980839133 -0.985436678 0.138903335
vn -0.345645994 -0.93819797 0.0177047476
vn -0.345645994 -0.93819797 0.0177048072
vn -0.326596498 -0.91018337 -0.254756451
vn -0.326596498 -0.91018343 -0.254756451
vn -0.326596409 -0.91018343 -0.254756451
vn -0.198706806 -0.940285742 -0.276366353
vn -0.198706806 -0.940285861 -0.276366442
vn -0.198706806 -0.940285861 -0.276366353
vn -0.254825205 -0.930863261 -0.261835545
vn 0.260557503 -0.965425491 0.0079640355
vn 0.260557503 -0.965425611 0.0079640355
vn 0.0294218604 -0.954345942 -0.297251135
vn -0.0580611192 -0.95748657 -0.282574534
vn -0.0843594596 -0.94994086 -0.300825238
vn -0.0843595192 -0.94994086 -0.300825238
vn -0.0843595192 -0.94994086 -0.300825357
vn -0.361882597 -0.91386652 -0.184088856
vn -0.361882806 -0.913866639 -0.184088647
vn -0.361882895 -0.913866639 -0.184088543
vn -0.361433089 -0.914173126 -0.183449343
vn -0.361433208 -0.914173126 -0.183449253
vn -0.361433297 -0.914173067 -0.183449253
vn -0.35205391 -0.921530604 -0.163827449
vn -0.351035714 -0.918767214 -0.180667847
vn -0.351323307 -0.917658448 -0.185674444
vn -0.351323187 -0.917658448 -0.185674444
vn -0.234993204 -0.971996725 0.000891796604
vn -0.2349931 -0.971996725 0.000891856558
vn -0.2349931 -0.971996725 0.000891848584
vn -0.234188497 -0.972106695 -0.0128202783
vn -0.234188601 -0.972106814 -0.0128203379
vn -0.350995213 -0.918838978 0.180380657
vn -0.350995094 -0.918839097 0.180380657
vn -0.352364212 -0.92311722 0.153928757
vn -0.371478409 -0.908187747 0.192870349
vn -0.371478289 -0.908187866 0.192870453
vn -0.361504793 -0.914193034 0.183208644
vn -0.361504495 -0.914193273 0.183208555
vn -0.361504406 -0.914193273 0.183209151
vn -0.368432194 -0.90638113 0.206715152
vn -0.368432194 -0.906381071 0.206715345
vn -0.368432313 -0.906381071 0.206715256
vn -0.360119611 -0.913036287 0.191517249
vn -0.36012271 -0.913034737 0.191518247
vn -0.360120088 -0.913036168 0.191516951
vn -0.349910408 -0.921083629 0.170785353
vn -0.326576889 -0.910261035 0.254504353
vn -0.326576889 -0.910260975 0.254504353
vn -0.294496089 -0.943307817 0.153109744
vn -0.294496208 -0.943307698 0.153109744
vn -0.193868205 -0.940114141 0.280357838
vn -0.204167306 -0.94096446 0.270003438
vn -0.210323498 -0.925287068 0.31560725
vn -0.210323602 -0.925287068 0.31560725
vn 0.0811375305 -0.994662404 -0.0637454763
vn 0.0811374113 -0.994662404 -0.0637453049
vn 0.0811372921 -0.994662404 -0.0637451857
vn 0.272658199 -0.953193009 0.130692855
vn 0.134247005 -0.986531973 0.0934472755
vn 0.261800796 -0.964997411 -0.0155146476
vn 0.261801004 -0.964997292 -0.0155146476
vn 0.260907203 -0.965313613 0.00985868834
vn 0.306624293 -0.951830685 -6.33307252e-07
vn 0.306623995 -0.951830804 -2.35904304e-06
vn 0.306624115 -0.951830804 -1.60269315e-06
vn -0.130275294 -0.951804638 -0.277662337
vn -0.130275398 -0.951804638 -0.277662456
vn -0.102390401 -0.953336716 -0.284016341
vn -0.102390401 -0.953336716 -0.284016252
vn -0.102390297 -0.953336716 -0.284016162
vn -0.0916171595 -0.953781664 -0.286194056
vn -0.0916171595 -0.953781545 -0.286194146
vn -0.0916171595 -0.953781545 -0.286194056
vn -0.0509814583 -0.956115067 -0.288521647
vn -0.302089006 -0.938832402 -0.165336147
vn -0.352102697 -0.916307926 -0.190796748
vn -0.352102786 -0.916307926 -0.190796748
vn -0.344930291 -0.924227476 -0.163788751
vn -0.441987902 -0.893516183 -0.0792192519
vn -0.303924114 -0.945198178 -0.119292855
vn -0.278717905 -0.955812514 -0.0934825838
vn -0.329286903 -0.938880205 -0.100370958
vn -0.265363187 -0.963367105 -0.0388102271
vn -0.244809002 -0.968569398 -0.0440669358
vn -0.229188994 -0.972731292 -0.0355871692
vn -0.229189098 -0.972731292 -0.0355871692
vn -0.229188994 -0.972731173 -0.0355871692
vn -0.172722295 -0.984319806 -0.0357979909
vn -0.172722295 -0.984319806 0.0357976705
vn -0.102390401 -0.953336835 0.284015954
vn -0.102390297 -0.953336835 0.284015864
vn 0.0244289599 -0.960254967 0.278053552
vn -0.0862363502 -0.955296338 0.282793462
vn -0.0862363502 -0.955296338 0.282793552
vn -0.0862364098 -0.955296457 0.282793552
vn -0.0579057299 -0.954924881 0.291145146
vn -0.0513054691 -0.956124365 0.28843385
vn -0.0916646123 -0.953803837 0.286104351
vn -0.0916646123 -0.953803957 0.286104351
vn -0.299300909 -0.932791889 0.20079495
vn -0.299300998 -0.93279177 0.200795054
vn -0.373145401 -0.922709405 0.0967992246
vn -0.303973287 -0.945351303 0.117945544
vn -0.285558701 -0.952974021 0.101472542
vn -0.285560012 -0.952973902 0.101470843
vn -0.243756697 -0.964405477 0.102493547
vn -0.244809002 -0.968569398 0.0440669842
vn -0.229298607 -0.972702205 0.0356754214
vn -0.232777506 -0.972342014 0.0191272013
vn -0.232777506 -0.972341895 0.0191271417
vn -0.232777506 -0.972341895 0.0191272013
vn -0.234209403 -0.972134829 0.00999655388
vn -0.234209299 -0.972134888 0.00999649335
vn -0.234209299 -0.972134829 0.00999649335
vn 0.260467798 -0.965450227 -0.00789956003
vn 0.225934595 -0.973028004 0.0465865284
vn 0.131391093 -0.990257025 0.0461231582
vn 0.134505093 -0.989936709 0.0439761393
vn 0.0142062902 -0.998966575 0.0431747548
vn 0.0173467901 -0.999007702 0.0410228446
vn -0.0860471725 -0.995473802 0.0403463356
vn -0.0860471725 -0.995473921 0.0403463356
vn -0.0837867782 -0.995744288 0.0383802764
vn -0.170126796 -0.984702885 0.0376467817
vn -0.169561803 -0.979575813 0.108075045
vn -0.169561893 -0.979575813 0.108075142
vn -0.169561803 -0.979575813 0.108075142
vn -0.2380137 -0.96539247 0.106615141
vn -0.235204995 -0.956360996 0.173355758
vn -0.235204905 -0.956360996 0.173355758
vn -0.301608294 -0.937996626 0.170865357
vn -0.294023603 -0.941369116 0.165452346
vn -0.294023603 -0.941369116 0.165452257
vn -0.344655901 -0.924297988 0.163967848
vn -0.344655901 -0.924298108 0.163967952
vn -0.351684898 -0.917059839 0.187933654
vn -0.365908295 -0.912058949 0.185093552
vn 0.106147103 -0.973275542 0.203636438
vn 0.106147103 -0.973275483 0.203636438
vn -0.0434155986 -0.983559787 0.175285935
vn -0.0434156582 -0.983559728 0.175286129
vn -0.0434155986 -0.983559906 0.17528604
vn 0.0258817598 -0.979464531 0.199948236
vn 0.006314456 -0.978164554 0.207736433
vn -0.0735992715 -0.976083279 0.204560041
vn -0.0596632287 -0.978853464 0.195668742
vn -0.0596631691 -0.978853583 0.195668742
vn -0.147936493 -0.970154285 0.192134529
vn -0.144873202 -0.950725377 0.274104655
vn -0.144873202 -0.950725257 0.274104655
vn -0.130643502 -0.954575658 0.267801762
vn -0.130643502 -0.954575539 0.267801762
vn 0.123519301 -0.986110926 0.111032836
vn 0.123522602 -0.98611033 0.111034736
vn 0.123522699 -0.98611033 0.111034833
vn 0.0921906829 -0.987139881 0.130596936
vn 0.01674526 -0.991484225 0.129146233
vn 0.01674526 -0.991484225 0.129146338
vn 0.0261717401 -0.992088318 0.12278384
vn 0.0261717997 -0.992088318 0.122783937
vn 0.0261717401 -0.992088318 0.122783937
vn -0.0829643607 -0.989231229 0.120575935
vn -0.0746896788 -0.990544021 0.115082338
vn -0.162169501 -0.980209112 0.113539346
vn -0.160631195 -0.969868481 0.183174729
vn -0.225298896 -0.957390785 0.180674255
vn -0.225926504 -0.961227298 0.15811193
vn -0.225926399 -0.961227298 0.15811193
vn -0.262997091 -0.926469386 0.269234449
vn -0.262996912 -0.926469386 0.269234449
vn -0.262997001 -0.926469386 0.269234449
vn 0.01674526 -0.991484225 -0.129146665
vn 0.01674526 -0.991484225 -0.129146561
vn 0.0261716805 -0.992088318 -0.122783966
vn -0.0832348987 -0.989184916 -0.120769367
vn -0.0746897385 -0.990544081 -0.115082167
vn -0.162169695 -0.980209112 -0.113539755
vn -0.160631195 -0.969868362 -0.183175057
vn -0.224996105 -0.957436085 -0.180812046
vn -0.225990906 -0.96123153 -0.15799436
vn -0.225990996 -0.96123153 -0.15799436
vn 0.210901305 -0.970824778 -0.11410556
vn 0.210901305 -0.970824778 -0.114105456
vn 0.134042397 -0.9865309 -0.0937527269
vn 0.113950901 -0.985380173 -0.126653865
vn 0.0969411731 -0.986671388 -0.130698562
vn 0.0969411731 -0.986671329 -0.130698457
vn 0.0969411731 -0.986671329 -0.130698562
vn 0.109533697 -0.967392564 -0.228372857
vn 0.0258818194 -0.97946465 -0.199947864
vn 0.00631487323 -0.978164256 -0.207737267
vn -0.0735993907 -0.976083159 -0.204560369
vn -0.0593593717 -0.978898764 -0.19553417
vn -0.147936493 -0.970154166 -0.192134857
vn -0.145218298 -0.952325821 -0.26830405
vn -0.196689606 -0.942582667 -0.269909739
vn -0.179187402 -0.948701143 -0.26049605
vn -0.179187298 -0.948701143 -0.26049605
vn -0.272098988 -0.958311915 -0.0871808231
vn -0.272099108 -0.958311915 -0.0871807635
vn -0.281490505 -0.901766956 -0.327993155
vn -0.281490505 -0.901766956 -0.327993244
vn -0.2937406 -0.940404415 -0.171336249
vn -0.235204995 -0.956360996 -0.173356056
vn -0.238013804 -0.96539247 -0.106615454
vn -0.169561803 -0.979575813 -0.108075358
vn -0.169561803 -0.979575813 -0.108075455
vn -0.169561893 -0.979575813 -0.108075455
vn -0.170126706 -0.984702826 -0.0376474597
vn -0.0837868378 -0.995744288 -0.0383806042
vn -0.0861877725 -0.995462775 -0.0403190032
vn -0.0861877725 -0.995462775 -0.0403190628
vn 0.0170127098 -0.999014616 -0.0409926549
vn 0.0170127098 -0.999014676 -0.0409926549
vn 0.0142062902 -0.998966575 -0.0431754924
vn 0.134505093 -0.989936709 -0.0439764597
vn 0.131391093 -0.990257025 -0.0461233594
vn 0.206524 -0.977330983 -0.04660419
vn 0.206524 -0.977330983 -0.0466042496
vn 0.227800995 -0.972718418 -0.0438813902
vn 0.699290812 -0.537281871 0.47150901
vn 0.699290812 -0.537281871 0.47150892
vn 0.735417008 -0.512140453 0.443705022
vn 0.735416889 -0.512140453 0.443704903
vn 0.708467305 -0.54223454 0.451725304
vn 0.708467305 -0.542234778 0.451725215
vn 0.608308017 -0.67241323 0.421689093
vn 0.608308017 -0.672413468 0.421689093
vn 0.608308077 -0.672413349 0.421688974
vn 0.622044027 -0.617069066 0.481961608
vn 0.622044086 -0.617069066 0.481961608
vn 0.628746271 -0.621489048 0.467364311
vn 0.62874639 -0.621488988 0.467364311
vn 0.612486303 -0.614690959 0.497006714
vn 0.612486422 -0.614690661 0.497006714
vn 0.612486422 -0.614690781 0.497006714
vn 0.600760221 -0.670603335 0.435176194
vn 0.600760221 -0.670603335 0.435175985
vn 0.602464914 -0.675471544 0.425175667
vn 0.602465093 -0.675471544 0.425175369
vn 0.602464974 -0.675471485 0.425175667
vn 0.613005996 -0.664687932 0.427098989
vn 0.613005817 -0.664687872 0.427099586
vn 0.613005996 -0.664687753 0.427099288
vn 0.625818729 -0.59821856 0.500485361
vn 0.625818908 -0.598218262 0.500485361
vn 0.62581861 -0.598218679 0.500485301
vn 0.644868612 -0.622590244 0.443312407
vn 0.644868612 -0.622590363 0.443312407
vn 0.70799458 -0.55580616 0.435686916
vn 0.707994699 -0.55580616 0.435687006
vn 0.70799458 -0.55580616 0.435687006
vn 0.706426203 -0.548193574 0.447711915
vn 0.706426203 -0.548193634 0.447711915
vn 0.730493009 -0.531284988 0.429087818
vn 0.73049289 -0.531284988 0.429087907
vn 0.730493009 -0.531284988 0.429087907
vn 0.733182311 -0.528017581 0.428533703
vn 0.733182311 -0.528017581 0.428533822
vn 0.733182311 -0.52801764 0.428533703
vn 0.151518896 -0.906469882 0.394150466
vn 0.151519001 -0.906469882 0.394150466
vn 0.376907915 -0.785137177 0.491426468
vn 0.376907796 -0.785137236 0.491426587
vn 0.376908004 -0.785137236 0.491426587
vn 0.377880901 -0.833614767 0.402855545
vn 0.377880901 -0.833614886 0.402855545
vn 0.419102013 -0.792807043 0.442504883
vn 0.419102013 -0.792807162 0.442504883
vn 0.45681721 -0.782221973 0.423611879
vn 0.45681721 -0.782221973 0.423611969
vn 0.443256289 -0.794495165 0.415091872
vn 0.443256408 -0.794495165 0.415091783
vn 0.443256408 -0.794495285 0.415091991
vn 0.436397493 -0.797808349 0.416003585
vn 0.436397403 -0.797808349 0.416003972
vn 0.436397612 -0.797808588 0.416003495
vn 0.381694406 -0.801896036 0.459643483
vn 0.381694406 -0.801895976 0.459643483
vn 0.381694704 -0.801895976 0.459643483
vn 0.422466189 -0.800772488 0.424600869
vn 0.422498405 -0.800772667 0.424568474
vn 0.422467411 -0.800772071 0.424600691
vn 0.427312106 -0.800518751 0.420207381
vn 0.427312404 -0.800518572 0.420207381
vn 0.427312195 -0.800518632 0.420207381
vn 0.304857403 -0.863232851 0.402357042
vn 0.304857403 -0.863232851 0.402356952
vn 0.304857403 -0.863232732 0.402356952
vn 0.250795603 -0.846173465 0.470204353
vn 0.220693201 -0.930279672 0.293043256
vn 0.220693305 -0.930279732 0.293043256
vn 0.151896805 -0.90758574 0.391427249
vn 0.151896998 -0.907585859 0.391427338
vn 0.149393693 -0.904762566 0.398856252
vn 0.149393797 -0.904762566 0.398856252
vn 0.144486606 -0.901470482 0.408012956
vn 0.148559004 -0.901822686 0.405766249
vn 0.148559004 -0.901822567 0.405766249
vn 0.151490599 -0.90607518 0.395067841
vn 0.151490599 -0.90607506 0.395067841
vn 0.264699697 -0.877716839 0.399433464
vn 0.264699787 -0.877716839 0.399433464
vn 0.257762402 -0.86976403 0.420795739
vn 0.37673381 -0.824067533 0.423065037
vn 0.37673381 -0.824067771 0.423065156
vn 0.376733989 -0.824067533 0.423065156
vn 0.417400807 -0.845097542 0.334045857
vn 0.437710792 -0.783270776 0.441470683
vn -0.352182597 -0.897721648 -0.26469484
vn -0.352182508 -0.897721648 -0.264695257
vn -0.352182388 -0.897721469 -0.264695346
vn -0.353087008 -0.89945513 -0.257507741
vn -0.353086889 -0.899454951 -0.257508039
vn -0.353087008 -0.899454951 -0.25750795
vn -0.388317496 -0.865835547 -0.315497339
vn -0.388317496 -0.865835428 -0.315497339
vn -0.390183091 -0.863681614 -0.319078863
vn -0.390182406 -0.863681614 -0.31907934
vn -0.3901833 -0.863681555 -0.319078863
vn -0.367291391 -0.892297745 -0.262491554
vn -0.36729151 -0.892297864 -0.262491345
vn -0.367291808 -0.892297745 -0.262491047
vn -0.360020787 -0.89823097 -0.252123237
vn -0.360020995 -0.89823097 -0.252123058
vn -0.360020906 -0.89823097 -0.252123058
vn -0.364310801 -0.891322255 -0.269856364
vn -0.364309013 -0.891323924 -0.269852847
vn -0.400897294 -0.903378725 -0.152277544
vn -0.373945892 -0.896210849 -0.238685042
vn -0.373946011 -0.896210968 -0.238685146
vn -0.352057308 -0.895889938 -0.270992339
vn -0.352057189 -0.895889938 -0.270992339
vn -0.3517946 -0.895385027 -0.272994757
vn -0.351794809 -0.895384967 -0.272994936
vn -0.351794392 -0.895385146 -0.272995144
vn -0.655121326 -0.705104232 -0.271374404
vn -0.655121326 -0.705104351 -0.271374315
vn -0.655121326 -0.705104351 -0.271374404
vn -0.629083812 -0.718808115 -0.295919806
vn -0.629083693 -0.718808115 -0.295919806
vn -0.660532415 -0.703906119 -0.261176229
vn -0.660532594 -0.703906059 -0.261176407
vn -0.660532475 -0.703906119 -0.261176318
vn -0.644678473 -0.714964867 -0.270582527
vn -0.644678473 -0.714964747 -0.270582825
vn -0.644678712 -0.714964449 -0.270583332
vn -0.645643711 -0.714647412 -0.269115806
vn -0.645643711 -0.714647532 -0.269115627
vn -0.645643115 -0.714647949 -0.269115925
vn -0.653631628 -0.713337719 -0.252814233
vn -0.653631628 -0.713337719 -0.252814114
vn -0.653631628 -0.713337719 -0.252814323
vn -0.647397578 -0.716582716 -0.259587318
vn -0.647396624 -0.716583431 -0.259588033
vn -0.647396207 -0.71658504 -0.259584725
vn -0.631644011 -0.724073946 -0.277024925
vn -0.556321323 -0.759828568 -0.33640343
vn -0.556321383 -0.759828568 -0.33640343
vn -0.585165977 -0.772206068 -0.247545019
vn -0.585166097 -0.772206068 -0.247545123
vn -0.585165977 -0.772206068 -0.247545123
vn -0.631185114 -0.734353423 -0.249660417
vn -0.631185174 -0.734353423 -0.249660417
vn -0.419594198 -0.88698107 -0.192886651
vn -0.419594288 -0.88698107 -0.192886651
vn -0.464787811 -0.841459453 -0.275532842
vn -0.464787692 -0.841459453 -0.275532842
vn -0.4647879 -0.841459513 -0.275532842
vn -0.470510513 -0.811430514 -0.346699327
vn -0.470510602 -0.811430514 -0.346699327
vn -0.506304026 -0.827709019 -0.241979241
vn -0.506303906 -0.827709019 -0.241979331
vn -0.543914199 -0.80337137 -0.24238804
vn -0.54391408 -0.803371429 -0.24238804
vn -0.54391408 -0.80337137 -0.24238804
vn -0.644599676 -0.730394959 -0.225863725
vn -0.644599795 -0.73039484 -0.225863725
vn -0.631903112 -0.729489148 -0.261809319
vn -0.570605516 -0.779273629 -0.259118021
vn -0.570605516 -0.77927357 -0.259118021
vn -0.571725905 -0.780111313 -0.254078925
vn -0.522171319 -0.814133167 -0.254016519
vn -0.492106408 -0.848622143 -0.194092736
vn -0.477495015 -0.840391517 -0.256399363
vn -0.477495104 -0.840391517 -0.256399363
vn -0.411304802 -0.874141216 -0.258274257
vn -0.411304802 -0.874141157 -0.258274257
vn -0.89318192 0.0088968724 0.449607611
vn -0.89318192 0.00889705122 0.4496077
vn -0.89318192 0.00889699254 0.449607611
vn -0.883651495 -0.265176952 0.385799676
vn -0.883651316 -0.265177369 0.385799766
vn -0.883651376 -0.265176862 0.385799676
vn -0.884602606 -0.267271549 0.382157266
vn -0.884602427 -0.267271757 0.382157475
vn -0.884602606 -0.267271668 0.382157475
vn -0.864394128 -0.210684478 0.456546783
vn -0.864394128 -0.210684478 0.456546664
vn -0.893685699 -0.230500862 0.384961575
vn -0.899281919 0.0643721148 0.43260631
vn -0.899281919 0.0643719956 0.432606399
vn -0.907576323 0.0645992011 0.414888203
vn -0.907576323 0.0645992607 0.414888203
vn -0.907529473 0.0431674011 0.417764008
vn -0.905072629 0.0363910608 0.423697293
vn -0.905072927 0.0363914184 0.423696607
vn -0.905073702 0.0363920778 0.423694789
vn -0.884213805 0.0285007134 0.466212213
vn -0.884213805 0.0285008941 0.466212094
vn -0.884213805 0.028500773 0.466212094
vn -0.911984384 0.0206025727 0.409707308
vn -0.911984384 0.0206025131 0.409707308
vn -0.911984503 0.0206025131 0.409707308
vn -0.908043504 -0.0903769135 0.409010112
vn -0.861395895 -0.0660113841 0.503626585
vn -0.861395776 -0.0660113841 0.503626585
vn -0.861395776 -0.066011332 0.503626585
vn -0.909945905 -0.146149263 0.388122171
vn -0.877332509 -0.257803172 0.404753566
vn -0.877332389 -0.257803172 0.404753476
vn -0.897003829 0.0354000181 0.440603107
vn -0.89700371 0.0354002006 0.440603107
vn -0.9021703 0.032974761 0.430118203
vn -0.899076283 -0.0851978064 0.42942211
vn -0.899076223 -0.0851978064 0.429421991
vn -0.908189178 -0.0903946757 0.408682495
vn -0.908189118 -0.0903946757 0.408682495
vn -0.908189118 -0.0903947353 0.408682495
vn -0.894187629 -0.188134253 0.406243861
vn -0.894187629 -0.188134253 0.40624398
vn -0.894187629 -0.188134164 0.406243861
vn -0.915852904 -0.233086154 0.326932073
vn -0.915852904 -0.233086064 0.326932073
vn -0.882802606 -0.256793648 0.393340468
vn -0.882802606 -0.256793559 0.393340468
vn -0.882802606 -0.256793469 0.393340468
vn 0.64814198 -0.619531214 -0.442823976
vn 0.602197409 -0.675309956 -0.425810933
vn 0.602197289 -0.675309956 -0.425810933
vn 0.600791872 -0.670502841 -0.435287625
vn 0.600791812 -0.670502841 -0.435287625
vn 0.600792229 -0.670502543 -0.435287327
vn 0.612329483 -0.614677846 -0.497216195
vn 0.612329423 -0.614677846 -0.497216195
vn 0.628808618 -0.621517062 -0.467243582
vn 0.628808379 -0.621517122 -0.467243493
vn 0.621998608 -0.616998613 -0.48211059
vn 0.621998489 -0.616998613 -0.48211059
vn 0.622987628 -0.617490768 -0.480199575
vn 0.622987807 -0.617490649 -0.480199695
vn 0.622987688 -0.617490768 -0.480199695
vn 0.61322552 -0.664298415 -0.427390128
vn 0.6132254 -0.664298534 -0.427390128
vn 0.6132254 -0.664298654 -0.427390009
vn 0.60822618 -0.672531068 -0.421619505
vn 0.60822618 -0.672531068 -0.421619415
vn 0.707510114 -0.54361093 -0.451571494
vn 0.707509995 -0.54361105 -0.451571494
vn 0.707370877 -0.543480039 -0.451946795
vn 0.707117319 -0.543016016 -0.45290029
vn 0.707117677 -0.543015659 -0.452900201
vn 0.707117617 -0.543015838 -0.452900201
vn 0.706750691 -0.542106152 -0.454559594
vn 0.705422401 -0.539208055 -0.460037202
vn 0.705422401 -0.539207816 -0.460037202
vn 0.701175511 -0.526788116 -0.480465591
vn 0.70117557 -0.526787937 -0.480465591
vn 0.70117557 -0.526788056 -0.480465591
vn 0.70799458 -0.555806041 -0.435687184
vn 0.707994699 -0.555806041 -0.435687184
vn 0.148612604 -0.901936233 -0.405494034
vn 0.148612693 -0.901936114 -0.405494034
vn 0.152196199 -0.907980919 -0.390393138
vn 0.149803102 -0.905118167 -0.397894859
vn 0.149802893 -0.905118167 -0.397894859
vn 0.149802998 -0.905118167 -0.397894859
vn 0.435238987 -0.798132122 -0.416596025
vn 0.43523851 -0.798132658 -0.416595608
vn 0.435238808 -0.79813236 -0.416595906
vn 0.376987696 -0.785374641 -0.490985721
vn 0.376987785 -0.785374761 -0.490985721
vn 0.376987696 -0.785374761 -0.490985721
vn 0.446392089 -0.783314824 -0.432610631
vn 0.446392089 -0.783314943 -0.432610512
vn 0.446392089 -0.783315063 -0.432610512
vn 0.4501836 -0.790792644 -0.414706916
vn 0.450183511 -0.790792823 -0.414706826
vn 0.450183809 -0.790792346 -0.414707124
vn 0.427103788 -0.800518513 -0.420419216
vn 0.427103698 -0.800518632 -0.420419127
vn 0.427103996 -0.800518453 -0.420419425
vn 0.363411695 -0.801769316 -0.474445015
vn 0.363411814 -0.801769316 -0.474444926
vn 0.388993293 -0.828563154 -0.402700245
vn 0.388993293 -0.828563154 -0.402700156
vn 0.304727703 -0.863283813 -0.402345955
vn 0.304727703 -0.863283753 -0.402345836
vn 0.250572085 -0.846203268 -0.470269859
vn 0.220707506 -0.930219114 -0.293224245
vn 0.220707506 -0.930219233 -0.293224335
vn 0.144988403 -0.901758313 -0.407197952
vn 0.144987807 -0.901758611 -0.407197863
vn 0.144987702 -0.901758611 -0.407197744
vn 0.395383805 -0.807390749 -0.437940419
vn 0.396456987 -0.814858854 -0.422879428
vn 0.261814892 -0.868556023 -0.420789152
vn 0.260351509 -0.879231453 -0.398960263
vn 0.151628599 -0.906087518 -0.394986451
vn 0.151498303 -0.906499326 -0.394090444
vn 0.151498407 -0.906499326 -0.394090354
vn -0.869033396 0.258707732 0.421724319
vn -0.869033277 0.258707732 0.421724319
vn -0.869172215 0.251994848 0.425486118
vn -0.869172275 0.251994848 0.42548573
vn -0.869172275 0.251994848 0.425485939
vn -0.864232183 0.252517939 0.435129344
vn -0.864232302 0.252517134 0.435129732
vn -0.864232302 0.252517134 0.435129523
vn -0.819152474 0.286973 0.496624261
vn -0.819152474 0.286973 0.496624172
vn -0.819152594 0.28697291 0.496624172
vn -0.832142711 0.298714608 0.467234552
vn -0.825196087 0.294498622 0.481997967
vn -0.825196207 0.294498414 0.481997967
vn -0.825196207 0.294498324 0.481997967
vn -0.787032306 0.398274601 0.471123874
vn -0.787032187 0.398274601 0.471123874
vn -0.782581329 0.427099735 0.452937454
vn -0.782581389 0.427099645 0.452937454
vn -0.785994172 0.436941534 0.437373161
vn -0.8640306 0.266194552 0.427307338
vn -0.864030719 0.266194642 0.427307218
vn -0.826038003 0.295133024 0.480164349
vn -0.826038003 0.295133114 0.480164349
vn -0.838661313 0.317023844 0.44288066
vn -0.806243718 0.400562435 0.435340047
vn -0.800712407 0.394911647 0.450449258
vn -0.800712407 0.394911736 0.450449258
vn -0.794608772 0.431722134 0.426864266
vn -0.794608772 0.431722045 0.426864058
vn -0.794608712 0.431722134 0.426864147
vn -0.793420672 0.425280243 0.435454071
vn -0.793420613 0.425280452 0.435454071
vn -0.793420672 0.425280452 0.435454071
vn -0.883719325 -0.229090437 -0.40811494
vn -0.89993602 0.024088271 -0.43535611
vn -0.89993602 0.024088271 -0.4353562
vn -0.89993602 0.0240883306 -0.4353562
vn -0.883960307 0.0286977962 -0.466680408
vn -0.883960307 0.0286979172 -0.466680497
vn -0.902665973 0.0743029788 -0.423878908
vn -0.902666092 0.0743028 -0.4238787
vn -0.902665973 0.0743028596 -0.423878789
vn -0.895952284 0.0354986824 -0.442729414
vn -0.895952821 0.0354979709 -0.442728609
vn -0.895952821 0.0354978517 -0.4427284
vn -0.906614006 0.0397769287 -0.420082092
vn -0.907889187 0.0492868461 -0.4163028
vn -0.907889128 0.0492870286 -0.416303009
vn -0.907889128 0.0492869653 -0.416303009
vn -0.907836318 0.0572223067 -0.415402204
vn -0.907836318 0.0572221875 -0.415402204
vn -0.907836318 0.0572223663 -0.415402293
vn -0.875868499 -0.087184228 -0.474608809
vn -0.875868499 -0.0871841758 -0.474608809
vn -0.87586838 -0.0871841758 -0.474608809
vn -0.909686983 -0.069699876 -0.40940401
vn -0.909686923 -0.0697000548 -0.40940401
vn -0.909686983 -0.0696999356 -0.40940401
vn -0.912135422 0.00910616573 -0.409788013
vn -0.912135422 0.00910628494 -0.409788013
vn -0.884510279 -0.268133342 -0.381767333
vn -0.884510219 -0.268133134 -0.381767243
vn -0.884510279 -0.268133134 -0.381767124
vn -0.884192288 -0.265689433 -0.384204537
vn -0.884192228 -0.265689433 -0.384204626
vn -0.884192288 -0.265689343 -0.384204537
vn -0.871212602 -0.227519125 -0.434998631
vn -0.871212602 -0.227519229 -0.434998631
vn -0.89623642 -0.218391433 -0.38609004
vn -0.909690022 -0.146127939 -0.388729423
vn -0.878296077 -0.230099827 -0.419106424
vn -0.885477126 -0.229897037 -0.403829038
vn -0.9086501 -0.0861072466 -0.408583701
vn -0.898862183 -0.0894179866 -0.429011792
vn -0.902064383 0.0356039517 -0.43013069
vn -0.902064383 0.0356040113 -0.43013069
vn -0.902064323 0.0356040113 -0.430130601
vn -0.897574604 0.0319941118 -0.439700186
vn -0.897574604 0.0319941714 -0.439700305
vn -0.897574604 0.0319941714 -0.439700186
vn -0.779244006 0.489650041 0.391179979
vn -0.805639505 0.476472944 0.352020681
vn -0.788070917 0.468368649 0.39946878
vn -0.772878408 0.475184828 0.420545399
vn -0.77246958 0.464934826 0.432580978
vn -0.764708579 0.455712438 0.455573052
vn -0.764708698 0.455712438 0.455573052
vn -0.764708698 0.455712348 0.455573052
vn -0.862697899 0.505719304 0.000690313347
vn -0.86269778 0.505719304 0.000690314337
vn -0.86269778 0.505719304 0.000690312358
vn -0.858800173 0.50993371 0.0492965728
vn -0.858800113 0.50993371 0.0492966324
vn -0.858800113 0.50993371 0.0492965728
vn -0.864461005 0.496528894 0.0785254985
vn -0.8652336 0.492361963 0.0946070105
vn -0.88812691 0.452354699 0.0812775567
vn -0.863580287 0.476292282 0.165453777
vn -0.862276614 0.506286979 -0.0123490375
vn -0.862276614 0.506287098 -0.0123490375
vn -0.858570099 0.510386705 -0.0486114994
vn -0.849912822 0.525785208 -0.034616854
vn -0.849912524 0.525785804 -0.034616556
vn -0.849913716 0.525783777 -0.0346163847
vn -0.882179916 0.36997506 -0.291336745
vn -0.882179916 0.36997515 -0.291336745
vn -0.881015718 0.369502753 -0.295430541
vn -0.881015718 0.369502664 -0.295430541
vn -0.880376518 0.368786663 -0.298217326
vn -0.880376577 0.368786573 -0.298217446
vn -0.880376577 0.368786663 -0.298217446
vn -0.879857779 0.367391467 -0.301452935
vn -0.879857719 0.367391557 -0.301453054
vn -0.882607579 0.381536245 -0.274652332
vn -0.865778029 0.432870924 -0.251100034
vn -0.88966608 0.398396432 -0.223102242
vn -0.88966608 0.398396432 -0.223102137
vn -0.900575876 0.407406241 -0.151602641
vn -0.900575876 0.40740633 -0.151602447
vn -0.829374015 0.46058476 -0.316228718
vn -0.841092229 0.437395662 -0.318196952
vn -0.841092229 0.437395573 -0.318196952
vn -0.84109211 0.437395573 -0.318196744
vn -0.832675397 0.387490451 -0.395604551
vn -0.832675517 0.387490273 -0.395604551
vn -0.832675517 0.387490153 -0.395604551
vn -0.888298273 0.368705332 -0.27382955
vn -0.888297975 0.368705839 -0.27382955
vn -0.888297975 0.368705928 -0.27382955
vn -0.884022772 0.369810849 -0.285908341
vn -0.884023011 0.369810462 -0.28590855
vn -0.884023011 0.369810253 -0.285908729
vn -0.788133681 0.468304068 -0.39942041
vn -0.788133621 0.468304068 -0.39942041
vn -0.808070719 0.477567047 -0.344893515
vn -0.808070719 0.477567166 -0.344893515
vn -0.764832079 0.45569846 -0.455380052
vn -0.76483202 0.45569855 -0.455380052
vn -0.772642016 0.464901567 -0.432308912
vn -0.772642016 0.464901656 -0.432308912
vn -0.772983193 0.475092769 -0.420456707
vn -0.772983313 0.475092769 -0.420456618
vn -0.772196412 0.476374865 -0.42045182
vn -0.773073018 0.485772073 -0.407901615
vn -0.839951575 0.523389578 -0.143334404
vn -0.839951515 0.523389578 -0.143334314
vn -0.842858374 0.520864725 -0.135239214
vn -0.820735276 0.515099883 -0.247115016
vn -0.827072501 0.511078179 -0.233987704
vn -0.797011077 0.496628553 -0.343705297
vn -0.786132216 0.497467071 -0.366773307
vn -0.760527313 0.464224368 -0.453975797
vn -0.760527372 0.464224368 -0.453975797
vn -0.760527313 0.464224458 -0.453975797
vn -0.849186301 0.525868773 0.0484221764
vn -0.859930992 0.508087695 0.0486381203
vn -0.844986975 0.534110725 0.0268878583
vn -0.844986916 0.534110785 0.0268880371
vn -0.844986916 0.534110785 0.0268879775
vn -0.868738592 0.426519275 0.251743466
vn -0.867925823 0.427702874 0.252537072
vn -0.867925823 0.427702963 0.252537072
vn -0.841956794 0.47868067 0.248945281
vn -0.841970682 0.478620678 0.249013871
vn -0.822195888 0.512862146 0.246913895
vn -0.822196007 0.512862146 0.246913895
vn -0.822196007 0.512862146 0.246913984
vn -0.82247442 0.507426858 0.257009685
vn -0.82247448 0.507426858 0.257009685
vn -0.883416891 0.360794127 0.299002051
vn -0.88341701 0.360794246 0.299001962
vn -0.883416772 0.360794038 0.299002469
vn -0.880491376 0.369200349 0.297365159
vn -0.880491376 0.369200349 0.297365248
vn -0.879840612 0.367226452 0.30170387
vn -0.884049773 0.392230272 0.254187554
vn -0.956034303 0.246357173 0.159080639
vn -0.881167829 0.43214938 0.191807672
vn -0.881168008 0.43214938 0.191807672
vn -0.881167889 0.43214938 0.191807777
vn -0.880566776 0.45059827 0.146845177
vn -0.860008001 0.489247173 0.144994974
vn -0.860003293 0.489385366 0.144555777
vn -0.83883673 0.525184274 0.143298984
vn -0.838407576 0.526691198 0.140247494
vn -0.855507672 0.421306968 -0.30101034
vn -0.855507612 0.421306968 -0.30101034
vn -0.868206799 0.42762953 -0.251694441
vn -0.86820668 0.42762953 -0.25169453
vn -0.868206799 0.42762953 -0.25169453
vn -0.868635416 0.426165938 -0.252695948
vn -0.885485709 0.434437215 -0.16486232
vn -0.860779226 0.487857431 -0.145101324
vn -0.860779226 0.487857431 -0.145101428
vn -0.860779226 0.487857431 -0.145101532
vn -0.962724805 0.264299899 0.0575046353
vn -0.962724805 0.26429981 0.0575042143
vn -0.962724686 0.264299899 0.0575044565
vn -0.867194891 0.493862897 -0.0638165772
vn -0.859694779 0.489745319 -0.145169929
vn -0.860053003 0.489207923 -0.14486073
vn -0.841859519 0.478859335 -0.248930722
vn -0.842006207 0.478708923 -0.24872373
vn -0.842472613 0.479258031 -0.246072918
vn -0.800913692 0.484736651 -0.35152182
vn -0.800913811 0.484736651 -0.35152182
vn -0.88288331 0.361697555 0.299486548
vn -0.88288331 0.361697346 0.299486667
vn -0.88288343 0.361697227 0.299486369
vn -0.882918715 0.361339539 0.299813956
vn -0.88365072 0.370814741 0.285758674
vn -0.883650601 0.370814741 0.285758674
vn -0.88365072 0.370814532 0.285758674
vn -0.832648814 0.387587935 0.395564973
vn -0.832648695 0.387588054 0.395564973
vn -0.855517507 0.421379834 0.300880164
vn -0.855517507 0.421379954 0.300880164
vn -0.824634671 0.45458135 0.33665067
vn -0.824634671 0.454581231 0.33665067
vn -0.842483699 0.479335666 0.24588348
vn -0.84248358 0.479335666 0.24588348
vn -0.803959072 0.484813243 0.34439218
vn -0.798310101 0.494584233 0.343638897
vn -0.763252497 0.491763949 0.419063091
vn -0.786579907 0.485384852 0.381698191
vn -0.847912312 0.528612614 0.0401683673
vn -0.848394811 0.528912425 -0.0218656939
vn -0.85036552 0.52395761 -0.0484466255
vn -0.850282371 0.52404511 -0.048955705
vn -0.846326709 0.527446091 -0.0743755922
vn -0.795603991 0.403708369 -0.451701254
vn -0.795603871 0.403708369 -0.451701134
vn -0.795603871 0.403708369 -0.451701343
vn -0.795895875 0.402826667 -0.451974243
vn -0.794492602 0.402808368 -0.454452455
vn -0.794492602 0.402808458 -0.454452455
vn -0.869170189 0.258278459 -0.421705574
vn -0.869170308 0.25827837 -0.421705574
vn -0.869170129 0.258278459 -0.421705663
vn -0.825175524 0.294432998 -0.482073426
vn -0.825175524 0.294432998 -0.482073337
vn -0.825175405 0.294432998 -0.482073426
vn -0.832098901 0.298585683 -0.467395127
vn -0.832098901 0.298585594 -0.467395246
vn -0.832098782 0.298585594 -0.467395127
vn -0.819152713 0.28688249 -0.496676445
vn -0.819152713 0.286882401 -0.496676445
vn -0.864008009 0.252690554 -0.435473979
vn -0.864008009 0.252690464 -0.435473979
vn -0.864008129 0.252690256 -0.435474068
vn -0.869119525 0.251977146 -0.425604075
vn -0.869119585 0.251977146 -0.425603956
vn -0.794389904 0.426993459 -0.431996852
vn -0.794390321 0.426993251 -0.431996435
vn -0.794389427 0.426993966 -0.431997329
vn -0.784215927 0.403313786 -0.471533149
vn -0.784215927 0.403313696 -0.471533149
vn -0.807251215 0.398240745 -0.435603052
vn -0.84011507 0.312745363 -0.443166852
vn -0.809822977 0.306206286 -0.500424564
vn -0.809822917 0.306206286 -0.500424445
vn -0.809822977 0.306206286 -0.500424445
vn -0.864004314 0.266487271 -0.427178174
vn -0.864004314 0.266486466 -0.427178562
vn -0.864004314 0.266486853 -0.427178383
vn 0.857385397 0.106337383 -0.50357008
vn 0.847403407 0.094783321 -0.522421002
vn 0.863500714 0.148337379 -0.482040167
vn 0.849893093 0.165289879 -0.500360906
vn 0.849893093 0.165289968 -0.500360906
vn 0.852813482 0.165883571 -0.495168477
vn 0.852813601 0.165883571 -0.495168567
vn 0.849136829 0.167997777 -0.500743091
vn 0.849136829 0.167997777 -0.50074321
vn 0.84913671 0.167997673 -0.500742972
vn 0.849291921 0.168765277 -0.50022161
vn 0.849291921 0.168765381 -0.50022161
vn 0.850664079 0.17112118 -0.49707967
vn 0.850664079 0.17112118 -0.497079581
vn 0.846909881 0.179024473 -0.500693321
vn 0.850081027 0.196394876 -0.488662869
vn 0.849565685 0.19522807 -0.490024865
vn 0.84213227 0.197768971 -0.501697719
vn 0.844901025 0.218546271 -0.488241583
vn 0.836312175 0.22094138 -0.501763821
vn 0.840703309 0.23497507 -0.487857372
vn 0.840703309 0.234975174 -0.487857372
vn 0.840743124 0.234982774 -0.487785161
vn 0.840743124 0.234982878 -0.487785161
vn 0.840743005 0.234982774 -0.487785071
vn 0.82904309 0.248411074 -0.500978768
vn 0.831913114 0.269840598 -0.484878361
vn 0.819120407 0.279571086 -0.500881255
vn 0.868976891 0.0784992129 -0.488586992
vn 0.868976772 0.0784992129 -0.488586992
vn 0.86650908 -0.0013587256 -0.499159604
vn 0.833184719 -0.144429415 -0.533801019
vn 0.833184719 -0.144429415 -0.5338009
vn 0.853841126 -0.185892433 -0.486209333
vn 0.820133686 -0.235580713 -0.521423578
vn 0.820133805 -0.235580713 -0.521423578
vn 0.843325317 -0.219309628 -0.490617931
vn 0.8466115 -0.242616728 -0.473694026
vn 0.846611619 -0.242616728 -0.473694026
vn 0.831353724 -0.290236324 -0.473934561
vn 0.834484279 -0.286430717 -0.47073707
vn 0.852118909 -0.276563942 -0.444303662
vn 0.852119029 -0.276564032 -0.444303751
vn -0.533666074 0.692213833 0.485840112
vn -0.558242977 0.648803711 0.517125309
vn -0.55864948 0.67066735 0.487971514
vn -0.585742891 0.657255352 0.474258214
vn -0.585742891 0.657255232 0.474258214
vn -0.585742772 0.657255352 0.474258214
vn -0.617283285 0.626559436 0.475799084
vn -0.617283285 0.626559317 0.475799084
vn -0.608185709 0.648600519 0.457632422
vn -0.608185709 0.648600638 0.457632422
vn -0.619202375 0.645871043 0.446585923
vn -0.619202375 0.645871162 0.446585923
vn -0.557757616 0.699858665 0.446211308
vn -0.557757497 0.699858725 0.446211219
vn -0.557721615 0.699896753 0.446196526
vn -0.568338394 0.705134928 0.424000323
vn -0.568338275 0.705134928 0.424000323
vn -0.617588103 0.712484837 0.333092213
vn -0.617588401 0.712484658 0.333092213
vn -0.617593586 0.712454438 0.333147019
vn -0.656808019 0.379087031 -0.651840746
vn -0.656808019 0.37908712 -0.651840746
vn -0.741303504 0.556314588 -0.375477523
vn -0.741303504 0.556314588 -0.375477403
vn -0.741303623 0.556314468 -0.375477314
vn -0.739521921 0.577891469 -0.345179498
vn -0.739521801 0.577891588 -0.345179498
vn -0.73952198 0.577891469 -0.345179498
vn -0.716715872 0.693005085 0.0778611228
vn -0.716715813 0.693005204 0.0778611228
vn -0.710384071 0.69779712 0.0918342918
vn -0.710384011 0.697797418 0.0918342322
vn -0.710410118 0.697769403 0.0918444842
vn -0.628701508 0.713890016 0.308375716
vn -0.628701329 0.713890314 0.308375329
vn -0.628701508 0.713890254 0.30837512
vn -0.552012205 0.21730414 -0.805022657
vn -0.552012622 0.217303634 -0.805022657
vn -0.552012384 0.217303932 -0.805022657
vn -0.537267029 0.203477427 -0.818499267
vn -0.537267089 0.203477427 -0.818499327
vn -0.537267029 0.203477532 -0.818499267
vn -0.64887172 0.360061109 -0.670314431
vn -0.648871779 0.36006102 -0.670314312
vn -0.445482105 0.0936905295 -0.890375197
vn -0.445482314 0.0936904699 -0.890375078
vn -0.445481896 0.0936906487 -0.890375197
vn -0.291686803 -0.0908138901 -0.952193201
vn -0.291686594 -0.0908137709 -0.952193201
vn -0.291686386 -0.0908136517 -0.952193201
vn -0.324425995 -0.0385630354 -0.945124686
vn -0.324425906 -0.0385629758 -0.945124686
vn 0.434589803 0.816225588 -0.380667478
vn 0.434589714 0.816225588 -0.380667478
vn 0.399980396 0.854471385 -0.331503242
vn 0.422462314 0.839004576 -0.342924237
vn 0.442896485 0.83687073 -0.321699053
vn 0.487446994 0.805783987 -0.336314678
vn 0.487446994 0.805784166 -0.336314678
vn -0.708306015 -0.592719138 0.383388519
vn -0.708306015 -0.592719078 0.383388519
vn -0.565528572 -0.731400788 0.381090969
vn -0.581736684 -0.726709664 0.365343273
vn -0.581736624 -0.726709664 0.365343183
vn -0.576107621 -0.721403182 0.384288579
vn -0.576107621 -0.721403062 0.384288579
vn -0.576107502 -0.721403182 0.384288579
vn -0.657712221 -0.660306573 0.362505287
vn -0.657712102 -0.660306573 0.362505287
vn -0.628925204 -0.678785384 0.379082471
vn -0.628925085 -0.678785443 0.379082471
vn -0.628925204 -0.678785443 0.37908259
vn -0.629369378 -0.68462193 0.367677987
vn -0.584881604 -0.721219182 0.371155769
vn -0.584881723 -0.721219182 0.371155679
vn -0.584881604 -0.721219182 0.371155679
vn -0.577498078 -0.721683562 0.381665975
vn -0.57749778 -0.721683741 0.381665885
vn -0.5774979 -0.721683741 0.381665975
vn 0.784480274 0.462012053 -0.413685501
vn 0.784480214 0.462012053 -0.413685501
vn 0.784480274 0.462011963 -0.413685411
vn 0.697512507 0.60719347 -0.380516112
vn 0.707090974 0.553309977 -0.440307111
vn 0.726232588 0.572457969 -0.380628705
vn 0.726232708 0.572457969 -0.380628705
vn 0.727514207 0.535358131 -0.429085821
vn 0.727514207 0.53535825 -0.429085821
vn 0.727514327 0.535358131 -0.429085821
vn 0.748578072 0.528646231 -0.400205106
vn 0.748578012 0.528646231 -0.400205106
vn 0.724095404 0.60051167 -0.339222014
vn 0.724095583 0.600511432 -0.339222103
vn 0.724095702 0.600511253 -0.339222312
vn 0.716825604 0.60340023 -0.34938401
vn 0.716825604 0.60340023 -0.349384099
vn 0.716825604 0.603400171 -0.349384218
vn 0.815574229 0.55768162 -0.154369816
vn 0.894595206 0.444561988 0.0454331711
vn 0.894595206 0.444561809 0.0454330519
vn 0.894595325 0.444561809 0.0454329923
vn 0.849034607 0.524572313 -0.0629630983
vn 0.849034607 0.524572194 -0.0629631579
vn 0.890110612 0.384525478 0.244628862
vn 0.890110612 0.384525567 0.244628862
vn 0.890110672 0.384525567 0.244628862
vn 0.873497128 0.238635227 0.424330115
vn 0.873497188 0.238635227 0.424330115
vn 0.877919674 0.345399052 0.331596762
vn 0.877919793 0.345399052 0.331596851
vn 0.731381118 0.0488070883 0.680220306
vn 0.731381118 0.0488071479 0.680220306
vn 0.731381118 0.0488070883 0.680220187
vn 0.737783611 0.0621021427 0.672174573
vn 0.737783611 0.0621022023 0.672174573
vn 0.503234982 -0.158183336 0.849548519
vn 0.53469342 -0.12809363 0.835281491
vn 0.53469348 -0.128093734 0.835281372
vn 0.53469342 -0.128093734 0.835281372
vn 0.293094307 -0.297124535 0.908742428
vn 0.293094307 -0.297124445 0.908742428
vn 0.293094397 -0.297124743 0.908742368
vn 0.321207494 -0.274215549 0.906439066
vn 0.321207404 -0.274215251 0.906439066
vn 0.32122609 -0.274249762 0.906422019
vn -0.867039323 -0.104260281 0.487208962
vn -0.867039502 -0.104260281 0.487208962
vn -0.819901884 -0.292904496 0.49190253
vn -0.819901824 -0.292904377 0.491902649
vn -0.819901824 -0.292904377 0.491902441
vn -0.831339717 -0.283103198 0.478254139
vn -0.831339717 -0.283103198 0.478254229
vn -0.860215485 -0.19183208 0.472472072
vn -0.845133603 -0.222816572 0.485903472
vn -0.845133603 -0.222816467 0.485903472
vn -0.847158015 -0.224911079 0.481392175
vn -0.829660416 -0.280464292 0.482704341
vn -0.822395921 -0.285749078 0.49194774
vn -0.822395921 -0.285749078 0.49194783
vn -0.822395802 -0.285749078 0.49194774
vn -0.618672073 -0.708255351 -0.340028316
vn -0.571786523 -0.744233847 -0.345219105
vn -0.571786523 -0.744233966 -0.345219105
vn -0.571786523 -0.744233966 -0.345219016
vn -0.611772895 -0.717330217 -0.333423615
vn -0.611772895 -0.717330158 -0.333423615
vn -0.611773014 -0.717330217 -0.333423615
vn -0.618804872 -0.706784248 -0.342836112
vn -0.618804872 -0.706784248 -0.342836022
vn 0.511880279 0.789627612 0.338329405
vn 0.511880279 0.789627731 0.338329405
vn 0.511880219 0.789627731 0.338329405
vn 0.602190018 0.719190657 0.346600711
vn 0.575916409 0.740556121 0.346261233
vn 0.581405878 0.740903616 0.336198121
vn 0.581405878 0.740903556 0.336198032
vn 0.562368691 0.762104034 0.320840925
vn 0.562369883 0.762102842 0.320841819
vn 0.598304093 0.730695844 0.328809708
vn 0.598303795 0.730695963 0.328809828
vn 0.598303914 0.730695963 0.328809828
vn 0.585476995 0.759170413 0.28438881
vn 0.585489392 0.759163558 0.284381509
vn 0.575410903 0.782838762 0.236782536
vn 0.575410903 0.782838643 0.236782536
vn 0.49493739 0.86830622 0.032885693
vn 0.471961588 0.881618977 -0.000493182335
vn 0.471961409 0.881618977 -0.000493156316
vn 0.471961588 0.881618977 -0.000493197353
vn 0.310255706 0.885076582 -0.346959859
vn 0.286526203 0.884006679 -0.369371146
vn 0.286526293 0.88400656 -0.369371265
vn 0.0520956516 0.745195091 -0.664808452
vn 0.0520957112 0.745195091 -0.664808452
vn 0.0520957708 0.745195091 -0.664808571
vn 0.0341908298 0.736750126 -0.6753003
vn 0.0341909491 0.736750126 -0.6753003
vn -0.162691206 0.527895927 -0.833581269
vn -0.162691101 0.527895808 -0.833581328
vn -0.162691399 0.527896047 -0.83358115
vn -0.328340411 0.335358948 -0.883021533
vn -0.234650701 0.421497941 -0.875944555
vn -0.234650701 0.421497852 -0.875944436
vn -0.234650701 0.421497852 -0.875944555
vn -0.42811349 -0.820881248 -0.377985209
vn -0.42811361 -0.820881128 -0.377985209
vn -0.42811361 -0.820881248 -0.377985209
vn -0.419030994 -0.831148446 -0.365520954
vn -0.419030994 -0.831148326 -0.365520954
vn -0.419030994 -0.831148267 -0.365521044
vn -0.416054696 -0.825867653 -0.380580157
vn -0.416054696 -0.825867653 -0.380580246
vn -0.219610497 -0.895627439 -0.386811256
vn -0.219610393 -0.89562732 -0.386811137
vn -0.219610393 -0.895627439 -0.386810958
vn -0.312304586 -0.878190815 -0.362279862
vn -0.312304586 -0.878190935 -0.362279743
vn -0.331826597 -0.867232442 -0.371213257
vn -0.331826508 -0.867232323 -0.371213436
vn -0.331826508 -0.867232323 -0.371213347
vn -0.372001201 -0.854990542 -0.36139524
vn -0.372001201 -0.854990423 -0.36139524
vn -0.415574908 -0.832489967 -0.36641255
vn 0.0687801167 0.905471921 0.418795854
vn 0.0687801167 0.90547204 0.418795735
vn 0.0687801763 0.905471921 0.418795854
vn 0.249761701 0.892010152 0.376745641
vn 0.194824606 0.87701726 0.439185739
vn 0.202784002 0.902244747 0.380569637
vn 0.178672895 0.888569534 0.422516555
vn 0.152875096 0.903357029 0.400718659
vn 0.152875096 0.903356969 0.40071854
vn -0.176907003 0.886044681 -0.428519249
vn -0.176907107 0.886044681 -0.42851916
vn -0.176907301 0.886044681 -0.42851916
vn -0.0738087222 0.941684246 -0.328303456
vn -0.0738086104 0.941684186 -0.328303665
vn -0.0738085508 0.941684186 -0.328303754
vn -0.279318899 0.681795537 -0.676118255
vn -0.27931881 0.681795299 -0.676118493
vn -0.2702052 0.693157911 -0.668222487
vn -0.27020511 0.693157911 -0.668222487
vn -0.270204991 0.693157911 -0.668222606
vn -0.36802721 0.38386935 -0.84687686
vn -0.3680273 0.38386935 -0.84687686
vn -0.395530105 0.288687557 -0.871903419
vn -0.394671202 0.133236349 -0.909111083
vn -0.394671112 0.133236349 -0.909111023
vn -0.403303891 0.0102929687 -0.915008307
vn -0.403304905 0.0102935694 -0.91500783
vn -0.403303593 0.010294049 -0.915008307
vn -0.0465878807 0.966907382 -0.250838339
vn 0.104518399 0.992465794 0.0639356151
vn 0.104518503 0.992465675 0.0639355555
vn 0.104518503 0.992465794 0.0639356151
vn 0.114045203 0.99064517 0.0749382153
vn 0.114045203 0.99064517 0.0749382749
vn 0.114045203 0.99064517 0.0749381557
vn 0.238233194 0.90690285 0.347523153
vn 0.238233194 0.90690285 0.347523063
vn 0.238233298 0.90690285 0.347523153
vn 0.231894001 0.912650824 0.336591452
vn 0.231894001 0.912650824 0.336591542
vn 0.231893793 0.912650824 0.336591542
vn 0.280311704 -0.827380717 -0.486689448
vn 0.280311614 -0.827380717 -0.486689448
vn 0.0841266513 -0.867873132 -0.489611149
vn 0.0841266513 -0.867873251 -0.489611149
vn 0.0966049433 -0.87348187 -0.477175951
vn 0.096604757 -0.873481929 -0.477175951
vn 0.0966050029 -0.873481929 -0.47717616
vn 0.197603807 -0.85948962 -0.471413255
vn 0.197603896 -0.85948962 -0.471413255
vn 0.160483897 -0.860213161 -0.484023243
vn 0.160483897 -0.860213161 -0.484023154
vn 0.160484001 -0.860213161 -0.484023154
vn 0.158613607 -0.864084959 -0.477701753
vn 0.158613607 -0.864085019 -0.477701753
vn 0.158613607 -0.864085019 -0.477701843
vn 0.0992567465 -0.871474743 -0.480291456
vn 0.0992567465 -0.871474862 -0.480291456
vn 0.0928072333 -0.866533339 -0.490414858
vn 0.0928072929 -0.866533458 -0.490414947
vn 0.0928072333 -0.866533458 -0.490414858
vn -0.372217208 -0.862010181 0.344082445
vn -0.372217298 -0.862010181 0.344082564
vn -0.372217387 -0.862010062 0.344082564
vn -0.427678794 -0.83355093 0.349690855
vn -0.427678794 -0.83355087 0.349690765
vn -0.383214593 -0.859763563 0.337569863
vn -0.383214593 -0.859763443 0.337569863
vn -0.383214712 -0.859763563 0.337569863
vn -0.370647013 -0.861110747 0.348007262
vn -0.370647013 -0.861110747 0.348007351
vn -0.63556093 -0.723858476 0.26849848
vn -0.389022201 -0.866104782 0.313885748
vn -0.389022291 -0.866104841 0.313885838
vn -0.404658407 -0.880593479 0.246590748
vn -0.365602702 -0.890475988 0.270901144
vn -0.365602404 -0.890475988 0.270901144
vn -0.365603089 -0.890475869 0.270900846
vn -0.348284006 -0.90021348 0.261369765
vn -0.348284096 -0.90021348 0.261369646
vn -0.348284006 -0.90021354 0.261369765
vn -0.356292605 -0.898793876 0.255392253
vn -0.356292486 -0.898793936 0.255392253
vn -0.356292397 -0.898793936 0.255392462
vn -0.359304309 -0.897564471 0.25549674
vn -0.3593041 -0.89756453 0.25549674
vn -0.359304309 -0.897564471 0.255496562
vn -0.392283589 -0.871272981 0.294952542
vn -0.392283708 -0.871272981 0.294952542
vn -0.364697814 -0.894408464 0.258899957
vn -0.364703804 -0.894406855 0.258897156
vn -0.364699394 -0.89440763 0.258900553
vn -0.363461196 -0.895413637 0.25715825
vn -0.645910919 -0.717296362 0.261314392
vn -0.645910919 -0.717296243 0.261314392
vn -0.645910978 -0.717296243 0.261314273
vn -0.645567119 -0.71457094 0.269502282
vn -0.645567775 -0.714570463 0.269502372
vn -0.645566881 -0.714571536 0.269501388
vn -0.653545082 -0.713742554 0.251893789
vn -0.65354532 -0.713742375 0.251893967
vn -0.653545201 -0.713742375 0.251893878
vn -0.657758713 -0.707929075 0.257274091
vn -0.657758713 -0.707929254 0.257273972
vn -0.657758594 -0.707929254 0.257273883
vn -0.656602204 -0.706270278 0.264680773
vn -0.656602323 -0.706270278 0.264680773
vn -0.604442477 -0.727615476 0.324384093
vn -0.60444212 -0.727616072 0.324383467
vn -0.604442477 -0.727615535 0.324383885
vn -0.630922079 -0.719726861 0.289707571
vn -0.622181475 -0.767289221 0.155426785
vn -0.55323422 -0.755732179 0.350429475
vn -0.552276909 -0.797695041 0.242225066
vn -0.486804605 -0.839407563 0.241695061
vn -0.486804605 -0.839407444 0.241695061
vn -0.477090508 -0.787608564 0.389945477
vn -0.477090508 -0.787608683 0.389945477
vn -0.457826704 -0.854611933 0.245016664
vn -0.637182176 -0.72397995 0.26429528
vn -0.637182176 -0.723979831 0.264295489
vn -0.63718158 -0.723980367 0.264295489
vn -0.637454987 -0.724455476 0.262327284
vn -0.592505276 -0.762322664 0.260387689
vn -0.584756494 -0.798794508 0.141376466
vn -0.551193476 -0.794681132 0.25429818
vn -0.551193476 -0.794681251 0.25429818
vn -0.351914108 -0.895846367 0.271322757
vn -0.351914287 -0.895846188 0.271322846
vn -0.351914197 -0.895846188 0.271322757
vn -0.374431908 -0.897426665 0.233294755
vn -0.374431908 -0.897426546 0.233294755
vn -0.39948979 -0.905791402 0.14124395
vn -0.411122799 -0.874157369 0.25850895
vn -0.484909385 -0.836201549 0.256183565
vn -0.485711008 -0.854965508 0.181986168
vn -0.485711008 -0.854965389 0.181986168
vn -0.522087097 -0.814124644 0.25421679
vn -0.522087216 -0.814124644 0.25421679
vn 0.532692194 0.846309006 -0.000429361098
vn 0.532682121 0.846315503 -0.000240976107
vn 0.53268218 0.846315384 -0.000243717121
vn 0.532702982 0.846302271 4.91884748e-05
vn 0.532702923 0.846302271 4.91899773e-05
vn 0.532702923 0.846302271 4.91891769e-05
vn 0.532691121 0.846309721 -0.000248922122
vn 0.532691181 0.846309602 -0.000248897093
vn 0.532691181 0.846309602 -0.000248893106
vn 0.532610178 0.846360624 0.00018600389
vn 0.532610416 0.846360505 0.000186066885
vn 0.532610416 0.846360624 0.000186055884
vn 0.532614887 0.846357703 2.26528919e-05
vn 0.532614887 0.846357703 2.26514894e-05
vn 0.532615006 0.846357822 2.26541906e-05
vn 0.532688916 0.846311212 -2.36080177e-05
vn 0.532684386 0.846314073 -8.5819418e-05
vn 0.532681227 0.846316099 -6.94047194e-05
vn 0.532635808 0.846344471 0.000293955876
vn 0.532470286 0.84644872 0.000151630898
vn 0.532918811 0.846166372 -0.000239991117
vn 0.532613397 0.846358716 6.78837823e-05
vn 0.532472014 0.846447706 0.000201877905
vn 0.532926977 0.846161187 -0.000295635138
vn 0.532651722 0.846334517 6.17603873e-05
vn 0.532651722 0.846334517 6.17201804e-05
vn 0.532651782 0.846334577 6.17824844e-05
vn 0.532688379 0.84631151 -2.35976167e-05
vn 0.532678604 0.846317708 -8.91339223e-05
vn 0.532643676 0.846339583 0.000101482889
vn 0.53266257 0.846327722 -4.97111141e-05
vn 0.532690108 0.846310496 -2.67716168e-05
vn 0.532611728 0.846359789 0.000136538889
vn 0.532611728 0.84635973 0.000136533898
vn 0.532611728 0.846359789 0.000136525894
vn 0.532714128 0.846295416 -2.90079188e-05
vn 0.532714128 0.846295297 -2.89954205e-05
vn 0.532714128 0.846295416 -2.90046191e-05
vn 0.532469928 0.846449018 0.000151696906
vn 0.532919407 0.846166074 -0.000239909132
vn 0.532614529 0.84635812 6.78327851e-05
vn 0.532472014 0.846447706 0.000201878909
vn 0.532926798 0.846161425 -0.000295635138
vn 0.532690406 0.846310318 -2.67817159e-05
vn 0.532611907 0.84635973 0.000136340896
vn 0.532611907 0.84635973 0.000136343893
vn 0.532611907 0.84635973 0.000136346891
vn 0.532894373 0.846181691 -0.000458369148
vn 0.532668412 0.846324027 7.27779434e-06
vn 0.532516479 0.846419573 9.74081049e-05
vn 0.532723725 0.846289277 -4.0950119e-05
vn 0.532554507 0.84639591 0.000239483896
vn 0.532764077 0.846263885 -0.000224515126
vn 0.532636404 0.846344173 7.84712829e-05
vn 0.532647908 0.84633708 0.000154543872
vn 0.532647908 0.84633702 0.000154563881
vn 0.532647789 0.84633708 0.000154534879
vn 0.532677174 0.846318603 -7.77301102e-05
vn 0.532700896 0.846303582 -9.58467208e-05
vn 0.532701015 0.846303582 -9.58502205e-05
vn 0.532700896 0.846303701 -9.58733217e-05
vn 0.532667696 0.846324623 7.28101395e-06
vn 0.532516897 0.846419513 9.74153954e-05
vn 0.532723308 0.846289515 -4.09529166e-05
vn 0.532553315 0.846396506 0.000239483896
vn 0.53276509 0.84626317 -0.000224515126
vn 0.532636225 0.846344292 7.84712829e-05
vn 0.532616794 0.846356511 0.000243122893
vn 0.532616794 0.846356511 0.0002431209
vn 0.532616794 0.846356511 0.000243115894
vn 0.532677174 0.846318603 -7.77302121e-05
vn 0.53270191 0.846303105 -9.95806186e-05
vn 0.53270179 0.846303105 -9.96025192e-05
vn 0.53270191 0.846303105 -9.95787123e-05
vn 0.532470405 0.8464486 0.000127546911
vn 0.532752991 0.846270919 -6.47325287e-05
vn 0.532752991 0.846270919 -6.47535271e-05
vn 0.532752872 0.8462708 -6.4741027e-05
vn 0.532519698 0.846417606 0.000119702898
vn 0.532519698 0.846417606 0.000119675897
vn 0.532519817 0.846417606 0.000119667893
vn 0.532804906 0.846238077 -0.00034684813
vn 0.53258878 0.846374214 0.000241880887
vn 0.532719612 0.84629178 -0.000145350117
vn 0.53246969 0.846449196 0.000127457912
vn 0.532638371 0.8463431 -2.0405414e-05
vn 0.532638371 0.8463431 -2.03878135e-05
vn 0.532638371 0.8463431 -2.03613145e-05
vn 0.532661498 0.846328378 2.66753832e-05
vn 0.532661498 0.846328497 2.66261832e-05
vn 0.532661498 0.846328497 2.66643838e-05
vn 0.532516181 0.846419871 -8.49418427e-07
vn 0.532516181 0.846419811 -7.39580457e-07
vn 0.532516122 0.846419871 -1.08603035e-06
vn 0.532799304 0.846241772 -4.8413629e-05
vn 0.532799304 0.846241772 -4.84597258e-05
vn 0.532799304 0.846241772 -4.85057244e-05
vn 0.53254658 0.846400797 4.5185694e-05
vn 0.532585382 0.846376419 1.37892485e-07
vn 0.532865703 0.84619993 -5.84344343e-05
vn 0.53258872 0.846374214 0.000242061884
vn 0.532719612 0.84629178 -0.000145239115
vn 0.53260392 0.846364677 -7.03654905e-06
vn 0.53260392 0.846364677 -7.04784907e-06
vn 0.53260392 0.846364617 -6.93567881e-06
vn 0.532837093 0.846217871 -6.72746319e-05
vn 0.532836974 0.846217871 -6.72667302e-05
vn 0.532836974 0.846217871 -6.72994356e-05
vn 0.532546818 0.846400619 4.5185694e-05
vn 0.532786012 0.846250117 -3.29915274e-05
vn 0.532786012 0.846250117 -3.30246294e-05
vn 0.532786012 0.846250117 -3.30049261e-05
vn 0.532867372 0.846198797 -5.84263325e-05
vn -0.204018503 0.131795257 -0.970054924
vn -0.484068602 -0.463157773 -0.74240315
vn -0.510796189 -0.449120373 -0.733060837
vn -0.636142671 -0.0312940925 -0.770936608
vn -0.639312804 0.322386026 -0.698102057
vn -0.639312923 0.322386026 -0.698101938
vn -0.75845933 0.41783458 -0.500153661
vn -0.758459389 0.41783458 -0.500153661
vn -0.734225988 0.453078777 -0.505600512
vn -0.541062117 0.400907606 -0.739273369
vn -0.541061997 0.400907606 -0.739273369
vn -0.205886096 0.283587754 -0.936583638
vn -0.205886096 0.283587754 -0.936583519
vn -0.000882740016 0.0461256951 -0.998935282
vn -0.745799899 -0.452890217 -0.488541663
vn -0.720286727 -0.422261298 -0.550347686
vn -0.63341552 -0.516206264 -0.576468587
vn -0.822092414 -0.450095654 -0.348680556
vn -0.768022597 -0.463516027 -0.441921175
vn -0.768022418 -0.463516355 -0.441921085
vn -0.768022716 -0.463515848 -0.441921175
vn -0.796824813 -0.461967826 -0.389430285
vn -0.780804515 -0.48372674 -0.395414591
vn -0.780804694 -0.483727038 -0.395414203
vn -0.780804574 -0.483727127 -0.395413876
vn -0.770270526 -0.496891826 -0.399727285
vn -0.769563079 -0.507546246 -0.387516975
vn -0.74499321 -0.575649321 -0.33706519
vn -0.773999929 -0.614598811 0.152290493
vn -0.77399981 -0.614599109 0.152290389
vn -0.773999274 -0.614599824 0.1522903
vn -0.605135918 -0.446878791 -0.658870339
vn -0.62352562 -0.569601238 -0.535509527
vn -0.6283288 -0.568097353 -0.53147763
vn -0.663781226 -0.628212452 -0.405886382
vn -0.663781226 -0.628212452 -0.405886292
vn -0.558494329 -0.515565753 -0.649827778
vn -0.558494508 -0.515565693 -0.64982754
vn -0.588686824 -0.557143807 -0.585695148
vn -0.588686883 -0.557143807 -0.585695028
vn -0.663723826 -0.528790236 -0.529010177
vn -0.663723826 -0.528790116 -0.529010177
vn -0.654377878 -0.704366326 -0.275059521
vn -0.654378116 -0.704366267 -0.275059611
vn -0.654377878 -0.704366267 -0.275059521
vn -0.648908973 -0.70351094 -0.289809614
vn -0.626895905 -0.723885059 -0.288083434
vn -0.626895905 -0.723885059 -0.288083524
vn -0.608397424 -0.727738559 -0.316621721
vn -0.516662478 -0.805547953 -0.290090621
vn -0.540632188 -0.786216021 -0.299301118
vn -0.543518722 -0.761668324 -0.352773219
vn -0.554697275 -0.764141262 -0.329240322
vn -0.432240486 -0.620008588 -0.654795825
vn -0.439309508 -0.662310302 -0.606920421
vn -0.45436731 -0.723697662 -0.519434392
vn -0.610795796 -0.577586353 -0.541592598
vn -0.610795915 -0.577586353 -0.541592598
vn -0.436712086 -0.778342366 -0.451072007
vn -0.182821199 -0.420391053 -0.888733745
vn -0.182821304 -0.420391142 -0.888733745
vn -0.182821304 -0.420391142 -0.888733685
vn -0.297460198 -0.28293246 -0.911847949
vn -0.175788 -0.300699264 -0.937378645
vn -0.155778393 -0.19249694 -0.96885407
vn 0.0477344282 0.129521459 -0.990427017
vn -0.163229406 0.237738952 -0.957515717
vn -0.163229406 0.237739056 -0.957515717
vn -0.0854552314 0.202649757 -0.975515544
vn -0.104293399 0.231098562 -0.967324317
vn -0.0327201411 0.181049362 -0.982929587
vn -0.0415750109 0.20589827 -0.977689862
vn 0.0153964097 0.171556562 -0.985054016
vn 0.0182324592 0.162926465 -0.986469924
vn 0.0686181113 0.129999071 -0.989136994
vn 0.0309156701 0.091859445 -0.995292008
vn -0.247562796 0.228470743 -0.941548645
vn -0.514999509 0.328562826 -0.791720867
vn -0.613524079 0.427435428 -0.663993418
vn -0.596220613 0.36521852 -0.714938164
vn -0.674122214 0.452861398 -0.583503127
vn -0.674122214 0.452861398 -0.583503246
vn -0.664480388 0.400012404 -0.631233752
vn -0.664480507 0.400012404 -0.631233752
vn -0.664480388 0.400012404 -0.631233633
vn -0.706426799 0.454095304 -0.542916834
vn -0.732752323 0.457199395 -0.504026711
vn -0.740634203 0.465365797 -0.484660506
vn -0.740634203 0.465365797 -0.484660417
vn -0.695919514 0.450994998 -0.558837831
vn -0.695919514 0.450994998 -0.558837712
vn -0.620397508 0.53730464 -0.571323752
vn -0.620397627 0.53730464 -0.571323633
vn -0.722378373 0.339239776 -0.602566063
vn -0.647489309 0.408607423 -0.643271148
vn -0.620341778 0.328282833 -0.712324619
vn -0.600721776 0.371182114 -0.708065867
vn -0.573872983 0.333676308 -0.747883618
vn -0.573873103 0.333676308 -0.747883618
vn -0.533390701 0.319692612 -0.783129156
vn -0.533390701 0.319692731 -0.783129156
vn -0.538287699 0.279372424 -0.795108438
vn -0.538287699 0.279372424 -0.795108318
vn -0.65269208 0.264830023 -0.709829628
vn -0.65269208 0.264829934 -0.709829628
vn -0.692863107 0.3603926 -0.624546349
vn -0.704668999 0.309449703 -0.638500214
vn -0.704668999 0.309449703 -0.638500154
vn -0.738963008 0.396427989 -0.544774055
vn -0.748969495 0.352130175 -0.561292112
vn -0.748969495 0.352130175 -0.561292231
vn -0.795808971 0.402805865 -0.452145427
vn -0.795808971 0.402805954 -0.452145427
vn -0.828804672 -0.0126100387 -0.559396029
vn -0.828804612 -0.0126100983 -0.559396088
vn -0.828804374 -0.012610279 -0.559396386
vn -0.758709311 0.0328827351 -0.650599003
vn -0.75870961 0.0328829661 -0.650598526
vn -0.75870961 0.0328829028 -0.650598586
vn -0.913587213 -0.0865995139 -0.397314787
vn -0.86930728 -0.144818619 -0.472580731
vn -0.864709616 -0.17129232 -0.472161531
vn -0.853086591 -0.281236529 -0.439487666
vn -0.853086591 -0.281236649 -0.439487666
vn -0.774107873 -0.309493005 -0.552241981
vn -0.774107814 -0.309493214 -0.552242041
vn -0.802477896 -0.342127711 -0.488853663
vn -0.622943819 -0.278799295 -0.730898082
vn -0.622943878 -0.278799295 -0.730898082
vn -0.701890111 -0.21834299 -0.677994668
vn -0.701890171 -0.21834299 -0.677994549
vn -0.701890171 -0.21834299 -0.67799443
vn -0.681791902 -0.273547381 -0.678477585
vn -0.750562906 -0.236885294 -0.61687988
vn -0.736405075 -0.260588706 -0.624340534
vn -0.761042774 -0.251964122 -0.59776926
vn -0.761042774 -0.251964122 -0.597769141
vn -0.761042893 -0.251964122 -0.59776926
vn -0.573663414 -0.328038782 -0.75053376
vn -0.591235578 -0.318595171 -0.740903378
vn -0.591235518 -0.318595082 -0.740903378
vn -0.62105751 -0.293344766 -0.726798773
vn -0.322278291 0.258183241 -0.910756946
vn -0.284456104 0.309444845 -0.90737462
vn -0.284456015 0.309444845 -0.90737462
vn -0.171049505 0.200354367 -0.964676261
vn -0.749295592 0.446159393 -0.489385337
vn -0.73581928 0.45771718 -0.499064118
vn -0.703986704 0.433137685 -0.562844932
vn -0.703986824 0.433137804 -0.562844932
vn -0.703986824 0.433137685 -0.562844932
vn -0.688245177 0.432794094 -0.58224386
vn -0.650405884 0.404645115 -0.642833233
vn -0.631230116 0.402728021 -0.662841439
vn -0.589103281 0.372095823 -0.717288017
vn -0.564471424 0.368467927 -0.738649845
vn -0.52082938 0.337319911 -0.784188867
vn -0.605393171 0.245291024 -0.757186413
vn -0.60539341 0.245291114 -0.757186413
vn -0.605393291 0.245291114 -0.757186413
vn -0.530920923 0.266735524 -0.804347634
vn -0.530920923 0.266735613 -0.804347754
vn -0.530920804 0.266735613 -0.804347754
vn -0.51055342 0.252008021 -0.822087169
vn -0.513496816 -0.0735222995 -0.854936004
vn -0.513496816 -0.0735222995 -0.854936123
vn -0.551290214 -0.0500277653 -0.832812428
vn -0.506372571 0.0377872698 -0.861486614
vn -0.55120188 0.0672147945 -0.831660211
vn -0.786663473 0.325291395 -0.524734318
vn -0.784278691 0.326271176 -0.52768755
vn -0.743644297 0.287796497 -0.60346204
vn -0.739746511 0.288862795 -0.607728124
vn -0.693208814 0.248953998 -0.676375329
vn -0.687088907 0.250282824 -0.682105124
vn -0.636049688 0.209455222 -0.742677152
vn -0.636049628 0.209455222 -0.742677152
vn -0.627418578 0.210993618 -0.749551535
vn -0.574465513 0.172398433 -0.80016768
vn -0.561712682 0.174607038 -0.808697283
vn -0.509710193 0.138533339 -0.849119604
vn -0.509710312 0.138533339 -0.849119723
vn -0.509710312 0.138533339 -0.849119604
vn -0.576108873 -0.0551093072 -0.815513074
vn -0.617378473 -0.027472062 -0.786186516
vn -0.570320904 0.0637669638 -0.818943202
vn -0.61004591 0.091853559 -0.787024319
vn -0.610045791 0.091853559 -0.7870242
vn -0.610045671 0.091853559 -0.7870242
vn -0.61372149 0.106389426 -0.782321692
vn -0.67544508 0.132295817 -0.725445926
vn -0.677592516 0.139951319 -0.721998692
vn -0.73130399 0.161755204 -0.662593305
vn -0.734898984 0.177584603 -0.654513001
vn -0.734898925 0.177584603 -0.654513001
vn -0.781099319 0.200704589 -0.591271341
vn -0.783863306 0.218030989 -0.581395626
vn -0.823061526 0.238977686 -0.515227616
vn -0.82403332 0.259061277 -0.503841758
vn -0.915374398 0.326587021 -0.235437244
vn -0.915374398 0.326587141 -0.235437244
vn -0.915374279 0.326587021 -0.235437244
vn -0.79589802 0.334781796 -0.504447818
vn -0.795897901 0.334781796 -0.504447818
vn -0.79589808 0.334781796 -0.504447818
vn -0.798656702 0.404515058 -0.445550531
vn -0.798656702 0.404514968 -0.445550531
vn -0.769772828 0.403828382 -0.494340748
vn -0.769772708 0.403828382 -0.494340748
vn -0.7425704 -0.122415796 -0.65848577
vn -0.797747016 -0.0754851252 -0.59824878
vn -0.831712008 -0.199018404 -0.518311441
vn -0.831712008 -0.199018508 -0.518311441
vn -0.831712127 -0.199018508 -0.51831156
vn -0.837568223 -0.200116411 -0.508363068
vn -0.850450516 -0.292098343 -0.437507451
vn -0.896775901 -0.234838247 -0.375025541
vn -0.898187578 0.0353995599 -0.438184798
vn -0.898187697 0.0353995599 -0.438184798
vn -0.898187578 0.0353996195 -0.438184798
vn -0.876136303 0.0308336783 -0.481076598
vn -0.868678987 -0.0189153291 -0.49501431
vn -0.860714316 -0.0259960573 -0.508424222
vn -0.843824923 -0.0452266037 -0.534709394
vn -0.839089572 -0.0443927906 -0.542178929
vn -0.839089692 -0.0443927906 -0.542178929
vn -0.794560313 -0.0872644931 -0.600881815
vn -0.769817173 -0.0197382048 -0.637959123
vn -0.769817293 -0.0197382048 -0.637959123
vn -0.702332914 -0.0214527249 -0.711525381
vn -0.702332914 -0.0214528441 -0.711525381
vn -0.702332914 -0.0214527249 -0.711525321
vn -0.715867579 -0.0416607298 -0.696992218
vn -0.58638829 -0.0649145693 -0.807424784
vn -0.58638829 -0.0649145022 -0.807424784
vn -0.586388409 -0.0649145693 -0.807424784
vn -0.645326614 -0.000702124555 -0.763906419
vn -0.65080303 0.049054984 -0.757660329
vn -0.650803089 0.049054984 -0.757660329
vn -0.204033107 -0.0234198701 -0.978683889
vn -0.172288597 -0.0405084603 -0.984213293
vn -0.2009601 -0.105091646 -0.973945975
vn -0.353562891 -0.436928749 -0.827095389
vn -0.339555591 -0.470606387 -0.814390361
vn -0.339555591 -0.470606387 -0.814390481
vn -0.287209809 -0.40501374 -0.868028939
vn -0.287209898 -0.40501374 -0.868029058
vn -0.260131091 -0.326555461 -0.908676684
vn -0.224569693 -0.316377938 -0.921668947
vn -0.183905095 -0.209212437 -0.960421383
vn -0.149503306 -0.199488238 -0.968428373
vn -0.113145404 -0.127379835 -0.985379279
vn -0.113145404 -0.127379939 -0.985379398
vn -0.0980892107 -0.120554835 -0.987848818
vn -0.0980891511 -0.120554835 -0.987848818
vn -0.0643199012 -0.0615534857 -0.996029079
vn -0.0508205816 -0.0554669574 -0.997166395
vn -0.446531296 -0.0880385414 -0.890426397
vn -0.4825508 -0.0668284595 -0.873314679
vn -0.44081071 0.0162362047 -0.897453308
vn -0.482501507 0.0421236902 -0.874881685
vn -0.443742514 0.10957884 -0.889429808
vn -0.443742514 0.10957884 -0.889429688
vn -0.49205181 0.141547039 -0.858981729
vn -0.492051899 0.141547039 -0.858981729
vn -0.442573398 0.217762545 -0.869889855
vn -0.485419303 0.247307733 -0.838574469
vn -0.44685021 0.301827043 -0.842155218
vn -0.489201397 0.331587017 -0.806679666
vn -0.457465202 0.374423414 -0.806556046
vn -0.424080014 0.291171551 -0.85754025
vn -0.455212206 -0.564101398 -0.68889153
vn -0.455212414 -0.5641011 -0.688891709
vn -0.455212504 -0.564100802 -0.688891828
vn -0.500295401 -0.55795598 -0.66211009
vn -0.500295401 -0.5579561 -0.66211009
vn -0.500295281 -0.5579561 -0.66211009
vn -0.500292599 -0.533626199 -0.681872785
vn -0.563197017 -0.527785897 -0.635807574
vn -0.563197076 -0.527785897 -0.635807574
vn -0.54854548 -0.456223577 -0.700683832
vn -0.57378912 -0.441670269 -0.689705372
vn -0.809039474 -0.306842506 -0.501301289
vn -0.795880079 -0.232884809 -0.558873534
vn -0.79588002 -0.232884809 -0.558873534
vn -0.78562969 -0.230974317 -0.573965967
vn -0.78562969 -0.230974317 -0.573966086
vn -0.748118877 -0.104982294 -0.655207515
vn -0.699498773 -0.142631978 -0.700255394
vn -0.699498713 -0.142631978 -0.700255513
vn -0.681896806 -0.138738587 -0.718170226
vn -0.644976318 -0.164944679 -0.746189475
vn -0.644976318 -0.164944574 -0.746189475
vn -0.621432483 -0.160021082 -0.76695168
vn -0.621432483 -0.160021186 -0.76695168
vn -0.588289201 -0.181397572 -0.788042307
vn -0.588289201 -0.181397572 -0.788042426
vn -0.58828932 -0.181397572 -0.788042426
vn -0.558083415 -0.174770668 -0.811170816
vn -0.52651149 -0.19380106 -0.827784359
vn -0.488661498 -0.185195461 -0.852591634
vn -0.458851814 -0.201476663 -0.865368366
vn -0.362874091 -0.555753052 -0.747971296
vn -0.444583088 -0.598684251 -0.666275501
vn -0.47669059 -0.583250105 -0.65771234
vn -0.492273688 -0.70661062 -0.508299112
vn -0.513527691 -0.707713962 -0.485211819
vn -0.512316704 -0.756231964 -0.406995207
vn -0.512316704 -0.756231844 -0.406995118
vn -0.525322318 -0.770631552 -0.360782027
vn -0.695532978 -0.404660106 -0.593703866
vn -0.708745778 -0.52794826 -0.467921287
vn -0.708745718 -0.52794826 -0.467921197
vn -0.708745718 -0.52794826 -0.467921287
vn -0.747309208 -0.497552931 -0.440420389
vn -0.770080805 -0.496800542 -0.400206298
vn -0.777335286 -0.376215398 -0.50419426
vn -0.705806911 -0.622473836 -0.338176101
vn -0.714294016 -0.601145625 -0.358340591
vn -0.714294016 -0.601145744 -0.358340591
vn -0.698323011 -0.586874068 -0.4097853
vn -0.699154794 -0.542467654 -0.465737581
vn -0.699154675 -0.542467654 -0.465737581
vn -0.667943895 -0.541915536 -0.510077059
vn -0.667943895 -0.541915417 -0.510077178
vn -0.667943895 -0.541915417 -0.510077059
vn -0.654393017 -0.436048001 -0.617763638
vn -0.627539217 -0.432789475 -0.647215486
vn -0.594269514 -0.289121479 -0.750501633
vn -0.540833771 -0.321394891 -0.777305782
vn -0.499401301 -0.312369972 -0.808098674
vn -0.474493206 -0.325908989 -0.817703784
vn -0.0509154201 0.0755230039 -0.99584341
vn -0.0900184512 -0.00354231964 -0.995933771
vn -0.154957399 0.0330632702 -0.987367809
vn -0.178702295 0.0284845009 -0.983490825
vn -0.215749204 0.0497521497 -0.975180626
vn -0.179075405 0.11633876 -0.976932704
vn -0.179075301 0.116338857 -0.976932704
vn -0.148366198 0.111365058 -0.982642114
vn -0.122538298 0.0955593362 -0.987852573
vn -0.0994561911 0.0919463411 -0.990784824
vn -0.0443969294 0.0586954728 -0.997288287
vn -0.336024791 0.180557653 -0.924384296
vn -0.307321697 0.161944047 -0.93772471
vn -0.350670099 0.0896405801 -0.932199121
vn -0.308205903 0.0639202967 -0.949169815
vn -0.340147704 0.00376978912 -0.94036448
vn -0.302543104 -0.0175973363 -0.952973306
vn -0.336794406 -0.0900981128 -0.937257707
vn -0.304384112 -0.107377842 -0.946477771
vn -0.340997189 -0.19451195 -0.91972065
vn -0.314624012 -0.207793251 -0.926193178
vn -0.354417801 -0.31502524 -0.88042444
vn -0.354417801 -0.315025359 -0.88042444
vn -0.266776294 0.154527545 -0.951289475
vn -0.241177604 0.138305157 -0.960575521
vn -0.281075209 0.0684942976 -0.957238376
vn -0.241356 0.0451352969 -0.969386518
vn -0.270061702 -0.011062284 -0.962779522
vn -0.2347911 -0.0301362425 -0.971578717
vn -0.265883595 -0.0981664807 -0.958993971
vn -0.235728905 -0.113733746 -0.9651407
vn -0.269865811 -0.196173251 -0.94270283
vn -0.295605689 0.239903644 -0.924696565
vn -0.295605689 0.239903748 -0.924696565
vn -0.245743603 0.228912652 -0.941917717
vn -0.226790503 0.216060251 -0.949675739
vn -0.184990197 0.206801757 -0.960734963
vn -0.165628001 0.194104463 -0.966897547
vn -0.165627897 0.194104463 -0.966897547
vn -0.134108394 0.187109366 -0.973141968
vn -0.134108305 0.187109366 -0.973141849
vn -0.134108394 0.187109366 -0.973141849
vn -0.112049401 0.172631368 -0.978592575
vn -0.0682861209 0.163494259 -0.984178185
vn -0.0629121587 0.15607436 -0.985739827
vn -0.00684249401 0.120046563 -0.992744803
vn -0.00832831766 0.124141261 -0.9922297
vn 0.0420457087 0.0925051346 -0.994824111
vn 0.0121408096 0.0490828529 -0.998721004
vn -0.370697588 -0.457044274 -0.808513343
vn -0.32879141 -0.327291161 -0.885876238
vn -0.28486231 -0.315420836 -0.905186832
vn -0.2447429 -0.208705857 -0.946859539
vn -0.2069197 -0.198415652 -0.958026886
vn -0.206919596 -0.198415756 -0.958026886
vn -0.2069197 -0.198415756 -0.958026886
vn -0.174149796 -0.118527643 -0.977559805
vn -0.145370901 -0.111277141 -0.98309958
vn -0.145370901 -0.111277141 -0.98309952
vn -0.107573599 -0.0258870889 -0.993860126
vn -0.1187547 -0.0328455716 -0.992380321
vn -0.0921980068 0.0234873723 -0.995463729
vn -0.0921980664 0.0234873723 -0.995463729
vn -0.0310566407 -0.0102381166 -0.999465227
vn -0.0310566407 -0.0102380672 -0.999465227
vn -0.0127675496 3.86746069e-05 -0.99991852
vn -0.0127680302 3.69316076e-05 -0.99991852
vn -0.0127675496 3.86866086e-05 -0.99991858
vn -0.574602783 -0.784038067 -0.234767839
vn -0.608426273 -0.727679431 -0.316701919
vn -0.597554028 -0.730851412 -0.329826206
vn -0.597554028 -0.730851531 -0.329826206
vn -0.598115921 -0.690383554 -0.406974405
vn -0.598115921 -0.690383434 -0.406974405
vn -0.561552405 -0.709223747 -0.426216811
vn -0.539743006 -0.696571052 -0.472722232
vn -0.539743006 -0.696571112 -0.472722322
vn -0.539743006 -0.696571112 -0.472722232
vn -0.529161513 -0.699947059 -0.479648322
vn -0.529161394 -0.699947059 -0.479648232
vn -0.527152419 -0.597913802 -0.603829145
vn -0.527152419 -0.597913802 -0.603829026
vn -0.5271523 -0.597913802 -0.603829145
vn -0.288200408 -0.780113161 -0.555305243
vn -0.288200289 -0.780113161 -0.555305421
vn -0.28820011 -0.780113101 -0.555305541
vn -0.438156098 -0.564107597 -0.699858546
vn -0.414140195 -0.467589796 -0.780927539
vn -0.414140105 -0.467589796 -0.780927479
vn -0.441641808 -0.454121679 -0.773774087
vn -0.402429104 -0.32743156 -0.854891539
vn -0.427618802 -0.314717948 -0.847404778
vn -0.387279898 -0.205885544 -0.898679972
vn -0.414916396 -0.191074744 -0.889570177
vn -0.375507414 -0.0989588723 -0.921521187
vn -0.409621 -0.0799662098 -0.908744216
vn -0.371739686 -0.00242325361 -0.928333819
vn -0.412328303 0.0215703491 -0.910780013
vn -0.376734614 0.0852300823 -0.922392011
vn -0.376734614 0.0852300823 -0.92239207
vn -0.420927703 0.113066547 -0.900020123
vn -0.374493092 0.18766965 -0.908039153
vn -0.410232306 0.211584345 -0.88709712
vn -0.410232306 0.211584449 -0.88709712
vn -0.370583802 0.268691659 -0.889085233
vn -0.370585293 0.268689662 -0.889085233
vn -0.406780899 0.293599039 -0.865060031
vn -0.406780809 0.293599039 -0.865060031
vn -0.371451288 0.340931952 -0.863591015
vn -0.33333841 0.25695616 -0.907115757
vn -0.33333841 0.25695616 -0.907115817
vn 0.0499843918 -0.0646113828 -0.996657908
vn 0.261479706 -0.162607849 -0.951413214
vn 0.3227503 -0.199901447 -0.925133467
vn 0.3227503 -0.199901447 -0.925133348
vn 0.3227503 -0.199901357 -0.925133348
vn 0.159773499 -0.684982598 -0.71082449
vn 0.00338238408 -0.415005654 -0.90981257
vn 0.00338238408 -0.415005654 -0.909812689
vn -0.406043887 -0.763804555 -0.501728237
vn -0.204450697 -0.356237054 -0.911753833
vn 0.636109114 -0.394296885 -0.663246036
vn -0.199116707 -0.893099368 -0.403393447
vn -0.199116707 -0.893099248 -0.403393447
vn -0.199116707 -0.893099248 -0.403393537
vn -0.28507939 -0.857521117 -0.428237557
vn -0.399644405 -0.697157085 -0.595194399
vn -0.399644405 -0.697156966 -0.595194399
vn -0.312952012 -0.757942855 -0.57234931
vn -0.312952012 -0.757942855 -0.572349191
vn -0.366653591 -0.878354311 -0.306690335
vn -0.355021685 -0.881715357 -0.310705245
vn -0.351602405 -0.894908726 -0.274798751
vn -0.351602614 -0.894908547 -0.274798661
vn -0.351602703 -0.894908547 -0.274798751
vn -0.231278598 -0.735305905 -0.637052238
vn -0.231278494 -0.735305905 -0.637052119
vn -0.275402308 -0.665789783 -0.693453431
vn -0.275402397 -0.665789783 -0.693453431
vn 0.0436239205 -0.855191946 -0.516472518
vn -0.108424902 -0.910021722 -0.400130749
vn -0.114873998 -0.909342468 -0.399875641
vn -0.114873998 -0.909342349 -0.399875641
vn -0.124856099 -0.913482726 -0.387247145
vn -0.124856099 -0.913482726 -0.387247235
vn -0.196989194 -0.920695722 -0.336919457
vn -0.188688397 -0.892567515 -0.409536242
vn -0.188688293 -0.892567515 -0.409536242
vn -0.0491483212 -0.921736538 -0.384689659
vn -0.0878198072 -0.915988863 -0.391474545
vn -0.0878198072 -0.915988743 -0.391474754
vn -0.0980588123 -0.913138032 -0.395681053
vn -0.0980588719 -0.913138032 -0.395681053
vn -0.0980589315 -0.913138151 -0.395680934
vn -0.0534161888 -0.836637855 -0.545145631
vn -0.1574637 -0.800989151 -0.577599823
vn -0.1574637 -0.800989091 -0.577599823
vn -0.0706336424 -0.80685246 -0.586515009
vn -0.139954194 -0.761470377 -0.63291049
vn -0.139954194 -0.761470258 -0.63291049
vn -0.139954299 -0.761470377 -0.63291049
vn 0.0290308502 -0.679145753 -0.733429134
vn 0.224010706 -0.854947329 -0.467850745
vn 0.224010706 -0.854947448 -0.467850655
vn 0.224010706 -0.854947448 -0.467850745
vn 0.149451002 -0.904970467 -0.398362935
vn 0.107398897 -0.894001365 -0.435002536
vn 0.367867589 -0.795042813 -0.482265919
vn 0.367867708 -0.795042813 -0.482265919
vn 0.385840207 -0.793712616 -0.470263511
vn 0.385840088 -0.793712616 -0.470263511
vn 0.398398608 -0.813696265 -0.423293233
vn 0.39839831 -0.813696444 -0.423293233
vn 0.398398191 -0.813696444 -0.423293233
vn 0.262375802 -0.870415926 -0.416575551
vn 0.234835699 -0.854052663 -0.464162052
vn 0.325719208 -0.778761148 -0.536132634
vn 0.325538695 -0.776796758 -0.539084136
vn 0.278277814 -0.655480564 -0.702073097
vn 0.322979093 -0.6968261 -0.640404522
vn 0.322979003 -0.6968261 -0.640404522
vn 0.360889614 -0.507897079 -0.782176077
vn 0.415373802 -0.555835009 -0.720077932
vn 0.415373713 -0.555835009 -0.720077932
vn 0.414950311 -0.547828197 -0.726429939
vn 0.470454603 -0.596052587 -0.650687099
vn 0.46997571 -0.578373909 -0.66678822
vn 0.525796175 -0.625970006 -0.575933993
vn 0.525796175 -0.625969887 -0.575933993
vn 0.525796175 -0.625970006 -0.575934112
vn 0.525984108 -0.602115393 -0.600664437
vn 0.565976977 -0.638096213 -0.522018433
vn 0.591200173 -0.629506826 -0.504186094
vn 0.599192321 -0.637191713 -0.484721899
vn 0.599191904 -0.63719213 -0.484721899
vn 0.599192202 -0.637191951 -0.484721899
vn 0.707793891 -0.543695152 -0.451025099
vn 0.707793772 -0.543695152 -0.451024979
vn 0.707793772 -0.543695152 -0.45102489
vn 0.710326314 -0.545431256 -0.444906086
vn 0.710326314 -0.545431256 -0.444906175
vn 0.694617271 -0.514202952 -0.503092766
vn 0.660531104 -0.523297548 -0.538384974
vn 0.627775609 -0.46328491 -0.625511765
vn 0.506329417 -0.485302478 -0.712819874
vn 0.585928321 -0.462712675 -0.665270686
vn 0.585928321 -0.462712795 -0.665270686
vn 0.62204808 -0.536856055 -0.569948971
vn 0.62204808 -0.536856055 -0.569948852
vn 0.567088902 -0.437060475 -0.698132038
vn 0.483038992 -0.439902574 -0.757072747
vn 0.483038992 -0.439902693 -0.757072747
vn 0.467902303 -0.351815075 -0.810736477
vn 0.578966916 -0.367558688 -0.727803588
vn 0.578966796 -0.367558688 -0.727803648
vn 0.629029274 -0.442849398 -0.638910472
vn 0.629029393 -0.442849398 -0.638910472
vn 0.656363189 -0.343002588 -0.671964765
vn 0.656363428 -0.343002588 -0.671964586
vn 0.656363308 -0.343002588 -0.671964645
vn 0.678150117 -0.488615721 -0.54896915
vn 0.678150117 -0.488615721 -0.548969269
vn 0.729506016 -0.48446551 -0.48281908
vn 0.729506016 -0.48446542 -0.482818991
vn 0.729483187 -0.471565217 -0.495460004
vn 0.729483306 -0.471565217 -0.495460004
vn 0.729483306 -0.471565217 -0.495459884
vn 0.730282724 -0.468529612 -0.497159302
vn 0.724505723 -0.456815004 -0.516150773
vn 0.724770427 -0.456681609 -0.515897036
vn 0.724770486 -0.456681609 -0.515897036
vn 0.724770427 -0.45668152 -0.515897036
vn 0.697194815 -0.443626016 -0.563129961
vn 0.761250675 -0.305715501 -0.571870267
vn 0.761250615 -0.305715501 -0.571870446
vn 0.661574721 -0.45510301 -0.595986784
vn 0.661574721 -0.45510301 -0.595986843
vn 0.661574721 -0.455103099 -0.595986843
vn 0.62026608 -0.366512388 -0.69349736
vn 0.579042614 -0.344990581 -0.738709271
vn 0.556360424 -0.308767587 -0.771443963
vn 0.516743004 -0.286443889 -0.806800187
vn 0.488815308 -0.244369566 -0.837462485
vn 0.450548202 -0.221432462 -0.864854932
vn 0.42032069 -0.177993953 -0.889746428
vn 0.4203206 -0.177993953 -0.889746428
vn 0.38425079 -0.156420648 -0.909881175
vn 0.38425079 -0.156420648 -0.909881294
vn 0.354790598 -0.115880854 -0.92773658
vn 0.325630486 -0.0982655436 -0.940376878
vn 0.325630397 -0.0982655436 -0.940376878
vn 0.325630397 -0.098265484 -0.940376878
vn 0.295352608 -0.0572271533 -0.953672886
vn 0.28159669 -0.0501696654 -0.958220422
vn 0.239373505 9.44007843e-05 -0.970927596
vn 0.248705193 -0.00300463103 -0.968574703
vn 0.248705193 -0.00300463103 -0.968574584
vn 0.197125897 0.0412961617 -0.979508221
vn 0.197125807 0.0412961617 -0.979508102
vn 0.195449799 0.0470624305 -0.979583919
vn 0.147394598 0.0996526256 -0.984044909
vn 0.153444096 0.0659203902 -0.985956073
vn 0.123584002 0.102192365 -0.987058222
vn 0.0833969712 0.106711462 -0.990786374
vn 0.0824766085 0.107706167 -0.990755796
vn -0.109110102 -0.25648436 -0.960370243
vn -0.109110102 -0.25648424 -0.960370183
vn 0.0489615202 0.0256044623 -0.998472512
vn -0.00771659613 -0.0235260874 -0.999693513
vn 0.0162160303 -0.0183628872 -0.999699891
vn -0.0356337391 -0.0786470249 -0.996265471
vn -0.0206597392 -0.0744333342 -0.997012019
vn -0.0735247731 -0.151024342 -0.985791922
vn -0.0735247731 -0.151024431 -0.985791981
vn -0.057632979 -0.146352634 -0.987552226
vn -0.115240797 -0.221128136 -0.968412161
vn -0.300182104 -0.346511036 -0.888718665
vn -0.300182104 -0.346511155 -0.888718665
vn -0.300182194 -0.346511155 -0.888718665
vn 0.0354046188 -0.420096964 -0.906788349
vn 0.0354046188 -0.420096964 -0.906788468
vn -0.371700495 -0.658106089 -0.654778838
vn -0.347334296 -0.659843564 -0.666307092
vn -0.347334415 -0.659843564 -0.666307092
vn -0.397064894 -0.770689726 -0.498374432
vn -0.397064894 -0.770689726 -0.498374313
vn -0.437801689 -0.708236992 -0.553832233
vn -0.407112896 -0.682647705 -0.606837094
vn -0.407112896 -0.682647705 -0.606837034
vn -0.439835012 -0.828164637 -0.347402751
vn -0.456559807 -0.82137984 -0.341889411
vn -0.476302803 -0.794793665 -0.376083434
vn -0.403755903 -0.841408551 -0.359183758
vn -0.403755903 -0.84140867 -0.359183758
vn -0.512707472 -0.730228841 -0.451549619
vn -0.363872796 -0.848849535 -0.383472741
vn -0.416652501 -0.855056167 -0.308674157
vn -0.387275606 -0.86327976 -0.323675334
vn -0.407788187 -0.86706543 -0.286192954
vn -0.487949103 -0.830885828 -0.267459244
vn -0.472843289 -0.832107365 -0.289856344
vn -0.344542891 -0.567264855 -0.74799794
vn -0.344542801 -0.567264855 -0.74799782
vn -0.241175607 -0.507530868 -0.827192187
vn -0.241175696 -0.507530868 -0.827192187
vn -0.277525812 -0.509832203 -0.814279258
vn -0.277525812 -0.509832084 -0.814279139
vn -0.277525812 -0.509832203 -0.814279139
vn -0.240795001 -0.434089243 -0.868092239
vn -0.240795106 -0.434089243 -0.868092239
vn -0.1645872 -0.359095037 -0.918674052
vn -0.1645872 -0.359094948 -0.918674052
vn -0.223160893 -0.308557749 -0.924657464
vn -0.106258802 -0.22361663 -0.968867779
vn 0.00960916188 -0.302017748 -0.953253984
vn 0.0901201889 -0.361168057 -0.928135872
vn -0.0134537201 -0.479234964 -0.877583683
vn 0.0712349415 -0.538652658 -0.839511275
vn -0.0482753515 -0.659880459 -0.749818206
vn -0.0144066196 -0.684078455 -0.729266226
vn -0.0654836819 -0.546123087 -0.835141659
vn -0.0654836819 -0.546123087 -0.83514154
vn -0.121439897 -0.543794453 -0.830385387
vn -0.121440001 -0.543794453 -0.830385566
vn -0.0346954986 -0.606285155 -0.794490099
vn 0.0893329307 -0.423623443 -0.901422679
vn 0.169956997 -0.478018761 -0.861749887
vn 0.0691028833 -0.594810367 -0.800890446
vn 0.142305896 -0.639602959 -0.755418599
vn 0.0470973216 -0.362782866 -0.930682778
vn 0.129905894 -0.42099005 -0.897714734
vn 0.0262726508 -0.540235579 -0.841103673
vn 0.105930902 -0.592641056 -0.798470497
vn 0.0175958201 -0.682953 -0.730250537
vn 0.0716708824 -0.711517155 -0.699003994
vn 0.0629123971 -0.746452093 -0.662458599
vn 0.0629123971 -0.746452093 -0.662458539
vn 0.120124303 -0.783786356 -0.609302223
vn 0.120124198 -0.783786356 -0.609302223
vn 0.120124198 -0.783786356 -0.609302104
vn -0.166760802 -0.721883655 -0.671621144
vn -0.123978101 -0.725473404 -0.67699182
vn -0.203862295 -0.670559108 -0.713295698
vn -0.154573902 -0.675774992 -0.720718443
vn -0.254007787 -0.927888155 -0.272953659
vn -0.255195409 -0.912282646 -0.320337057
vn -0.226146594 -0.907345057 -0.354376644
vn -0.226146698 -0.907345057 -0.354376644
vn -0.238420293 -0.887649119 -0.393998444
vn -0.166731805 -0.854529917 -0.491913855
vn -0.224729195 -0.821828723 -0.523540318
vn -0.224729195 -0.821828663 -0.523540199
vn -0.2247293 -0.821828842 -0.523540199
vn -0.237242296 -0.80476284 -0.544125736
vn -0.211329103 -0.815380752 -0.538975239
vn -0.248916894 -0.753546357 -0.608447492
vn -0.0697711706 -0.859177351 -0.506898701
vn -0.125149697 -0.889043868 -0.440384448
vn -0.169694707 -0.867230654 -0.468097061
vn -0.238049299 -0.85628736 -0.458371639
vn -0.238049299 -0.85628742 -0.458371758
vn -0.109488197 -0.778469265 -0.618059933
vn -0.109488197 -0.778469205 -0.618059933
vn -0.1179244 -0.753479898 -0.646809042
vn -0.00261718011 -0.661673069 -0.749787927
vn -0.0863355324 -0.605213463 -0.791367829
vn 0.0371323787 -0.478574961 -0.877261281
vn 0.0371323787 -0.478574842 -0.877261281
vn -0.0491455086 -0.414773047 -0.908596873
vn -0.0491455086 -0.414773047 -0.908596754
vn 0.0519325696 -0.301087737 -0.952181339
vn 0.296716392 -0.587868392 -0.752575934
vn 0.192848995 -0.555244982 -0.809019327
vn 0.1928491 -0.555244982 -0.809019327
vn 0.192849204 -0.555244982 -0.809019446
vn 0.233747005 -0.579193056 -0.780959547
vn 0.255623907 -0.576087952 -0.776388526
vn 0.182096794 -0.532612979 -0.82653743
vn 0.269449204 -0.660003781 -0.701279044
vn 0.210872397 -0.722411692 -0.658524394
vn 0.229027405 -0.719892681 -0.655210614
vn 0.229027495 -0.7198928 -0.655210614
vn 0.229027495 -0.719892681 -0.655210733
vn 0.1245239 -0.814102352 -0.567213535
vn 0.141603693 -0.81245029 -0.565573335
vn 0.141603693 -0.812450171 -0.565573215
vn 0.141603693 -0.812450051 -0.565573335
vn 0.323666513 -0.268417448 -0.90729934
vn 0.323666513 -0.268417358 -0.90729934
vn 0.345662594 -0.264997751 -0.900163174
vn 0.345662594 -0.26499784 -0.900163174
vn 0.3941091 -0.293419152 -0.870966971
vn 0.361284196 -0.289406359 -0.886407137
vn 0.453060299 -0.342101663 -0.823227167
vn 0.453060299 -0.342101544 -0.823227167
vn 0.4276039 -0.339826941 -0.837659061
vn 0.478976697 -0.368170083 -0.796889186
vn 0.519229174 -0.342884988 -0.782835245
vn 0.574669778 -0.399466485 -0.714269638
vn 0.0848245025 0.00292746536 -0.996391714
vn 0.1603342 -0.0456484109 -0.986006677
vn 0.159583002 -0.0658794194 -0.984983921
vn 0.0344486795 0.0242147818 -0.999113083
vn 0.0733908415 -0.00195010053 -0.99730128
vn 0.0699157715 -0.0391880348 -0.99678278
vn 0.143582299 -0.0884763673 -0.985675514
vn 0.141836897 -0.116342746 -0.983029306
vn 0.221914306 -0.168238029 -0.960442722
vn 0.172959194 -0.238406748 -0.955639839
vn 0.249337897 -0.28857556 -0.92442137
vn 0.186198503 -0.377954066 -0.90690726
vn 0.246734604 -0.416805655 -0.874868631
vn 0.253167808 -0.440259546 -0.861439288
vn 0.299326509 -0.468233556 -0.831360936
vn 0.304205805 -0.486326069 -0.819112778
vn 0.346758008 -0.510384798 -0.786934853
vn 0.346757889 -0.510384858 -0.786934853
vn 0.346757889 -0.510384798 -0.786934853
vn 0.332654387 -0.547414362 -0.767905354
vn 0.332654297 -0.547414362 -0.767905235
vn 0.221585497 -0.104643546 -0.969510019
vn 0.242379397 -0.16527915 -0.955999494
vn 0.241746902 -0.166253656 -0.955990613
vn 0.241746902 -0.166253656 -0.955990672
vn 0.263035595 -0.231275246 -0.93665576
vn 0.222416207 -0.291777849 -0.930267036
vn 0.284184188 -0.330881655 -0.899864733
vn 0.290856093 -0.352883041 -0.889312267
vn 0.340273887 -0.382500052 -0.859015346
vn 0.340273887 -0.382500261 -0.859015465
vn 0.345223904 -0.399792254 -0.849109232
vn 0.400257796 -0.430993587 -0.80872637
vn 0.403891414 -0.443279386 -0.800234437
vn 0.403891414 -0.443279386 -0.800234556
vn 0.461857796 -0.47386089 -0.749762177
vn 0.464257807 -0.482602894 -0.742670476
vn 0.522730172 -0.511433661 -0.682047367
vn 0.522730291 -0.511433661 -0.682047367
vn 0.522730291 -0.511433661 -0.682047486
vn 0.524121881 -0.517176092 -0.676627755
vn 0.580594718 -0.542048752 -0.607530177
vn 0.580594718 -0.542048872 -0.607530177
vn 0.581467807 -0.546192884 -0.602966666
vn 0.633294523 -0.565763652 -0.528062344
vn 0.633294404 -0.565763652 -0.528062344
vn 0.633657813 -0.568772912 -0.524380744
vn 0.646166801 -0.572799027 -0.504350901
vn 0.646166801 -0.572799146 -0.504350841
vn 0.690486073 -0.684886158 -0.232722908
vn 0.690486193 -0.684886038 -0.232722908
vn 0.690486014 -0.684886217 -0.232722908
vn -0.28836149 -0.6993168 -0.654067039
vn -0.187389493 -0.618610084 -0.763024807
vn -0.238939106 -0.612514794 -0.75348109
vn -0.0980331823 -0.481647462 -0.870864689
vn -0.153482407 -0.478803754 -0.864401639
vn -0.0309042893 -0.351305455 -0.935750842
vn -0.0309042893 -0.351305366 -0.935750782
vn -0.0804727599 -0.350439757 -0.933121681
vn 0.0149963396 -0.244017035 -0.969655037
vn -0.0230877902 -0.244468033 -0.969382584
vn 0.0380914807 -0.172829941 -0.984214902
vn 0.0872812197 -0.208930135 -0.974027872
vn 0.0872811601 -0.208930135 -0.974027872
vn 0.0540073514 -0.210126042 -0.976181567
vn 0.128231198 -0.263210654 -0.956178367
vn 0.128231198 -0.263210565 -0.956178367
vn 0.0935608074 -0.265339345 -0.95960474
vn 0.171769202 -0.319468558 -0.931898773
vn 0.67806232 -0.414234012 -0.60715878
vn 0.687123299 -0.433000296 -0.583414376
vn 0.630952179 -0.403371185 -0.662714839
vn 0.650979877 -0.402703792 -0.643470943
vn 0.650979877 -0.402703792 -0.643470883
vn 0.570909977 -0.359590381 -0.73807627
vn 0.595818698 -0.360104769 -0.717861176
vn 0.504057825 -0.309549481 -0.806290865
vn 0.535428405 -0.311576366 -0.785007358
vn 0.535428405 -0.311576486 -0.785007477
vn 0.432600796 -0.253853142 -0.86510998
vn 0.432600707 -0.253853142 -0.86510998
vn 0.472732991 -0.258006364 -0.84258908
vn 0.362559706 -0.195312157 -0.911264837
vn 0.4114573 -0.201625854 -0.88884753
vn 0.302947789 -0.139047444 -0.942808926
vn 0.302947789 -0.139047444 -0.942808807
vn 0.3029477 -0.139047548 -0.942808926
vn 0.353734314 -0.146553352 -0.923793375
vn 0.258559704 -0.0910592824 -0.961694002
vn 0.300626397 -0.0976740345 -0.94872731
vn 0.220281795 -0.0501121394 -0.974148214
vn 0.220281795 -0.050112199 -0.974148214
vn 0.252665311 -0.0554710217 -0.96596241
vn 0.168071494 -0.00486411434 -0.985762775
vn 0.189424604 -0.00257380609 -0.98189187
vn 0.111403398 0.0455193296 -0.992732406
vn 0.115761302 0.0459508114 -0.992213726
vn 0.071442537 0.0740015954 -0.994695902
vn 0.0620218515 0.0722918361 -0.995453298
vn -0.403360486 -0.799241841 -0.445548028
vn -0.384826988 -0.808026612 -0.446095318
vn -0.409479111 -0.774341762 -0.482412428
vn -0.409479201 -0.774341822 -0.482412428
vn -0.434138507 -0.754625142 -0.492000729
vn -0.434138596 -0.754625022 -0.492000729
vn -0.434138596 -0.754625142 -0.492000729
vn -0.364598602 -0.712540269 -0.599461615
vn -0.375461787 -0.635535657 -0.674628019
vn -0.319196492 -0.639025152 -0.699828923
vn -0.221247002 -0.557216108 -0.80035001
vn -0.221247002 -0.557216108 -0.80035013
vn -0.221247002 -0.557215989 -0.80035001
vn -0.2717776 -0.550771058 -0.789169312
vn -0.132008299 -0.41730985 -0.899125338
vn -0.132008299 -0.41730985 -0.899125278
vn -0.132008299 -0.417309761 -0.899125338
vn -0.181864306 -0.414224148 -0.891820431
vn -0.0644983575 -0.291817158 -0.954296947
vn -0.106597997 -0.291195363 -0.950706184
vn -0.106597997 -0.291195363 -0.950706244
vn -0.0185649302 -0.193626538 -0.980899751
vn -0.0185649302 -0.193626538 -0.980899632
vn -0.0501731001 -0.194034532 -0.979710877
vn 0.01621156 -0.117121935 -0.992985308
vn 0.0254653003 -0.116806038 -0.99282831
vn 0.0469167791 -0.0905943662 -0.99478209
vn 0.112471104 -0.13637884 -0.984251618
vn 0.127753094 -0.13540183 -0.982520103
vn 0.144884095 -0.198135629 -0.969407439
vn 0.201220602 -0.235831052 -0.950733483
vn 0.137743399 -0.321939141 -0.936686754
vn 0.216487497 -0.374623865 -0.901548743
vn 0.216487497 -0.374623865 -0.901548862
vn 0.134498805 -0.481078953 -0.866298676
vn 0.210575804 -0.529377162 -0.821837962
vn 0.112544298 -0.642277658 -0.758164525
vn 0.112544201 -0.642277658 -0.758164406
vn 0.112544201 -0.642277658 -0.758164346
vn 0.183676407 -0.682269871 -0.707651734
vn 0.183676496 -0.682269871 -0.707651734
vn 0.0759245083 -0.783306062 -0.616982222
vn 0.0710309669 -0.780053198 -0.621668398
vn 0.0710309669 -0.780053198 -0.621668339
vn 0.0420050584 -0.870483637 -0.490401953
vn 0.0420049988 -0.870483518 -0.490401953
vn 0.073497951 -0.862130463 -0.501327395
vn 0.0734978914 -0.862130463 -0.501327515
vn 0.111150898 -0.888916969 -0.444378436
vn 0.186607495 -0.837986946 -0.512791991
vn 0.186607495 -0.837986946 -0.512791932
vn 0.175825104 -0.839382052 -0.514318526
vn 0.2774598 -0.751847804 -0.598114431
vn 0.264953911 -0.754116058 -0.600922823
vn 0.342011511 -0.672120392 -0.656720936
vn 0.342011511 -0.672120392 -0.656720996
vn 0.342011213 -0.672120154 -0.656721234
vn 0.3615233 -0.742794156 -0.563522637
vn 0.361523598 -0.742794275 -0.56352222
vn 0.361523688 -0.742794275 -0.56352222
vn -0.0800874829 0.0166658275 0.99664861
vn -0.260036498 0.165115058 0.951376915
vn -0.320090085 0.204592049 0.925032139
vn -0.686570227 -0.15229772 0.710933805
vn -0.686570227 -0.15229772 0.710933685
vn -0.375610799 -0.176536053 0.909808576
vn -0.718954206 -0.566252947 0.403066516
vn -0.718954086 -0.566252947 0.403066516
vn -0.718954086 -0.566253066 0.403066516
vn -0.650079787 -0.627871633 0.427987814
vn -0.650079787 -0.627871633 0.427987725
vn -0.43498221 -0.679593623 0.590713978
vn -0.547478914 -0.61305362 0.569589555
vn -0.607701302 -0.695138454 0.384033591
vn -0.590583026 -0.759845555 0.271747082
vn -0.515506029 -0.803748369 0.29705587
vn -0.630930901 0.403155893 0.662866175
vn -0.605491281 0.245143175 0.757155955
vn -0.519345999 0.269674182 0.810898185
vn -0.51934588 0.269674182 0.810898066
vn -0.582105219 0.362800568 0.727687538
vn -0.582105219 0.362800688 0.727687538
vn -0.671134412 0.375828415 0.639008462
vn -0.671134472 0.375828415 0.639008343
vn -0.671134412 0.375828415 0.639008343
vn -0.599607825 0.438123882 0.669714868
vn -0.733492196 0.400883019 0.548891664
vn -0.733492315 0.400883019 0.548891485
vn -0.733492374 0.400883019 0.548891366
vn -0.752152622 0.448103309 0.483187258
vn -0.752152503 0.448103309 0.483187258
vn -0.740965784 0.453597605 0.495195955
vn -0.740965784 0.453597605 0.495195866
vn -0.738526523 0.455731124 0.496877968
vn -0.725362778 0.455792606 0.515850663
vn -0.7254408 0.456014216 0.51554507
vn -0.701522529 0.43664372 0.563212574
vn -0.620486677 0.537118196 0.571401954
vn -0.620486379 0.537118077 0.571402371
vn -0.620486617 0.537118077 0.571402133
vn -0.695704281 0.400878012 0.59606415
vn -0.695704401 0.400878012 0.596064031
vn -0.695704281 0.400877923 0.59606415
vn -0.598640025 0.400860667 0.693498969
vn -0.561610281 0.373139977 0.738485336
vn -0.519123614 0.368267894 0.771290839
vn -0.481595993 0.34199667 0.806909978
vn -0.481595993 0.341996789 0.806909978
vn -0.432188809 0.335189849 0.837174177
vn -0.432188898 0.335189939 0.837174177
vn -0.432188809 0.335189939 0.837174177
vn -0.39442879 0.310124457 0.865013778
vn -0.342411786 0.302027643 0.889681756
vn -0.307521194 0.278764248 0.909791887
vn -0.257706195 0.269590557 0.927851677
vn -0.229813203 0.251301259 0.940230668
vn -0.179342806 0.241527155 0.953677535
vn -0.166776806 0.232101858 0.958287179
vn -0.103194803 0.215503037 0.971035182
vn -0.110254101 0.222835943 0.968601286
vn -0.110254101 0.222835943 0.968601167
vn -0.110253997 0.222835943 0.968601167
vn -0.0481221005 0.195570931 0.979508281
vn -0.0424296185 0.196667731 0.979551733
vn 0.0263590794 0.175903037 0.984054506
vn -0.00705146696 0.166940942 0.985941708
vn 0.0386198685 0.155358732 0.987102926
vn 0.0563073084 0.127117738 0.990288198
vn 0.0645623803 0.125309229 0.990014911
vn -0.2040907 -0.123392053 0.971144497
vn -0.2040907 -0.123392053 0.971144378
vn -0.159907505 -0.233441055 0.959132314
vn -0.185121894 -0.333196253 0.924505413
vn -0.304855704 -0.294510543 0.905718863
vn -0.304855794 -0.294510543 0.905718863
vn -0.178389698 -0.281155646 0.942936242
vn -0.178389698 -0.281155556 0.942936242
vn -0.3545762 -0.490017205 0.796340942
vn -0.354576111 -0.490017205 0.796340942
vn -0.358345211 -0.462684214 0.810871243
vn -0.369277388 -0.544140637 0.75335592
vn -0.426654011 -0.606376231 0.671024799
vn -0.439736307 -0.58826983 0.678653598
vn -0.439736307 -0.58826983 0.678653479
vn -0.513208389 -0.69641757 0.501617074
vn -0.50698638 -0.79757458 0.326863289
vn -0.545113206 -0.786251068 0.290965676
vn -0.537870705 -0.786162972 0.304373175
vn -0.537870705 -0.786163032 0.304373175
vn -0.54912138 -0.747047186 0.374681473
vn -0.521430016 -0.763112783 0.381798089
vn -0.521430016 -0.763112843 0.38179788
vn -0.521430016 -0.763112843 0.381798089
vn -0.409913689 -0.74161756 0.531012475
vn -0.409913599 -0.74161756 0.531012356
vn -0.409913599 -0.74161756 0.531012595
vn -0.545811474 -0.691827178 0.472720891
vn -0.545811415 -0.691827178 0.472720891
vn -0.434635788 -0.694198012 0.573742986
vn -0.556487501 -0.754695654 0.347500086
vn -0.595628083 -0.73202765 0.330700487
vn -0.606430829 -0.731548071 0.311575174
vn -0.628941894 -0.717552543 0.299249768
vn -0.628942013 -0.717552543 0.299249768
vn -0.637559116 -0.724539638 0.261840969
vn -0.563206673 -0.527913809 0.635692835
vn -0.563206673 -0.527913928 0.635692716
vn -0.479386598 -0.534882545 0.695765257
vn -0.479386806 -0.534882426 0.695765257
vn -0.785659611 -0.368765175 0.496740729
vn -0.785659671 -0.368765175 0.496740729
vn -0.785659611 -0.368765175 0.496740639
vn -0.770438671 -0.496404558 0.400008619
vn -0.770190299 -0.496816963 0.399974912
vn -0.769638419 -0.507597685 0.387300313
vn -0.74504602 -0.575698674 0.336864412
vn -0.72548908 -0.558491886 0.402184606
vn -0.725489318 -0.558491588 0.402184725
vn -0.810422421 -0.443627268 0.382636338
vn -0.810421824 -0.443628252 0.382636547
vn -0.788840592 -0.475901455 0.3889063
vn -0.788840711 -0.475901663 0.3889063
vn -0.781744123 -0.484187871 0.392986417
vn -0.781744182 -0.48418805 0.392986119
vn -0.781744182 -0.484187961 0.392986208
vn -0.726780474 -0.421698689 0.542181253
vn -0.726780474 -0.421698689 0.542181134
vn -0.651629925 -0.492967278 0.576508343
vn -0.651629925 -0.492967278 0.576508462
vn -0.697337687 -0.413011581 0.585782945
vn -0.624809921 -0.456978083 0.63307482
vn -0.624809802 -0.456977993 0.63307482
vn -0.624809802 -0.456978083 0.63307482
vn -0.624019086 -0.26959601 0.733429134
vn -0.624019086 -0.26959601 0.733429015
vn -0.85244292 -0.290225059 0.434868544
vn -0.864646614 -0.171252668 0.472291172
vn -0.871542513 -0.183379069 0.454737067
vn -0.879039705 -0.258324474 0.400696456
vn -0.879039824 -0.258324474 0.400696456
vn -0.86855948 -0.018888671 0.495225012
vn -0.86855942 -0.018888671 0.495224893
vn -0.875456393 0.0304649211 0.482336015
vn -0.875456512 0.0304649211 0.482336104
vn -0.898185074 0.0353994183 0.438190013
vn -0.898185074 0.0353993587 0.438189894
vn -0.898185074 0.0353994183 0.438189894
vn -0.913571894 -0.0865985751 0.397350103
vn -0.913572013 -0.0865986943 0.397350103
vn -0.913571894 -0.0865986943 0.397350103
vn -0.869208574 -0.144792378 0.472770274
vn -0.842793822 -0.0422814041 0.536573529
vn -0.842793703 -0.0422813557 0.53657341
vn -0.841515779 -0.0418005809 0.538613021
vn -0.841515779 -0.0418005176 0.538613021
vn -0.711201072 -0.0309846345 0.702305496
vn -0.711201072 -0.0309846345 0.702305377
vn -0.767846406 -0.00959210005 0.640562117
vn -0.767846584 -0.00959204137 0.640562117
vn -0.613764405 0.10659647 0.782259822
vn -0.613764405 0.10659647 0.782260001
vn -0.680461705 0.134677187 0.72030127
vn -0.674749017 0.137223974 0.725178182
vn -0.741651773 0.165038303 0.650165319
vn -0.725949883 0.172232002 0.66583252
vn -0.792908072 0.201177403 0.575173378
vn -0.771699309 0.211787492 0.599688768
vn -0.832901001 0.241548225 0.497926116
vn -0.813508689 0.25258112 0.523838162
vn -0.813508809 0.252581209 0.523838282
vn -0.795999706 0.402796447 0.451818049
vn -0.795999706 0.402796537 0.451818168
vn -0.798696876 0.404636741 0.445367754
vn -0.763907611 0.403815418 0.503367066
vn -0.757507801 0.368890315 0.538611233
vn -0.689738095 0.365271807 0.625170231
vn -0.752981007 0.328562409 0.570145965
vn -0.752981007 0.328562498 0.570145965
vn -0.639359713 0.32223019 0.698131084
vn -0.65670228 0.245702088 0.713002682
vn -0.65670228 0.245702088 0.713002563
vn -0.670377374 0.327733696 0.665721238
vn -0.000378705998 0.0688279346 0.997628629
vn -0.0093771806 -0.0224419013 0.999704182
vn -0.0240913592 0.021298008 0.99948293
vn -0.0240914207 0.021298008 0.99948293
vn -0.0473691784 -0.0704170838 0.99639231
vn -0.0581143983 -0.0304049011 0.997846901
vn -0.0581143983 -0.0304049626 0.997846901
vn -0.0920961425 -0.137561366 0.986202478
vn -0.1060405 -0.0870029703 0.990548313
vn -0.142715201 -0.228485957 0.963029861
vn -0.165994897 -0.163137868 0.972538888
vn -0.165995002 -0.163137957 0.972538888
vn -0.233041793 -0.338414758 0.911683559
vn -0.233041793 -0.338414758 0.911683619
vn -0.252772599 -0.303761542 0.91860497
vn -0.295648009 -0.429968655 0.853064656
vn -0.293749303 -0.430688441 0.853357315
vn -0.293749303 -0.430688649 0.853357315
vn -0.293749303 -0.430688649 0.853357434
vn -0.276458114 -0.121962957 0.953255475
vn -0.364634395 -0.0749404058 0.928130329
vn -0.42626971 -0.219289452 0.877613962
vn -0.5163517 -0.168826938 0.839570403
vn -0.573636293 -0.328026921 0.750559747
vn -0.610609114 -0.307797521 0.729669213
vn -0.610609174 -0.307797521 0.729669213
vn -0.464030087 -0.29519695 0.835185528
vn -0.464030087 -0.29519695 0.835185647
vn -0.437848508 -0.344904453 0.830258846
vn -0.531792402 -0.293673128 0.794325531
vn -0.531792402 -0.293673128 0.79432565
vn -0.420407206 -0.102781847 0.901495278
vn -0.504266679 -0.053176783 0.861909211
vn -0.565898597 -0.195302531 0.801009238
vn -0.565898597 -0.195302427 0.801009238
vn -0.638673127 -0.148286015 0.75505501
vn -0.347604811 -0.114246748 0.930655003
vn -0.435682207 -0.0654145107 0.897720397
vn -0.435682297 -0.0654145703 0.897720397
vn -0.435682207 -0.0654145703 0.897720397
vn -0.498352408 -0.20998393 0.841160953
vn -0.498352289 -0.209983841 0.841160953
vn -0.580245018 -0.160898134 0.798390806
vn -0.623089671 -0.278574526 0.730859458
vn -0.672271371 -0.242069215 0.699609637
vn -0.700487792 -0.265774131 0.662330031
vn -0.758751392 -0.229656801 0.609552443
vn -0.578477979 -0.462772131 0.671718121
vn -0.600369871 -0.425510406 0.677124023
vn -0.51684469 -0.473474711 0.713227451
vn -0.542493403 -0.431512833 0.720761955
vn -0.726782501 -0.630987167 0.271371603
vn -0.726782322 -0.630987346 0.271371603
vn -0.726782084 -0.630987644 0.271371722
vn -0.712273002 -0.625182569 0.319083214
vn -0.720066071 -0.596443176 0.354627013
vn -0.697219193 -0.598911047 0.393942803
vn -0.697219074 -0.598911166 0.393942803
vn -0.698450506 -0.519837856 0.491869509
vn -0.698450387 -0.519837976 0.491869509
vn -0.642996073 -0.558715582 0.523825288
vn -0.622933626 -0.562399685 0.543746471
vn -0.643937826 -0.54347986 0.538492262
vn -0.643937886 -0.54347986 0.538492143
vn -0.643937826 -0.54347986 0.538492143
vn -0.571462989 -0.550646722 0.608455598
vn -0.571463108 -0.550646722 0.608455598
vn -0.745965302 -0.455151379 0.486182153
vn -0.747114003 -0.497554749 0.440749317
vn -0.708731413 -0.527835488 0.468070209
vn -0.669057906 -0.585033178 0.458364308
vn -0.669057906 -0.585033178 0.458364218
vn -0.654764473 -0.436042696 0.617373765
vn -0.627434611 -0.432857722 0.647271216
vn -0.594008803 -0.288887709 0.750797927
vn -0.508293629 -0.33960411 0.791395366
vn -0.508293688 -0.33960411 0.791395426
vn -0.508293808 -0.33960411 0.791395366
vn -0.44787541 -0.173049644 0.877189577
vn -0.352595896 -0.223457649 0.908703864
vn -0.293893099 -0.0834485069 0.952188671
vn -0.654254079 0.00958191883 0.756214201
vn -0.58626461 -0.0649232939 0.807514012
vn -0.58626461 -0.0649233535 0.807514071
vn -0.623366475 -0.0401633978 0.780897617
vn -0.630087793 -0.0186499376 0.776299894
vn -0.558949113 -0.0661902577 0.826556027
vn -0.711490571 -0.0423556454 0.701418102
vn -0.711490512 -0.0423556454 0.701417983
vn -0.742585897 -0.122437306 0.658464372
vn -0.742586017 -0.122437403 0.658464372
vn -0.742586017 -0.122437306 0.658464313
vn -0.748179913 -0.104932107 0.655146003
vn -0.748179913 -0.104932107 0.655145884
vn -0.787649512 -0.239717185 0.567577243
vn -0.793715775 -0.223810583 0.565618217
vn -0.793715894 -0.223810688 0.565618217
vn -0.381952494 0.175753251 0.907316387
vn -0.388358593 0.197185352 0.900164187
vn -0.4353697 0.228471756 0.870777786
vn -0.4353697 0.228471845 0.870777786
vn -0.41763851 0.200774148 0.886153579
vn -0.41763851 0.200774148 0.88615346
vn -0.41763851 0.200774044 0.88615346
vn -0.504396975 0.260555357 0.82322228
vn -0.504396975 0.260555357 0.82322216
vn -0.491351604 0.238544673 0.837657571
vn -0.491351485 0.238544673 0.837657571
vn -0.491351604 0.238544673 0.83765763
vn -0.538923085 0.272532195 0.797049642
vn -0.53338927 0.319784373 0.783092678
vn -0.53338927 0.319784284 0.783092678
vn -0.608687818 0.34501487 0.714467585
vn -0.0340528414 0.0777409747 0.996392012
vn -0.110525101 0.124817237 0.986004472
vn -0.128383294 0.115416937 0.98498559
vn 0.0143277002 0.0371584371 0.999206722
vn -0.0335035287 0.0653095394 0.997302473
vn -0.0655550286 0.0460826866 0.996784389
vn -0.141848505 0.0911855176 0.985679626
vn -0.166282505 0.077515915 0.983026624
vn -0.247660995 0.12720044 0.960460424
vn -0.289995909 0.0528937727 0.955565214
vn -0.289995998 0.0528937727 0.955565095
vn -0.368240595 0.100182153 0.9243173
vn -0.368240714 0.100182153 0.9243173
vn -0.4211815 0.00437411759 0.906965911
vn -0.482502908 0.0421230495 0.87488091
vn -0.506372571 0.0377869867 0.861486614
vn -0.551594496 0.0674760193 0.831378698
vn -0.570119023 0.0641305223 0.819055319
vn -0.610091805 0.0918235034 0.786992073
vn -0.640586972 0.059449546 0.765581012
vn -0.1900886 0.154535934 0.969528317
vn -0.253962189 0.146898955 0.955993712
vn -0.254392087 0.146196455 0.955987096
vn -0.322304904 0.137493253 0.936597705
vn -0.359370291 0.0745213926 0.930214822
vn -0.420929104 0.113066152 0.900019288
vn -0.444037497 0.109502159 0.889291823
vn -0.492083609 0.141397759 0.858987987
vn -0.492083609 0.14139767 0.858987987
vn -0.509842813 0.138708964 0.849011421
vn -0.561345875 0.174350068 0.809007287
vn -0.574439228 0.172237471 0.800221205
vn -0.627333224 0.211153582 0.749578059
vn -0.636070907 0.209569976 0.742626667
vn -0.687275112 0.249981001 0.682028353
vn -0.692962706 0.248749003 0.676702976
vn -0.739746809 0.288862497 0.607727945
vn -0.743818402 0.287953407 0.603172481
vn -0.743818402 0.287953407 0.603172541
vn -0.784422278 0.326027721 0.527624488
vn -0.786776781 0.325192213 0.524625957
vn -0.795916796 0.33458522 0.504548788
vn -0.915436029 0.326706558 0.235031053
vn -0.915436089 0.326706678 0.235031053
vn -0.915436208 0.326706558 0.235031053
vn -0.506013095 -0.562823892 0.653590202
vn -0.506013215 -0.562823892 0.653590202
vn -0.476613909 -0.436822325 0.762905955
vn -0.448858291 -0.480594814 0.753362417
vn -0.391805798 -0.29652825 0.870953023
vn -0.3647829 -0.345608056 0.864574254
vn -0.303395301 -0.179684743 0.935769618
vn -0.303395301 -0.179684743 0.935769677
vn -0.281288713 -0.224048048 0.933101952
vn -0.281288803 -0.224048048 0.933101952
vn -0.226693407 -0.0917848647 0.969631672
vn -0.210447997 -0.126514167 0.969384313
vn -0.210448101 -0.126514167 0.969384313
vn -0.172582895 -0.040612489 0.984157383
vn -0.172582895 -0.040612489 0.984157503
vn -0.226202294 -0.0115980282 0.974011421
vn -0.226202294 -0.0115980282 0.974011302
vn -0.213175595 -0.0424879603 0.976089716
vn -0.292780787 0.00176604826 0.95617801
vn -0.279571414 -0.030466117 0.959641516
vn -0.362306088 0.0165501479 0.931912303
vn -0.666839778 0.432224423 0.607047677
vn -0.687684894 0.432292819 0.583277285
vn -0.687684894 0.432292819 0.583277345
vn -0.636834383 0.394653887 0.662336946
vn -0.644721627 0.41282168 0.643360257
vn -0.57127732 0.359463185 0.737853944
vn -0.582276881 0.381228387 0.718065739
vn -0.496917307 0.320403486 0.80648315
vn -0.496917307 0.320403367 0.80648303
vn -0.512385905 0.347902089 0.785127282
vn -0.416037589 0.280201346 0.865101278
vn -0.437300295 0.314912051 0.842377067
vn -0.437300295 0.31491214 0.842376947
vn -0.333227009 0.243030652 0.910986185
vn -0.359323591 0.283485442 0.889113367
vn -0.256757408 0.213182151 0.942671239
vn -0.285086304 0.255466849 0.92383033
vn -0.193672106 0.193483442 0.961797953
vn -0.193672106 0.193483442 0.961798072
vn -0.218048602 0.229112446 0.948663473
vn -0.140540302 0.176937237 0.974136412
vn -0.140540197 0.176937342 0.974136412
vn -0.159537107 0.203862429 0.965913177
vn -0.159537107 0.203862429 0.965913057
vn -0.0770772621 0.14938803 0.985769928
vn -0.0842723772 0.169695839 0.981886804
vn -0.00711351587 0.120218739 0.992721975
vn -0.00711351587 0.120218739 0.992721915
vn -0.00711351587 0.120218836 0.992721975
vn -0.00851607323 0.124487139 0.992184699
vn 0.0420985185 0.092442587 0.994827628
vn 0.0390648805 0.0997009948 0.994250417
vn -0.545579314 -0.71005857 0.445151776
vn -0.562102199 -0.696579874 0.445889771
vn -0.520035326 -0.704582334 0.482832283
vn -0.492816508 -0.717642665 0.49205777
vn -0.485372186 -0.637256026 0.598597288
vn -0.409809411 -0.613598704 0.674946666
vn -0.438086301 -0.563843012 0.700115383
vn -0.406558603 -0.44062832 0.800348043
vn -0.378517985 -0.483710021 0.789144337
vn -0.319359988 -0.299483359 0.899065614
vn -0.319360107 -0.299483359 0.899065614
vn -0.294702113 -0.342656463 0.892041028
vn -0.235406503 -0.184424654 0.954238653
vn -0.216309205 -0.222361356 0.950665951
vn -0.166270405 -0.100469559 0.980948627
vn -0.152888596 -0.129198357 0.97976172
vn -0.152888507 -0.129198357 0.97976172
vn -0.112054698 -0.0363979116 0.993035316
vn -0.115938701 -0.0275428724 0.992874503
vn -0.101662301 0.00299795088 0.994814515
vn -0.171720803 0.0425613113 0.98422581
vn -0.177374199 0.0565550514 0.982517123
vn -0.241353601 0.045134984 0.969387114
vn -0.299957514 0.0795534998 0.950629711
vn -0.350353301 -0.0148473028 0.936500013
vn -0.431508988 0.0332085155 0.901497185
vn -0.491690487 -0.086736463 0.866439521
vn -0.568390429 -0.0389969423 0.821834505
vn -0.627861083 -0.176578522 0.758030713
vn -0.69449091 -0.129880413 0.707681775
vn -0.73883009 -0.270311296 0.61730206
vn -0.734503508 -0.272984892 0.621276021
vn -0.734503508 -0.272984892 0.62127614
vn -0.802913427 -0.339435279 0.490014136
vn -0.802913427 -0.339435279 0.490014255
vn -0.809019387 -0.306594104 0.501485527
vn -0.809019327 -0.306594104 0.501485646
vn -0.809019387 -0.306594104 0.501485646
vn -0.849618912 -0.283736557 0.444568753
vn -0.836326718 -0.193993092 0.512761533
vn -0.832762122 -0.205034792 0.514264643
vn -0.797743976 -0.0750187933 0.598311603
vn -0.797743976 -0.0750188604 0.598311603
vn -0.794526517 -0.0873022974 0.600920975
vn -0.794526517 -0.0873022974 0.600920916
vn -0.754319072 0.0169623531 0.656288981
vn -0.754319012 0.0169622935 0.656289101
vn -0.754319072 0.0169623531 0.656288922
vn -0.826089203 0.00537791522 0.563513875
vn 0.207145199 -0.126980171 0.97003448
vn -0.208455905 -0.636824548 0.742294192
vn -0.208455995 -0.636824608 0.742294192
vn -0.184197694 -0.654828846 0.732987285
vn -0.184197694 -0.654828906 0.732987285
vn 0.2468265 -0.587035 0.771016657
vn -0.0493849516 -0.920313179 0.38805294
vn -0.0493849516 -0.92031306 0.388052851
vn 0.567348182 -0.437030524 0.697940111
vn 0.704375029 -0.503764451 0.500077248
vn 0.704375088 -0.50376457 0.500077128
vn 0.726175189 -0.466089398 0.505401254
vn 0.726175129 -0.466089278 0.505401254
vn 0.595444202 -0.314388126 0.739328325
vn 0.595444202 -0.314388126 0.739328444
vn 0.344903111 -0.063083142 0.936516225
vn 0.0439003706 0.0181003381 0.998871982
vn 0.0439003706 0.0181003381 0.998872101
vn 0.0439003706 0.0181003381 0.998871922
vn -0.351618797 -0.894924462 0.27472645
vn -0.351618797 -0.894924462 0.274726361
vn -0.351619005 -0.894924462 0.274726361
vn -0.353335708 -0.888894975 0.291581243
vn -0.353335798 -0.888895035 0.291581243
vn -0.353335708 -0.888895035 0.291581243
vn -0.3686786 -0.883208632 0.289859951
vn -0.401089907 -0.86005044 0.315341055
vn -0.471791893 -0.830257952 0.296789855
vn -0.439835012 -0.828164577 0.347402662
vn -0.340075999 -0.650862098 0.678768694
vn -0.340075999 -0.650862098 0.678768575
vn -0.437617511 -0.692029715 0.574095786
vn -0.437617391 -0.692029715 0.574095786
vn -0.401524007 -0.767292559 0.500040591
vn -0.481966615 -0.736436367 0.474731266
vn -0.481966496 -0.736436367 0.474731177
vn -0.462411314 -0.800257564 0.381790072
vn -0.462411404 -0.800257683 0.381790191
vn -0.462411404 -0.800257683 0.381790072
vn -0.142947003 -0.377081037 0.915082514
vn -0.230293095 -0.34391436 0.910323024
vn -0.230293095 -0.34391436 0.910323143
vn -0.230293006 -0.34391436 0.910323143
vn -0.261170805 -0.451250464 0.853324652
vn -0.261170805 -0.451250553 0.853324652
vn -0.0227201506 -0.237325862 0.971164346
vn -0.141431794 -0.245209247 0.959098339
vn -0.141431794 -0.245209247 0.95909822
vn -0.141431794 -0.245209351 0.95909822
vn -0.176288396 -0.282451451 0.942944169
vn -0.1762885 -0.282451451 0.942944169
vn 0.0987557098 0.103928037 0.9896698
vn 0.285019606 -0.0444076359 0.957492471
vn 0.219629005 0.0103588812 0.975528479
vn 0.253874898 0.00561632868 0.967220783
vn 0.1774275 0.0488749892 0.982919514
vn 0.1774275 0.0488749295 0.982919514
vn 0.203825399 0.0518060513 0.977635622
vn 0.148124695 0.088200815 0.985027671
vn 0.148124695 0.0882008746 0.985027671
vn 0.148124695 0.0882008746 0.98502779
vn 0.138538405 0.0868774727 0.986539125
vn 0.0963174105 0.11248754 0.988973975
vn 0.068321459 0.0813046768 0.994344771
vn 0.312998086 -0.124554358 0.941551089
vn 0.518991828 -0.32235232 0.791667044
vn 0.650642276 -0.368462205 0.664003253
vn 0.650642276 -0.368462116 0.664003253
vn 0.586699784 -0.379636228 0.715303957
vn 0.699791193 -0.411694884 0.583780646
vn 0.647755504 -0.426087499 0.631555438
vn 0.714981198 -0.440505981 0.542914867
vn 0.729204118 -0.462981582 0.503894329
vn 0.739970505 -0.466441393 0.4846403
vn 0.7079795 -0.431851983 0.558810353
vn 0.7079795 -0.431851894 0.558810413
vn 0.7079795 -0.431851894 0.558810353
vn 0.761185229 -0.305745482 0.571941257
vn 0.761185229 -0.305745482 0.571941316
vn 0.616527677 -0.509660721 0.600116313
vn 0.648921609 -0.406610221 0.643093169
vn 0.648921609 -0.40661031 0.643093228
vn 0.648921609 -0.40661031 0.643093169
vn 0.563727021 -0.418346405 0.712178528
vn 0.563727021 -0.418346405 0.712178469
vn 0.595150471 -0.380539507 0.707803428
vn 0.54983592 -0.373694122 0.747016251
vn 0.549833775 -0.373699725 0.747015059
vn 0.51903367 -0.342565805 0.783104539
vn 0.519035101 -0.342567325 0.783103049
vn 0.519035101 -0.342567325 0.78310293
vn 0.485314786 -0.364406914 0.794781148
vn 0.52157563 -0.473518521 0.709745824
vn 0.52157563 -0.473518431 0.709745824
vn 0.521575689 -0.473518521 0.709745824
vn 0.625014901 -0.46860829 0.624309719
vn 0.584232271 -0.501102746 0.638411164
vn 0.584232271 -0.501102746 0.638411045
vn 0.58423239 -0.501102746 0.638411045
vn 0.677002311 -0.494932175 0.544710815
vn 0.67700237 -0.494932294 0.544710815
vn 0.642072499 -0.522343814 0.561159432
vn 0.642072618 -0.522343934 0.561159313
vn 0.642072499 -0.522343934 0.561159313
vn 0.70793277 -0.543924451 0.450530112
vn 0.707932711 -0.54392457 0.450530112
vn 0.70793277 -0.54392457 0.450530112
vn 0.346396297 -0.749909997 0.563599706
vn 0.346396506 -0.749910116 0.563599586
vn 0.359910399 -0.667657495 0.651688457
vn 0.359910101 -0.667657435 0.651688755
vn 0.359910309 -0.667657614 0.651688576
vn 0.364890814 -0.797667742 0.480188489
vn 0.262448907 -0.870658576 0.416021943
vn 0.234497905 -0.854082465 0.464277953
vn 0.224143595 -0.854934931 0.467809558
vn 0.224143595 -0.854934931 0.467809647
vn 0.115034498 -0.890961051 0.439267039
vn 0.115034498 -0.890960932 0.439267159
vn 0.0564048216 -0.831401408 0.552802205
vn 0.0396802388 -0.871164858 0.489384562
vn 0.0396802388 -0.871164978 0.489384562
vn 0.0176768303 -0.682783842 0.730406582
vn 0.0176768303 -0.682783842 0.730406702
vn 0.105206601 -0.727739215 0.677736759
vn 0.105206601 -0.727739215 0.677736878
vn 0.105206601 -0.727739334 0.677736759
vn 0.0482489392 -0.733093023 0.678415
vn 0.0482489988 -0.733093023 0.678415
vn 0.0482489392 -0.733093023 0.678414881
vn 0.110260099 -0.779055893 0.61718291
vn 0.0842382312 -0.77642262 0.624557257
vn 0.101708896 -0.795196533 0.597760797
vn -0.0479792282 -0.659024835 0.750589252
vn -0.0314364396 -0.670941234 0.740843952
vn -0.0314364992 -0.670941234 0.740843892
vn 0.00440829899 -0.687211812 0.726443708
vn -0.191698298 -0.794294894 0.576496005
vn -0.191698298 -0.794294834 0.576496005
vn -0.0608276092 -0.830165029 0.554189682
vn -0.0608275495 -0.830165029 0.554189801
vn -0.0608276092 -0.830165029 0.554189801
vn -0.0705869719 -0.859621584 0.506031752
vn -0.0705869719 -0.859621644 0.506031752
vn -0.0705870315 -0.859621584 0.506031752
vn 0.0601845905 -0.844242334 0.532571852
vn 0.0601844713 -0.844242334 0.532571852
vn -0.124827802 -0.91348505 0.38725096
vn -0.124827899 -0.913484931 0.38725096
vn -0.197009295 -0.920765281 0.336717755
vn -0.219406202 -0.965323508 -0.14146246
vn -0.219406307 -0.965323508 -0.141462564
vn -0.219406396 -0.965323389 -0.14146246
vn -0.141066298 -0.738922715 0.658857882
vn -0.2431802 -0.808160186 0.536414802
vn -0.238032103 -0.813927948 0.529964268
vn -0.281015098 -0.869546235 0.406103253
vn -0.222542107 -0.726303995 0.650352001
vn -0.222542107 -0.726303995 0.650351882
vn -0.247751102 -0.770426929 0.587419569
vn -0.190277398 -0.826297581 0.530119658
vn 0.37223199 -0.178995445 0.910716176
vn 0.402113587 -0.12267255 0.907334626
vn 0.254618794 -0.0675216094 0.964681387
vn 0.72657901 -0.482521087 0.489138514
vn 0.726578891 -0.482521087 0.489138514
vn 0.731018722 -0.465511203 0.498909801
vn 0.731018722 -0.465511292 0.498909801
vn 0.731018722 -0.465511292 0.49890992
vn 0.695190728 -0.447387695 0.562631547
vn 0.687876999 -0.433382899 0.582241058
vn 0.64628011 -0.41152662 0.642626047
vn 0.635958374 -0.394563407 0.663232148
vn 0.590346217 -0.370088816 0.717304528
vn 0.590346217 -0.370088726 0.717304528
vn 0.590346098 -0.370088816 0.717304528
vn 0.576545 -0.34957242 0.738508761
vn 0.576544881 -0.34957242 0.738508761
vn 0.529171228 -0.323445022 0.784449518
vn 0.48316431 -0.439669222 0.757128417
vn 0.48316431 -0.439669222 0.757128358
vn 0.470182598 -0.363330215 0.804313064
vn 0.470182598 -0.363330215 0.804313123
vn 0.447941303 -0.351116121 0.822232425
vn 0.155787498 -0.494771749 0.854945242
vn 0.193287298 -0.51864332 0.832856059
vn 0.25290671 -0.44046995 0.861408532
vn 0.25290671 -0.44046995 0.861408412
vn 0.252906591 -0.44046995 0.861408532
vn 0.299137086 -0.468161643 0.831469655
vn 0.299137086 -0.468161762 0.831469655
vn 0.633470476 -0.568707883 0.524677396
vn 0.633299172 -0.565836966 0.527977884
vn 0.581362307 -0.545951724 0.603286743
vn 0.581362426 -0.545951724 0.603286743
vn 0.580594718 -0.542048991 0.607530057
vn 0.524119318 -0.517255902 0.676568866
vn 0.524119318 -0.517255843 0.676568866
vn 0.524119198 -0.517255843 0.676568866
vn 0.522813618 -0.511707127 0.681778431
vn 0.464053214 -0.482929915 0.742585659
vn 0.461652607 -0.474185228 0.74968344
vn 0.403681189 -0.443331808 0.800311565
vn 0.400071204 -0.431108505 0.808757544
vn 0.345641613 -0.400034755 0.848825157
vn 0.199443594 -0.543241799 0.815543234
vn 0.242155597 -0.568441033 0.786279559
vn 0.304325402 -0.486274123 0.819099247
vn 0.304325491 -0.486274123 0.819099247
vn 0.346809804 -0.510400593 0.786901653
vn 0.361119002 -0.507568598 0.782283425
vn 0.410887986 -0.551570833 0.725906789
vn 0.410887986 -0.551570892 0.725906789
vn 0.410887986 -0.551570833 0.725906909
vn 0.419160008 -0.550281942 0.722145975
vn 0.419160008 -0.550281942 0.722145855
vn 0.461650312 -0.589511693 0.662838697
vn 0.477924585 -0.58592689 0.654429376
vn 0.477924585 -0.58592689 0.654429495
vn 0.517982125 -0.617908895 0.591509163
vn 0.517982125 -0.617908895 0.591509104
vn 0.517982125 -0.617909014 0.591509104
vn 0.53563118 -0.612811208 0.581000686
vn 0.53563118 -0.612811208 0.581000566
vn 0.53563118 -0.612811148 0.581000686
vn 0.570637226 -0.638915062 0.515907586
vn 0.589755774 -0.631233037 0.503718972
vn 0.589755774 -0.631233275 0.503719091
vn 0.690502703 -0.684903085 0.232623994
vn 0.690502822 -0.684903085 0.232623994
vn 0.646012306 -0.572928488 0.504401803
vn 0.710491776 -0.545384586 0.444698811
vn 0.697270691 -0.519478738 0.493918508
vn 0.697270811 -0.519478679 0.493918508
vn 0.697270691 -0.519478679 0.493918419
vn 0.210873902 -0.722411513 0.658523977
vn 0.277385592 -0.751846731 0.598150373
vn 0.277385503 -0.751846731 0.598150253
vn 0.277385592 -0.751846731 0.598150253
vn 0.1806117 -0.836077332 0.518029094
vn 0.181750506 -0.841691136 0.508451402
vn 0.104373902 -0.893095076 0.437592953
vn 0.104373798 -0.893094838 0.437592953
vn 0.149152607 -0.904953837 0.398512453
vn 0.437450498 -0.782867789 0.442442387
vn 0.418343097 -0.765958786 0.48815608
vn 0.365459502 -0.794647872 0.484741271
vn 0.365459502 -0.794647932 0.48474139
vn 0.345919698 -0.78659004 0.511483788
vn 0.345919698 -0.78659004 0.511483669
vn 0.322444499 -0.78192997 0.533493459
vn 0.322444499 -0.78192997 0.5334934
vn 0.320392996 -0.774883986 0.544888198
vn 0.264899194 -0.754137337 0.600920498
vn 0.264899194 -0.754137218 0.600920498
vn 0.315025002 -0.702800035 0.637833297
vn 0.315025002 -0.702800035 0.637833476
vn 0.315025002 -0.702800035 0.637833357
vn 0.284096509 -0.643022239 0.71120441
vn 0.284096509 -0.64302212 0.71120441
vn 0.271911114 -0.663304925 0.697202384
vn 0.271910995 -0.663304925 0.697202265
vn 0.271910995 -0.663304925 0.697202384
vn 0.192888394 -0.555294335 0.808976054
vn 0.192888394 -0.555294335 0.808976173
vn 0.270158589 -0.580186129 0.768373966
vn 0.270158708 -0.580186009 0.768373966
vn 0.270158708 -0.580186129 0.768373966
vn 0.321685195 -0.574641347 0.752533197
vn 0.0671960711 -0.194286957 0.978640556
vn 0.0671960711 -0.194286868 0.978640556
vn 0.0379966386 -0.173090965 0.984172702
vn 0.0379965901 -0.173090965 0.984172702
vn -0.00749432994 -0.226843163 0.973902524
vn -0.00749432994 -0.226843059 0.973902464
vn -0.288433611 -0.531669736 0.796324968
vn -0.262176901 -0.523213446 0.810870647
vn -0.259995788 -0.452210248 0.853175342
vn -0.181912303 -0.376097947 0.908547342
vn -0.181912303 -0.376098037 0.908547342
vn -0.187644795 -0.339666337 0.921637714
vn -0.109056897 -0.256489158 0.960374951
vn -0.109056897 -0.256489158 0.960374832
vn -0.1179488 -0.205481857 0.971527338
vn -0.063026011 -0.159160167 0.985239029
vn -0.0575347506 -0.11766836 0.991384923
vn -0.0245944206 -0.0868751854 0.995915711
vn -0.0201808196 -0.0541956238 0.99832648
vn 0.113881297 -0.44071424 0.89039433
vn 0.113881297 -0.440714359 0.890394449
vn 0.148308605 -0.463787854 0.873444617
vn 0.204876602 -0.39023605 0.897631168
vn 0.246662602 -0.416908056 0.87484014
vn 0.290709704 -0.352621555 0.889463961
vn 0.290709704 -0.352621436 0.889463961
vn 0.290709794 -0.352621436 0.889463961
vn 0.340287596 -0.382464737 0.859025657
vn 0.340287596 -0.382464856 0.859025657
vn 0.340287596 -0.382464856 0.859025717
vn 0.38776201 -0.304857135 0.869886518
vn 0.3877621 -0.304857254 0.869886637
vn 0.433125585 -0.330885261 0.838401556
vn 0.465691298 -0.272391647 0.841982543
vn 0.510280609 -0.29737702 0.806957662
vn 0.53500241 -0.250601232 0.806828022
vn 0.445934892 -0.256469458 0.857534647
vn -0.311311394 -0.654893219 0.688621998
vn -0.311311513 -0.654893219 0.688621879
vn -0.311311811 -0.654893219 0.688621759
vn -0.285778701 -0.692462921 0.662439287
vn -0.285778701 -0.69246304 0.662439287
vn -0.26551941 -0.682489991 0.680960298
vn -0.265519291 -0.682489991 0.680960178
vn -0.265519291 -0.68249023 0.680960178
vn -0.231174305 -0.735276639 0.637123883
vn -0.231174499 -0.73527652 0.637124002
vn -0.174244896 -0.691938043 0.700614452
vn -0.149880901 -0.708617032 0.689490974
vn 0.0732972026 -0.862173259 0.501283288
vn 0.134322703 -0.818062007 0.559224665
vn 0.134322703 -0.818062007 0.559224606
vn 0.131580204 -0.808202028 0.574017704
vn 0.228788406 -0.719825149 0.655368388
vn 0.173953503 -0.692516625 0.700115085
vn 0.169637203 -0.674858391 0.718184769
vn 0.130092204 -0.652707517 0.746357203
vn 0.124469899 -0.629596591 0.766886652
vn 0.0908933803 -0.608899713 0.788022459
vn 0.083645761 -0.578483641 0.811393976
vn 0.0836457014 -0.578483641 0.811393857
vn 0.0836457014 -0.578483641 0.811393976
vn 0.0529978797 -0.55835253 0.82790941
vn 0.0442615114 -0.520395815 0.852777362
vn 0.044261571 -0.520395815 0.852777362
vn 0.0166716501 -0.501052022 0.865256548
vn -0.496785611 -0.826453686 0.264912456
vn -0.454910308 -0.822064877 0.342441171
vn -0.472012103 -0.793291986 0.384567887
vn -0.416008502 -0.769124269 0.485164791
vn -0.416008502 -0.769124389 0.485164791
vn -0.424330294 -0.749346852 0.508353293
vn -0.424330413 -0.749346852 0.508353353
vn -0.32024771 -0.681792796 0.657723308
vn -0.362277597 -0.647058606 0.670872808
vn -0.330938101 -0.568305731 0.753331661
vn -0.0638990402 -0.802379429 0.593383789
vn -0.169301197 -0.867281735 0.468144745
vn -0.125236005 -0.88886857 0.440713644
vn -0.114941403 -0.909332871 0.399878144
vn -0.114941403 -0.909332633 0.399878055
vn -0.107834302 -0.910151482 0.399995059
vn -0.0980839729 -0.912874579 0.396282136
vn -0.0980839729 -0.912874639 0.396282136
vn -0.0878904387 -0.915413737 0.392801642
vn -0.0878904983 -0.915413737 0.392801553
vn -0.0878904387 -0.915413678 0.392801642
vn -0.255440891 -0.90540117 0.339114964
vn -0.233223706 -0.903936446 0.358476758
vn -0.226801202 -0.883290172 0.410316646
vn -0.226801202 -0.883290231 0.410316646
vn -0.186416 -0.86515373 0.465572953
vn -0.186416 -0.86515367 0.465572953
vn -0.199398801 -0.836892247 0.509756505
vn -0.109744303 -0.778968096 0.617385685
vn -0.118586801 -0.753075004 0.647159398
vn -0.00354510499 -0.660694897 0.750646055
vn -0.0557125211 -0.626447022 0.777470469
vn -0.0654861331 -0.585268497 0.808190703
vn -0.0654861331 -0.585268497 0.808190763
vn -0.0885830522 -0.568224192 0.818091869
vn 0.0901474282 -0.0132416822 0.995840371
vn 0.0357134305 -0.0827337354 0.995931625
vn 0.0973254964 -0.125836268 0.987265408
vn 0.103197999 -0.148711666 0.983481228
vn 0.103198104 -0.148711666 0.983481109
vn 0.137993902 -0.172718659 0.97525692
vn 0.137993902 -0.172718659 0.975256979
vn 0.182169303 -0.111071058 0.976973712
vn 0.164605305 -0.0855168477 0.982645392
vn 0.164605305 -0.0855168477 0.982645512
vn 0.139525205 -0.0696881264 0.987763286
vn 0.125914797 -0.0499046817 0.990785122
vn 0.0721241832 -0.0146437017 0.997288227
vn 0.308248311 -0.224864945 0.924347758
vn 0.278787106 -0.20688355 0.937804341
vn 0.232064307 -0.277704835 0.93221575
vn 0.190957293 -0.250325054 0.949143112
vn 0.150618806 -0.305143356 0.940319955
vn 0.150618896 -0.305143148 0.940320015
vn 0.150618896 -0.305143148 0.940319955
vn 0.114548899 -0.280098259 0.953112543
vn 0.0643909499 -0.34255904 0.937287152
vn 0.0643909499 -0.34255904 0.937287211
vn 0.0643909499 -0.34255895 0.937287211
vn 0.0348732993 -0.320917159 0.946465015
vn -0.0277514402 -0.391445339 0.919782817
vn -0.0513045117 -0.373339564 0.926275015
vn -0.0513045713 -0.373339564 0.926275134
vn -0.130876005 -0.455871254 0.880370915
vn -0.130876094 -0.455871254 0.880370915
vn 0.254628092 -0.173624456 0.95132488
vn 0.229381502 -0.157774568 0.96046418
vn 0.183314994 -0.22386235 0.957225859
vn 0.1452021 -0.198222071 0.969342232
vn 0.106947698 -0.248116866 0.962808549
vn 0.106947698 -0.24811697 0.962808549
vn 0.0740201995 -0.225184664 0.971500456
vn 0.0265130904 -0.282172263 0.958997369
vn -0.000311184995 -0.261883259 0.965099514
vn -0.000311194977 -0.261883259 0.965099514
vn -0.000311201991 -0.261883259 0.965099514
vn -0.0600952506 -0.328512162 0.942586064
vn -0.0600953102 -0.328512162 0.942586064
vn 0.344477087 -0.163002446 0.924535513
vn 0.312618613 -0.122481458 0.94194901
vn 0.292801887 -0.110931858 0.949716389
vn 0.266076595 -0.0768714845 0.960882008
vn 0.246523499 -0.0653159991 0.966933429
vn 0.226496294 -0.0398897901 0.973194778
vn 0.226496398 -0.0398897901 0.973194897
vn 0.204101205 -0.0263008811 0.978596509
vn 0.176978394 0.00913758855 0.984172404
vn 0.167910993 0.0107843997 0.985743225
vn 0.111120299 0.0456920415 0.992756128
vn 0.115916297 0.0461667888 0.992185473
vn 0.0700800419 0.0751730874 0.994705021
vn 0.0404562317 0.0431826264 0.998247802
vn -0.251838207 -0.532034099 0.808404148
vn -0.152882501 -0.437871158 0.885943413
vn -0.161168799 -0.393180549 0.905225754
vn -0.0824856088 -0.311052948 0.946806312
vn -0.0893625617 -0.272306144 0.958052158
vn -0.0893625617 -0.272306055 0.958052039
vn -0.0318645798 -0.208238259 0.977558911
vn -0.0373921916 -0.17911227 0.983117878
vn -0.0373922512 -0.17911227 0.983117819
vn 0.0234072208 -0.108049966 0.99387002
vn 0.0234071594 -0.108049966 0.99387002
vn 0.0215571504 -0.121063963 0.992410719
vn 0.0611378513 -0.0728205815 0.995469511
vn 0.004980742 -0.033241313 0.999435008
vn 0.0119815404 -0.00107823184 0.99992758
vn -0.407826811 -0.867148876 0.285885453
vn -0.39117381 -0.864203274 0.316442251
vn -0.399077386 -0.85582006 0.329103857
vn -0.399077505 -0.85582006 0.329103857
vn -0.363953501 -0.836172462 0.410308957
vn -0.396127313 -0.812860489 0.427014083
vn -0.395330101 -0.784117043 0.478408366
vn -0.392157614 -0.787426174 0.475575984
vn -0.392157495 -0.787426174 0.475575984
vn -0.392157495 -0.787426174 0.475576192
vn -0.326814502 -0.728214622 0.602408409
vn -0.566682518 -0.602838993 0.561654806
vn -0.566682518 -0.602839231 0.561654806
vn -0.566682518 -0.602839231 0.561654687
vn -0.319186896 -0.639147818 0.699721158
vn -0.319186896 -0.639147937 0.699721158
vn -0.242381305 -0.575940847 0.780732691
vn -0.218699902 -0.594990194 0.773406208
vn -0.121191002 -0.504568934 0.854823351
vn -0.0987107083 -0.521472096 0.847539425
vn -0.0987107679 -0.521472096 0.847539425
vn -0.0182981994 -0.438236356 0.898673534
vn -0.0182981994 -0.438236356 0.898673654
vn -0.0182981994 -0.438236356 0.898673415
vn 0.00707918406 -0.456835747 0.88952297
vn 0.0728982016 -0.381679535 0.921415567
vn 0.1052019 -0.404064149 0.908661067
vn 0.1052019 -0.404064149 0.908660948
vn 0.1052019 -0.404064238 0.908661067
vn 0.159038901 -0.336420357 0.928185344
vn 0.197558403 -0.362175941 0.910933256
vn 0.197558507 -0.362175941 0.910933256
vn 0.239483193 -0.302678257 0.922514856
vn 0.284183413 -0.330881655 0.89986515
vn 0.330896914 -0.256311238 0.908191562
vn 0.368202388 -0.278279454 0.887123346
vn 0.368202388 -0.278279454 0.887123227
vn 0.402624786 -0.217927054 0.88904506
vn 0.402624786 -0.217927054 0.889045119
vn 0.440396994 -0.239437938 0.865286052
vn 0.440396994 -0.239437938 0.865286112
vn 0.440396994 -0.239437833 0.865286112
vn 0.468258411 -0.18732284 0.863506913
vn 0.375951588 -0.189415351 0.907073438

# Mesh 'FL_foot_001-mesh' with 4404 faces
g FL_foot_001-mesh
usemtl 黑色足端.007
f  1//1 2//1 3//1
f  4//2 5//3 6//2
f  7//4 8//4 9//4
f  10//5 11//6 12//6
f  13//7 14//7 15//7
f  15//8 14//8 16//8
f  17//9 18//10 19//9
f  20//11 21//11 22//11
f  23//12 24//12 25//12
f  26//13 27//13 28//14
f  28//15 27//15 29//15
f  28//16 29//16 30//16
f  31//17 32//17 33//17
f  33//18 32//19 34//20
f  34//21 35//22 33//23
f  33//24 35//25 36//26
f  33//27 36//27 37//27
f  38//28 39//29 40//30
f  36//31 41//32 37//33
f  37//34 41//34 42//34
f  37//35 42//35 43//36
f  43//37 42//38 40//38
f  43//39 40//40 44//41
f  44//42 40//43 39//44
f  45//45 46//46 47//47
f  47//48 46//49 48//48
f  47//50 48//51 49//52
f  49//53 48//54 50//54
f  49//55 50//56 38//55
f  45//57 47//57 51//57
f  51//58 47//58 52//58
f  51//59 52//59 53//60
f  54//61 55//62 56//61
f  56//63 55//63 57//64
f  56//65 57//66 58//67
f  58//68 57//69 59//70
f  23//71 60//71 57//71
f  57//72 60//73 61//74
f  57//75 61//76 59//77
f  25//78 24//78 62//78
f  63//79 64//80 65//81
f  65//82 64//83 66//84
f  65//85 66//86 67//87
f  67//88 68//89 65//90
f  65//91 68//91 69//91
f  65//92 69//93 70//93
f  70//94 69//95 71//96
f  70//97 71//98 62//98
f  72//99 73//99 74//99
f  74//100 73//100 75//100
f  74//101 75//102 63//101
f  63//103 75//104 76//105
f  63//106 76//106 64//106
f  74//107 77//107 72//107
f  72//108 77//109 78//109
f  72//110 78//110 79//110
f  78//111 80//112 79//113
f  79//114 80//115 81//116
f  79//117 81//117 82//117
f  83//118 84//119 85//120
f  85//121 84//121 86//121
f  85//122 86//122 87//122
f  87//123 86//123 88//123
f  81//124 89//124 82//125
f  82//126 89//126 90//127
f  82//128 90//129 91//129
f  91//130 90//131 92//132
f  91//133 92//133 83//134
f  83//135 92//136 93//137
f  83//138 93//139 84//140
f  94//141 95//141 96//141
f  96//142 95//143 97//142
f  96//144 97//145 63//144
f  63//146 97//147 98//147
f  63//148 98//149 74//150
f  99//151 100//152 94//153
f  94//154 100//155 101//156
f  94//157 101//158 95//159
f  102//160 103//161 104//162
f  104//163 103//164 105//165
f  104//166 105//167 94//168
f  94//169 105//170 106//171
f  106//172 107//173 94//172
f  94//174 107//175 108//176
f  94//177 108//177 99//177
f  108//178 109//179 99//180
f  99//181 109//181 110//181
f  99//182 110//183 111//184
f  111//185 110//185 112//186
f  112//187 110//187 113//187
f  112//188 113//188 114//188
f  115//189 116//190 117//191
f  117//192 116//193 118//194
f  117//195 118//195 119//195
f  119//196 118//196 21//196
f  21//197 118//197 120//197
f  21//198 120//198 22//199
f  19//200 18//200 121//201
f  18//202 122//203 121//204
f  121//205 122//206 123//207
f  121//208 123//208 20//209
f  124//210 13//211 125//212
f  125//213 13//214 15//214
f  125//215 15//216 126//217
f  126//218 15//218 16//218
f  126//219 16//219 19//219
f  19//220 16//221 127//222
f  19//223 127//223 17//223
f  128//224 129//225 121//226
f  20//227 22//227 121//227
f  121//228 22//229 130//228
f  121//230 130//231 131//232
f  131//233 132//233 121//234
f  121//235 132//236 133//237
f  121//238 133//239 128//240
f  129//241 134//241 121//242
f  121//243 134//243 135//243
f  121//244 135//245 19//245
f  19//246 135//247 136//247
f  19//248 136//248 126//249
f  129//250 137//251 134//252
f  134//253 137//254 138//255
f  134//256 138//256 139//256
f  139//257 140//258 141//258
f  141//259 140//259 142//260
f  141//261 142//261 143//261
f  143//262 142//263 144//262
f  145//264 146//265 147//265
f  145//266 147//266 148//266
f  148//267 147//268 149//268
f  148//269 149//269 150//269
f  151//270 152//271 153//271
f  153//272 152//272 154//273
f  151//274 155//274 152//274
f  152//275 155//275 156//275
f  152//276 156//276 145//276
f  145//277 156//278 157//279
f  145//280 157//281 146//280
f  158//282 159//282 160//283
f  159//284 161//285 160//284
f  160//286 161//286 162//286
f  160//287 162//287 152//287
f  152//288 162//289 163//289
f  152//290 163//290 154//290
f  158//291 164//292 165//293
f  165//294 164//295 166//296
f  167//297 168//298 169//299
f  169//300 168//300 170//300
f  169//301 170//301 171//301
f  171//302 172//303 169//302
f  169//304 172//304 173//305
f  169//306 173//306 164//306
f  164//307 173//308 174//308
f  164//309 174//309 166//309
f  175//310 176//311 177//312
f  177//313 176//313 178//313
f  177//314 178//315 179//316
f  179//317 178//318 180//319
f  179//320 180//320 169//320
f  169//321 180//322 181//322
f  169//323 181//323 167//323
f  175//324 177//324 182//324
f  182//325 177//325 183//325
f  182//326 183//327 184//327
f  185//328 6//328 186//328
f  186//329 6//329 187//330
f  185//331 188//332 6//332
f  6//333 188//334 189//334
f  6//335 189//336 183//335
f  183//337 189//338 190//339
f  183//340 190//341 184//340
f  10//342 12//342 8//342
f  8//343 12//343 191//343
f  8//344 191//345 9//346
f  9//347 191//347 192//347
f  9//348 192//348 193//348
f  187//349 6//349 193//349
f  193//350 6//350 5//350
f  193//351 5//351 9//351
f  9//352 5//352 194//352
f  9//353 194//353 7//353
f  195//354 196//355 197//356
f  177//357 198//358 183//357
f  183//359 198//359 195//359
f  183//360 195//360 199//360
f  199//361 195//361 197//361
f  199//362 200//363 183//363
f  183//364 200//365 201//366
f  183//367 201//368 6//368
f  6//369 201//370 202//369
f  6//371 202//372 4//373
f  203//374 204//374 205//374
f  205//375 204//376 197//377
f  205//378 197//379 206//379
f  206//380 197//380 196//381
f  207//382 208//382 209//382
f  209//383 208//383 210//384
f  209//385 210//385 203//385
f  203//386 210//387 211//388
f  203//389 211//390 204//390
f  212//391 213//391 214//391
f  214//392 213//393 215//392
f  214//394 215//394 216//394
f  216//395 215//395 217//395
f  216//396 217//396 2//396
f  2//397 217//398 218//398
f  2//399 218//400 3//401
f  212//402 219//402 213//402
f  213//403 219//403 220//403
f  213//404 220//404 221//404
f  38//405 40//406 49//407
f  49//408 40//408 222//409
f  49//410 222//410 223//410
f  222//411 224//411 223//412
f  223//413 224//414 225//413
f  223//415 225//415 2//415
f  2//416 225//417 226//418
f  2//419 226//419 216//419
f  30//420 29//421 227//421
f  227//422 29//423 228//424
f  227//425 228//426 31//427
f  31//428 228//429 229//430
f  31//431 229//431 32//431
f  158//432 160//432 164//432
f  164//433 160//433 230//433
f  164//434 230//435 169//435
f  169//436 230//437 231//437
f  169//438 231//438 179//439
f  232//440 233//441 145//442
f  145//443 233//443 234//443
f  145//444 234//445 152//445
f  152//446 234//447 235//448
f  152//449 235//450 160//451
f  236//452 237//453 232//454
f  232//455 237//455 238//455
f  232//456 238//457 233//458
f  144//459 142//460 150//461
f  150//462 142//462 239//462
f  150//463 239//463 148//463
f  148//464 239//464 240//464
f  148//465 240//465 145//466
f  145//467 240//467 241//467
f  145//468 241//468 232//468
f  232//469 241//470 242//470
f  232//471 242//472 236//472
f  139//473 138//473 140//473
f  140//474 138//474 243//475
f  140//476 243//476 142//477
f  142//478 243//479 244//480
f  142//481 244//482 239//481
f  115//483 102//484 116//485
f  116//486 102//486 104//486
f  116//487 104//488 245//489
f  245//490 104//491 94//490
f  246//492 247//492 24//492
f  24//493 247//494 248//493
f  24//495 248//495 62//496
f  62//497 248//497 249//497
f  62//498 249//499 70//498
f  70//500 249//501 250//502
f  70//503 250//503 65//503
f  65//504 250//504 251//504
f  65//505 251//505 63//505
f  63//506 251//507 252//507
f  63//508 252//508 96//508
f  96//509 252//509 253//510
f  96//511 253//512 94//513
f  94//514 253//515 254//514
f  94//516 254//516 245//517
f  23//518 57//519 24//518
f  24//520 57//520 255//521
f  24//522 255//523 246//524
f  256//525 257//525 55//525
f  55//526 257//527 258//526
f  55//528 258//528 57//528
f  57//529 258//530 259//531
f  57//532 259//533 255//534
f  54//535 260//535 55//535
f  55//536 260//536 53//536
f  55//537 53//538 256//538
f  256//539 53//539 52//540
f  256//541 52//542 261//541
f  261//543 52//543 47//543
f  261//544 47//545 262//544
f  223//546 263//547 49//548
f  49//549 263//550 264//551
f  49//552 264//552 47//552
f  47//553 264//553 265//553
f  47//554 265//555 262//555
f  3//556 207//557 1//558
f  1//559 207//560 209//561
f  1//562 209//563 2//563
f  2//564 209//565 266//566
f  2//567 266//568 223//569
f  223//570 266//571 267//572
f  223//573 267//574 263//575
f  268//576 269//577 270//576
f  271//578 272//579 273//580
f  274//581 275//582 276//581
f  277//583 278//584 279//584
f  280//585 281//585 282//585
f  281//586 280//587 283//587
f  284//588 285//589 286//589
f  287//590 286//590 288//591
f  289//592 290//592 291//592
f  292//593 293//594 294//595
f  295//596 296//597 297//596
f  298//598 299//598 300//599
f  300//600 299//600 301//600
f  302//601 303//602 304//601
f  305//603 306//603 307//603
f  307//604 306//604 308//604
f  307//605 308//605 309//605
f  309//606 308//607 310//608
f  309//609 310//610 311//611
f  311//612 310//612 302//612
f  311//613 302//614 312//615
f  312//616 302//616 304//617
f  313//618 314//619 315//620
f  313//621 315//622 316//623
f  315//624 317//625 316//626
f  316//627 317//628 318//629
f  316//630 318//630 303//630
f  303//631 318//632 319//631
f  303//633 319//634 304//635
f  314//636 313//636 320//636
f  320//637 313//637 321//637
f  320//638 321//638 322//638
f  323//639 324//639 325//639
f  322//640 326//640 320//640
f  320//641 326//641 323//641
f  320//642 323//643 327//642
f  327//644 323//644 325//644
f  328//645 329//645 330//645
f  330//646 329//647 331//646
f  330//648 331//648 324//649
f  324//650 331//651 332//652
f  324//653 332//654 325//654
f  333//655 334//656 335//657
f  335//658 334//659 336//660
f  335//661 336//662 330//663
f  336//664 337//664 330//664
f  330//665 337//666 338//667
f  330//668 338//668 328//668
f  338//669 339//670 328//669
f  328//671 339//671 340//671
f  328//672 340//672 341//672
f  341//673 340//673 342//674
f  342//675 340//676 343//677
f  342//678 343//678 344//678
f  345//679 346//679 347//680
f  347//681 346//681 348//681
f  349//682 350//683 351//684
f  351//685 350//685 352//685
f  351//686 352//686 348//686
f  348//687 352//687 353//687
f  348//688 353//688 347//689
f  354//690 355//691 356//690
f  356//692 355//693 357//694
f  357//695 358//696 356//697
f  356//698 358//698 359//698
f  356//699 359//700 360//701
f  361//702 298//703 362//703
f  362//704 298//704 300//704
f  362//705 300//706 363//705
f  363//707 300//708 301//708
f  363//709 301//709 354//710
f  354//711 301//712 364//711
f  354//713 364//714 355//715
f  365//716 366//717 354//718
f  366//719 367//719 354//719
f  354//720 367//720 368//720
f  354//721 368//721 363//721
f  356//722 369//723 370//724
f  370//725 371//725 356//726
f  356//727 371//727 372//728
f  356//729 372//730 354//731
f  354//732 372//733 373//734
f  354//735 373//736 365//736
f  374//737 356//738 349//739
f  349//740 356//741 360//741
f  349//742 360//742 350//742
f  374//743 375//744 356//745
f  356//746 375//746 376//746
f  356//747 376//748 369//749
f  369//750 376//751 377//752
f  369//753 377//753 378//754
f  378//755 377//755 379//755
f  379//756 377//756 380//756
f  380//757 377//757 381//757
f  380//758 381//758 382//758
f  383//759 384//760 385//761
f  385//762 384//763 386//764
f  385//765 386//766 387//767
f  383//768 388//769 384//770
f  384//771 388//771 389//772
f  384//773 389//774 390//774
f  390//775 391//775 384//775
f  384//776 391//776 392//776
f  384//777 392//778 382//779
f  393//780 394//781 386//780
f  386//782 394//783 395//784
f  386//785 395//786 387//785
f  396//787 397//788 398//788
f  398//789 397//789 399//789
f  400//790 401//790 402//790
f  402//791 401//791 397//791
f  402//792 397//792 403//792
f  403//793 397//793 396//793
f  404//794 405//795 406//796
f  405//797 407//798 406//798
f  406//799 407//800 408//801
f  406//802 408//802 397//802
f  397//803 408//804 409//805
f  397//806 409//807 399//808
f  404//809 410//810 411//811
f  411//812 410//813 412//813
f  413//814 414//814 415//815
f  415//816 414//816 416//816
f  415//817 416//818 417//819
f  417//820 418//821 415//822
f  415//823 418//823 419//823
f  415//824 419//824 410//824
f  410//825 419//826 420//826
f  410//827 420//828 412//828
f  421//829 422//829 423//830
f  423//831 422//831 424//832
f  423//833 424//833 425//834
f  425//835 424//836 426//837
f  425//838 426//838 415//838
f  415//839 426//839 427//840
f  415//841 427//842 413//842
f  421//843 423//844 428//844
f  428//845 423//845 429//845
f  428//846 429//847 430//847
f  431//848 291//849 432//848
f  432//850 291//851 433//851
f  431//852 434//852 291//853
f  291//854 434//855 435//856
f  291//857 435//858 429//858
f  429//859 435//860 436//861
f  429//862 436//863 430//864
f  295//865 297//865 293//865
f  293//866 297//867 437//867
f  293//868 437//868 294//868
f  294//869 437//870 438//869
f  294//871 438//872 439//873
f  433//874 291//874 439//874
f  439//875 291//875 290//875
f  439//876 290//876 294//876
f  294//877 290//877 440//877
f  294//878 440//878 292//878
f  441//879 442//880 429//881
f  429//882 442//883 443//884
f  429//885 443//885 291//885
f  291//886 443//886 444//887
f  291//888 444//889 289//890
f  423//891 445//892 429//893
f  429//894 445//895 446//896
f  429//897 446//897 441//897
f  441//898 446//899 447//898
f  441//900 447//901 448//901
f  447//902 449//903 448//904
f  448//905 449//905 450//905
f  448//906 450//906 451//906
f  452//907 453//907 454//908
f  454//909 453//909 455//909
f  454//910 455//910 450//910
f  450//911 455//912 456//912
f  450//913 456//913 451//913
f  457//914 458//914 285//914
f  285//915 458//915 459//915
f  285//916 459//916 286//916
f  286//917 459//918 460//919
f  286//920 460//920 288//921
f  457//922 461//923 458//924
f  458//925 461//925 462//925
f  458//926 462//926 463//926
f  464//927 465//928 286//927
f  286//929 465//930 466//930
f  286//931 466//932 284//933
f  278//934 467//935 279//934
f  279//936 467//937 468//937
f  279//938 468//938 464//938
f  464//939 468//940 469//941
f  464//942 469//943 465//943
f  470//944 471//944 472//944
f  472//945 473//946 470//947
f  470//948 473//949 474//948
f  470//950 474//950 475//950
f  475//951 474//952 476//952
f  278//953 477//954 467//953
f  467//955 477//956 478//957
f  467//958 478//958 479//958
f  479//959 478//959 475//959
f  479//960 475//960 480//960
f  480//961 475//961 476//962
f  481//963 482//964 483//964
f  483//965 482//966 484//967
f  483//968 484//968 471//968
f  471//969 484//970 485//971
f  471//972 485//972 472//972
f  481//973 483//973 280//973
f  280//974 483//975 486//976
f  280//977 486//977 283//977
f  487//978 488//978 489//979
f  489//980 488//980 490//981
f  489//982 490//982 279//983
f  279//984 490//985 491//986
f  279//987 491//988 277//989
f  487//990 489//990 492//990
f  492//991 489//991 493//991
f  492//992 493//992 494//992
f  495//993 496//993 497//993
f  497//994 496//995 498//994
f  497//996 498//997 499//998
f  499//999 498//1000 500//1001
f  274//1002 501//1002 498//1002
f  498//1003 501//1004 502//1005
f  498//1006 502//1007 500//1008
f  276//1009 275//1009 503//1009
f  504//1010 505//1011 506//1012
f  506//1013 505//1014 323//1013
f  506//1015 323//1016 507//1015
f  507//1017 323//1018 326//1018
f  504//1019 508//1020 505//1021
f  505//1022 508//1022 509//1022
f  505//1023 509//1023 510//1023
f  510//1024 509//1024 511//1024
f  510//1025 511//1025 503//1025
f  269//1026 268//1026 401//1027
f  401//1028 268//1029 512//1029
f  401//1030 512//1030 273//1031
f  273//1032 512//1032 513//1033
f  273//1034 513//1035 271//1036
f  382//1037 381//1037 384//1037
f  384//1038 381//1039 514//1040
f  384//1041 514//1041 386//1042
f  400//1043 515//1043 401//1044
f  401//1045 515//1045 516//1046
f  401//1047 516//1047 269//1047
f  269//1048 516//1048 393//1048
f  269//1049 393//1049 270//1049
f  270//1050 393//1050 386//1050
f  270//1051 386//1051 517//1051
f  517//1052 386//1052 514//1052
f  345//1053 333//1054 346//1055
f  346//1056 333//1056 335//1056
f  346//1057 335//1058 518//1059
f  518//1060 335//1060 330//1060
f  518//1061 330//1062 519//1061
f  519//1063 330//1064 324//1065
f  519//1066 324//1067 520//1068
f  520//1069 324//1069 323//1069
f  520//1070 323//1071 521//1071
f  521//1072 323//1073 505//1072
f  521//1074 505//1074 522//1074
f  522//1075 505//1075 510//1075
f  522//1076 510//1077 523//1078
f  523//1079 510//1080 503//1081
f  523//1082 503//1083 524//1082
f  524//1084 503//1084 275//1084
f  524//1085 275//1086 525//1085
f  525//1087 275//1088 526//1087
f  274//1089 498//1089 275//1089
f  275//1090 498//1090 527//1090
f  275//1091 527//1092 526//1093
f  528//1094 529//1094 496//1094
f  496//1095 529//1095 530//1095
f  496//1096 530//1096 498//1096
f  498//1097 530//1097 531//1098
f  498//1099 531//1100 527//1101
f  495//1102 532//1102 496//1103
f  496//1104 532//1105 494//1106
f  496//1107 494//1108 528//1107
f  528//1109 494//1109 493//1109
f  528//1110 493//1111 533//1112
f  533//1113 493//1113 489//1113
f  533//1114 489//1115 534//1114
f  464//1116 535//1117 279//1118
f  279//1119 535//1120 536//1120
f  279//1121 536//1121 489//1121
f  489//1122 536//1123 537//1123
f  489//1124 537//1124 534//1124
f  288//1125 452//1126 287//1127
f  287//1128 452//1129 454//1130
f  287//1131 454//1132 286//1133
f  286//1134 454//1135 538//1134
f  286//1136 538//1137 464//1138
f  464//1139 538//1140 539//1141
f  464//1142 539//1143 535//1144
f  404//1145 406//1146 410//1147
f  410//1148 406//1149 540//1148
f  410//1150 540//1151 415//1152
f  415//1153 540//1154 541//1155
f  415//1156 541//1157 425//1158
f  273//1159 542//1160 401//1161
f  401//1162 542//1162 543//1162
f  401//1163 543//1163 397//1163
f  397//1164 543//1164 544//1165
f  397//1166 544//1167 406//1168
f  272//1169 545//1170 273//1171
f  273//1172 545//1173 546//1174
f  273//1175 546//1176 542//1177
f  547//1178 548//1179 549//1180
f  549//1181 548//1182 550//1181
f  551//1183 552//1184 553//1185
f  554//1186 555//1186 556//1186
f  555//1187 554//1187 557//1187
f  558//1188 559//1189 560//1190
f  561//1191 562//1191 563//1191
f  563//1192 562//1192 564//1192
f  565//1193 566//1193 567//1193
f  565//1194 567//1195 568//1196
f  568//1197 567//1198 569//1197
f  568//1199 569//1200 570//1201
f  571//1202 572//1203 573//1202
f  573//1204 572//1205 574//1204
f  573//1206 574//1207 575//1208
f  576//1209 577//1210 578//1209
f  578//1211 577//1212 573//1213
f  578//1214 573//1215 579//1216
f  579//1217 573//1218 575//1219
f  576//1220 580//1221 577//1222
f  577//1223 580//1224 581//1225
f  577//1226 581//1227 582//1228
f  583//1229 584//1230 585//1229
f  564//1231 562//1232 583//1231
f  583//1233 562//1233 586//1233
f  583//1234 586//1235 584//1235
f  557//1236 587//1236 559//1236
f  559//1237 558//1237 557//1237
f  557//1238 558//1239 588//1240
f  557//1241 588//1241 555//1241
f  588//1242 589//1242 555//1243
f  555//1244 589//1244 590//1245
f  555//1246 590//1246 556//1246
f  556//1247 590//1247 591//1248
f  556//1249 591//1250 592//1250
f  593//1251 594//1252 595//1252
f  595//1253 594//1253 556//1253
f  595//1254 556//1255 596//1256
f  596//1257 556//1258 592//1259
f  587//1260 597//1261 559//1262
f  559//1263 597//1263 598//1263
f  559//1264 598//1265 560//1264
f  560//1266 598//1267 599//1267
f  560//1268 599//1269 600//1268
f  601//1270 602//1270 603//1270
f  602//1271 604//1271 603//1271
f  603//1272 604//1273 605//1272
f  603//1274 605//1275 594//1275
f  594//1276 605//1277 606//1278
f  606//1279 607//1280 594//1281
f  594//1282 607//1283 608//1284
f  594//1285 608//1286 609//1287
f  609//1288 610//1289 594//1290
f  594//1291 610//1292 611//1293
f  594//1294 611//1295 556//1296
f  556//1297 611//1298 612//1299
f  556//1300 612//1300 554//1300
f  554//1301 612//1302 613//1303
f  554//1304 613//1304 614//1304
f  603//1305 615//1305 601//1305
f  601//1306 615//1306 616//1306
f  601//1307 616//1308 553//1307
f  553//1309 616//1309 617//1309
f  553//1310 617//1311 551//1310
f  618//1312 619//1313 552//1314
f  552//1315 619//1315 620//1315
f  552//1316 620//1317 553//1318
f  618//1319 621//1319 622//1319
f  622//1320 623//1321 618//1322
f  618//1323 623//1324 624//1325
f  618//1326 624//1326 619//1326
f  621//1327 618//1327 625//1327
f  625//1328 618//1328 626//1329
f  625//1330 626//1331 627//1332
f  628//1333 629//1334 630//1335
f  628//1336 630//1337 631//1338
f  631//1339 630//1339 632//1340
f  631//1341 632//1342 633//1343
f  629//1344 634//1345 630//1346
f  630//1347 634//1348 635//1349
f  630//1350 635//1351 636//1352
f  636//1353 637//1354 638//1355
f  627//1356 639//1356 625//1356
f  625//1357 639//1357 640//1357
f  625//1358 640//1359 641//1360
f  641//1361 640//1361 642//1361
f  641//1362 642//1362 643//1362
f  643//1363 642//1364 638//1364
f  643//1365 638//1365 644//1365
f  644//1366 638//1367 637//1368
f  645//1369 646//1370 647//1370
f  647//1371 646//1372 648//1372
f  647//1373 648//1373 632//1373
f  632//1374 648//1374 649//1375
f  632//1376 649//1377 633//1378
f  632//1379 650//1380 651//1381
f  652//1382 647//1383 653//1382
f  653//1384 647//1384 632//1384
f  653//1385 632//1386 654//1387
f  654//1388 632//1389 651//1388
f  645//1390 655//1391 656//1390
f  656//1392 655//1392 657//1392
f  652//1393 658//1393 647//1393
f  647//1394 658//1395 659//1396
f  647//1397 659//1397 645//1397
f  645//1398 659//1399 660//1400
f  645//1401 660//1401 655//1401
f  655//1402 660//1403 661//1404
f  655//1405 661//1406 657//1406
f  657//1407 661//1407 662//1407
f  657//1408 662//1409 663//1409
f  664//1410 665//1410 666//1410
f  550//1411 548//1412 664//1411
f  664//1413 548//1413 667//1413
f  664//1414 667//1414 665//1414
f  668//1415 669//1415 670//1415
f  671//1416 672//1417 673//1418
f  673//1419 672//1419 674//1419
f  673//1420 674//1421 675//1420
f  676//1422 677//1422 678//1422
f  678//1423 677//1424 679//1425
f  678//1426 679//1426 680//1426
f  680//1427 679//1428 681//1429
f  680//1430 681//1431 682//1432
f  675//1433 683//1433 673//1434
f  673//1435 683//1435 684//1435
f  673//1436 684//1436 671//1436
f  671//1437 684//1437 685//1437
f  671//1438 685//1439 686//1440
f  672//1441 668//1442 674//1443
f  674//1444 668//1444 670//1444
f  674//1445 670//1446 687//1445
f  687//1447 670//1447 688//1447
f  669//1448 676//1448 670//1449
f  670//1450 676//1450 678//1450
f  670//1451 678//1451 688//1451
f  688//1452 678//1452 689//1452
f  690//1453 691//1453 692//1453
f  692//1454 691//1455 693//1456
f  692//1457 693//1457 680//1457
f  680//1458 693//1458 694//1458
f  680//1459 694//1460 695//1459
f  695//1461 696//1462 680//1463
f  680//1464 696//1465 697//1466
f  680//1467 697//1467 678//1468
f  678//1469 697//1470 698//1471
f  678//1472 698//1472 689//1473
f  699//1474 700//1475 701//1475
f  701//1476 700//1477 702//1476
f  701//1478 702//1479 703//1480
f  699//1481 701//1481 704//1481
f  704//1482 701//1483 705//1484
f  704//1485 705//1486 706//1487
f  705//1488 707//1488 708//1488
f  708//1489 709//1489 705//1489
f  705//1490 709//1491 710//1490
f  705//1492 710//1493 706//1493
f  707//1494 705//1494 711//1495
f  711//1496 705//1497 712//1498
f  711//1499 712//1500 713//1501
f  573//1502 714//1502 715//1503
f  715//1504 714//1505 716//1506
f  715//1507 716//1507 717//1508
f  717//1509 718//1509 715//1509
f  715//1510 718//1511 719//1510
f  715//1512 719//1513 720//1514
f  720//1515 721//1516 722//1517
f  722//1518 721//1518 723//1518
f  722//1519 723//1520 724//1520
f  713//1521 725//1522 711//1521
f  711//1523 725//1523 726//1523
f  711//1524 726//1525 727//1526
f  727//1527 726//1527 724//1527
f  727//1528 724//1528 728//1529
f  728//1530 724//1530 723//1530
f  729//1531 730//1532 731//1531
f  582//1533 732//1533 577//1534
f  577//1535 732//1535 729//1535
f  577//1536 729//1536 573//1536
f  573//1537 729//1537 731//1537
f  573//1538 731//1539 714//1540
f  581//1541 733//1542 582//1543
f  582//1544 733//1545 570//1545
f  582//1546 570//1547 734//1547
f  734//1548 570//1549 569//1548
f  734//1550 569//1551 735//1551
f  735//1552 569//1553 567//1552
f  736//1554 680//1555 549//1556
f  549//1557 680//1557 682//1557
f  549//1558 682//1558 547//1558
f  736//1559 737//1560 680//1560
f  680//1561 737//1562 738//1562
f  680//1563 738//1563 692//1563
f  692//1564 738//1564 739//1564
f  692//1565 739//1566 690//1567
f  690//1568 739//1568 740//1568
f  690//1569 740//1569 741//1569
f  741//1570 740//1570 742//1570
f  741//1571 742//1571 702//1571
f  702//1572 742//1572 743//1572
f  702//1573 743//1573 703//1573
f  744//1574 745//1575 664//1575
f  664//1576 745//1577 746//1578
f  664//1579 746//1580 550//1581
f  550//1582 746//1583 747//1584
f  550//1585 747//1586 549//1587
f  549//1588 747//1589 748//1590
f  549//1591 748//1591 736//1592
f  749//1593 750//1594 630//1595
f  749//1596 630//1596 751//1596
f  636//1597 638//1597 630//1597
f  630//1598 638//1599 752//1600
f  630//1601 752//1601 751//1601
f  650//1602 632//1602 666//1602
f  666//1603 632//1603 630//1603
f  666//1604 630//1604 664//1604
f  664//1605 630//1606 750//1606
f  664//1607 750//1608 744//1609
f  753//1610 594//1610 563//1610
f  563//1611 594//1611 593//1611
f  563//1612 593//1612 561//1612
f  753//1613 754//1613 594//1614
f  594//1615 754//1616 755//1616
f  594//1617 755//1618 756//1619
f  756//1620 757//1620 594//1620
f  594//1621 757//1621 758//1621
f  594//1622 758//1623 603//1624
f  759//1625 760//1626 583//1627
f  583//1628 760//1629 761//1630
f  583//1631 761//1632 564//1633
f  564//1634 761//1635 762//1636
f  564//1637 762//1638 563//1638
f  563//1639 762//1640 763//1641
f  563//1642 763//1643 753//1642
f  764//1644 765//1644 715//1644
f  764//1645 715//1645 766//1645
f  720//1646 722//1646 715//1646
f  715//1647 722//1647 767//1647
f  715//1648 767//1648 766//1648
f  571//1649 573//1650 585//1650
f  585//1651 573//1652 715//1651
f  585//1653 715//1653 583//1653
f  583//1654 715//1654 765//1655
f  583//1656 765//1657 759//1658
f  614//1659 768//1659 554//1659
f  554//1660 768//1660 769//1661
f  554//1662 769//1662 557//1662
f  557//1663 769//1664 770//1665
f  557//1666 770//1666 587//1667
f  587//1668 770//1669 771//1668
f  587//1670 771//1671 597//1670
f  597//1672 771//1673 772//1674
f  772//1675 773//1676 597//1675
f  597//1677 773//1677 774//1678
f  597//1679 774//1679 598//1679
f  768//1680 614//1680 775//1680
f  775//1681 614//1682 613//1683
f  613//1684 612//1685 775//1686
f  775//1687 612//1687 611//1687
f  775//1688 611//1689 776//1688
f  605//1690 604//1691 777//1692
f  777//1693 778//1693 605//1693
f  605//1694 778//1695 779//1696
f  605//1697 779//1698 606//1699
f  606//1700 779//1701 780//1702
f  606//1703 780//1704 607//1705
f  607//1706 780//1706 781//1707
f  607//1708 781//1708 608//1708
f  608//1709 781//1710 782//1711
f  608//1712 782//1713 609//1714
f  609//1715 782//1716 783//1716
f  609//1717 783//1718 610//1719
f  610//1720 783//1720 776//1720
f  610//1721 776//1722 611//1723
f  777//1724 604//1724 602//1724
f  601//1725 784//1725 602//1725
f  602//1726 784//1726 785//1727
f  602//1728 785//1729 777//1730
f  619//1731 786//1731 620//1731
f  620//1732 786//1732 784//1733
f  620//1734 784//1735 553//1734
f  553//1736 784//1737 601//1737
f  786//1738 619//1739 787//1739
f  619//1740 624//1741 787//1742
f  787//1743 624//1744 623//1745
f  787//1746 623//1746 788//1746
f  788//1747 623//1747 622//1747
f  788//1748 622//1749 789//1749
f  622//1750 621//1750 789//1750
f  789//1751 621//1752 790//1751
f  790//1753 621//1753 791//1754
f  791//1755 621//1755 625//1755
f  791//1756 625//1756 792//1756
f  644//1757 793//1757 643//1757
f  643//1758 793//1759 792//1758
f  643//1760 792//1761 641//1762
f  641//1763 792//1764 625//1765
f  628//1766 631//1767 794//1768
f  794//1769 795//1770 628//1770
f  628//1771 795//1771 796//1771
f  628//1772 796//1773 629//1773
f  629//1774 796//1775 797//1775
f  629//1776 797//1776 634//1776
f  634//1777 797//1778 798//1777
f  634//1779 798//1779 635//1780
f  635//1781 798//1782 799//1783
f  635//1784 799//1785 636//1786
f  636//1787 799//1788 637//1789
f  637//1790 799//1791 793//1792
f  637//1793 793//1794 644//1795
f  794//1796 631//1796 633//1797
f  794//1798 633//1798 800//1798
f  800//1799 633//1799 649//1800
f  800//1801 649//1801 801//1801
f  801//1802 649//1803 802//1802
f  802//1804 649//1805 648//1806
f  802//1807 648//1807 803//1807
f  803//1808 648//1809 646//1808
f  657//1810 804//1811 656//1811
f  656//1812 804//1812 805//1812
f  656//1813 805//1814 645//1813
f  645//1815 805//1815 806//1815
f  645//1816 806//1816 646//1816
f  646//1817 806//1817 807//1817
f  646//1818 807//1818 803//1818
f  363//1819 368//1819 808//1819
f  808//1820 368//1820 809//1820
f  809//1821 368//1822 367//1823
f  809//1824 367//1825 366//1825
f  366//1826 365//1827 809//1828
f  809//1829 365//1830 373//1831
f  809//1832 373//1832 810//1832
f  810//1833 373//1833 372//1833
f  810//1834 372//1834 371//1835
f  371//1836 370//1837 810//1838
f  810//1839 370//1840 369//1839
f  810//1841 369//1842 378//1841
f  378//1843 379//1844 810//1845
f  810//1846 379//1846 380//1846
f  810//1847 380//1847 811//1847
f  811//1848 380//1849 382//1848
f  382//1850 392//1850 811//1851
f  811//1852 392//1852 391//1852
f  811//1853 391//1853 812//1853
f  812//1854 391//1855 390//1855
f  812//1856 390//1857 389//1858
f  385//1859 813//1860 383//1859
f  383//1861 813//1861 812//1861
f  383//1862 812//1863 388//1864
f  388//1865 812//1865 389//1866
f  385//1867 387//1868 813//1869
f  813//1870 387//1871 395//1871
f  813//1872 395//1873 814//1874
f  516//1875 815//1875 393//1875
f  393//1876 815//1876 814//1876
f  393//1877 814//1878 394//1878
f  394//1879 814//1880 395//1881
f  816//1882 361//1883 362//1884
f  808//1885 817//1885 363//1885
f  363//1886 817//1886 818//1887
f  363//1888 818//1888 362//1888
f  362//1889 818//1890 819//1891
f  362//1892 819//1893 816//1894
f  815//1895 516//1896 515//1897
f  815//1898 515//1899 820//1900
f  820//1901 515//1902 400//1903
f  820//1904 400//1904 821//1905
f  821//1906 400//1907 402//1906
f  821//1908 402//1908 822//1908
f  822//1909 402//1910 823//1910
f  823//1911 402//1911 403//1912
f  403//1913 396//1914 823//1915
f  823//1916 396//1916 398//1917
f  823//1918 398//1919 824//1919
f  398//1920 399//1921 824//1921
f  824//1922 399//1923 409//1922
f  824//1924 409//1925 408//1924
f  408//1926 407//1927 824//1927
f  824//1928 407//1929 405//1930
f  824//1931 405//1932 825//1933
f  825//1934 405//1935 404//1935
f  404//1936 411//1937 825//1936
f  825//1938 411//1939 412//1940
f  825//1941 412//1942 826//1942
f  826//1943 412//1943 420//1944
f  420//1945 419//1946 826//1946
f  826//1947 419//1948 418//1947
f  826//1949 418//1949 827//1949
f  827//1950 418//1951 417//1952
f  827//1953 417//1954 416//1953
f  416//1955 414//1955 827//1956
f  827//1957 414//1958 413//1958
f  827//1959 413//1960 828//1959
f  828//1961 413//1962 427//1963
f  828//1964 427//1965 426//1966
f  434//1967 431//1967 829//1967
f  426//1968 424//1968 828//1968
f  828//1969 424//1970 422//1971
f  828//1972 422//1973 830//1973
f  830//1974 422//1975 421//1976
f  830//1977 421//1978 428//1978
f  428//1979 430//1980 830//1981
f  830//1982 430//1983 436//1984
f  830//1985 436//1985 829//1985
f  829//1986 436//1987 435//1986
f  829//1988 435//1989 434//1988
f  431//1990 432//1990 829//1990
f  829//1991 432//1991 433//1991
f  829//1992 433//1992 831//1992
f  831//1993 433//1993 439//1993
f  831//1994 439//1995 832//1996
f  832//1997 439//1997 438//1998
f  832//1999 438//1999 833//1999
f  833//2000 438//2000 437//2000
f  833//2001 437//2002 834//2003
f  834//2004 437//2004 297//2005
f  834//2006 297//2007 835//2008
f  835//2009 297//2009 296//2010
f  836//2011 149//2012 837//2011
f  837//2013 149//2014 147//2015
f  147//2016 146//2017 837//2017
f  837//2018 146//2018 157//2019
f  837//2020 157//2021 838//2022
f  838//2023 157//2024 156//2024
f  838//2025 156//2026 839//2027
f  180//2028 178//2028 840//2028
f  839//2029 156//2029 841//2030
f  841//2031 156//2032 155//2032
f  155//2033 151//2034 841//2033
f  841//2035 151//2035 153//2036
f  841//2037 153//2037 842//2037
f  153//2038 154//2039 842//2039
f  842//2040 154//2040 163//2040
f  842//2041 163//2042 162//2041
f  162//2043 161//2044 842//2043
f  842//2045 161//2046 159//2047
f  842//2048 159//2049 843//2049
f  843//2050 159//2051 158//2052
f  158//2053 165//2053 843//2053
f  843//2054 165//2054 166//2054
f  843//2055 166//2055 844//2055
f  844//2056 166//2057 174//2058
f  174//2059 173//2060 844//2061
f  844//2062 173//2062 172//2062
f  844//2063 172//2063 845//2063
f  845//2064 172//2065 171//2066
f  845//2067 171//2067 170//2068
f  170//2069 168//2069 845//2070
f  845//2071 168//2071 167//2071
f  845//2072 167//2072 840//2072
f  840//2073 167//2074 181//2073
f  840//2075 181//2075 180//2076
f  182//2077 846//2078 175//2079
f  175//2080 846//2081 840//2081
f  175//2082 840//2083 176//2083
f  176//2084 840//2084 178//2085
f  188//2086 185//2087 847//2088
f  182//2089 184//2090 846//2091
f  846//2092 184//2093 190//2094
f  846//2095 190//2096 847//2096
f  847//2097 190//2097 189//2097
f  847//2098 189//2098 188//2098
f  185//2099 186//2099 847//2100
f  847//2101 186//2102 187//2101
f  847//2103 187//2103 848//2103
f  848//2104 187//2104 193//2105
f  848//2106 193//2106 849//2106
f  193//2107 192//2107 849//2107
f  849//2108 192//2109 191//2110
f  849//2111 191//2112 850//2111
f  850//2113 191//2113 12//2113
f  850//2114 12//2114 851//2114
f  851//2115 12//2116 11//2115
f  852//2117 853//2118 683//2118
f  689//2119 854//2120 688//2121
f  688//2122 854//2122 855//2122
f  688//2123 855//2123 687//2123
f  687//2124 855//2125 856//2125
f  687//2126 856//2127 674//2127
f  674//2128 856//2128 852//2129
f  674//2130 852//2131 675//2132
f  675//2133 852//2133 683//2133
f  853//2134 857//2134 683//2135
f  683//2136 857//2136 858//2137
f  683//2138 858//2139 684//2138
f  854//2140 689//2140 698//2140
f  854//2141 698//2141 859//2141
f  859//2142 698//2142 697//2142
f  859//2143 697//2143 860//2143
f  861//2144 693//2145 862//2146
f  862//2147 693//2147 691//2147
f  860//2148 697//2149 863//2150
f  863//2151 697//2152 696//2153
f  863//2154 696//2155 864//2155
f  864//2156 696//2156 695//2156
f  864//2157 695//2158 865//2159
f  865//2160 695//2161 694//2162
f  865//2163 694//2164 866//2164
f  866//2165 694//2165 693//2165
f  866//2166 693//2166 867//2167
f  867//2168 693//2169 861//2170
f  691//2171 690//2171 862//2171
f  862//2172 690//2173 868//2173
f  868//2174 690//2174 869//2175
f  869//2176 690//2176 741//2177
f  869//2178 741//2179 702//2179
f  704//2180 870//2180 699//2180
f  699//2181 870//2181 869//2182
f  699//2183 869//2184 700//2183
f  700//2185 869//2185 702//2185
f  870//2186 704//2187 871//2188
f  871//2189 704//2190 706//2190
f  871//2191 706//2192 872//2192
f  872//2193 706//2193 710//2194
f  872//2195 710//2196 873//2197
f  873//2198 710//2199 709//2200
f  873//2201 709//2201 874//2201
f  875//2202 876//2203 708//2202
f  708//2204 876//2204 874//2204
f  708//2205 874//2205 709//2205
f  708//2206 707//2206 875//2206
f  875//2207 707//2208 711//2209
f  875//2210 711//2211 727//2212
f  721//2213 877//2213 723//2213
f  723//2214 877//2214 875//2214
f  723//2215 875//2216 728//2215
f  728//2217 875//2218 727//2219
f  716//2220 714//2221 878//2222
f  878//2223 879//2224 716//2225
f  716//2226 879//2227 880//2228
f  716//2229 880//2230 717//2231
f  717//2232 880//2232 881//2232
f  717//2233 881//2234 718//2234
f  718//2235 881//2236 882//2235
f  718//2237 882//2237 719//2237
f  719//2238 882//2238 883//2238
f  719//2239 883//2240 720//2241
f  720//2242 883//2243 877//2244
f  720//2245 877//2246 721//2247
f  878//2248 714//2249 731//2250
f  878//2251 731//2251 884//2251
f  884//2252 731//2252 730//2253
f  884//2254 730//2254 885//2254
f  885//2255 730//2256 886//2257
f  886//2258 730//2258 729//2258
f  886//2259 729//2260 887//2261
f  887//2262 729//2262 732//2262
f  887//2263 732//2263 888//2264
f  888//2265 732//2265 582//2265
f  888//2266 582//2266 889//2266
f  889//2267 582//2267 734//2267
f  889//2268 734//2268 735//2268
f  567//2269 890//2270 735//2270
f  735//2271 890//2272 891//2273
f  735//2274 891//2275 889//2275
f  892//2276 748//2276 747//2276
f  892//2277 747//2278 893//2278
f  893//2279 747//2279 746//2279
f  893//2280 746//2280 894//2280
f  750//2281 749//2282 895//2283
f  895//2284 896//2285 750//2286
f  750//2287 896//2288 897//2289
f  750//2290 897//2291 744//2292
f  744//2293 897//2293 745//2293
f  745//2294 897//2295 894//2296
f  745//2297 894//2297 746//2298
f  749//2299 751//2299 895//2299
f  895//2300 751//2300 898//2300
f  638//2301 642//2302 899//2303
f  898//2304 751//2304 899//2304
f  899//2305 751//2305 752//2305
f  899//2306 752//2307 638//2308
f  627//2309 900//2309 639//2310
f  639//2311 900//2311 899//2311
f  639//2312 899//2312 640//2312
f  640//2313 899//2313 642//2314
f  900//2315 627//2316 626//2317
f  900//2318 626//2319 901//2320
f  901//2321 626//2322 618//2323
f  901//2324 618//2325 902//2325
f  902//2326 618//2327 552//2326
f  902//2328 552//2328 903//2328
f  903//2329 552//2329 551//2330
f  903//2331 551//2332 904//2331
f  905//2333 906//2333 617//2333
f  617//2334 906//2335 904//2334
f  617//2336 904//2337 551//2338
f  617//2339 616//2339 905//2339
f  905//2340 616//2341 615//2341
f  905//2342 615//2343 603//2344
f  756//2345 907//2345 757//2345
f  757//2346 907//2347 905//2347
f  757//2348 905//2348 758//2348
f  758//2349 905//2349 603//2349
f  753//2350 763//2350 908//2351
f  908//2352 909//2353 753//2354
f  753//2355 909//2355 910//2355
f  753//2356 910//2357 754//2358
f  754//2359 910//2359 755//2360
f  755//2361 910//2362 907//2362
f  755//2363 907//2364 756//2365
f  908//2366 763//2366 762//2366
f  908//2367 762//2368 911//2368
f  911//2369 762//2369 761//2369
f  911//2370 761//2370 912//2370
f  765//2371 764//2372 913//2373
f  913//2374 914//2375 765//2374
f  765//2376 914//2377 915//2378
f  765//2379 915//2379 759//2380
f  759//2381 915//2382 760//2383
f  760//2384 915//2385 912//2386
f  760//2387 912//2388 761//2389
f  764//2390 766//2390 913//2390
f  913//2391 766//2391 916//2392
f  722//2393 724//2394 917//2395
f  916//2396 766//2396 917//2396
f  917//2397 766//2398 767//2397
f  917//2399 767//2399 722//2400
f  713//2401 918//2401 725//2401
f  725//2402 918//2403 917//2403
f  725//2404 917//2404 726//2404
f  726//2405 917//2406 724//2406
f  918//2407 713//2408 712//2409
f  918//2410 712//2411 919//2412
f  919//2413 712//2413 705//2414
f  919//2415 705//2416 920//2417
f  920//2418 705//2419 701//2418
f  920//2420 701//2421 921//2422
f  921//2423 701//2424 703//2425
f  921//2426 703//2427 922//2426
f  922//2428 703//2429 743//2430
f  742//2431 923//2432 743//2431
f  743//2433 923//2433 924//2433
f  743//2434 924//2434 922//2434
f  738//2435 925//2435 739//2435
f  739//2436 925//2436 923//2436
f  739//2437 923//2437 740//2438
f  740//2439 923//2440 742//2440
f  736//2441 748//2442 892//2443
f  892//2444 926//2445 736//2446
f  736//2447 926//2447 927//2447
f  736//2448 927//2449 737//2450
f  737//2451 927//2451 925//2451
f  737//2452 925//2453 738//2454
f  928//2455 179//2455 231//2456
f  230//2457 929//2457 231//2457
f  231//2458 929//2458 930//2458
f  231//2459 930//2459 928//2459
f  931//2460 932//2460 230//2460
f  230//2461 932//2462 933//2462
f  230//2463 933//2463 929//2464
f  931//2465 230//2465 934//2466
f  934//2467 230//2467 160//2467
f  934//2468 160//2468 935//2469
f  233//2470 936//2471 234//2470
f  234//2472 936//2473 935//2474
f  234//2475 935//2475 235//2475
f  235//2476 935//2476 160//2476
f  936//2477 233//2478 238//2479
f  936//2480 238//2481 937//2482
f  238//2483 237//2483 937//2483
f  937//2484 237//2485 236//2485
f  937//2486 236//2487 938//2488
f  938//2489 236//2490 242//2489
f  938//2491 242//2492 939//2493
f  939//2494 242//2495 940//2495
f  940//2496 242//2497 241//2496
f  940//2498 241//2498 941//2498
f  941//2499 241//2500 240//2499
f  239//2501 942//2501 240//2502
f  240//2503 942//2503 943//2503
f  240//2504 943//2505 941//2506
f  138//2507 944//2508 243//2508
f  243//2509 944//2509 942//2510
f  243//2511 942//2511 244//2512
f  244//2513 942//2514 239//2515
f  120//2516 945//2517 22//2518
f  22//2519 945//2519 946//2520
f  22//2521 946//2521 947//2521
f  948//2522 133//2522 949//2522
f  949//2523 133//2524 132//2525
f  949//2526 132//2527 950//2528
f  950//2529 132//2530 131//2531
f  950//2532 131//2533 947//2534
f  947//2535 131//2536 130//2537
f  947//2538 130//2539 22//2539
f  137//2540 129//2540 948//2541
f  948//2542 129//2543 128//2544
f  948//2545 128//2546 133//2547
f  948//2548 951//2549 137//2550
f  137//2551 951//2552 944//2551
f  137//2553 944//2554 138//2553
f  945//2555 120//2556 952//2556
f  120//2557 118//2558 952//2559
f  952//2560 118//2560 116//2560
f  952//2561 116//2561 953//2561
f  253//2562 252//2562 954//2562
f  954//2563 955//2564 253//2565
f  253//2566 955//2566 956//2566
f  253//2567 956//2568 254//2568
f  254//2569 956//2570 957//2571
f  254//2572 957//2573 245//2572
f  245//2574 957//2575 953//2575
f  245//2576 953//2577 116//2576
f  954//2578 252//2579 251//2579
f  958//2580 959//2581 250//2581
f  250//2582 959//2582 960//2582
f  250//2583 960//2584 251//2583
f  251//2585 960//2586 961//2585
f  251//2587 961//2587 954//2587
f  246//2588 962//2589 247//2589
f  247//2590 962//2590 963//2590
f  247//2591 963//2591 248//2591
f  248//2592 963//2592 958//2592
f  248//2593 958//2593 249//2593
f  249//2594 958//2594 250//2595
f  962//2596 246//2597 255//2598
f  962//2599 255//2600 964//2601
f  964//2602 255//2603 259//2604
f  964//2605 259//2605 965//2605
f  965//2606 259//2607 258//2608
f  965//2609 258//2610 966//2611
f  258//2612 257//2612 966//2612
f  966//2613 257//2613 967//2613
f  967//2614 257//2614 968//2614
f  968//2615 257//2616 256//2615
f  968//2617 256//2618 969//2618
f  969//2619 256//2620 970//2621
f  970//2622 256//2622 261//2622
f  970//2623 261//2623 971//2623
f  264//2624 972//2624 265//2625
f  265//2626 972//2627 971//2627
f  265//2628 971//2628 262//2629
f  262//2630 971//2630 261//2630
f  209//2631 973//2632 266//2633
f  266//2634 973//2634 974//2634
f  266//2635 974//2636 975//2637
f  972//2638 264//2639 976//2640
f  976//2641 264//2642 263//2643
f  976//2644 263//2645 975//2646
f  975//2647 263//2648 267//2649
f  975//2650 267//2651 266//2652
f  973//2653 209//2653 203//2653
f  973//2654 203//2654 977//2654
f  977//2655 203//2655 205//2656
f  977//2657 205//2657 978//2657
f  979//2658 177//2658 928//2658
f  928//2659 177//2659 179//2659
f  980//2660 198//2661 981//2662
f  981//2663 198//2664 177//2665
f  981//2666 177//2667 982//2667
f  982//2668 177//2668 979//2668
f  206//2669 196//2670 980//2671
f  980//2672 196//2673 195//2672
f  980//2674 195//2675 198//2674
f  980//2676 983//2677 206//2677
f  206//2678 983//2678 978//2678
f  206//2679 978//2680 205//2679
f  349//2681 351//2681 984//2682
f  984//2683 985//2684 349//2685
f  349//2686 985//2687 986//2687
f  349//2688 986//2689 374//2690
f  374//2691 986//2692 987//2691
f  374//2693 987//2694 375//2695
f  375//2696 987//2697 988//2698
f  375//2699 988//2700 376//2701
f  988//2702 989//2703 376//2703
f  376//2704 989//2705 990//2705
f  376//2706 990//2707 377//2708
f  377//2709 990//2710 991//2711
f  377//2712 991//2712 381//2712
f  984//2713 351//2713 992//2713
f  351//2714 348//2714 992//2714
f  992//2715 348//2715 346//2715
f  992//2716 346//2717 993//2716
f  994//2718 519//2719 995//2719
f  995//2720 519//2720 520//2721
f  994//2722 996//2723 519//2724
f  519//2725 996//2726 997//2727
f  519//2728 997//2729 518//2729
f  518//2730 997//2731 993//2732
f  518//2733 993//2734 346//2733
f  995//2735 520//2736 521//2735
f  998//2737 999//2737 522//2737
f  522//2738 999//2738 1000//2738
f  522//2739 1000//2740 521//2740
f  521//2741 1000//2742 1001//2743
f  521//2744 1001//2745 995//2746
f  526//2747 1002//2747 525//2748
f  525//2749 1002//2750 1003//2749
f  525//2751 1003//2752 524//2753
f  524//2754 1003//2754 998//2754
f  524//2755 998//2755 523//2755
f  523//2756 998//2756 522//2756
f  531//2757 530//2757 1004//2757
f  1004//2758 1005//2758 531//2759
f  531//2760 1005//2760 1006//2760
f  531//2761 1006//2762 527//2763
f  527//2764 1006//2765 1002//2766
f  527//2767 1002//2768 526//2769
f  1007//2770 1008//2770 529//2770
f  529//2771 1008//2772 1004//2772
f  529//2773 1004//2773 530//2773
f  1007//2774 529//2774 1009//2774
f  1009//2775 529//2775 528//2775
f  1009//2776 528//2776 1010//2776
f  1010//2777 528//2778 533//2779
f  1010//2780 533//2780 1011//2781
f  536//2782 1012//2782 537//2782
f  537//2783 1012//2783 1011//2783
f  537//2784 1011//2784 534//2784
f  534//2785 1011//2786 533//2787
f  454//2788 1013//2789 538//2790
f  538//2791 1013//2792 1014//2793
f  538//2794 1014//2794 1015//2794
f  1012//2795 536//2795 1016//2795
f  1016//2796 536//2796 535//2797
f  1016//2798 535//2799 1015//2798
f  1015//2800 535//2801 539//2802
f  1015//2803 539//2803 538//2803
f  1017//2804 1013//2805 450//2806
f  450//2807 1013//2807 454//2807
f  1017//2808 450//2809 1018//2809
f  1018//2810 450//2810 449//2810
f  1018//2811 449//2811 1019//2812
f  1020//2813 423//2814 1021//2814
f  1021//2815 423//2816 425//2815
f  1020//2817 1022//2818 423//2817
f  423//2819 1022//2819 1023//2819
f  423//2820 1023//2821 445//2822
f  445//2823 1023//2823 1024//2823
f  445//2824 1024//2824 446//2825
f  446//2826 1024//2826 1025//2827
f  446//2828 1025//2829 447//2830
f  447//2831 1025//2832 1019//2831
f  447//2833 1019//2834 449//2834
f  1021//2835 425//2836 541//2837
f  540//2838 1026//2838 541//2838
f  541//2839 1026//2840 1027//2839
f  541//2841 1027//2841 1021//2841
f  1028//2842 1029//2843 540//2843
f  540//2844 1029//2845 1030//2845
f  540//2846 1030//2847 1026//2848
f  1028//2849 540//2850 1031//2851
f  1031//2852 540//2852 406//2852
f  1031//2853 406//2853 1032//2853
f  542//2854 1033//2855 543//2855
f  543//2856 1033//2856 1032//2856
f  543//2857 1032//2857 544//2857
f  544//2858 1032//2858 406//2858
f  272//2859 1034//2860 545//2861
f  545//2862 1034//2862 1035//2863
f  545//2864 1035//2864 546//2864
f  546//2865 1035//2866 1033//2867
f  546//2868 1033//2869 542//2870
f  272//2871 271//2872 1034//2873
f  1034//2874 271//2875 513//2876
f  1034//2877 513//2878 1036//2877
f  1036//2879 513//2879 1037//2879
f  1037//2880 513//2880 512//2880
f  1037//2881 512//2881 1038//2881
f  1038//2882 512//2882 268//2882
f  270//2883 1039//2884 268//2883
f  268//2885 1039//2885 1040//2885
f  268//2886 1040//2887 1038//2888
f  381//2889 991//2890 514//2889
f  514//2891 991//2891 1039//2891
f  514//2892 1039//2893 517//2894
f  517//2895 1039//2895 270//2895
f  1041//2896 570//2897 1042//2897
f  1042//2898 570//2899 733//2900
f  1042//2901 733//2902 1043//2903
f  1043//2904 733//2905 581//2906
f  1043//2907 581//2907 1044//2908
f  1044//2909 581//2909 580//2910
f  1044//2911 580//2912 576//2913
f  576//2914 578//2915 1044//2915
f  1044//2916 578//2917 579//2917
f  1044//2918 579//2919 1045//2920
f  1045//2921 579//2922 575//2923
f  1045//2924 575//2925 1046//2926
f  1046//2927 575//2927 574//2928
f  1046//2929 574//2930 1047//2929
f  1047//2931 574//2932 572//2933
f  572//2934 571//2934 1047//2934
f  1047//2935 571//2935 585//2936
f  1047//2937 585//2938 1048//2939
f  585//2940 584//2941 1048//2941
f  1048//2942 584//2943 1049//2944
f  1049//2945 584//2945 1050//2945
f  1050//2946 584//2947 586//2947
f  1050//2948 586//2948 1051//2948
f  1051//2949 586//2949 1052//2949
f  1052//2950 586//2950 562//2951
f  1052//2952 562//2953 1053//2953
f  1053//2954 562//2954 561//2954
f  1053//2955 561//2955 1054//2955
f  1054//2956 561//2956 593//2956
f  1054//2957 593//2958 1055//2959
f  1056//2960 591//2961 1057//2962
f  1057//2963 591//2964 590//2965
f  1057//2966 590//2966 1058//2966
f  1058//2967 590//2968 589//2969
f  1058//2970 589//2970 1059//2971
f  1059//2972 589//2972 588//2972
f  1059//2973 588//2973 1060//2973
f  595//2974 596//2975 1056//2976
f  1056//2977 596//2978 592//2979
f  1056//2980 592//2980 591//2980
f  1056//2981 1061//2982 595//2982
f  595//2983 1061//2984 1062//2985
f  595//2986 1062//2987 593//2988
f  593//2989 1062//2990 1055//2991
f  1060//2992 588//2993 558//2993
f  560//2994 1063//2995 558//2994
f  558//2996 1063//2996 1064//2996
f  558//2997 1064//2997 1060//2997
f  600//2998 1065//2999 560//3000
f  560//3001 1065//3001 1066//3002
f  560//3003 1066//3003 1063//3004
f  1067//3005 666//3006 1068//3007
f  1068//3008 666//3008 665//3009
f  1068//3010 665//3011 1069//3010
f  1069//3012 665//3012 667//3013
f  1069//3014 667//3015 1070//3016
f  1070//3017 667//3017 1071//3017
f  547//3018 682//3018 1072//3018
f  667//3019 548//3019 1071//3019
f  1071//3020 548//3020 547//3021
f  1071//3022 547//3022 1073//3022
f  1073//3023 547//3023 1072//3023
f  668//3024 1074//3025 1075//3026
f  668//3027 1075//3028 669//3029
f  669//3030 1075//3031 1076//3031
f  669//3032 1076//3033 676//3033
f  676//3034 1076//3035 1077//3035
f  676//3036 1077//3037 677//3036
f  677//3038 1077//3039 1078//3040
f  677//3041 1078//3041 679//3041
f  679//3042 1078//3042 1079//3042
f  679//3043 1079//3044 681//3044
f  1072//3045 682//3046 1080//3047
f  1080//3048 682//3049 681//3050
f  1080//3051 681//3052 1081//3053
f  1081//3054 681//3055 1079//3056
f  1074//3057 668//3058 672//3059
f  671//3060 1082//3060 672//3061
f  672//3062 1082//3062 1083//3062
f  672//3063 1083//3064 1074//3065
f  686//3066 1084//3067 671//3066
f  671//3068 1084//3069 1085//3069
f  671//3070 1085//3070 1082//3070
f  1086//3071 84//3072 93//3073
f  1086//3074 93//3075 1087//3076
f  93//3077 92//3078 1087//3079
f  1087//3080 92//3081 90//3081
f  1087//3082 90//3082 1088//3083
f  1088//3084 90//3085 89//3086
f  1088//3087 89//3088 1089//3087
f  1089//3089 89//3090 1090//3091
f  1090//3092 89//3093 81//3092
f  1090//3094 81//3095 1091//3094
f  1091//3096 81//3097 80//3096
f  1091//3098 80//3099 1092//3098
f  1092//3100 80//3101 78//3101
f  1092//3102 78//3103 1093//3104
f  74//3105 98//3105 1094//3105
f  74//3106 1094//3106 77//3106
f  1094//3107 1095//3108 77//3107
f  77//3109 1095//3110 1093//3109
f  77//3111 1093//3111 78//3111
f  1096//3112 95//3113 1097//3113
f  1097//3114 95//3115 101//3115
f  1096//3116 1098//3116 95//3116
f  95//3117 1098//3118 1099//3119
f  95//3120 1099//3121 97//3121
f  97//3122 1099//3123 1094//3123
f  97//3124 1094//3124 98//3124
f  1100//3125 117//3125 119//3125
f  20//3126 1101//3126 21//3126
f  21//3127 1101//3127 1102//3128
f  21//3129 1102//3130 119//3129
f  119//3131 1102//3132 1103//3132
f  119//3133 1103//3133 1100//3133
f  18//3134 17//3134 1104//3134
f  1104//3135 1105//3136 18//3136
f  18//3137 1105//3137 1106//3137
f  18//3138 1106//3139 122//3140
f  122//3141 1106//3142 123//3143
f  123//3144 1106//3144 1101//3145
f  123//3146 1101//3147 20//3148
f  293//3149 292//3149 1107//3150
f  1107//3151 292//3151 440//3151
f  1107//3152 440//3153 1108//3153
f  1109//3154 1110//3155 289//3155
f  289//3156 1110//3156 1111//3157
f  289//3158 1111//3158 290//3158
f  290//3159 1111//3159 1112//3159
f  290//3160 1112//3160 440//3160
f  440//3161 1112//3161 1113//3162
f  440//3163 1113//3164 1108//3165
f  442//3166 441//3166 1114//3167
f  1114//3168 1115//3168 442//3168
f  442//3169 1115//3170 1116//3170
f  442//3171 1116//3172 443//3173
f  443//3174 1116//3175 444//3174
f  444//3176 1116//3177 1109//3178
f  444//3179 1109//3180 289//3181
f  1117//3182 1114//3182 448//3182
f  448//3183 1114//3184 441//3183
f  456//3185 1118//3186 451//3187
f  451//3188 1118//3189 1119//3189
f  451//3190 1119//3191 448//3190
f  448//3192 1119//3193 1120//3194
f  448//3195 1120//3195 1117//3196
f  456//3197 455//3198 1118//3199
f  1118//3200 455//3200 1121//3201
f  1121//3202 455//3203 1122//3204
f  1122//3205 455//3206 453//3207
f  1122//3208 453//3209 1123//3210
f  1123//3211 453//3212 452//3213
f  1123//3214 452//3215 1124//3216
f  1124//3217 452//3217 288//3218
f  1124//3219 288//3220 1125//3221
f  1125//3222 288//3223 460//3224
f  1125//3225 460//3225 1126//3225
f  1126//3226 460//3227 459//3226
f  1126//3228 459//3229 1127//3228
f  1127//3230 459//3230 1128//3230
f  1128//3231 459//3232 458//3232
f  1128//3233 458//3233 1129//3234
f  463//3235 1130//3236 458//3235
f  458//3237 1130//3238 1131//3237
f  458//3239 1131//3239 1129//3239
f  284//3240 1132//3241 1133//3240
f  1133//3242 1134//3242 284//3243
f  284//3244 1134//3245 1135//3246
f  284//3247 1135//3248 285//3249
f  285//3250 1135//3250 1136//3250
f  285//3251 1136//3251 457//3252
f  457//3253 1136//3254 1137//3255
f  457//3256 1137//3257 461//3256
f  469//3258 468//3259 1138//3260
f  1138//3261 1139//3262 469//3261
f  469//3263 1139//3264 1140//3265
f  469//3266 1140//3267 465//3268
f  465//3269 1140//3270 1141//3271
f  465//3272 1141//3272 466//3273
f  466//3274 1141//3275 1132//3275
f  466//3276 1132//3277 284//3278
f  480//3279 1142//3279 479//3279
f  479//3280 1142//3280 1143//3281
f  479//3282 1143//3282 467//3283
f  467//3284 1143//3285 1138//3286
f  467//3287 1138//3288 468//3288
f  482//3289 481//3290 1144//3289
f  1144//3291 481//3292 1145//3292
f  482//3293 1144//3294 484//3293
f  484//3295 1144//3296 1146//3297
f  484//3298 1146//3299 485//3300
f  485//3301 1146//3302 1147//3301
f  485//3303 1147//3304 472//3303
f  472//3305 1147//3305 1148//3305
f  472//3306 1148//3306 473//3306
f  473//3307 1148//3308 1149//3307
f  473//3309 1149//3310 474//3311
f  474//3312 1149//3313 476//3314
f  476//3315 1149//3316 1142//3317
f  476//3318 1142//3319 480//3320
f  282//3321 1150//3321 280//3321
f  280//3322 1150//3322 1151//3322
f  280//3323 1151//3323 481//3323
f  481//3324 1151//3325 1152//3324
f  481//3326 1152//3326 1145//3326
f  1153//3327 1154//3328 486//3328
f  486//3329 1154//3330 1155//3330
f  486//3331 1155//3332 283//3333
f  283//3334 1155//3335 281//3336
f  483//3337 1156//3337 486//3337
f  486//3338 1156//3338 1157//3338
f  486//3339 1157//3340 1153//3341
f  471//3342 470//3342 1158//3342
f  1158//3343 1159//3343 471//3343
f  471//3344 1159//3345 1160//3345
f  471//3346 1160//3346 483//3347
f  483//3348 1160//3348 1161//3348
f  483//3349 1161//3349 1156//3350
f  1158//3351 470//3352 1162//3351
f  1162//3353 470//3353 475//3353
f  1162//3354 475//3354 1163//3355
f  1163//3356 475//3356 478//3356
f  1163//3357 478//3357 1164//3357
f  490//3358 488//3359 1165//3358
f  1165//3360 1166//3361 490//3362
f  490//3363 1166//3363 1167//3364
f  490//3365 1167//3366 491//3366
f  491//3367 1167//3368 1168//3369
f  491//3370 1168//3371 277//3372
f  277//3373 1168//3374 1169//3375
f  277//3376 1169//3377 278//3376
f  278//3378 1169//3379 1170//3380
f  278//3381 1170//3381 477//3381
f  477//3382 1170//3383 1164//3382
f  477//3384 1164//3384 478//3384
f  492//3385 1171//3385 487//3386
f  487//3387 1171//3387 1165//3387
f  487//3388 1165//3389 488//3389
f  494//3390 1172//3390 492//3390
f  492//3391 1172//3391 1173//3391
f  492//3392 1173//3392 1171//3392
f  497//3393 1174//3394 495//3395
f  495//3396 1174//3397 1172//3398
f  495//3399 1172//3400 532//3399
f  532//3401 1172//3402 494//3401
f  502//3403 501//3403 1175//3404
f  1176//3405 500//3406 1177//3407
f  1177//3408 500//3409 502//3409
f  1177//3410 502//3411 1178//3410
f  1178//3412 502//3413 1175//3414
f  1174//3415 497//3416 1176//3417
f  1176//3418 497//3419 499//3419
f  1176//3420 499//3421 500//3421
f  1175//3422 501//3423 1179//3422
f  1179//3424 501//3424 274//3425
f  1179//3426 274//3426 1180//3426
f  1180//3427 274//3427 276//3427
f  503//3428 1181//3429 276//3429
f  276//3430 1181//3430 1182//3430
f  276//3431 1182//3432 1180//3432
f  508//3433 1183//3434 509//3435
f  509//3436 1183//3437 1181//3437
f  509//3438 1181//3438 511//3438
f  511//3439 1181//3440 503//3441
f  322//3442 321//3443 1184//3444
f  1184//3445 1185//3446 322//3445
f  322//3447 1185//3448 1186//3449
f  322//3450 1186//3451 326//3450
f  326//3452 1186//3453 1187//3453
f  326//3454 1187//3455 507//3456
f  507//3457 1187//3457 1188//3457
f  507//3458 1188//3458 506//3459
f  506//3460 1188//3461 1189//3462
f  506//3463 1189//3464 504//3463
f  504//3465 1189//3466 1183//3467
f  504//3468 1183//3469 508//3470
f  1184//3471 321//3471 313//3471
f  1184//3472 313//3472 1190//3472
f  1190//3473 313//3474 316//3473
f  1190//3475 316//3475 1191//3475
f  1192//3476 1193//3477 302//3478
f  1191//3479 316//3480 1194//3480
f  1194//3481 316//3482 303//3482
f  302//3483 1193//3484 303//3484
f  303//3485 1193//3485 1195//3486
f  303//3487 1195//3487 1194//3487
f  310//3488 1196//3489 302//3490
f  302//3491 1196//3491 1197//3492
f  302//3493 1197//3494 1192//3494
f  320//3495 327//3496 1198//3497
f  320//3498 1198//3498 314//3498
f  1198//3499 1199//3499 314//3499
f  314//3500 1199//3500 1200//3500
f  314//3501 1200//3502 315//3502
f  1201//3503 332//3503 1202//3503
f  1202//3504 332//3504 331//3504
f  1201//3505 1203//3505 332//3505
f  332//3506 1203//3507 1204//3507
f  332//3508 1204//3508 325//3508
f  325//3509 1204//3510 1198//3511
f  325//3512 1198//3513 327//3514
f  360//3515 1205//3515 350//3515
f  350//3516 1205//3516 1206//3516
f  350//3517 1206//3518 352//3517
f  352//3519 1206//3519 1207//3519
f  352//3520 1207//3521 353//3522
f  353//3523 1207//3523 1208//3523
f  353//3524 1208//3524 347//3524
f  347//3525 1208//3525 1209//3525
f  357//3526 355//3527 1210//3527
f  1210//3528 1211//3528 357//3528
f  357//3529 1211//3530 1212//3531
f  357//3532 1212//3533 358//3534
f  358//3535 1212//3536 359//3535
f  359//3537 1212//3538 1205//3537
f  359//3539 1205//3540 360//3541
f  194//3542 1213//3542 7//3542
f  7//3543 1213//3544 1214//3544
f  7//3545 1214//3546 8//3547
f  1215//3548 1216//3549 4//3548
f  4//3550 1216//3551 1217//3552
f  4//3553 1217//3554 5//3555
f  5//3556 1217//3557 1218//3556
f  5//3558 1218//3559 194//3559
f  194//3560 1218//3560 1219//3560
f  194//3561 1219//3561 1213//3561
f  200//3562 199//3563 1220//3564
f  1220//3565 1221//3566 200//3567
f  200//3568 1221//3569 1222//3568
f  200//3570 1222//3571 201//3570
f  201//3572 1222//3573 202//3574
f  202//3575 1222//3575 1215//3575
f  202//3576 1215//3577 4//3576
f  1220//3578 199//3579 197//3580
f  1220//3581 197//3582 1223//3582
f  1223//3583 197//3583 204//3583
f  1223//3584 204//3584 1224//3585
f  1224//3586 204//3587 211//3586
f  1224//3588 211//3588 1225//3588
f  1225//3589 211//3590 1226//3591
f  1226//3592 211//3593 210//3592
f  1226//3594 210//3594 1227//3594
f  1227//3595 210//3595 1228//3596
f  1228//3597 210//3598 208//3599
f  1228//3600 208//3601 1229//3602
f  1229//3603 208//3604 207//3604
f  1229//3605 207//3606 1230//3605
f  1230//3607 207//3607 3//3607
f  1230//3608 3//3608 1231//3609
f  1231//3610 3//3610 218//3611
f  1231//3612 218//3613 1232//3612
f  1232//3614 218//3614 217//3614
f  1232//3615 217//3616 1233//3617
f  1233//3618 217//3618 1234//3619
f  1234//3620 217//3620 215//3620
f  221//3621 1235//3621 213//3621
f  213//3622 1235//3623 1236//3623
f  213//3624 1236//3625 215//3626
f  215//3627 1236//3627 1237//3627
f  215//3628 1237//3629 1234//3628
f  1238//3630 1239//3631 226//3632
f  226//3633 1239//3634 1240//3635
f  226//3636 1240//3636 216//3636
f  216//3637 1240//3637 1241//3637
f  216//3638 1241//3639 214//3639
f  214//3640 1241//3640 1242//3640
f  214//3641 1242//3641 212//3641
f  212//3642 1242//3642 1243//3642
f  212//3643 1243//3643 219//3643
f  1244//3644 224//3645 1245//3646
f  1245//3647 224//3648 222//3648
f  1244//3649 1246//3650 224//3651
f  224//3652 1246//3653 1247//3654
f  224//3655 1247//3655 225//3655
f  225//3656 1247//3656 1238//3657
f  225//3658 1238//3658 226//3658
f  41//3659 1248//3660 42//3660
f  42//3661 1248//3661 1249//3661
f  42//3662 1249//3662 40//3662
f  40//3663 1249//3663 1245//3663
f  40//3664 1245//3665 222//3664
f  29//3666 1250//3667 1251//3668
f  29//3669 1251//3670 228//3671
f  228//3672 1251//3673 1252//3674
f  228//3675 1252//3676 229//3677
f  229//3678 1252//3679 32//3680
f  32//3681 1252//3682 1253//3681
f  32//3683 1253//3684 34//3685
f  34//3686 1253//3687 1254//3688
f  34//3689 1254//3689 35//3689
f  35//3690 1254//3690 36//3690
f  36//3691 1254//3692 1248//3692
f  36//3693 1248//3694 41//3695
f  26//3696 1255//3696 27//3696
f  27//3697 1255//3697 1256//3697
f  27//3698 1256//3698 29//3698
f  29//3699 1256//3699 1257//3699
f  29//3700 1257//3700 1250//3700
f  1258//3701 1259//3702 30//3701
f  30//3703 1259//3703 1260//3703
f  30//3704 1260//3704 28//3704
f  227//3705 1261//3705 30//3705
f  30//3706 1261//3706 1262//3706
f  30//3707 1262//3707 1258//3707
f  31//3708 33//3708 1263//3708
f  1263//3709 1264//3710 31//3711
f  31//3712 1264//3712 1265//3712
f  31//3713 1265//3713 227//3714
f  227//3715 1265//3716 1266//3717
f  227//3718 1266//3719 1261//3720
f  1263//3721 33//3721 1267//3721
f  1267//3722 33//3722 37//3722
f  1267//3723 37//3723 1268//3724
f  1268//3725 37//3725 43//3725
f  1268//3726 43//3726 1269//3726
f  1270//3727 48//3728 1271//3729
f  1271//3730 48//3731 46//3732
f  1270//3733 1272//3733 48//3733
f  48//3734 1272//3734 1273//3734
f  48//3735 1273//3736 50//3736
f  50//3737 1273//3738 1274//3738
f  50//3739 1274//3739 38//3739
f  38//3740 1274//3741 1275//3741
f  38//3742 1275//3743 39//3743
f  39//3744 1275//3744 44//3745
f  44//3746 1275//3746 1269//3746
f  44//3747 1269//3748 43//3749
f  51//3750 1276//3751 45//3752
f  45//3753 1276//3754 1271//3754
f  45//3755 1271//3756 46//3756
f  53//3757 1277//3758 51//3759
f  51//3760 1277//3760 1278//3760
f  51//3761 1278//3762 1276//3763
f  56//3764 1279//3764 54//3764
f  54//3765 1279//3765 1277//3765
f  54//3766 1277//3766 260//3766
f  260//3767 1277//3767 53//3767
f  60//3768 1280//3769 61//3768
f  61//3770 1280//3771 1281//3770
f  61//3772 1281//3773 1282//3774
f  1279//3775 56//3776 1283//3776
f  1283//3777 56//3778 58//3779
f  1283//3780 58//3781 1282//3782
f  1282//3783 58//3784 59//3783
f  1282//3785 59//3786 61//3787
f  1280//3788 60//3788 1284//3788
f  1284//3789 60//3790 23//3791
f  1284//3792 23//3792 1285//3792
f  1285//3793 23//3793 25//3793
f  62//3794 1286//3794 25//3795
f  25//3796 1286//3796 1287//3796
f  25//3797 1287//3798 1285//3798
f  68//3799 1288//3799 69//3799
f  69//3800 1288//3801 1286//3801
f  69//3802 1286//3803 71//3802
f  71//3804 1286//3804 62//3804
f  1289//3805 75//3806 1290//3806
f  1290//3807 75//3808 73//3809
f  1289//3810 1291//3811 75//3810
f  75//3812 1291//3812 1292//3813
f  75//3814 1292//3815 76//3815
f  76//3816 1292//3816 1293//3817
f  76//3818 1293//3819 64//3820
f  64//3821 1293//3821 1294//3822
f  64//3823 1294//3824 66//3825
f  66//3826 1294//3827 67//3826
f  67//3828 1294//3829 1288//3829
f  67//3830 1288//3830 68//3830
f  1290//3831 73//3832 72//3831
f  1290//3833 72//3833 1295//3833
f  1295//3834 72//3834 79//3834
f  1295//3835 79//3835 1296//3835
f  1297//3836 1298//3837 91//3838
f  1296//3839 79//3840 1299//3841
f  1299//3842 79//3843 82//3843
f  91//3844 1298//3845 82//3846
f  82//3847 1298//3847 1300//3848
f  82//3849 1300//3850 1299//3850
f  83//3851 1301//3851 91//3851
f  91//3852 1301//3853 1302//3854
f  91//3855 1302//3855 1297//3855
f  1303//3856 1021//3857 1027//3857
f  998//3858 1304//3858 999//3859
f  1304//3860 998//3860 1305//3860
f  995//3861 1001//3862 1306//3861
f  1306//3863 1001//3863 1000//3863
f  1306//3864 1000//3864 1307//3864
f  994//3865 995//3866 996//3867
f  996//3868 995//3869 1306//3870
f  996//3871 1306//3872 997//3873
f  997//3874 1306//3875 993//3876
f  1039//3877 991//3877 1308//3877
f  1308//3878 991//3879 990//3880
f  987//3881 1308//3882 988//3883
f  988//3884 1308//3885 990//3886
f  988//3887 990//3888 989//3889
f  987//3890 986//3891 1308//3892
f  1308//3893 986//3894 985//3895
f  1308//3896 985//3896 984//3896
f  984//3897 992//3898 1308//3898
f  1308//3899 992//3899 1309//3899
f  1308//3900 1309//3900 1039//3900
f  1039//3901 1309//3902 1310//3902
f  1036//3903 1037//3904 1311//3903
f  1311//3905 1037//3906 1038//3907
f  1311//3908 1038//3909 1312//3909
f  1312//3910 1038//3911 1040//3912
f  1036//3913 1313//3914 1034//3915
f  1034//3916 1313//3917 1314//3917
f  1034//3918 1314//3919 1035//3918
f  1314//3920 1315//3920 1316//3920
f  1035//3921 1314//3922 1033//3923
f  1033//3924 1314//3925 1316//3925
f  1033//3926 1316//3927 1032//3928
f  1032//3929 1317//3930 1031//3930
f  1031//3931 1317//3932 1318//3933
f  1031//3934 1318//3935 1028//3936
f  1030//3937 1029//3938 1319//3939
f  1320//3940 1027//3941 1026//3940
f  1020//3942 1021//3943 1022//3944
f  1022//3945 1021//3946 1303//3947
f  1022//3948 1303//3949 1023//3950
f  1024//3951 1023//3952 1025//3953
f  1025//3954 1023//3955 1303//3956
f  1025//3957 1303//3958 1019//3959
f  1019//3960 1303//3961 1027//3962
f  1019//3963 1027//3964 1018//3963
f  1018//3965 1027//3966 1320//3966
f  1026//3967 1030//3968 1320//3969
f  1320//3970 1030//3970 1319//3970
f  1320//3971 1319//3971 1018//3971
f  1018//3972 1319//3972 1017//3972
f  1321//3973 1016//3974 1015//3975
f  1319//3976 1322//3976 1017//3976
f  1017//3977 1322//3977 1321//3977
f  1017//3978 1321//3978 1013//3978
f  1013//3979 1321//3980 1015//3981
f  1013//3982 1015//3983 1014//3984
f  1323//3985 1010//3985 1324//3985
f  1324//3986 1010//3986 1011//3986
f  998//3987 1003//3987 1305//3987
f  1305//3988 1003//3989 1002//3990
f  1305//3991 1002//3992 1325//3992
f  1325//3993 1002//3994 1006//3995
f  1325//3996 1006//3997 1005//3998
f  1005//3999 1004//4000 1325//4001
f  1325//4002 1004//4002 1008//4002
f  1325//4003 1008//4003 1326//4004
f  1326//4005 1008//4005 1007//4005
f  1326//4006 1007//4007 1009//4008
f  1000//4009 999//4010 1307//4010
f  1307//4011 999//4011 1304//4011
f  1307//4012 1304//4012 1313//4012
f  1313//4013 1304//4013 1305//4013
f  1313//4014 1305//4014 1314//4014
f  1314//4015 1305//4015 1325//4015
f  1314//4016 1325//4016 1315//4016
f  1315//4017 1325//4017 1326//4017
f  992//4018 1327//4018 1309//4018
f  1309//4019 1327//4020 1312//4020
f  1309//4021 1312//4021 1310//4021
f  1310//4022 1312//4023 1040//4023
f  1310//4024 1040//4024 1039//4024
f  1036//4025 1311//4026 1313//4026
f  1313//4027 1311//4027 1312//4027
f  1313//4028 1312//4028 1307//4028
f  1307//4029 1312//4029 1327//4029
f  1307//4030 1327//4030 1306//4030
f  1306//4031 1327//4031 992//4031
f  1306//4032 992//4032 993//4032
f  1032//4033 1316//4033 1317//4033
f  1317//4034 1316//4034 1315//4034
f  1317//4035 1315//4035 1324//4035
f  1324//4036 1315//4036 1326//4036
f  1324//4037 1326//4037 1323//4037
f  1323//4038 1326//4039 1009//4038
f  1323//4040 1009//4040 1010//4040
f  1016//4041 1321//4042 1012//4043
f  1012//4044 1321//4044 1328//4044
f  1012//4045 1328//4046 1011//4047
f  1011//4048 1328//4048 1321//4048
f  1011//4049 1321//4049 1324//4049
f  1324//4050 1321//4050 1322//4050
f  1324//4051 1322//4051 1317//4051
f  1317//4052 1322//4052 1319//4052
f  1317//4053 1319//4053 1318//4053
f  1318//4054 1319//4054 1029//4054
f  1318//4055 1029//4056 1028//4057
f  1278//4058 1277//4059 1329//4060
f  1330//4061 1331//4062 1296//4062
f  1298//4063 1297//4064 1332//4065
f  1298//4066 1332//4066 1300//4066
f  1296//4067 1331//4068 1295//4067
f  1291//4069 1289//4070 1292//4071
f  1292//4072 1289//4073 1290//4074
f  1292//4075 1290//4075 1333//4075
f  1283//4076 1282//4077 1334//4076
f  1334//4078 1282//4079 1281//4080
f  1334//4081 1281//4081 1335//4081
f  1335//4082 1281//4083 1280//4082
f  1280//4084 1284//4084 1335//4084
f  1335//4085 1284//4085 1285//4085
f  1335//4086 1285//4087 1336//4086
f  1336//4088 1285//4089 1287//4090
f  1336//4091 1287//4091 1286//4092
f  1337//4093 1273//4094 1272//4095
f  1278//4096 1329//4096 1276//4097
f  1276//4098 1329//4099 1337//4099
f  1276//4100 1337//4100 1271//4100
f  1271//4101 1337//4102 1272//4101
f  1271//4103 1272//4104 1270//4105
f  1263//4106 1267//4106 1338//4106
f  1338//4107 1267//4107 1268//4108
f  1274//4109 1273//4109 1275//4110
f  1275//4111 1273//4112 1337//4113
f  1275//4114 1337//4115 1269//4116
f  1269//4117 1337//4118 1268//4117
f  1265//4119 1264//4120 1339//4120
f  1339//4121 1264//4121 1340//4122
f  1341//4123 1261//4124 1266//4125
f  1342//4126 1343//4126 1333//4127
f  1290//4128 1295//4129 1333//4129
f  1333//4130 1295//4131 1331//4132
f  1333//4133 1331//4133 1342//4133
f  1342//4134 1331//4134 1330//4134
f  1342//4135 1330//4135 1344//4135
f  1293//4136 1292//4137 1294//4138
f  1294//4139 1292//4140 1333//4139
f  1294//4141 1333//4142 1288//4142
f  1288//4143 1333//4143 1343//4143
f  1288//4144 1343//4144 1286//4144
f  1286//4145 1343//4146 1342//4146
f  1286//4147 1342//4147 1336//4147
f  1336//4148 1342//4148 1344//4148
f  1336//4149 1344//4150 1335//4151
f  1264//4152 1263//4152 1340//4152
f  1340//4153 1263//4153 1338//4153
f  1340//4154 1338//4154 1345//4154
f  1345//4155 1338//4155 1346//4155
f  1345//4156 1346//4156 1347//4156
f  1347//4157 1346//4157 1348//4157
f  1268//4158 1337//4159 1338//4160
f  1338//4161 1337//4162 1329//4161
f  1338//4163 1329//4163 1346//4163
f  1346//4164 1329//4164 1277//4164
f  1346//4165 1277//4165 1348//4165
f  1348//4166 1277//4166 1279//4166
f  1348//4167 1279//4167 1347//4167
f  1349//4168 1350//4168 1334//4168
f  1334//4169 1350//4169 1347//4169
f  1334//4170 1347//4170 1283//4170
f  1283//4171 1347//4172 1279//4173
f  1299//4174 1300//4174 1351//4175
f  1351//4176 1300//4176 1332//4176
f  1351//4177 1332//4177 1352//4177
f  1352//4178 1332//4179 1353//4178
f  1352//4180 1353//4180 1354//4180
f  1350//4181 1355//4182 1347//4181
f  1347//4183 1355//4183 1356//4183
f  1347//4184 1356//4185 1345//4186
f  1345//4187 1356//4187 1357//4187
f  1345//4188 1357//4188 1340//4188
f  1340//4189 1357//4189 1358//4189
f  1340//4190 1358//4190 1339//4190
f  1339//4191 1358//4191 1359//4191
f  1339//4192 1359//4193 1360//4193
f  1266//4194 1265//4194 1341//4194
f  1341//4195 1265//4196 1339//4195
f  1341//4197 1339//4197 1361//4197
f  1361//4198 1339//4199 1360//4199
f  1349//4200 1334//4201 1362//4202
f  1362//4203 1334//4203 1335//4204
f  1362//4205 1335//4205 1363//4205
f  1363//4206 1335//4206 1344//4206
f  1363//4207 1344//4207 1352//4207
f  1352//4208 1344//4208 1330//4208
f  1352//4209 1330//4209 1351//4209
f  1351//4210 1330//4210 1296//4211
f  1351//4212 1296//4212 1299//4212
f  1364//4213 1365//4214 1366//4215
f  1367//4216 1368//4217 1369//4217
f  1370//4218 1371//4218 1368//4218
f  786//4219 1372//4219 784//4219
f  826//4220 827//4220 1373//4220
f  770//4221 769//4222 1374//4221
f  1374//4223 769//4223 1375//4223
f  1374//4224 1375//4224 1376//4224
f  823//4225 824//4225 1377//4225
f  1377//4226 824//4227 1378//4228
f  1377//4229 1378//4230 1379//4230
f  822//4231 1380//4232 821//4232
f  821//4233 1380//4233 815//4233
f  821//4234 815//4235 820//4236
f  1381//4237 812//4238 1382//4238
f  1382//4239 812//4239 813//4239
f  1382//4240 813//4241 814//4242
f  1365//4243 808//4243 1366//4243
f  1366//4244 808//4244 809//4244
f  1366//4245 809//4246 1383//4245
f  1383//4247 809//4247 810//4248
f  803//4249 1384//4249 802//4250
f  802//4251 1384//4252 1385//4253
f  802//4254 1385//4254 801//4254
f  794//4255 800//4255 1386//4256
f  1386//4257 800//4258 801//4259
f  797//4260 796//4261 795//4262
f  795//4263 794//4264 797//4265
f  797//4266 794//4267 1386//4268
f  797//4269 1386//4270 798//4271
f  798//4272 1386//4273 799//4273
f  1387//4274 788//4275 789//4276
f  779//4277 1388//4278 780//4277
f  780//4279 1388//4280 1389//4279
f  780//4281 1389//4282 781//4283
f  782//4284 781//4285 783//4286
f  783//4287 781//4287 1389//4287
f  783//4288 1389//4289 776//4290
f  776//4291 1389//4291 1388//4291
f  776//4292 1388//4293 775//4294
f  775//4295 1388//4295 1390//4295
f  775//4296 1390//4296 768//4296
f  1391//4297 1392//4297 1393//4298
f  1393//4299 1392//4300 1394//4301
f  1393//4302 1394//4302 830//4302
f  830//4303 1394//4303 1373//4303
f  830//4304 1373//4305 828//4304
f  828//4306 1373//4306 827//4306
f  1378//4307 826//4307 1379//4308
f  1379//4309 826//4309 1373//4309
f  1379//4310 1373//4310 1395//4310
f  1395//4311 1373//4312 1394//4311
f  1395//4313 1394//4313 1396//4313
f  1396//4314 1394//4315 1392//4314
f  822//4316 823//4317 1380//4317
f  1380//4318 823//4318 1377//4318
f  1380//4319 1377//4319 1397//4319
f  1397//4320 1377//4320 1379//4320
f  1397//4321 1379//4322 1398//4323
f  1398//4324 1379//4325 1395//4324
f  1398//4326 1395//4326 1399//4327
f  1399//4328 1395//4328 1396//4328
f  1400//4329 1366//4329 1401//4329
f  1401//4330 1366//4331 1383//4330
f  1401//4332 1383//4332 1402//4332
f  1402//4333 1383//4333 810//4333
f  1402//4334 810//4334 1403//4334
f  1403//4335 810//4335 811//4336
f  1368//4337 1404//4337 1386//4337
f  1386//4338 1404//4338 793//4338
f  1386//4339 793//4340 799//4340
f  1369//4341 1400//4342 1367//4343
f  1367//4344 1400//4344 1401//4344
f  1367//4345 1401//4345 1405//4345
f  1405//4346 1401//4347 1402//4346
f  1405//4348 1402//4349 1406//4350
f  1406//4351 1402//4351 1403//4351
f  1406//4352 1403//4353 1381//4352
f  1381//4354 1403//4355 811//4355
f  1381//4356 811//4356 812//4356
f  1368//4357 1367//4357 1370//4357
f  1370//4358 1367//4358 1405//4358
f  1370//4359 1405//4359 1399//4359
f  1399//4360 1405//4360 1406//4360
f  1399//4361 1406//4361 1398//4361
f  1398//4362 1406//4363 1381//4364
f  1398//4365 1381//4365 1397//4365
f  1397//4366 1381//4366 1382//4366
f  1397//4367 1382//4368 1380//4367
f  1380//4369 1382//4370 814//4371
f  1380//4372 814//4372 815//4373
f  1407//4374 1390//4374 1408//4374
f  1408//4375 1390//4375 1388//4375
f  1408//4376 1388//4376 777//4376
f  777//4377 1388//4377 779//4377
f  777//4378 779//4379 778//4380
f  830//4381 829//4381 1393//4381
f  1393//4382 829//4382 831//4382
f  1393//4383 831//4384 1391//4383
f  1391//4385 831//4385 1409//4386
f  1391//4387 1409//4388 1410//4389
f  769//4390 768//4390 1375//4390
f  1375//4391 768//4391 1390//4391
f  1375//4392 1390//4392 1411//4393
f  1411//4394 1390//4394 1407//4394
f  1411//4395 1407//4395 1412//4395
f  777//4396 785//4396 1408//4397
f  1408//4398 785//4399 784//4399
f  1408//4400 784//4400 1407//4400
f  1407//4401 784//4401 1372//4402
f  1407//4403 1372//4403 1412//4403
f  1412//4404 1372//4405 786//4406
f  1412//4407 786//4407 1387//4407
f  1387//4408 786//4408 787//4409
f  1387//4410 787//4411 788//4412
f  1368//4413 1386//4413 1369//4413
f  1369//4414 1386//4415 801//4414
f  1369//4416 801//4417 1400//4418
f  1400//4419 801//4419 1385//4419
f  1400//4420 1385//4420 1366//4420
f  1366//4421 1385//4421 1413//4421
f  1366//4422 1413//4423 1364//4424
f  1410//4425 1376//4425 1391//4425
f  1391//4426 1376//4426 1375//4427
f  1391//4428 1375//4428 1392//4428
f  1392//4429 1375//4429 1411//4429
f  1392//4430 1411//4430 1396//4430
f  1396//4431 1411//4431 1412//4431
f  1396//4432 1412//4432 1399//4432
f  1399//4433 1412//4433 1387//4433
f  1399//4434 1387//4434 1370//4434
f  1370//4435 1387//4435 789//4435
f  1370//4436 789//4436 1371//4436
f  1371//4437 789//4438 790//4438
f  1371//4439 790//4440 1368//4440
f  1368//4441 790//4441 791//4441
f  1368//4442 791//4442 1404//4443
f  1404//4444 791//4445 792//4444
f  1404//4446 792//4447 793//4447
f  969//4448 1414//4449 1415//4450
f  982//4451 979//4452 928//4453
f  1416//4454 981//4455 982//4456
f  1417//4457 977//4457 978//4457
f  1418//4458 976//4459 975//4460
f  1417//4461 1419//4461 977//4461
f  977//4462 1419//4462 1418//4462
f  977//4463 1418//4463 973//4463
f  973//4464 1418//4464 975//4464
f  973//4465 975//4466 974//4467
f  1420//4468 970//4469 971//4468
f  965//4470 966//4471 1421//4472
f  1421//4473 966//4473 967//4473
f  1421//4474 967//4474 1415//4474
f  1415//4475 967//4475 968//4475
f  1415//4476 968//4477 969//4478
f  964//4479 965//4480 962//4481
f  962//4482 965//4483 1421//4482
f  962//4484 1421//4484 963//4484
f  963//4485 1421//4485 1422//4485
f  963//4486 1422//4486 958//4486
f  958//4487 1422//4487 1423//4487
f  958//4488 1423//4489 959//4490
f  954//4491 961//4492 1424//4493
f  1424//4494 961//4494 960//4494
f  1424//4495 960//4495 1425//4495
f  955//4496 954//4497 956//4498
f  956//4499 954//4499 1424//4499
f  956//4500 1424//4501 957//4500
f  957//4502 1424//4503 953//4504
f  942//4505 944//4505 1426//4505
f  1426//4506 944//4507 951//4508
f  950//4509 1426//4510 949//4511
f  949//4512 1426//4513 951//4513
f  949//4514 951//4515 948//4516
f  950//4517 947//4518 1426//4519
f  1426//4520 947//4521 946//4521
f  1426//4522 946//4523 945//4523
f  945//4524 952//4524 1426//4524
f  1426//4525 952//4525 1427//4525
f  1426//4526 1427//4526 942//4526
f  942//4527 1427//4528 1428//4527
f  939//4529 940//4530 1429//4531
f  1429//4532 940//4533 941//4533
f  1429//4534 941//4534 1430//4534
f  1430//4535 941//4536 943//4535
f  939//4537 1431//4538 938//4539
f  938//4540 1431//4540 1432//4540
f  938//4541 1432//4541 937//4542
f  936//4543 1433//4543 935//4543
f  935//4544 1433//4544 1434//4544
f  935//4545 1434//4545 934//4545
f  934//4546 1434//4547 1435//4546
f  934//4548 1435//4549 931//4550
f  980//4551 981//4552 983//4553
f  983//4554 981//4554 1416//4554
f  983//4555 1416//4556 978//4557
f  978//4558 1416//4559 1436//4560
f  978//4561 1436//4561 1417//4561
f  1417//4562 1436//4562 933//4562
f  1417//4563 933//4564 932//4563
f  982//4565 928//4566 1416//4567
f  1416//4568 928//4569 930//4570
f  1416//4571 930//4572 1436//4573
f  1436//4574 930//4574 929//4574
f  1436//4575 929//4576 933//4577
f  952//4578 1437//4578 1427//4578
f  1427//4579 1437//4579 1430//4579
f  1427//4580 1430//4580 1428//4581
f  1428//4582 1430//4582 943//4582
f  1428//4583 943//4584 942//4583
f  939//4585 1429//4586 1431//4585
f  1431//4587 1429//4588 1430//4587
f  1431//4589 1430//4589 1425//4589
f  1425//4590 1430//4590 1437//4590
f  1425//4591 1437//4592 1424//4592
f  1424//4593 1437//4594 952//4595
f  1424//4596 952//4596 953//4596
f  1420//4597 1434//4598 1438//4597
f  1438//4599 1434//4599 1433//4599
f  1438//4600 1433//4600 1432//4600
f  1432//4601 1433//4601 936//4601
f  1432//4602 936//4603 937//4604
f  976//4605 1418//4606 972//4607
f  972//4608 1418//4608 1439//4608
f  972//4609 1439//4609 971//4609
f  971//4610 1439//4610 1418//4610
f  971//4611 1418//4611 1420//4611
f  1420//4612 1418//4613 1419//4613
f  1420//4614 1419//4614 1434//4614
f  1434//4615 1419//4615 1417//4615
f  1434//4616 1417//4616 1435//4616
f  1435//4617 1417//4617 932//4617
f  1435//4618 932//4619 931//4620
f  969//4621 970//4622 1414//4622
f  1414//4623 970//4623 1420//4623
f  1414//4624 1420//4624 1415//4624
f  1415//4625 1420//4626 1438//4625
f  1415//4627 1438//4627 1421//4627
f  1421//4628 1438//4628 1432//4628
f  1421//4629 1432//4629 1422//4629
f  1422//4630 1432//4630 1431//4630
f  1422//4631 1431//4632 1423//4632
f  1423//4633 1431//4633 1425//4633
f  1423//4634 1425//4634 959//4634
f  959//4635 1425//4636 960//4637
f  907//4638 1440//4638 905//4639
f  917//4640 1441//4641 916//4642
f  922//4643 924//4643 1442//4643
f  925//4644 1443//4645 923//4646
f  892//4647 893//4647 1444//4647
f  896//4648 895//4648 1445//4648
f  896//4649 1445//4650 897//4649
f  893//4651 894//4651 1444//4651
f  1444//4652 894//4652 1446//4652
f  1444//4653 1446//4653 1447//4653
f  1447//4654 1446//4654 1448//4654
f  927//4655 926//4656 925//4657
f  925//4658 926//4659 892//4658
f  925//4660 892//4661 1443//4662
f  1442//4663 918//4664 919//4665
f  919//4666 920//4667 1442//4667
f  1442//4668 920//4669 921//4670
f  1442//4671 921//4672 922//4672
f  1441//4673 917//4673 1449//4673
f  912//4674 915//4675 1450//4676
f  1450//4677 915//4678 914//4679
f  1450//4680 914//4681 913//4682
f  1440//4683 1451//4683 905//4683
f  905//4684 1451//4684 1452//4684
f  905//4685 1452//4685 906//4685
f  906//4686 1452//4686 1453//4686
f  899//4687 900//4687 1454//4687
f  1454//4688 900//4688 901//4689
f  901//4690 902//4691 1454//4692
f  1454//4693 902//4694 903//4695
f  1454//4696 903//4697 904//4698
f  904//4699 906//4699 1454//4699
f  1454//4700 906//4700 1453//4700
f  1454//4701 1453//4701 899//4701
f  899//4702 1453//4702 1455//4702
f  899//4703 1455//4703 898//4703
f  910//4704 909//4705 907//4706
f  907//4707 909//4708 908//4709
f  907//4710 908//4711 1440//4710
f  1440//4712 908//4712 1456//4712
f  1440//4713 1456//4713 1451//4713
f  1451//4714 1456//4714 1457//4714
f  1451//4715 1457//4715 1452//4715
f  1452//4716 1457//4716 1458//4716
f  1459//4717 1460//4717 1461//4717
f  1459//4718 1461//4718 1445//4718
f  1458//4719 1460//4719 1452//4719
f  1452//4720 1460//4720 1459//4720
f  1452//4721 1459//4721 1453//4721
f  1453//4722 1459//4722 1445//4722
f  1453//4723 1445//4723 1455//4723
f  1455//4724 1445//4724 895//4724
f  1455//4725 895//4725 898//4725
f  892//4726 1444//4726 1443//4726
f  1443//4727 1444//4727 1447//4727
f  1443//4728 1447//4729 923//4730
f  923//4731 1447//4731 1448//4731
f  923//4732 1448//4732 924//4732
f  924//4733 1448//4733 1449//4733
f  924//4734 1449//4735 1442//4734
f  1442//4736 1449//4737 917//4738
f  1442//4739 917//4739 918//4739
f  1448//4740 1462//4740 1449//4740
f  1449//4741 1462//4741 1450//4741
f  1449//4742 1450//4742 1441//4742
f  1441//4743 1450//4743 913//4743
f  1441//4744 913//4745 916//4746
f  908//4747 911//4747 1456//4747
f  1456//4748 911//4748 912//4748
f  1456//4749 912//4749 1457//4749
f  1457//4750 912//4750 1450//4750
f  1457//4751 1450//4751 1458//4751
f  1458//4752 1450//4752 1462//4752
f  1458//4753 1462//4753 1460//4753
f  1460//4754 1462//4754 1448//4754
f  1460//4755 1448//4755 1461//4755
f  1461//4756 1448//4757 1446//4758
f  1461//4759 1446//4759 1445//4759
f  1445//4760 1446//4760 894//4760
f  1445//4761 894//4762 897//4763
f  1463//4764 1464//4764 1465//4764
f  844//4765 845//4765 1466//4765
f  870//4766 1467//4766 869//4767
f  878//4768 884//4769 1468//4770
f  886//4771 1469//4772 1470//4773
f  1469//4774 886//4774 887//4774
f  1471//4775 1472//4775 836//4776
f  1473//4777 1474//4777 1475//4777
f  1475//4778 1474//4778 1476//4778
f  1475//4779 1476//4780 1477//4781
f  881//4782 880//4783 879//4784
f  879//4785 878//4786 881//4787
f  881//4788 878//4788 1468//4788
f  881//4789 1468//4789 882//4789
f  882//4790 1468//4790 883//4791
f  872//4792 873//4793 1478//4794
f  1478//4795 873//4796 874//4796
f  867//4797 1479//4797 866//4798
f  866//4799 1479//4799 1480//4799
f  866//4800 1480//4800 865//4801
f  864//4802 865//4803 863//4804
f  863//4805 865//4806 1480//4807
f  863//4808 1480//4809 860//4810
f  860//4811 1480//4811 1479//4811
f  860//4812 1479//4813 859//4813
f  859//4814 1479//4815 1481//4814
f  854//4816 1482//4816 855//4816
f  855//4817 1482//4817 1483//4817
f  855//4818 1483//4819 856//4819
f  841//4820 842//4821 1484//4822
f  1484//4823 842//4823 843//4823
f  1484//4824 843//4824 1485//4824
f  839//4825 1471//4826 838//4825
f  838//4827 1471//4827 836//4827
f  838//4828 836//4829 837//4830
f  1470//4831 1486//4831 1476//4832
f  1486//4833 1487//4834 1476//4835
f  1476//4836 1487//4837 1488//4838
f  1476//4839 1488//4839 1477//4839
f  1465//4840 1489//4840 1468//4840
f  883//4841 1468//4841 877//4842
f  877//4843 1468//4843 1489//4843
f  877//4844 1489//4844 875//4844
f  875//4845 1489//4845 1465//4845
f  875//4846 1465//4846 876//4846
f  876//4847 1465//4847 1464//4847
f  876//4848 1464//4848 874//4848
f  874//4849 1464//4849 1463//4849
f  874//4850 1463//4851 1478//4852
f  1478//4853 1463//4853 1490//4853
f  1478//4854 1490//4854 1491//4854
f  1492//4855 1493//4855 1494//4856
f  846//4857 847//4857 1495//4857
f  1495//4858 847//4859 848//4860
f  1495//4861 848//4861 1494//4861
f  1494//4862 848//4862 1496//4862
f  1494//4863 1496//4864 1492//4864
f  862//4865 868//4866 1497//4866
f  1497//4867 868//4867 869//4867
f  1497//4868 869//4868 1498//4868
f  1498//4869 869//4870 1467//4869
f  1498//4871 1467//4871 1491//4871
f  1491//4872 1467//4872 870//4872
f  1491//4873 870//4873 1478//4873
f  1478//4874 870//4875 871//4876
f  1478//4877 871//4878 872//4879
f  839//4880 841//4880 1471//4880
f  1471//4881 841//4881 1484//4881
f  1471//4882 1484//4882 1499//4882
f  1499//4883 1484//4883 1485//4883
f  1499//4884 1485//4884 1500//4884
f  1500//4885 1485//4885 1501//4885
f  1500//4886 1501//4886 1490//4887
f  1490//4888 1501//4888 1502//4888
f  1490//4889 1502//4889 1491//4889
f  1491//4890 1502//4891 1503//4892
f  1491//4893 1503//4893 1498//4893
f  1498//4894 1503//4895 1481//4894
f  1498//4896 1481//4896 1497//4896
f  1497//4897 1481//4898 1479//4898
f  1497//4899 1479//4899 862//4900
f  862//4901 1479//4901 867//4901
f  862//4902 867//4902 861//4902
f  845//4903 840//4904 1466//4903
f  1466//4905 840//4906 846//4907
f  1466//4908 846//4908 1504//4908
f  1504//4909 846//4909 1495//4909
f  1504//4910 1495//4910 1505//4910
f  1505//4911 1495//4911 1494//4912
f  1505//4913 1494//4913 1482//4913
f  1482//4914 1494//4915 1493//4914
f  1482//4916 1493//4916 1483//4917
f  843//4918 844//4919 1485//4920
f  1485//4921 844//4921 1466//4921
f  1485//4922 1466//4923 1501//4923
f  1501//4924 1466//4925 1504//4926
f  1501//4927 1504//4927 1502//4927
f  1502//4928 1504//4928 1505//4928
f  1502//4929 1505//4929 1503//4929
f  1503//4930 1505//4930 1482//4930
f  1503//4931 1482//4931 1481//4931
f  1481//4932 1482//4932 854//4933
f  1481//4934 854//4935 859//4936
f  1506//4937 1507//4938 1508//4937
f  1506//4939 1508//4939 1509//4939
f  1509//4940 1508//4940 1510//4940
f  1509//4941 1510//4941 1511//4941
f  1511//4942 1510//4942 1512//4942
f  1511//4943 1512//4943 1513//4943
f  1513//4944 1512//4944 1514//4944
f  1513//4945 1514//4946 885//4945
f  1515//4947 1516//4947 1517//4948
f  1517//4949 1516//4949 1507//4949
f  1517//4950 1507//4950 1518//4950
f  1518//4951 1507//4952 1506//4953
f  1518//4954 1506//4954 1473//4954
f  1473//4955 1506//4955 1509//4955
f  1473//4956 1509//4956 1474//4956
f  1474//4957 1509//4957 1511//4957
f  1474//4958 1511//4958 1476//4958
f  1476//4959 1511//4959 1513//4959
f  1476//4960 1513//4960 1470//4960
f  1470//4961 1513//4961 885//4961
f  1470//4962 885//4963 886//4962
f  884//4964 885//4964 1468//4965
f  1468//4966 885//4967 1514//4967
f  1468//4968 1514//4968 1465//4968
f  1465//4969 1514//4969 1512//4969
f  1465//4970 1512//4970 1463//4970
f  1463//4971 1512//4972 1510//4973
f  1463//4974 1510//4974 1490//4974
f  1490//4975 1510//4975 1508//4975
f  1490//4976 1508//4977 1500//4977
f  1500//4978 1508//4979 1507//4978
f  1500//4980 1507//4980 1499//4980
f  1499//4981 1507//4981 1516//4981
f  1499//4982 1516//4982 1471//4982
f  1471//4983 1516//4983 1515//4984
f  1471//4985 1515//4985 1472//4985
f  1519//4986 1520//4986 1251//4987
f  1251//4988 1520//4988 1253//4989
f  1251//4990 1253//4991 1252//4991
f  1521//4992 1246//4993 1244//4994
f  1240//4995 1239//4995 1519//4996
f  1519//4997 1239//4998 1238//4998
f  1519//4999 1238//5000 1521//5001
f  1521//5002 1238//5002 1247//5003
f  1521//5004 1247//5005 1246//5006
f  1244//5007 1245//5008 1521//5009
f  1521//5010 1245//5011 1249//5012
f  1521//5013 1249//5014 1519//5014
f  1519//5015 1249//5016 1248//5017
f  1519//5018 1248//5018 1520//5019
f  1520//5020 1248//5021 1254//5022
f  1520//5023 1254//5024 1253//5025
f  1216//5026 1215//5026 1522//5027
f  1523//5028 1231//5029 1524//5030
f  1524//5031 1224//5031 1225//5032
f  1230//5033 1231//5034 1229//5033
f  1229//5035 1231//5036 1523//5035
f  1229//5037 1523//5038 1228//5039
f  1228//5040 1523//5041 1227//5042
f  1524//5043 1225//5044 1523//5045
f  1523//5046 1225//5047 1226//5048
f  1523//5049 1226//5050 1227//5051
f  1224//5052 1524//5053 1223//5054
f  1223//5055 1524//5055 1522//5055
f  1223//5056 1522//5056 1220//5057
f  1215//5058 1222//5058 1522//5059
f  1522//5060 1222//5061 1221//5061
f  1522//5062 1221//5062 1220//5062
f  1217//5063 1216//5064 1525//5064
f  1525//5065 1216//5066 1522//5066
f  1525//5067 1522//5068 1526//5068
f  1526//5069 1522//5069 1524//5069
f  1526//5070 1524//5071 1527//5072
f  1527//5073 1524//5073 1231//5073
f  1527//5074 1231//5074 1232//5074
f  1044//5075 1045//5076 1528//5077
f  1528//5078 1045//5079 1046//5080
f  1529//5081 1044//5082 1049//5081
f  1049//5083 1044//5084 1528//5085
f  1049//5086 1528//5087 1048//5088
f  1048//5089 1528//5090 1046//5091
f  1048//5092 1046//5093 1047//5092
f  1529//5094 1530//5094 1044//5094
f  1044//5095 1530//5096 1531//5095
f  1044//5097 1531//5098 1043//5097
f  1043//5099 1531//5100 1042//5101
f  1058//5102 1059//5103 1532//5104
f  1533//5105 1534//5105 1058//5106
f  1058//5107 1534//5108 1056//5109
f  1058//5110 1056//5111 1057//5112
f  1061//5113 1056//5114 1062//5115
f  1062//5116 1056//5117 1534//5118
f  1062//5119 1534//5120 1055//5121
f  1055//5122 1534//5122 1533//5122
f  1535//5123 1053//5124 1533//5123
f  1533//5125 1053//5126 1054//5127
f  1533//5128 1054//5129 1055//5129
f  1049//5130 1050//5131 1529//5130
f  1529//5132 1050//5133 1051//5134
f  1529//5135 1051//5136 1535//5135
f  1535//5137 1051//5138 1052//5137
f  1535//5139 1052//5140 1053//5141
f  1058//5142 1532//5142 1533//5143
f  1533//5144 1532//5144 1536//5144
f  1533//5145 1536//5145 1535//5146
f  1536//5147 1537//5147 1535//5147
f  1535//5148 1537//5148 1538//5148
f  1535//5149 1538//5149 1529//5149
f  1529//5150 1538//5151 1539//5150
f  1529//5152 1539//5153 1530//5153
f  1540//5154 1209//5155 1208//5156
f  1212//5157 1211//5158 1205//5159
f  1205//5160 1211//5161 1210//5162
f  1205//5163 1210//5163 1206//5164
f  1206//5165 1210//5165 1541//5165
f  1540//5166 1542//5167 1543//5167
f  1543//5168 1544//5169 1540//5168
f  1540//5170 1544//5170 1545//5170
f  1540//5171 1545//5172 1209//5173
f  1542//5174 1540//5175 1546//5176
f  1546//5177 1540//5178 1208//5179
f  1546//5180 1208//5180 1541//5180
f  1541//5181 1208//5182 1207//5183
f  1541//5184 1207//5184 1206//5184
f  1547//5185 1548//5186 1549//5185
f  1550//5187 1542//5188 1551//5188
f  1551//5189 1542//5189 1546//5189
f  1551//5190 1546//5191 1552//5190
f  1552//5192 1546//5193 1541//5194
f  1552//5195 1541//5196 1549//5197
f  1549//5198 1541//5198 1210//5199
f  1549//5200 1210//5201 1547//5202
f  1553//5203 1095//5203 1094//5203
f  1098//5204 1096//5205 1554//5205
f  1554//5206 1096//5207 1097//5208
f  1554//5209 1097//5210 1553//5210
f  1553//5211 1097//5212 1555//5211
f  1553//5213 1555//5214 1556//5213
f  1553//5215 1094//5216 1554//5217
f  1554//5218 1094//5219 1099//5220
f  1554//5221 1099//5221 1098//5222
f  1553//5223 1087//5224 1088//5224
f  1088//5225 1089//5225 1553//5225
f  1553//5226 1089//5227 1090//5228
f  1553//5229 1090//5229 1091//5229
f  1091//5230 1092//5231 1553//5231
f  1553//5232 1092//5233 1093//5234
f  1553//5235 1093//5236 1095//5236
f  1557//5237 1558//5238 1559//5238
f  1105//5239 1104//5239 1560//5239
f  1105//5240 1560//5241 1106//5242
f  1561//5243 1562//5244 1563//5245
f  1564//5246 1565//5247 1563//5248
f  1563//5249 1565//5250 1566//5251
f  1563//5252 1566//5253 1561//5254
f  1562//5255 1100//5256 1563//5257
f  1563//5258 1100//5258 1103//5259
f  1563//5260 1103//5261 1564//5260
f  1564//5262 1103//5263 1102//5262
f  1564//5264 1102//5264 1560//5264
f  1560//5265 1102//5266 1101//5266
f  1560//5267 1101//5268 1106//5269
f  1567//5270 1565//5270 1568//5270
f  1568//5271 1565//5271 1564//5271
f  1568//5272 1564//5272 1559//5272
f  1559//5273 1564//5273 1560//5273
f  1559//5274 1560//5274 1557//5274
f  1557//5275 1560//5276 1104//5275
f  1204//5277 1203//5277 1569//5278
f  1203//5279 1201//5280 1569//5281
f  1569//5282 1201//5283 1202//5284
f  1569//5285 1202//5286 1570//5287
f  1570//5288 1202//5288 1571//5288
f  1570//5289 1571//5290 1572//5291
f  1570//5292 1573//5293 1574//5292
f  1574//5294 1573//5295 1575//5295
f  1574//5296 1575//5296 1576//5296
f  1204//5297 1569//5298 1198//5297
f  1198//5299 1569//5300 1570//5300
f  1198//5301 1570//5301 1199//5301
f  1199//5302 1570//5302 1574//5302
f  1199//5303 1574//5304 1200//5303
f  1200//5305 1574//5306 1576//5307
f  1200//5308 1576//5309 1577//5310
f  1110//5311 1109//5311 1578//5311
f  1118//5312 1579//5313 1580//5314
f  1580//5315 1579//5316 1125//5316
f  1125//5317 1579//5318 1123//5319
f  1125//5320 1123//5321 1124//5322
f  1118//5323 1121//5323 1579//5323
f  1579//5324 1121//5325 1122//5326
f  1579//5327 1122//5328 1123//5329
f  1578//5330 1120//5331 1580//5332
f  1580//5333 1120//5334 1119//5335
f  1580//5336 1119//5337 1118//5336
f  1116//5338 1115//5339 1109//5340
f  1109//5341 1115//5342 1114//5343
f  1109//5344 1114//5345 1578//5345
f  1578//5346 1114//5346 1117//5346
f  1578//5347 1117//5347 1120//5347
f  1111//5348 1110//5348 1581//5348
f  1581//5349 1110//5349 1578//5349
f  1581//5350 1578//5350 1582//5350
f  1582//5351 1578//5351 1580//5351
f  1582//5352 1580//5353 1126//5354
f  1126//5355 1580//5356 1125//5357
f  1583//5358 1584//5358 1585//5358
f  1191//5359 1194//5359 1586//5359
f  1586//5360 1194//5360 1195//5360
f  1586//5361 1195//5361 1587//5361
f  1587//5362 1195//5362 1193//5362
f  1587//5363 1193//5364 1192//5365
f  1588//5366 1177//5367 1178//5368
f  1175//5369 1179//5370 1589//5371
f  1589//5372 1179//5372 1180//5372
f  1589//5373 1180//5373 1590//5373
f  1590//5374 1180//5374 1182//5374
f  1590//5375 1182//5375 1181//5375
f  1177//5376 1588//5377 1176//5376
f  1176//5378 1588//5378 1591//5378
f  1176//5379 1591//5380 1174//5381
f  1169//5382 1168//5382 1592//5383
f  1592//5384 1168//5384 1167//5385
f  1592//5386 1167//5387 1166//5388
f  1166//5389 1165//5390 1592//5389
f  1592//5391 1165//5391 1171//5391
f  1592//5392 1171//5392 1593//5392
f  1593//5393 1171//5394 1173//5394
f  1593//5395 1173//5396 1172//5395
f  1158//5397 1162//5397 1594//5397
f  1594//5398 1162//5399 1163//5400
f  1163//5401 1164//5402 1592//5403
f  1592//5404 1164//5405 1170//5406
f  1592//5407 1170//5408 1169//5409
f  1160//5410 1159//5411 1595//5411
f  1595//5412 1159//5412 1596//5413
f  1597//5414 1156//5414 1161//5415
f  1161//5416 1160//5416 1597//5417
f  1597//5418 1160//5419 1595//5419
f  1597//5420 1595//5420 1598//5420
f  1598//5421 1595//5421 1599//5421
f  1591//5422 1600//5423 1601//5423
f  1601//5424 1600//5424 1602//5424
f  1601//5425 1602//5425 1596//5425
f  1596//5426 1602//5426 1603//5426
f  1596//5427 1603//5427 1595//5427
f  1595//5428 1603//5428 1604//5428
f  1595//5429 1604//5430 1599//5431
f  1605//5432 1588//5432 1589//5432
f  1589//5433 1588//5433 1178//5433
f  1589//5434 1178//5435 1175//5436
f  1606//5437 1607//5437 1608//5437
f  1608//5438 1609//5439 1606//5439
f  1606//5440 1609//5440 1610//5440
f  1606//5441 1610//5441 1611//5441
f  1611//5442 1610//5443 1585//5444
f  1611//5445 1585//5446 1612//5445
f  1188//5447 1187//5448 1189//5449
f  1189//5450 1187//5451 1608//5450
f  1189//5452 1608//5452 1183//5452
f  1183//5453 1608//5453 1607//5453
f  1183//5454 1607//5454 1181//5454
f  1181//5455 1607//5456 1606//5457
f  1181//5458 1606//5458 1590//5458
f  1590//5459 1606//5459 1611//5459
f  1590//5460 1611//5460 1589//5460
f  1589//5461 1611//5461 1612//5461
f  1589//5462 1612//5462 1605//5462
f  1163//5463 1592//5464 1594//5464
f  1594//5465 1592//5466 1593//5467
f  1594//5468 1593//5468 1613//5468
f  1613//5469 1593//5469 1172//5469
f  1613//5470 1172//5471 1614//5472
f  1172//5473 1174//5474 1614//5475
f  1614//5476 1174//5476 1591//5476
f  1614//5477 1591//5477 1613//5477
f  1613//5478 1591//5478 1601//5478
f  1613//5479 1601//5479 1594//5479
f  1594//5480 1601//5480 1596//5480
f  1594//5481 1596//5481 1158//5481
f  1158//5482 1596//5482 1159//5483
f  1186//5484 1185//5485 1187//5486
f  1187//5487 1185//5487 1184//5487
f  1187//5488 1184//5489 1608//5490
f  1608//5491 1184//5491 1190//5492
f  1608//5493 1190//5493 1609//5494
f  1609//5495 1190//5496 1191//5496
f  1609//5497 1191//5498 1610//5497
f  1610//5499 1191//5499 1586//5499
f  1610//5500 1586//5500 1585//5500
f  1585//5501 1586//5501 1587//5501
f  1585//5502 1587//5502 1583//5502
f  1605//5503 1615//5503 1588//5503
f  1588//5504 1615//5504 1616//5504
f  1588//5505 1616//5505 1591//5505
f  1591//5506 1616//5506 1617//5506
f  1591//5507 1617//5507 1600//5507
f  1146//5508 1144//5509 1147//5510
f  1147//5511 1144//5511 1618//5511
f  1147//5512 1618//5513 1148//5513
f  1619//5514 1140//5515 1139//5516
f  1134//5517 1133//5518 1618//5519
f  1618//5520 1133//5521 1132//5522
f  1618//5523 1132//5523 1619//5524
f  1619//5525 1132//5526 1141//5527
f  1619//5528 1141//5528 1140//5529
f  1149//5530 1148//5531 1142//5532
f  1142//5533 1148//5533 1618//5534
f  1142//5535 1618//5535 1143//5535
f  1143//5536 1618//5536 1619//5536
f  1143//5537 1619//5538 1138//5539
f  1138//5540 1619//5541 1139//5542
f  1620//5543 1621//5543 125//5543
f  1620//5544 125//5544 1477//5544
f  1477//5545 125//5545 126//5545
f  1477//5546 126//5547 1475//5546
f  1475//5548 126//5549 136//5548
f  1475//5550 136//5551 1473//5552
f  136//5553 135//5554 1473//5554
f  1473//5555 135//5556 134//5555
f  1473//5557 134//5557 1518//5557
f  134//5558 139//5558 1518//5558
f  1518//5559 139//5559 141//5559
f  1518//5560 141//5560 1517//5560
f  1517//5561 141//5561 143//5561
f  1517//5562 143//5562 1515//5562
f  143//5563 144//5564 1515//5563
f  1515//5565 144//5566 150//5567
f  1515//5568 150//5568 1472//5568
f  1472//5569 150//5569 149//5569
f  1472//5570 149//5570 836//5570
f  1621//5571 1622//5572 125//5571
f  125//5573 1622//5573 1623//5573
f  125//5574 1623//5575 124//5575
f  570//5576 1041//5576 568//5576
f  568//5577 1041//5577 1624//5578
f  1624//5579 1625//5579 568//5579
f  568//5580 1625//5581 1626//5581
f  568//5582 1626//5582 565//5582
f  565//5583 1626//5583 1627//5583
f  565//5584 1627//5585 566//5585
f  660//5586 1628//5586 661//5586
f  661//5587 1628//5587 1629//5587
f  1629//5588 1630//5588 661//5588
f  661//5589 1630//5590 1631//5591
f  661//5592 1631//5592 662//5593
f  662//5594 1631//5594 1632//5595
f  662//5596 1632//5597 663//5597
f  1628//5598 660//5599 1633//5600
f  1633//5601 660//5601 659//5602
f  1633//5603 659//5604 1634//5605
f  654//5606 1635//5607 653//5607
f  653//5608 1635//5609 1636//5610
f  653//5611 1636//5612 652//5613
f  652//5614 1636//5615 1634//5614
f  652//5616 1634//5617 658//5618
f  658//5619 1634//5620 659//5621
f  651//5622 1637//5623 654//5624
f  654//5625 1637//5626 1638//5627
f  654//5628 1638//5629 1635//5628
f  651//5630 650//5631 1637//5632
f  1637//5633 650//5634 666//5635
f  1637//5636 666//5636 1067//5637
f  1639//5638 86//5638 1086//5639
f  1086//5640 86//5640 84//5640
f  1639//5641 1640//5641 86//5641
f  86//5642 1640//5642 1641//5642
f  86//5643 1641//5643 88//5644
f  99//5645 111//5645 1642//5646
f  1097//5647 101//5647 1555//5647
f  1555//5648 101//5649 100//5649
f  1555//5650 100//5651 1556//5652
f  1642//5653 1643//5654 99//5654
f  99//5655 1643//5656 1644//5657
f  99//5658 1644//5658 100//5658
f  100//5659 1644//5660 1645//5661
f  100//5662 1645//5663 1556//5664
f  1646//5665 114//5666 113//5667
f  109//5668 1647//5668 110//5668
f  110//5669 1647//5669 1648//5669
f  110//5670 1648//5671 113//5671
f  113//5672 1648//5673 1649//5674
f  113//5675 1649//5676 1646//5675
f  108//5677 1647//5678 109//5679
f  1647//5680 108//5681 1567//5682
f  108//5683 107//5683 1567//5683
f  1567//5684 107//5685 106//5686
f  1567//5687 106//5688 1565//5688
f  106//5689 105//5690 1565//5691
f  1565//5692 105//5693 103//5692
f  1565//5694 103//5695 1566//5694
f  1566//5696 103//5697 102//5698
f  1566//5699 102//5699 1561//5700
f  1561//5701 102//5701 115//5701
f  1561//5702 115//5703 1562//5704
f  1562//5705 115//5706 117//5707
f  1562//5708 117//5709 1100//5710
f  16//5711 14//5712 1650//5711
f  1104//5713 17//5714 1557//5715
f  1557//5716 17//5717 127//5716
f  1650//5718 1651//5718 16//5718
f  16//5719 1651//5720 1652//5720
f  16//5721 1652//5721 127//5721
f  127//5722 1652//5722 1558//5722
f  127//5723 1558//5724 1557//5725
f  1196//5726 310//5726 308//5726
f  306//5727 1653//5728 308//5729
f  308//5730 1653//5731 1654//5732
f  308//5733 1654//5734 1196//5733
f  1655//5735 305//5736 307//5737
f  309//5738 1656//5738 1657//5738
f  309//5739 1657//5739 307//5739
f  307//5740 1657//5741 1658//5740
f  307//5742 1658//5743 1655//5743
f  1656//5744 309//5745 311//5746
f  1656//5747 311//5747 1573//5748
f  311//5749 312//5750 1573//5750
f  1573//5751 312//5751 304//5751
f  1573//5752 304//5753 1575//5754
f  1575//5755 304//5755 319//5755
f  1575//5756 319//5757 1576//5756
f  1576//5758 319//5759 318//5760
f  1576//5761 318//5761 1577//5762
f  318//5763 317//5764 1577//5765
f  1577//5766 317//5766 315//5766
f  1577//5767 315//5768 1200//5769
f  1202//5770 331//5771 1571//5772
f  1571//5773 331//5774 329//5775
f  1571//5776 329//5777 1572//5776
f  341//5778 1659//5779 328//5780
f  328//5781 1659//5782 1660//5781
f  328//5783 1660//5784 329//5785
f  329//5786 1660//5787 1661//5787
f  329//5788 1661//5788 1572//5788
f  1662//5789 344//5790 343//5791
f  339//5792 1663//5792 340//5792
f  340//5793 1663//5793 1664//5793
f  340//5794 1664//5794 343//5794
f  343//5795 1664//5795 1665//5795
f  343//5796 1665//5797 1662//5796
f  1542//5798 336//5799 334//5800
f  1542//5801 334//5802 1543//5803
f  1543//5804 334//5804 333//5805
f  1543//5806 333//5807 1544//5808
f  1544//5809 333//5809 345//5810
f  1544//5811 345//5811 1545//5811
f  1545//5812 345//5813 347//5812
f  1545//5814 347//5815 1209//5816
f  336//5817 1542//5817 337//5817
f  337//5818 1542//5819 1550//5820
f  337//5821 1550//5822 338//5823
f  338//5824 1550//5825 1663//5826
f  338//5827 1663//5828 339//5829
f  301//5830 299//5831 1666//5830
f  1210//5832 355//5833 1547//5832
f  1547//5834 355//5835 364//5836
f  1666//5837 1667//5838 301//5838
f  301//5839 1667//5840 1668//5841
f  301//5842 1668//5843 364//5844
f  364//5845 1668//5846 1548//5846
f  364//5847 1548//5848 1547//5849
f  1301//5850 83//5851 85//5852
f  87//5853 1669//5853 85//5854
f  85//5855 1669//5856 1670//5857
f  85//5858 1670//5859 1301//5859
f  1634//5860 1636//5860 1671//5860
f  1672//5861 1076//5861 1673//5862
f  1673//5863 1073//5863 1072//5863
f  1077//5864 1076//5865 1078//5866
f  1078//5867 1076//5868 1672//5869
f  1078//5870 1672//5871 1079//5872
f  1079//5873 1672//5874 1081//5875
f  1673//5876 1072//5876 1672//5877
f  1672//5878 1072//5879 1080//5880
f  1672//5881 1080//5881 1081//5881
f  1674//5882 1067//5883 1068//5884
f  1637//5885 1067//5886 1638//5887
f  1638//5888 1067//5889 1674//5890
f  1638//5891 1674//5892 1635//5893
f  1635//5894 1674//5894 1636//5895
f  1636//5896 1674//5897 1068//5898
f  1636//5899 1068//5899 1671//5899
f  1671//5900 1068//5900 1069//5900
f  1671//5901 1069//5901 1675//5901
f  1675//5902 1069//5902 1070//5902
f  1675//5903 1070//5904 1673//5904
f  1673//5905 1070//5905 1071//5906
f  1673//5907 1071//5907 1073//5907
f  1633//5908 1634//5909 1676//5910
f  1676//5911 1634//5911 1671//5911
f  1676//5912 1671//5912 1677//5912
f  1677//5913 1671//5913 1675//5913
f  1677//5914 1675//5915 1678//5914
f  1075//5916 1679//5917 1076//5918
f  1076//5919 1679//5920 1680//5920
f  1076//5921 1680//5921 1673//5921
f  1673//5922 1680//5922 1681//5922
f  1673//5923 1681//5923 1675//5923
f  1675//5924 1681//5925 1682//5925
f  1675//5926 1682//5926 1678//5927
f  1356//5928 1355//5928 1616//5928
f  1616//5929 1355//5929 1617//5929
f  1617//5930 1355//5930 1350//5930
f  1617//5931 1350//5932 1600//5933
f  1616//5934 1360//5935 1359//5936
f  1350//5937 1599//5938 1604//5939
f  1683//5940 1684//5941 1616//5942
f  1616//5943 1684//5943 1685//5943
f  1359//5944 1358//5944 1616//5944
f  1616//5945 1358//5945 1357//5945
f  1616//5946 1357//5946 1356//5946
f  1686//5947 1687//5947 1615//5947
f  1615//5948 1687//5948 1688//5948
f  1615//5949 1688//5949 1616//5949
f  1616//5950 1688//5950 1689//5950
f  1616//5951 1689//5951 1683//5951
f  1690//5952 1691//5953 1350//5954
f  1350//5955 1691//5955 1692//5955
f  1604//5956 1603//5956 1350//5956
f  1350//5957 1603//5957 1602//5957
f  1350//5958 1602//5958 1600//5958
f  1685//5959 1693//5959 1616//5959
f  1616//5960 1693//5961 1694//5962
f  1616//5963 1694//5964 1695//5965
f  1696//5966 1697//5966 1349//5966
f  1349//5967 1697//5967 1698//5967
f  1349//5968 1698//5968 1350//5968
f  1350//5969 1698//5969 1699//5969
f  1350//5970 1699//5970 1690//5970
f  1692//5971 1700//5971 1350//5971
f  1350//5972 1700//5973 1701//5974
f  1350//5975 1701//5975 1702//5975
f  1605//5976 1703//5976 1615//5976
f  1615//5977 1703//5977 1704//5977
f  1615//5978 1704//5978 1686//5978
f  1695//5979 1705//5979 1616//5979
f  1616//5980 1705//5980 1706//5980
f  1616//5981 1706//5981 1707//5981
f  1708//5982 1709//5983 1616//5984
f  1616//5985 1709//5985 1710//5985
f  1616//5986 1710//5987 1360//5988
f  1362//5989 1711//5989 1349//5989
f  1349//5990 1711//5990 1712//5990
f  1349//5991 1712//5991 1696//5991
f  1702//5992 1713//5992 1350//5992
f  1350//5993 1713//5993 1714//5993
f  1350//5994 1714//5994 1715//5994
f  1716//5995 1717//5996 1350//5997
f  1350//5998 1717//5998 1718//5998
f  1350//5999 1718//6000 1599//6001
f  1719//6002 1720//6002 1605//6002
f  1605//6003 1720//6004 1721//6005
f  1605//6006 1721//6007 1703//6008
f  1707//6009 1722//6009 1616//6009
f  1616//6010 1722//6010 1723//6010
f  1616//6011 1723//6011 1708//6011
f  1724//6012 1725//6012 1362//6012
f  1362//6013 1725//6014 1726//6015
f  1362//6016 1726//6017 1711//6018
f  1585//6019 1584//6020 1612//6021
f  1612//6022 1584//6023 1727//6024
f  1612//6025 1727//6025 1605//6025
f  1605//6026 1727//6026 1728//6026
f  1605//6027 1728//6027 1719//6027
f  1715//6009 1729//6009 1350//6009
f  1350//6028 1729//6028 1730//6028
f  1350//6029 1730//6029 1716//6029
f  1352//6030 1354//6031 1363//6032
f  1363//6033 1354//6034 1731//6035
f  1363//6036 1731//6036 1362//6036
f  1362//6037 1731//6038 1732//6039
f  1362//6040 1732//6040 1724//6040
f  1733//6041 1734//6041 1735//6041
f  1736//6042 1737//6042 1738//6042
f  1738//6043 1737//6043 1739//6043
f  1740//6044 1741//6044 1742//6044
f  282//6045 1743//6046 1744//6046
f  1156//6047 1745//6047 1157//6048
f  1597//6049 1598//6049 1746//6049
f  1729//6050 1747//6051 1748//6051
f  1702//6052 1749//6053 1750//6053
f  1751//6054 1752//6054 1753//6054
f  1754//6055 834//6055 1755//6055
f  1755//6056 834//6056 835//6056
f  1755//6057 835//6057 296//6057
f  1409//6058 831//6058 832//6058
f  1409//6059 832//6060 1410//6061
f  1410//6062 832//6062 833//6062
f  1410//6063 833//6064 1376//6065
f  1376//6066 833//6066 1756//6066
f  1376//6067 1756//6067 1374//6067
f  1374//6068 1756//6068 1757//6068
f  1374//6069 1757//6070 770//6071
f  1758//6072 1759//6072 1760//6072
f  1760//6073 1759//6073 772//6073
f  1760//6074 772//6074 1761//6074
f  1761//6075 772//6076 771//6076
f  598//6077 774//6077 1759//6078
f  1759//6079 774//6079 773//6080
f  1759//6081 773//6082 772//6081
f  1059//6083 1060//6084 1532//6085
f  1532//6086 1060//6086 1064//6086
f  1532//6087 1064//6087 1536//6088
f  1536//6089 1064//6089 1063//6089
f  1762//6090 1538//6090 1537//6090
f  1537//6091 1763//6091 1762//6091
f  1762//6092 1763//6092 1764//6092
f  1762//6093 1764//6093 1765//6093
f  1766//6094 1767//6094 1768//6094
f  1768//6095 1767//6095 1769//6095
f  1768//6096 1769//6096 1770//6096
f  1770//6097 1769//6098 1771//6098
f  1770//6099 1771//6099 1772//6099
f  1773//6100 1774//6101 1775//6102
f  1775//6103 1774//6103 1776//6103
f  1775//6104 1776//6104 1777//6104
f  1777//6105 1776//6105 1778//6105
f  1692//6106 1691//6106 1779//6106
f  1749//6107 1702//6108 1780//6107
f  1780//6109 1702//6109 1701//6109
f  1780//6110 1701//6110 1781//6110
f  1781//6111 1701//6111 1700//6111
f  1781//6112 1700//6112 1782//6112
f  1782//6113 1700//6113 1692//6113
f  1782//6114 1692//6114 1783//6114
f  1783//6115 1692//6115 1779//6115
f  1783//6116 1779//6116 1784//6116
f  1785//6117 1714//6117 1713//6117
f  1729//6118 1748//6118 1730//6118
f  1730//6119 1748//6119 1786//6119
f  1730//6120 1786//6120 1716//6120
f  1716//6121 1786//6121 1746//6122
f  1716//6123 1746//6124 1717//6125
f  1717//6126 1746//6126 1718//6126
f  1718//6127 1746//6127 1598//6127
f  1718//6128 1598//6128 1599//6129
f  1157//6130 1745//6130 1153//6131
f  1153//6132 1745//6133 1787//6132
f  1153//6134 1787//6134 1154//6134
f  1787//6135 1788//6135 1154//6135
f  1154//6136 1788//6136 1789//6136
f  1154//6137 1789//6137 1155//6137
f  1155//6138 1789//6139 281//6139
f  281//6140 1789//6141 1790//6141
f  281//6142 1790//6143 282//6142
f  282//6144 1744//6145 1150//6145
f  1150//6146 1744//6146 1791//6146
f  1150//6147 1791//6148 1151//6148
f  1151//6149 1791//6149 1792//6149
f  1151//6150 1792//6151 1152//6150
f  1618//6152 1144//6153 1145//6152
f  1129//6154 1131//6155 1793//6156
f  1793//6157 1131//6158 1130//6159
f  1582//6160 1794//6160 1581//6160
f  1581//6161 1794//6161 1795//6161
f  1581//6162 1795//6162 1796//6162
f  1797//6163 1112//6164 1111//6164
f  1108//6165 1113//6166 1798//6165
f  1798//6167 1113//6167 1112//6167
f  1799//6168 293//6169 1800//6168
f  1800//6170 293//6171 1107//6172
f  1800//6173 1107//6173 1801//6173
f  1801//6174 1107//6174 1108//6174
f  1801//6175 1108//6175 1802//6175
f  1802//6176 1108//6177 1798//6178
f  1803//6179 296//6179 1799//6179
f  1799//6180 296//6181 295//6181
f  1799//6182 295//6182 293//6182
f  1804//6183 1785//6183 1750//6183
f  1750//6184 1785//6185 1713//6185
f  1750//6186 1713//6186 1702//6186
f  1156//6187 1597//6187 1745//6187
f  1745//6188 1597//6188 1746//6188
f  1745//6189 1746//6190 1787//6191
f  1787//6192 1746//6192 1786//6192
f  1787//6193 1786//6193 1788//6193
f  1788//6194 1786//6194 1748//6194
f  1788//6195 1748//6195 1789//6195
f  1789//6196 1748//6196 1747//6196
f  1789//6197 1747//6197 1790//6197
f  1743//6198 282//6199 1805//6200
f  1805//6201 282//6202 1790//6203
f  1805//6204 1790//6204 1806//6204
f  1807//6205 1808//6206 1809//6205
f  1809//6207 1808//6207 1810//6207
f  1809//6208 1810//6208 1811//6208
f  1811//6209 1810//6209 1812//6209
f  1813//6210 1792//6210 1814//6210
f  1814//6211 1792//6211 1791//6211
f  1814//6212 1791//6212 1815//6212
f  1815//6213 1791//6213 1744//6213
f  1815//6214 1744//6214 1816//6214
f  1816//6215 1744//6215 1743//6215
f  1816//6216 1743//6217 1817//6217
f  1817//6218 1743//6218 1805//6218
f  1817//6219 1805//6219 1812//6219
f  1812//6220 1805//6220 1806//6220
f  1812//6221 1806//6222 1811//6223
f  1808//6224 1740//6224 1810//6224
f  1810//6225 1740//6225 1742//6225
f  1810//6226 1742//6226 1812//6226
f  1812//6227 1742//6228 461//6229
f  1812//6230 461//6230 1817//6230
f  1817//6231 461//6231 1137//6231
f  1817//6232 1137//6232 1816//6232
f  1816//6233 1137//6233 1136//6233
f  1816//6234 1136//6234 1815//6235
f  1815//6236 1136//6236 1135//6236
f  1815//6237 1135//6237 1814//6237
f  1814//6238 1135//6238 1134//6238
f  1814//6239 1134//6239 1813//6239
f  1813//6240 1134//6241 1618//6242
f  1813//6243 1618//6244 1792//6245
f  1792//6246 1618//6246 1145//6247
f  1792//6248 1145//6249 1152//6249
f  1818//6250 1819//6250 1741//6250
f  1819//6251 1818//6251 1795//6251
f  1795//6252 1818//6253 1797//6254
f  1795//6255 1797//6255 1796//6255
f  1796//6256 1797//6256 1111//6256
f  1796//6257 1111//6257 1581//6257
f  1126//6258 1127//6259 1582//6260
f  1582//6261 1127//6261 1128//6261
f  1582//6262 1128//6262 1794//6262
f  1794//6263 1128//6263 1129//6263
f  1794//6264 1129//6264 1795//6264
f  1795//6265 1129//6265 1793//6266
f  1795//6267 1793//6267 1819//6267
f  1819//6268 1793//6269 1130//6269
f  1819//6270 1130//6271 1741//6272
f  1741//6273 1130//6273 463//6273
f  1741//6274 463//6275 1742//6276
f  1742//6277 463//6277 462//6277
f  1742//6278 462//6278 461//6279
f  1820//6280 1821//6280 1822//6280
f  1822//6281 1821//6281 1823//6281
f  1822//6282 1823//6282 1824//6282
f  1825//6283 1826//6283 1773//6283
f  1773//6284 1826//6284 1827//6285
f  1773//6286 1827//6287 1774//6286
f  1774//6288 1827//6288 1828//6288
f  1774//6289 1828//6289 1776//6289
f  1776//6290 1828//6290 1829//6290
f  1776//6291 1829//6291 1778//6291
f  1778//6292 1829//6292 1830//6293
f  1778//6294 1830//6295 1831//6294
f  1831//6296 1830//6296 1832//6296
f  1831//6297 1832//6297 1833//6297
f  1834//6298 1807//6298 1835//6298
f  1835//6299 1807//6299 1809//6299
f  1835//6300 1809//6300 1836//6300
f  1836//6301 1809//6301 1811//6301
f  1836//6302 1811//6303 1837//6302
f  1837//6304 1811//6305 1806//6305
f  1837//6306 1806//6306 1838//6306
f  1838//6307 1806//6307 1790//6307
f  1838//6308 1790//6308 1839//6308
f  1839//6309 1790//6309 1747//6309
f  1839//6310 1747//6310 1715//6310
f  1715//6311 1747//6311 1729//6311
f  600//6312 599//6313 1736//6314
f  1736//6315 599//6316 598//6317
f  1736//6318 598//6318 1737//6318
f  1737//6319 598//6320 1759//6320
f  1737//6321 1759//6321 1739//6321
f  1739//6322 1759//6322 1758//6322
f  1112//6323 1797//6323 1798//6323
f  1798//6324 1797//6325 1818//6325
f  1798//6326 1818//6327 1802//6327
f  1802//6328 1818//6328 1741//6328
f  1802//6329 1741//6330 1801//6329
f  1801//6331 1741//6331 1740//6331
f  1801//6332 1740//6332 1800//6333
f  1800//6334 1740//6335 1808//6335
f  1800//6336 1808//6337 1799//6338
f  1799//6339 1808//6339 1807//6339
f  1799//6340 1807//6340 1803//6340
f  1803//6341 1807//6341 1834//6341
f  1803//6342 1834//6342 1840//6342
f  1825//6343 1766//6343 1826//6343
f  1826//6344 1766//6344 1768//6344
f  1826//6345 1768//6345 1841//6345
f  1841//6346 1768//6346 1770//6346
f  1841//6347 1770//6347 1765//6347
f  1765//6348 1770//6349 1772//6349
f  1765//6350 1772//6350 1762//6350
f  296//6351 1842//6351 1755//6351
f  1755//6352 1842//6353 1756//6354
f  1755//6355 1756//6355 1754//6355
f  1754//6356 1756//6356 833//6356
f  1754//6357 833//6357 834//6357
f  770//6358 1757//6358 771//6358
f  771//6359 1757//6359 1756//6360
f  771//6361 1756//6361 1761//6361
f  1761//6362 1756//6363 1842//6362
f  1761//6364 1842//6365 1760//6366
f  1760//6367 1842//6367 296//6367
f  1760//6368 296//6368 1758//6368
f  1758//6369 296//6369 1803//6369
f  1758//6370 1803//6370 1739//6370
f  1739//6371 1803//6371 1840//6371
f  1739//6372 1840//6372 1738//6372
f  1753//6373 1752//6373 1843//6373
f  1843//6374 1752//6374 1821//6374
f  1843//6375 1821//6375 1844//6375
f  1844//6376 1821//6376 1820//6376
f  1844//6377 1820//6377 1735//6377
f  1735//6378 1734//6379 1844//6378
f  1844//6380 1734//6380 1845//6380
f  1844//6381 1845//6381 1843//6381
f  1843//6382 1845//6382 1846//6382
f  1843//6383 1846//6383 1753//6383
f  1804//6384 1847//6384 1848//6384
f  1848//6385 1847//6385 1849//6385
f  1848//6386 1849//6386 1850//6386
f  1850//6387 1849//6387 1851//6387
f  1850//6388 1851//6388 1852//6388
f  1852//6389 1851//6389 1853//6389
f  1852//6390 1853//6390 1854//6390
f  1854//6391 1853//6391 1855//6391
f  1854//6392 1855//6392 1856//6392
f  1856//6393 1855//6393 1857//6393
f  1856//6394 1857//6395 1858//6395
f  1847//6396 1733//6396 1849//6396
f  1849//6397 1733//6397 1735//6397
f  1849//6398 1735//6398 1851//6398
f  1851//6399 1735//6399 1820//6399
f  1851//6400 1820//6400 1853//6400
f  1853//6401 1820//6401 1822//6401
f  1853//6402 1822//6402 1855//6402
f  1855//6403 1822//6403 1824//6403
f  1855//6404 1824//6404 1857//6404
f  1804//6405 1750//6405 1847//6406
f  1847//6407 1750//6407 1749//6407
f  1847//6408 1749//6408 1733//6408
f  1733//6409 1749//6409 1780//6409
f  1733//6410 1780//6410 1734//6411
f  1734//6412 1780//6413 1781//6414
f  1734//6415 1781//6415 1845//6415
f  1845//6416 1781//6416 1782//6416
f  1845//6417 1782//6417 1846//6417
f  1846//6418 1782//6418 1783//6418
f  1846//6419 1783//6419 1753//6419
f  1753//6420 1783//6420 1784//6420
f  1753//6421 1784//6421 1751//6421
f  1826//6422 1858//6422 1827//6422
f  1827//6423 1858//6423 1857//6423
f  1827//6424 1857//6424 1828//6424
f  1828//6425 1857//6425 1824//6425
f  1828//6426 1824//6427 1829//6428
f  1829//6429 1824//6429 1823//6429
f  1829//6430 1823//6430 1830//6431
f  1830//6432 1823//6432 1821//6432
f  1830//6433 1821//6433 1832//6433
f  1832//6434 1821//6435 1752//6434
f  1832//6436 1752//6437 1833//6436
f  1833//6438 1752//6439 1751//6440
f  1537//6441 1536//6441 1763//6441
f  1763//6442 1536//6442 1063//6442
f  1763//6443 1063//6444 1764//6444
f  1764//6445 1063//6446 1066//6445
f  1764//6447 1066//6447 1765//6447
f  1765//6448 1066//6449 1065//6450
f  1765//6451 1065//6451 1841//6452
f  1841//6453 1065//6454 600//6455
f  1841//6456 600//6457 1826//6458
f  1826//6459 600//6459 1736//6459
f  1826//6460 1736//6460 1858//6461
f  1858//6462 1736//6462 1738//6462
f  1858//6463 1738//6463 1856//6463
f  1856//6464 1738//6464 1840//6464
f  1856//6465 1840//6465 1854//6465
f  1854//6466 1840//6466 1834//6466
f  1854//6467 1834//6467 1852//6467
f  1852//6468 1834//6468 1835//6468
f  1852//6469 1835//6469 1850//6469
f  1850//6470 1835//6470 1836//6470
f  1850//6471 1836//6471 1848//6472
f  1848//6473 1836//6473 1837//6473
f  1848//6474 1837//6474 1804//6474
f  1804//6475 1837//6476 1838//6475
f  1804//6477 1838//6478 1785//6478
f  1785//6479 1838//6480 1839//6480
f  1785//6481 1839//6481 1714//6481
f  1714//6482 1839//6483 1715//6482
f  1859//6484 1860//6484 1861//6484
f  1862//6485 1863//6485 1864//6485
f  1864//6486 1863//6487 1865//6488
f  1866//6489 1867//6489 1868//6489
f  1869//6490 1870//6490 1871//6491
f  1872//6492 1873//6492 1874//6492
f  1875//6493 1876//6493 1877//6493
f  1732//6494 1878//6494 1879//6494
f  888//6495 889//6496 1880//6497
f  1880//6498 889//6498 891//6498
f  566//6499 1627//6500 1881//6500
f  1881//6501 1627//6502 1626//6502
f  1530//6503 1624//6503 1531//6503
f  1531//6504 1624//6504 1041//6504
f  1531//6505 1041//6506 1042//6507
f  1882//6508 567//6509 1883//6509
f  1883//6510 567//6511 566//6510
f  1621//6512 1620//6512 1884//6512
f  1884//6513 1620//6513 1486//6513
f  1884//6514 1486//6515 1885//6515
f  1885//6516 1486//6516 1470//6517
f  1885//6518 1470//6518 1886//6518
f  1886//6519 1470//6520 1469//6520
f  1477//6521 1488//6521 1620//6521
f  1620//6522 1488//6522 1487//6523
f  1620//6524 1487//6525 1486//6526
f  1887//6527 1622//6527 1621//6527
f  1622//6528 1887//6529 1623//6528
f  1623//6530 1887//6530 1888//6530
f  1623//6531 1888//6532 124//6533
f  14//6534 13//6534 1889//6534
f  1890//6535 1559//6536 1891//6537
f  1891//6538 1559//6538 1558//6538
f  1891//6539 1558//6539 1652//6539
f  1892//6540 1648//6541 1568//6540
f  1568//6542 1648//6543 1647//6542
f  1568//6544 1647//6545 1567//6546
f  1568//6547 1559//6547 1892//6547
f  1892//6548 1559//6548 1890//6548
f  1892//6549 1890//6549 1648//6549
f  1648//6550 1890//6550 1893//6550
f  114//6551 1646//6551 1894//6551
f  1894//6552 1646//6553 1649//6552
f  1895//6554 1896//6554 111//6554
f  111//6555 1896//6556 1897//6556
f  111//6557 1897//6557 1642//6557
f  1642//6558 1897//6558 1898//6558
f  1642//6559 1898//6559 1643//6559
f  1643//6560 1898//6561 1899//6562
f  1643//6563 1899//6563 1644//6563
f  1644//6564 1899//6564 1645//6564
f  1645//6565 1899//6565 1900//6565
f  1645//6566 1900//6567 1556//6568
f  1087//6569 1553//6570 1086//6571
f  1086//6572 1553//6573 1901//6572
f  1086//6574 1901//6574 1639//6574
f  1639//6575 1901//6575 1902//6575
f  1639//6576 1902//6576 1903//6576
f  88//6577 1641//6577 1903//6577
f  1903//6578 1641//6578 1640//6579
f  1903//6580 1640//6581 1639//6581
f  1903//6582 1904//6582 88//6582
f  88//6583 1904//6583 1905//6584
f  88//6585 1905//6585 87//6585
f  87//6586 1906//6586 1669//6587
f  1669//6588 1906//6589 1907//6588
f  1669//6590 1907//6591 1670//6592
f  1908//6593 1302//6593 1301//6594
f  1297//6595 1302//6596 1332//6595
f  1332//6597 1302//6598 1908//6599
f  1332//6600 1908//6600 1353//6600
f  1354//6601 1353//6601 1731//6601
f  1731//6602 1353//6603 1908//6604
f  1731//6605 1908//6605 1907//6605
f  1907//6606 1908//6607 1301//6606
f  1907//6608 1301//6609 1670//6610
f  1732//6611 1879//6611 1724//6611
f  1724//6612 1879//6612 1909//6612
f  1724//6613 1909//6613 1725//6613
f  1725//6614 1909//6614 1910//6614
f  1725//6615 1910//6615 1726//6615
f  1726//6616 1910//6616 1911//6616
f  1726//6617 1911//6618 1711//6618
f  1711//6619 1911//6619 1912//6620
f  1711//6621 1912//6621 1712//6621
f  1712//6622 1912//6623 1913//6624
f  1712//6625 1913//6625 1696//6625
f  1696//6626 1913//6626 1914//6626
f  1696//6627 1914//6627 1697//6627
f  1914//6628 1915//6629 1697//6628
f  1697//6630 1915//6630 1916//6631
f  1697//6632 1916//6632 1698//6632
f  1698//6633 1916//6633 1917//6633
f  1698//6634 1917//6634 1699//6634
f  1699//6635 1917//6635 1690//6635
f  1690//6636 1917//6636 1779//6636
f  1690//6637 1779//6637 1691//6637
f  1876//6638 1875//6638 1918//6639
f  1784//6640 1860//6640 1751//6640
f  1751//6641 1860//6641 1859//6641
f  1751//6642 1859//6642 1833//6642
f  1833//6643 1859//6643 1919//6643
f  1833//6644 1919//6644 1831//6644
f  1831//6645 1919//6646 1918//6646
f  1831//6647 1918//6647 1778//6647
f  1778//6648 1918//6648 1875//6648
f  1773//6649 1775//6650 1920//6651
f  1920//6652 1775//6652 1777//6653
f  1767//6654 1766//6654 1874//6654
f  1874//6655 1766//6656 1921//6656
f  1873//6657 1771//6658 1874//6657
f  1874//6659 1771//6659 1769//6659
f  1874//6660 1769//6660 1767//6661
f  1922//6662 1923//6662 1872//6662
f  1872//6663 1923//6663 1762//6663
f  1872//6664 1762//6664 1873//6664
f  1873//6665 1762//6666 1772//6665
f  1873//6667 1772//6667 1771//6667
f  1625//6668 1624//6668 1922//6668
f  1922//6669 1624//6669 1530//6669
f  1922//6670 1530//6670 1923//6670
f  1923//6671 1530//6671 1539//6671
f  1923//6672 1539//6672 1762//6672
f  1762//6673 1539//6673 1538//6673
f  1766//6674 1825//6675 1921//6674
f  1921//6676 1825//6677 1773//6677
f  1921//6678 1773//6679 1877//6680
f  1877//6681 1773//6682 1920//6682
f  1877//6683 1920//6684 1875//6684
f  1875//6685 1920//6685 1777//6685
f  1875//6686 1777//6686 1778//6686
f  1924//6687 1925//6687 1926//6687
f  1926//6688 1925//6688 1927//6688
f  1926//6689 1927//6689 1928//6689
f  1928//6690 1927//6690 1889//6690
f  1928//6691 1889//6691 124//6691
f  124//6692 1889//6692 13//6692
f  1929//6693 1870//6694 1930//6694
f  1930//6695 1870//6695 1869//6696
f  1930//6697 1869//6697 1931//6697
f  1932//6698 1933//6698 1934//6698
f  1934//6699 1933//6699 1935//6699
f  1934//6700 1935//6700 1936//6700
f  1936//6701 1935//6701 1937//6701
f  1925//6702 1932//6702 1927//6702
f  1927//6703 1932//6703 1934//6703
f  1927//6704 1934//6704 1889//6704
f  1889//6705 1934//6705 1936//6705
f  1889//6706 1936//6706 14//6706
f  14//6707 1936//6707 1937//6707
f  14//6708 1937//6709 1650//6709
f  1650//6710 1937//6711 1651//6712
f  1931//6713 1938//6713 1930//6713
f  1930//6714 1938//6714 1882//6714
f  1930//6715 1882//6715 1929//6715
f  1929//6716 1882//6716 1883//6716
f  1469//6717 887//6717 1886//6717
f  1886//6718 887//6718 888//6718
f  1886//6719 888//6719 1885//6720
f  1885//6721 888//6721 1880//6721
f  1885//6722 1880//6722 1938//6722
f  1938//6723 1880//6724 891//6725
f  1938//6726 891//6726 1882//6726
f  1882//6727 891//6727 890//6727
f  1882//6728 890//6728 567//6728
f  1621//6729 1884//6729 1887//6729
f  1887//6730 1884//6730 1885//6730
f  1887//6731 1885//6731 1888//6731
f  1888//6732 1885//6733 1938//6733
f  1888//6734 1938//6735 124//6735
f  124//6736 1938//6736 1931//6736
f  124//6737 1931//6737 1928//6737
f  1928//6738 1931//6738 1869//6738
f  1928//6739 1869//6740 1926//6739
f  1926//6741 1869//6741 1871//6742
f  1926//6743 1871//6743 1924//6743
f  112//6744 114//6744 1939//6744
f  1939//6745 114//6746 1867//6747
f  1939//6748 1867//6748 1940//6748
f  1940//6749 1867//6749 1866//6749
f  1940//6750 1866//6750 1941//6750
f  114//6751 1894//6751 1867//6751
f  1867//6752 1894//6752 1942//6752
f  1867//6753 1942//6754 1868//6755
f  1868//6756 1942//6756 1943//6756
f  1868//6757 1943//6758 1944//6759
f  1945//6760 1864//6760 1946//6761
f  1946//6762 1864//6763 1865//6762
f  1946//6764 1865//6764 1947//6764
f  1947//6765 1865//6765 1948//6765
f  1947//6766 1948//6767 1905//6767
f  1905//6768 1948//6768 1949//6768
f  1905//6769 1949//6769 87//6769
f  87//6770 1949//6770 1950//6770
f  87//6771 1950//6771 1906//6771
f  1951//6772 1952//6772 1953//6772
f  1953//6773 1952//6773 1954//6773
f  1953//6774 1954//6774 1955//6774
f  1784//6775 1951//6775 1860//6775
f  1860//6776 1951//6776 1953//6776
f  1860//6777 1953//6777 1861//6777
f  1861//6778 1953//6778 1955//6778
f  1861//6779 1955//6779 1956//6779
f  1956//6780 1955//6780 1957//6780
f  1956//6781 1957//6781 1958//6781
f  1958//6782 1957//6782 1959//6782
f  1958//6783 1959//6783 1941//6783
f  1941//6784 1959//6784 1960//6784
f  1941//6785 1960//6785 1940//6785
f  1940//6786 1960//6786 1895//6786
f  1940//6787 1895//6787 1939//6787
f  1939//6788 1895//6789 111//6790
f  1939//6791 111//6792 112//6791
f  1954//6793 1862//6793 1955//6793
f  1955//6794 1862//6794 1864//6794
f  1955//6795 1864//6796 1957//6795
f  1957//6797 1864//6797 1945//6797
f  1957//6798 1945//6798 1959//6798
f  1959//6799 1945//6799 1946//6799
f  1959//6800 1946//6800 1960//6800
f  1960//6801 1946//6801 1947//6802
f  1960//6803 1947//6803 1895//6803
f  1895//6804 1947//6804 1905//6804
f  1895//6805 1905//6806 1896//6805
f  1896//6807 1905//6807 1904//6807
f  1896//6808 1904//6808 1897//6808
f  1897//6809 1904//6810 1903//6811
f  1897//6812 1903//6812 1898//6812
f  1898//6813 1903//6813 1902//6814
f  1898//6815 1902//6815 1899//6815
f  1899//6816 1902//6817 1901//6817
f  1899//6818 1901//6818 1900//6818
f  1900//6819 1901//6820 1553//6820
f  1900//6821 1553//6822 1556//6823
f  566//6824 1961//6824 1883//6824
f  1883//6825 1961//6825 1962//6825
f  1883//6826 1962//6826 1929//6826
f  1929//6827 1962//6827 1963//6827
f  1929//6828 1963//6828 1870//6828
f  1870//6829 1963//6830 1964//6830
f  1870//6831 1964//6831 1871//6831
f  1871//6832 1964//6832 1965//6832
f  1871//6833 1965//6833 1924//6833
f  1924//6834 1965//6834 1966//6834
f  1924//6835 1966//6836 1925//6836
f  1925//6837 1966//6837 1967//6837
f  1925//6838 1967//6838 1932//6839
f  1932//6840 1967//6840 1968//6840
f  1932//6841 1968//6841 1933//6841
f  1732//6842 1731//6842 1878//6842
f  1878//6843 1731//6843 1907//6843
f  1878//6844 1907//6844 1879//6844
f  1879//6845 1907//6846 1906//6845
f  1879//6847 1906//6847 1909//6847
f  1909//6848 1906//6848 1950//6848
f  1909//6849 1950//6849 1910//6849
f  1910//6850 1950//6850 1949//6851
f  1910//6852 1949//6853 1911//6852
f  1911//6854 1949//6854 1948//6854
f  1911//6855 1948//6855 1912//6855
f  1912//6856 1948//6856 1865//6856
f  1912//6857 1865//6858 1913//6859
f  1913//6860 1865//6860 1863//6860
f  1913//6861 1863//6861 1914//6861
f  1914//6862 1863//6862 1862//6862
f  1914//6863 1862//6864 1915//6863
f  1915//6865 1862//6865 1954//6865
f  1915//6866 1954//6866 1916//6866
f  1916//6867 1954//6867 1952//6867
f  1916//6868 1952//6868 1917//6868
f  1917//6869 1952//6869 1951//6869
f  1917//6870 1951//6870 1779//6870
f  1779//6871 1951//6871 1784//6871
f  1625//6872 1922//6872 1626//6872
f  1626//6873 1922//6873 1872//6873
f  1626//6874 1872//6874 1881//6875
f  1881//6876 1872//6877 1874//6878
f  1881//6879 1874//6879 566//6879
f  566//6880 1874//6880 1921//6880
f  566//6881 1921//6881 1961//6881
f  1961//6882 1921//6883 1877//6884
f  1961//6885 1877//6885 1962//6885
f  1962//6886 1877//6887 1876//6888
f  1962//6889 1876//6889 1963//6889
f  1963//6890 1876//6890 1918//6890
f  1963//6891 1918//6891 1964//6892
f  1964//6893 1918//6893 1919//6894
f  1964//6895 1919//6895 1965//6895
f  1965//6896 1919//6896 1859//6896
f  1965//6897 1859//6897 1966//6897
f  1966//6898 1859//6898 1861//6898
f  1966//6899 1861//6899 1967//6899
f  1967//6900 1861//6900 1956//6900
f  1967//6901 1956//6901 1968//6901
f  1968//6902 1956//6902 1958//6902
f  1968//6903 1958//6903 1933//6903
f  1933//6904 1958//6905 1941//6905
f  1933//6906 1941//6906 1935//6906
f  1935//6907 1941//6907 1866//6907
f  1935//6908 1866//6909 1937//6910
f  1937//6911 1866//6911 1868//6912
f  1937//6913 1868//6913 1651//6913
f  1651//6914 1868//6914 1944//6915
f  1651//6916 1944//6916 1652//6917
f  1652//6918 1944//6919 1943//6918
f  1652//6920 1943//6920 1891//6920
f  1891//6921 1943//6922 1942//6921
f  1891//6923 1942//6923 1890//6923
f  1890//6924 1942//6924 1894//6924
f  1890//6925 1894//6925 1893//6925
f  1893//6926 1894//6927 1649//6928
f  1893//6929 1649//6930 1648//6931
f  1969//6932 1970//6932 1971//6932
f  1972//6933 1973//6933 1974//6933
f  1974//6934 1973//6934 1975//6934
f  1976//6935 1977//6936 1978//6935
f  1979//6937 1980//6937 1981//6937
f  807//6938 806//6939 1982//6940
f  1982//6941 806//6941 805//6942
f  663//6943 1632//6943 1983//6943
f  1983//6944 1632//6944 1631//6944
f  1629//6945 1984//6945 1630//6945
f  1677//6946 1985//6946 1676//6946
f  1678//6947 1682//6947 1986//6947
f  1728//6948 1987//6948 1988//6948
f  305//6949 1989//6949 1990//6949
f  305//6950 1990//6951 306//6951
f  306//6952 1991//6953 1653//6952
f  1653//6954 1991//6955 1992//6956
f  1653//6957 1992//6957 1654//6957
f  1993//6958 1197//6959 1196//6960
f  1192//6961 1197//6961 1587//6962
f  1587//6963 1197//6964 1993//6964
f  1587//6965 1993//6965 1583//6965
f  1584//6966 1583//6966 1727//6966
f  1727//6967 1583//6967 1993//6967
f  1727//6968 1993//6968 1992//6968
f  1992//6969 1993//6970 1196//6971
f  1992//6972 1196//6973 1654//6974
f  1728//6975 1988//6975 1719//6975
f  1719//6976 1988//6976 1994//6976
f  1719//6977 1994//6977 1720//6977
f  1720//6978 1994//6978 1995//6979
f  1720//6980 1995//6981 1721//6982
f  1721//6983 1995//6983 1996//6983
f  1721//6984 1996//6984 1703//6984
f  1703//6985 1996//6985 1997//6985
f  1703//6986 1997//6986 1704//6986
f  1704//6987 1997//6987 1998//6987
f  1704//6988 1998//6988 1686//6988
f  1686//6989 1998//6989 1999//6989
f  1686//6990 1999//6990 1687//6990
f  1999//6991 2000//6992 1687//6993
f  1687//6994 2000//6994 2001//6994
f  1687//6995 2001//6995 1688//6995
f  1688//6996 2001//6996 2002//6996
f  1688//6997 2002//6997 1689//6997
f  1689//6998 2002//6998 1683//6998
f  1683//6999 2002//6999 2003//6999
f  1683//7000 2003//7000 1684//7000
f  2004//7001 2005//7002 2006//7001
f  2006//7003 2005//7003 2007//7003
f  2008//7004 2009//7004 2005//7004
f  2005//7005 2009//7006 2010//7005
f  2005//7007 2010//7008 2007//7007
f  2011//7009 2012//7009 2013//7010
f  2011//7011 2013//7011 2014//7011
f  2012//7012 2011//7012 2015//7012
f  2015//7013 2011//7013 2016//7013
f  2015//7014 2016//7015 2017//7014
f  2016//7016 2018//7016 2019//7016
f  2019//7017 2018//7017 1985//7017
f  1677//7018 1678//7018 1985//7018
f  1985//7019 1678//7020 1986//7019
f  1985//7021 1986//7021 2019//7021
f  2019//7022 1986//7023 2020//7024
f  2019//7025 2020//7026 2016//7027
f  2016//7028 2020//7028 2021//7029
f  2016//7030 2021//7030 2017//7030
f  2018//7031 1984//7031 1985//7031
f  1985//7032 1984//7032 1629//7032
f  1985//7033 1629//7033 1676//7033
f  1676//7034 1629//7035 1628//7035
f  1676//7036 1628//7036 1633//7036
f  2022//7037 657//7038 2023//7037
f  2023//7039 657//7040 663//7040
f  818//7041 817//7042 2024//7043
f  2024//7044 817//7044 1413//7044
f  2024//7045 1413//7045 2025//7045
f  2025//7046 1413//7046 1385//7046
f  2025//7047 1385//7047 2026//7047
f  2026//7048 1385//7049 1384//7049
f  808//7050 1365//7051 817//7050
f  817//7052 1365//7053 1364//7052
f  817//7054 1364//7055 1413//7056
f  2027//7057 819//7057 818//7058
f  819//7059 2027//7059 816//7060
f  816//7061 2027//7061 2028//7061
f  816//7062 2028//7063 361//7064
f  299//7065 298//7066 2029//7066
f  2030//7067 1548//7067 1668//7067
f  2031//7068 1552//7068 2030//7068
f  2030//7069 1552//7069 1549//7069
f  2030//7070 1549//7071 1548//7071
f  2032//7072 1664//7073 1551//7072
f  1551//7074 1664//7075 1663//7075
f  1551//7076 1663//7077 1550//7078
f  1551//7079 1552//7080 2032//7081
f  2032//7082 1552//7082 2031//7082
f  2032//7083 2031//7083 1664//7084
f  1664//7085 2031//7086 2033//7086
f  344//7087 1662//7088 2034//7088
f  2034//7089 1662//7089 1665//7090
f  2035//7091 2036//7092 341//7091
f  341//7093 2036//7093 2037//7093
f  341//7094 2037//7094 1659//7094
f  1659//7095 2037//7095 2038//7095
f  1659//7096 2038//7096 1660//7096
f  1660//7097 2038//7097 2039//7097
f  1660//7098 2039//7098 1661//7098
f  1661//7099 2039//7099 2040//7099
f  1661//7100 2040//7101 1572//7100
f  1573//7102 1570//7103 1656//7103
f  1656//7104 1570//7104 2041//7104
f  1656//7105 2041//7105 1657//7105
f  2041//7106 2042//7106 1657//7106
f  1657//7107 2042//7107 2043//7107
f  1657//7108 2043//7109 1658//7109
f  1989//7110 305//7110 2043//7110
f  2043//7111 305//7112 1655//7112
f  2043//7113 1655//7113 1658//7113
f  2044//7114 1970//7114 2045//7114
f  2045//7115 1970//7115 1969//7115
f  2045//7116 1969//7117 2046//7116
f  2046//7118 1969//7118 2047//7118
f  2046//7119 2047//7120 2048//7120
f  2048//7121 2047//7121 2049//7121
f  2048//7122 2049//7122 2004//7122
f  2004//7123 2049//7123 2050//7123
f  2004//7124 2050//7125 2005//7125
f  2005//7126 2050//7127 2014//7126
f  2005//7128 2014//7128 2008//7128
f  2008//7129 2014//7129 2013//7129
f  2008//7130 2013//7131 2009//7132
f  2051//7133 2052//7133 2053//7133
f  2053//7134 2052//7134 2054//7134
f  2053//7135 2054//7135 2055//7135
f  2055//7136 2054//7136 2029//7136
f  2055//7137 2029//7137 361//7137
f  361//7138 2029//7139 298//7139
f  2056//7140 1980//7141 2057//7140
f  2057//7142 1980//7142 1979//7142
f  2057//7143 1979//7144 2058//7143
f  2059//7145 2060//7145 2061//7145
f  2061//7146 2060//7146 2062//7146
f  2061//7147 2062//7148 2063//7147
f  2063//7149 2062//7149 2064//7149
f  2052//7150 2059//7150 2054//7150
f  2054//7151 2059//7152 2061//7153
f  2054//7154 2061//7155 2029//7154
f  2029//7156 2061//7156 2063//7156
f  2029//7157 2063//7157 299//7157
f  299//7158 2063//7158 2064//7158
f  299//7159 2064//7159 1666//7159
f  1666//7160 2064//7160 1667//7160
f  2058//7161 2065//7161 2057//7161
f  2057//7162 2065//7162 2022//7162
f  2057//7163 2022//7163 2056//7163
f  2056//7164 2022//7164 2023//7164
f  1384//7165 803//7166 2026//7167
f  2026//7168 803//7168 807//7168
f  2026//7169 807//7169 2025//7169
f  2025//7170 807//7171 1982//7170
f  2025//7172 1982//7173 2065//7172
f  2065//7174 1982//7174 805//7174
f  2065//7175 805//7175 2022//7175
f  2022//7176 805//7177 804//7178
f  2022//7179 804//7180 657//7180
f  818//7181 2024//7181 2027//7181
f  2027//7182 2024//7182 2025//7182
f  2027//7183 2025//7183 2028//7183
f  2028//7184 2025//7185 2065//7185
f  2028//7186 2065//7186 361//7186
f  361//7187 2065//7187 2058//7187
f  361//7188 2058//7188 2055//7188
f  2055//7189 2058//7190 1979//7191
f  2055//7192 1979//7192 2053//7192
f  2053//7193 1979//7193 1981//7193
f  2053//7194 1981//7194 2051//7194
f  342//7195 344//7195 2066//7195
f  2066//7196 344//7197 1977//7196
f  2066//7198 1977//7198 2067//7198
f  2067//7199 1977//7199 1976//7199
f  2067//7200 1976//7200 2068//7200
f  344//7201 2034//7202 1977//7202
f  1977//7203 2034//7204 2069//7205
f  1977//7206 2069//7206 1978//7207
f  1978//7208 2069//7208 2070//7208
f  1978//7209 2070//7209 2071//7210
f  2072//7211 1974//7211 2073//7211
f  2073//7212 1974//7212 1975//7212
f  2073//7213 1975//7214 2074//7214
f  2074//7215 1975//7216 2075//7217
f  2074//7218 2075//7219 1990//7218
f  1990//7220 2075//7221 2076//7222
f  1990//7223 2076//7223 306//7223
f  306//7224 2076//7225 2077//7224
f  306//7226 2077//7226 1991//7226
f  2078//7227 2079//7227 2080//7227
f  2080//7228 2079//7228 2081//7228
f  2080//7229 2081//7229 2082//7229
f  2044//7230 2078//7230 1970//7230
f  1970//7231 2078//7231 2080//7231
f  1970//7232 2080//7232 1971//7232
f  1971//7233 2080//7233 2082//7233
f  1971//7234 2082//7234 2083//7234
f  2083//7235 2082//7235 2084//7235
f  2083//7236 2084//7237 2085//7236
f  2085//7238 2084//7239 2086//7238
f  2085//7240 2086//7240 2068//7240
f  2068//7241 2086//7241 2087//7241
f  2068//7242 2087//7242 2067//7242
f  2067//7243 2087//7243 2035//7243
f  2067//7244 2035//7244 2066//7244
f  2066//7245 2035//7245 341//7245
f  2066//7246 341//7246 342//7246
f  2081//7247 1972//7247 2082//7247
f  2082//7248 1972//7248 1974//7248
f  2082//7249 1974//7249 2084//7249
f  2084//7250 1974//7250 2072//7250
f  2084//7251 2072//7251 2086//7251
f  2086//7252 2072//7252 2073//7252
f  2086//7253 2073//7253 2087//7253
f  2087//7254 2073//7255 2074//7254
f  2087//7256 2074//7256 2035//7256
f  2035//7257 2074//7257 1990//7257
f  2035//7258 1990//7258 2036//7258
f  2036//7259 1990//7259 1989//7259
f  2036//7260 1989//7260 2037//7260
f  2037//7261 1989//7261 2043//7261
f  2037//7262 2043//7262 2038//7262
f  2038//7263 2043//7263 2042//7263
f  2038//7264 2042//7265 2039//7264
f  2039//7266 2042//7266 2041//7266
f  2039//7267 2041//7267 2040//7267
f  2040//7268 2041//7268 1570//7268
f  2040//7269 1570//7270 1572//7271
f  663//7272 2088//7273 2023//7272
f  2023//7274 2088//7274 2089//7274
f  2023//7275 2089//7275 2056//7275
f  2056//7276 2089//7276 2090//7276
f  2056//7277 2090//7277 1980//7277
f  1980//7278 2090//7278 2091//7279
f  1980//7280 2091//7280 1981//7281
f  1981//7282 2091//7282 2092//7282
f  1981//7283 2092//7284 2051//7283
f  2051//7285 2092//7286 2093//7286
f  2051//7287 2093//7288 2052//7288
f  2052//7289 2093//7289 2094//7289
f  2052//7290 2094//7290 2059//7290
f  2059//7291 2094//7291 2095//7291
f  2059//7292 2095//7292 2060//7292
f  1728//7293 1727//7293 1987//7293
f  1987//7294 1727//7295 1992//7295
f  1987//7296 1992//7296 1988//7296
f  1988//7297 1992//7297 1991//7297
f  1988//7298 1991//7298 1994//7298
f  1994//7299 1991//7299 2077//7299
f  1994//7300 2077//7301 1995//7301
f  1995//7302 2077//7302 2076//7302
f  1995//7303 2076//7303 1996//7303
f  1996//7304 2076//7304 2075//7305
f  1996//7306 2075//7306 1997//7306
f  1997//7307 2075//7307 1975//7307
f  1997//7308 1975//7308 1998//7308
f  1998//7309 1975//7309 1973//7309
f  1998//7310 1973//7311 1999//7310
f  1999//7312 1973//7312 1972//7312
f  1999//7313 1972//7314 2000//7313
f  2000//7315 1972//7316 2081//7316
f  2000//7317 2081//7317 2001//7317
f  2001//7318 2081//7318 2079//7318
f  2001//7319 2079//7320 2002//7321
f  2002//7322 2079//7322 2078//7322
f  2002//7323 2078//7323 2003//7323
f  2003//7324 2078//7324 2044//7324
f  1630//7325 1984//7325 1631//7325
f  1631//7326 1984//7326 2018//7326
f  1631//7327 2018//7327 1983//7327
f  1983//7328 2018//7328 2016//7328
f  1983//7329 2016//7329 663//7329
f  663//7330 2016//7330 2011//7330
f  663//7331 2011//7331 2088//7331
f  2088//7332 2011//7332 2014//7332
f  2088//7333 2014//7333 2089//7333
f  2089//7334 2014//7334 2050//7335
f  2089//7336 2050//7336 2090//7336
f  2090//7337 2050//7337 2049//7337
f  2090//7338 2049//7338 2091//7338
f  2091//7339 2049//7339 2047//7339
f  2091//7340 2047//7340 2092//7341
f  2092//7342 2047//7342 1969//7342
f  2092//7343 1969//7343 2093//7343
f  2093//7344 1969//7344 1971//7344
f  2093//7345 1971//7345 2094//7345
f  2094//7346 1971//7346 2083//7346
f  2094//7347 2083//7347 2095//7347
f  2095//7348 2083//7348 2085//7348
f  2095//7349 2085//7349 2060//7349
f  2060//7350 2085//7350 2068//7350
f  2060//7351 2068//7351 2062//7351
f  2062//7352 2068//7352 1976//7352
f  2062//7353 1976//7353 2064//7353
f  2064//7354 1976//7354 1978//7354
f  2064//7355 1978//7355 1667//7355
f  1667//7356 1978//7357 2071//7357
f  1667//7358 2071//7358 1668//7359
f  1668//7360 2071//7361 2070//7362
f  1668//7363 2070//7363 2030//7363
f  2030//7364 2070//7364 2069//7364
f  2030//7365 2069//7365 2031//7365
f  2031//7366 2069//7366 2034//7367
f  2031//7368 2034//7369 2033//7369
f  2033//7370 2034//7371 1665//7372
f  2033//7373 1665//7373 1664//7373
f  2096//7374 2097//7374 2098//7374
f  2099//7375 2100//7376 2101//7376
f  2101//7377 2100//7378 2102//7377
f  2103//7379 2104//7379 2105//7379
f  1496//7380 848//7381 849//7380
f  26//7382 2106//7382 2107//7382
f  1261//7383 2108//7384 1262//7384
f  1341//7385 1361//7385 2109//7386
f  1722//7387 2110//7388 2111//7387
f  1695//7389 2112//7389 2113//7389
f  2045//7390 2114//7391 2115//7392
f  1075//7393 1074//7394 1679//7395
f  1679//7396 1074//7397 1083//7398
f  1679//7399 1083//7399 1680//7399
f  1680//7400 1083//7400 1082//7400
f  1986//7401 1682//7401 1681//7401
f  2116//7402 2117//7402 2118//7402
f  2015//7403 2017//7403 2119//7404
f  2119//7405 2017//7406 2021//7405
f  2119//7407 2021//7407 2120//7407
f  2120//7408 2021//7408 2020//7409
f  2120//7410 2020//7411 1986//7412
f  2121//7413 2010//7413 2122//7413
f  2122//7414 2010//7415 2009//7416
f  2122//7417 2009//7417 2013//7418
f  2004//7419 2006//7419 2121//7419
f  2121//7420 2006//7421 2007//7422
f  2121//7423 2007//7424 2010//7423
f  1685//7425 1684//7425 2003//7425
f  2112//7426 1695//7426 2123//7426
f  2123//7427 1695//7427 1694//7427
f  2123//7428 1694//7428 2124//7428
f  2124//7429 1694//7430 1693//7429
f  2124//7431 1693//7431 2125//7431
f  2125//7432 1693//7433 1685//7434
f  2125//7435 1685//7435 2126//7435
f  2126//7436 1685//7436 2003//7436
f  2126//7437 2003//7437 2044//7437
f  2127//7438 1706//7438 1705//7438
f  1722//7439 2111//7439 1723//7439
f  1723//7440 2111//7441 2128//7440
f  1723//7442 2128//7442 1708//7442
f  1708//7443 2128//7443 2109//7443
f  1708//7444 2109//7444 1709//7444
f  1709//7445 2109//7445 1710//7445
f  1710//7446 2109//7446 1361//7446
f  1710//7447 1361//7447 1360//7447
f  1262//7448 2108//7449 1258//7450
f  1258//7451 2108//7451 2129//7452
f  1258//7453 2129//7453 1259//7453
f  2129//7454 2130//7455 1259//7456
f  1259//7457 2130//7458 2131//7457
f  1259//7459 2131//7459 1260//7459
f  1260//7460 2131//7460 28//7461
f  28//7462 2131//7463 2132//7464
f  28//7465 2132//7465 26//7465
f  26//7466 2107//7467 1255//7468
f  1255//7469 2107//7469 2133//7469
f  1255//7470 2133//7471 1256//7472
f  1256//7473 2133//7474 2134//7474
f  1256//7475 2134//7476 1257//7477
f  1519//7478 1251//7479 1250//7480
f  1237//7481 1236//7482 2135//7481
f  2135//7483 1236//7484 1235//7485
f  2136//7486 1526//7486 1527//7486
f  1526//7487 2136//7487 1525//7487
f  1525//7488 2136//7488 2137//7488
f  1525//7489 2137//7490 2138//7489
f  2139//7491 1218//7492 1217//7492
f  1213//7493 1219//7493 2140//7493
f  2140//7494 1219//7494 1218//7495
f  2141//7496 8//7496 2142//7497
f  2142//7498 8//7499 1214//7500
f  2142//7501 1214//7502 2143//7503
f  2143//7504 1214//7504 1213//7504
f  2143//7505 1213//7505 2144//7505
f  2144//7506 1213//7506 2140//7506
f  2145//7507 11//7507 2141//7507
f  2141//7508 11//7509 10//7508
f  2141//7510 10//7510 8//7510
f  2146//7511 851//7511 11//7512
f  851//7513 2146//7514 850//7515
f  850//7516 2146//7517 2147//7518
f  850//7519 2147//7520 849//7520
f  1493//7521 2148//7521 1483//7522
f  1483//7523 2148//7523 2149//7523
f  1483//7524 2149//7525 856//7526
f  2150//7527 2151//7527 2152//7527
f  2152//7528 2151//7528 853//7528
f  2152//7529 853//7529 2153//7529
f  2153//7530 853//7530 852//7530
f  684//7531 858//7532 2151//7531
f  2151//7533 858//7533 857//7533
f  2151//7534 857//7534 853//7534
f  2154//7535 2127//7535 2113//7535
f  2113//7536 2127//7536 1705//7536
f  2113//7537 1705//7537 1695//7537
f  1261//7538 1341//7539 2108//7538
f  2108//7540 1341//7541 2109//7542
f  2108//7543 2109//7543 2129//7543
f  2129//7544 2109//7544 2128//7544
f  2129//7545 2128//7545 2130//7545
f  2130//7546 2128//7546 2111//7546
f  2130//7547 2111//7548 2131//7549
f  2131//7550 2111//7551 2110//7550
f  2131//7552 2110//7552 2132//7552
f  2106//7553 26//7554 2155//7553
f  2155//7555 26//7556 2132//7556
f  2155//7557 2132//7557 2156//7557
f  2157//7558 2158//7558 2159//7558
f  2159//7559 2158//7559 2160//7559
f  2159//7560 2160//7561 2161//7562
f  2161//7563 2160//7564 2162//7564
f  2163//7565 2134//7565 2164//7565
f  2164//7566 2134//7566 2133//7566
f  2164//7567 2133//7568 2165//7568
f  2165//7569 2133//7569 2107//7569
f  2165//7570 2107//7571 2166//7572
f  2166//7573 2107//7573 2106//7573
f  2166//7574 2106//7574 2167//7574
f  2167//7575 2106//7575 2155//7575
f  2167//7576 2155//7576 2162//7576
f  2162//7577 2155//7577 2156//7577
f  2162//7578 2156//7578 2161//7578
f  2158//7579 2103//7579 2160//7579
f  2160//7580 2103//7580 2105//7580
f  2160//7581 2105//7582 2162//7582
f  2162//7583 2105//7583 219//7583
f  2162//7584 219//7584 2167//7584
f  2167//7585 219//7586 1243//7587
f  2167//7588 1243//7589 2166//7589
f  2166//7590 1243//7590 1242//7590
f  2166//7591 1242//7591 2165//7592
f  2165//7593 1242//7594 1241//7595
f  2165//7596 1241//7597 2164//7598
f  2164//7599 1241//7599 1240//7599
f  2164//7600 1240//7601 2163//7601
f  2163//7602 1240//7602 1519//7603
f  2163//7604 1519//7604 2134//7604
f  2134//7605 1519//7605 1250//7605
f  2134//7606 1250//7607 1257//7608
f  2168//7609 2169//7609 2104//7609
f  2169//7610 2168//7611 2137//7612
f  2137//7613 2168//7613 2139//7613
f  2137//7614 2139//7614 2138//7614
f  2138//7615 2139//7615 1217//7616
f  2138//7617 1217//7617 1525//7617
f  1232//7618 1233//7618 1527//7618
f  1527//7619 1233//7619 1234//7619
f  1527//7620 1234//7621 2136//7621
f  2136//7622 1234//7622 1237//7623
f  2136//7624 1237//7625 2137//7624
f  2137//7626 1237//7626 2135//7626
f  2137//7627 2135//7628 2169//7627
f  2169//7629 2135//7630 1235//7631
f  2169//7632 1235//7633 2104//7633
f  2104//7634 1235//7635 221//7636
f  2104//7637 221//7637 2105//7638
f  2105//7639 221//7640 220//7641
f  2105//7642 220//7642 219//7642
f  2170//7643 2171//7644 2172//7643
f  2172//7645 2171//7645 2173//7646
f  2172//7647 2173//7648 2174//7648
f  2012//7649 2175//7649 2013//7649
f  2013//7650 2175//7650 2176//7650
f  2013//7651 2176//7651 2122//7651
f  2122//7652 2176//7652 2177//7653
f  2122//7654 2177//7654 2121//7654
f  2121//7655 2177//7656 2178//7655
f  2121//7657 2178//7657 2004//7657
f  2004//7658 2178//7658 2179//7658
f  2004//7659 2179//7659 2048//7659
f  2048//7660 2179//7660 2180//7660
f  2048//7661 2180//7661 2046//7661
f  2181//7662 2157//7663 2182//7662
f  2182//7664 2157//7664 2159//7664
f  2182//7665 2159//7665 2183//7665
f  2183//7666 2159//7666 2161//7666
f  2183//7667 2161//7668 2184//7669
f  2184//7670 2161//7671 2156//7672
f  2184//7673 2156//7674 2185//7674
f  2185//7675 2156//7675 2132//7675
f  2185//7676 2132//7676 2186//7676
f  2186//7677 2132//7677 2110//7677
f  2186//7678 2110//7678 1707//7678
f  1707//7679 2110//7679 1722//7679
f  686//7680 685//7681 2099//7682
f  2099//7683 685//7683 684//7684
f  2099//7685 684//7686 2100//7687
f  2100//7688 684//7688 2151//7689
f  2100//7690 2151//7690 2102//7690
f  2102//7691 2151//7691 2150//7691
f  1218//7692 2139//7692 2140//7692
f  2140//7693 2139//7693 2168//7694
f  2140//7695 2168//7695 2144//7695
f  2144//7696 2168//7696 2104//7696
f  2144//7697 2104//7697 2143//7697
f  2143//7698 2104//7698 2103//7698
f  2143//7699 2103//7699 2142//7699
f  2142//7700 2103//7700 2158//7700
f  2142//7701 2158//7701 2141//7701
f  2141//7702 2158//7703 2157//7704
f  2141//7705 2157//7705 2145//7705
f  2145//7706 2157//7707 2181//7706
f  2145//7708 2181//7708 2187//7708
f  1681//7709 2116//7709 1986//7709
f  1986//7710 2116//7710 2118//7710
f  1986//7711 2118//7711 2120//7711
f  2120//7712 2118//7713 2188//7713
f  2120//7714 2188//7714 2119//7715
f  2119//7716 2188//7716 2175//7716
f  2119//7717 2175//7717 2015//7717
f  2015//7718 2175//7718 2012//7718
f  11//7719 2189//7719 2146//7719
f  2146//7720 2189//7720 2148//7720
f  2146//7721 2148//7721 2147//7721
f  2147//7722 2148//7722 1493//7723
f  2147//7724 1493//7724 849//7724
f  849//7725 1493//7725 1492//7726
f  849//7727 1492//7728 1496//7729
f  856//7730 2149//7730 852//7730
f  852//7731 2149//7731 2148//7731
f  852//7732 2148//7733 2153//7733
f  2153//7734 2148//7734 2189//7735
f  2153//7736 2189//7736 2152//7736
f  2152//7737 2189//7737 11//7737
f  2152//7738 11//7738 2150//7738
f  2150//7739 11//7739 2145//7739
f  2150//7740 2145//7740 2102//7740
f  2102//7741 2145//7742 2187//7741
f  2102//7743 2187//7743 2101//7743
f  2115//7744 2114//7744 2190//7744
f  2190//7745 2114//7745 2171//7745
f  2190//7746 2171//7746 2191//7746
f  2191//7747 2171//7748 2170//7747
f  2191//7749 2170//7750 2098//7749
f  2098//7751 2097//7751 2191//7751
f  2191//7752 2097//7753 2192//7752
f  2191//7754 2192//7754 2190//7754
f  2190//7755 2192//7755 2193//7755
f  2190//7756 2193//7756 2115//7756
f  2154//7757 2194//7757 2195//7757
f  2195//7758 2194//7758 2196//7758
f  2195//7759 2196//7759 2197//7759
f  2197//7760 2196//7760 2198//7760
f  2197//7761 2198//7762 2199//7763
f  2199//7764 2198//7764 2200//7764
f  2199//7765 2200//7766 2201//7767
f  2201//7768 2200//7768 2202//7768
f  2201//7769 2202//7769 2203//7769
f  2203//7770 2202//7771 2204//7771
f  2203//7772 2204//7772 2205//7773
f  2194//7774 2096//7774 2196//7774
f  2196//7775 2096//7775 2098//7775
f  2196//7776 2098//7776 2198//7776
f  2198//7777 2098//7777 2170//7777
f  2198//7778 2170//7779 2200//7778
f  2200//7780 2170//7780 2172//7780
f  2200//7781 2172//7781 2202//7781
f  2202//7782 2172//7783 2174//7784
f  2202//7785 2174//7785 2204//7786
f  2154//7787 2113//7787 2194//7787
f  2194//7788 2113//7788 2112//7788
f  2194//7789 2112//7789 2096//7789
f  2096//7790 2112//7790 2123//7790
f  2096//7791 2123//7791 2097//7791
f  2097//7792 2123//7793 2124//7793
f  2097//7794 2124//7794 2192//7794
f  2192//7795 2124//7795 2125//7795
f  2192//7796 2125//7796 2193//7796
f  2193//7797 2125//7797 2126//7797
f  2193//7798 2126//7798 2115//7798
f  2115//7799 2126//7799 2044//7799
f  2115//7800 2044//7800 2045//7800
f  2175//7801 2205//7801 2176//7801
f  2176//7802 2205//7802 2204//7802
f  2176//7803 2204//7803 2177//7803
f  2177//7804 2204//7804 2174//7804
f  2177//7805 2174//7805 2178//7806
f  2178//7807 2174//7807 2173//7807
f  2178//7808 2173//7809 2179//7808
f  2179//7810 2173//7811 2171//7810
f  2179//7812 2171//7812 2180//7812
f  2180//7813 2171//7813 2114//7813
f  2180//7814 2114//7814 2046//7814
f  2046//7815 2114//7815 2045//7815
f  1681//7816 1680//7816 2116//7816
f  2116//7817 1680//7817 1082//7817
f  2116//7818 1082//7819 2117//7819
f  2117//7820 1082//7820 1085//7820
f  2117//7821 1085//7821 2118//7821
f  2118//7822 1085//7822 1084//7822
f  2118//7823 1084//7824 2188//7825
f  2188//7826 1084//7826 686//7826
f  2188//7827 686//7828 2175//7829
f  2175//7830 686//7831 2099//7830
f  2175//7832 2099//7832 2205//7832
f  2205//7833 2099//7833 2101//7833
f  2205//7834 2101//7834 2203//7834
f  2203//7835 2101//7836 2187//7835
f  2203//7837 2187//7838 2201//7839
f  2201//7840 2187//7840 2181//7840
f  2201//7841 2181//7841 2199//7841
f  2199//7842 2181//7843 2182//7844
f  2199//7845 2182//7845 2197//7845
f  2197//7846 2182//7846 2183//7847
f  2197//7848 2183//7848 2195//7848
f  2195//7849 2183//7849 2184//7849
f  2195//7850 2184//7850 2154//7850
f  2154//7851 2184//7852 2185//7852
f  2154//7853 2185//7854 2127//7853
f  2127//7855 2185//7856 2186//7857
f  2127//7858 2186//7858 1706//7858
f  1706//7859 2186//7859 1707//7859

